verdict,seq,can_id,pgn,t_tx_ms,t_rx_ms,latency_ms,tx_data,rx_data,diff_bytes,spn
MATCH,3000,0x0CF00400,61444,97536.0,81195.828,0.665,FF FF FF 00 00 FF FF FF,FF FF FF 00 00 FF FF FF,[],190=0.0/exp 0.0 VALUE_OK
MATCH,3001,0x0CF00400,61444,97556.0,81215.835,0.659,FF FF FF 00 00 FF FF FF,FF FF FF 00 00 FF FF FF,[],190=0.0/exp 0.0 VALUE_OK
MATCH,3002,0x0CF00400,61444,97576.0,81235.824,0.635,FF FF FF 00 00 FF FF FF,FF FF FF 00 00 FF FF FF,[],190=0.0/exp 0.0 VALUE_OK
MATCH,3003,0x0CF00400,61444,97596.0,81255.818,0.616,FF FF FF 00 00 FF FF FF,FF FF FF 00 00 FF FF FF,[],190=0.0/exp 0.0 VALUE_OK
MATCH,3004,0x0CF00400,61444,97616.0,81275.823,0.609,FF FF FF 00 00 FF FF FF,FF FF FF 00 00 FF FF FF,[],190=0.0/exp 0.0 VALUE_OK
MATCH,3005,0x0CF00400,61444,97636.0,81295.813,0.586,FF FF FF 00 00 FF FF FF,FF FF FF 00 00 FF FF FF,[],190=0.0/exp 0.0 VALUE_OK
MATCH,3006,0x0CF00400,61444,97656.0,81315.81,0.572,FF FF FF 00 00 FF FF FF,FF FF FF 00 00 FF FF FF,[],190=0.0/exp 0.0 VALUE_OK
MATCH,3007,0x0CF00400,61444,97676.0,81335.816,0.566,FF FF FF 00 00 FF FF FF,FF FF FF 00 00 FF FF FF,[],190=0.0/exp 0.0 VALUE_OK
UNLOGGED,,0x0CF00400,61444,,81355.81,,,FF FF FF 00 00 FF FF FF,[],
MATCH,3009,0x0CF00400,61444,97716.0,81375.799,0.538,FF FF FF 00 00 FF FF FF,FF FF FF 00 00 FF FF FF,[],190=0.0/exp 0.0 VALUE_OK
MATCH,3010,0x0CF00400,61444,97736.0,81395.804,0.532,FF FF FF 00 00 FF FF FF,FF FF FF 00 00 FF FF FF,[],190=0.0/exp 0.0 VALUE_OK
MATCH,3011,0x0CF00400,61444,97756.0,81415.798,0.515,FF FF FF 00 00 FF FF FF,FF FF FF 00 00 FF FF FF,[],190=0.0/exp 0.0 VALUE_OK
MATCH,3012,0x0CF00400,61444,97776.0,81435.796,0.503,FF FF FF 00 00 FF FF FF,FF FF FF 00 00 FF FF FF,[],190=0.0/exp 0.0 VALUE_OK
MATCH,3013,0x0CF00400,61444,97796.0,81455.797,0.494,FF FF FF 00 00 FF FF FF,FF FF FF 00 00 FF FF FF,[],190=0.0/exp 0.0 VALUE_OK
UNLOGGED,,0x0CF00400,61444,,81475.791,,,FF FF FF 00 00 FF FF FF,[],
MATCH,3015,0x0CF00400,61444,97836.0,81495.796,0.483,FF FF FF 00 00 FF FF FF,FF FF FF 00 00 FF FF FF,[],190=0.0/exp 0.0 VALUE_OK
MATCH,3016,0x0CF00400,61444,97856.0,81515.79,0.468,FF FF FF 00 00 FF FF FF,FF FF FF 00 00 FF FF FF,[],190=0.0/exp 0.0 VALUE_OK
MATCH,3017,0x0CF00400,61444,97876.0,81535.779,0.447,FF FF FF 00 00 FF FF FF,FF FF FF 00 00 FF FF FF,[],190=0.0/exp 0.0 VALUE_OK
MATCH,3018,0x0CF00400,61444,97896.0,81555.777,0.436,FF FF FF 00 00 FF FF FF,FF FF FF 00 00 FF FF FF,[],190=0.0/exp 0.0 VALUE_OK
MATCH,3019,0x0CF00400,61444,97916.0,81575.782,0.433,FF FF FF 00 00 FF FF FF,FF FF FF 00 00 FF FF FF,[],190=0.0/exp 0.0 VALUE_OK
UNLOGGED,,0x0CF00400,61444,,81595.775,,,FF FF FF 00 00 FF FF FF,[],
MATCH,3021,0x0CF00400,61444,97956.0,81615.781,0.423,FF FF FF 00 00 FF FF FF,FF FF FF 00 00 FF FF FF,[],190=0.0/exp 0.0 VALUE_OK
MATCH,3022,0x0CF00400,61444,97976.0,81635.77,0.403,FF FF FF 00 00 FF FF FF,FF FF FF 00 00 FF FF FF,[],190=0.0/exp 0.0 VALUE_OK
MATCH,3023,0x0CF00400,61444,97996.0,81655.763,0.388,FF FF FF 00 00 FF FF FF,FF FF FF 00 00 FF FF FF,[],190=0.0/exp 0.0 VALUE_OK
MATCH,3024,0x0CF00400,61444,98016.0,81675.765,0.383,FF FF FF 00 00 FF FF FF,FF FF FF 00 00 FF FF FF,[],190=0.0/exp 0.0 VALUE_OK
MATCH,3025,0x0CF00400,61444,98036.0,81695.759,0.369,FF FF FF 00 00 FF FF FF,FF FF FF 00 00 FF FF FF,[],190=0.0/exp 0.0 VALUE_OK
MATCH,3026,0x0CF00400,61444,98056.0,81715.764,0.367,FF FF FF 00 00 FF FF FF,FF FF FF 00 00 FF FF FF,[],190=0.0/exp 0.0 VALUE_OK
MATCH,3027,0x0CF00400,61444,98076.0,81735.754,0.349,FF FF FF 00 00 FF FF FF,FF FF FF 00 00 FF FF FF,[],190=0.0/exp 0.0 VALUE_OK
MATCH,3028,0x0CF00400,61444,98096.0,81755.759,0.347,FF FF FF 00 00 FF FF FF,FF FF FF 00 00 FF FF FF,[],190=0.0/exp 0.0 VALUE_OK
MATCH,3029,0x0CF00400,61444,98116.0,81775.753,0.334,FF FF FF 00 00 FF FF FF,FF FF FF 00 00 FF FF FF,[],190=0.0/exp 0.0 VALUE_OK
MATCH,3030,0x0CF00400,61444,98136.0,81795.746,0.321,FF FF FF 00 00 FF FF FF,FF FF FF 00 00 FF FF FF,[],190=0.0/exp 0.0 VALUE_OK
MATCH,3031,0x0CF00400,61444,98156.0,81815.739,0.307,FF FF FF 00 00 FF FF FF,FF FF FF 00 00 FF FF FF,[],190=0.0/exp 0.0 VALUE_OK
MATCH,3032,0x0CF00400,61444,98176.0,81835.745,0.307,FF FF FF 00 00 FF FF FF,FF FF FF 00 00 FF FF FF,[],190=0.0/exp 0.0 VALUE_OK
MATCH,3033,0x0CF00400,61444,98196.0,81855.739,0.295,FF FF FF 00 00 FF FF FF,FF FF FF 00 00 FF FF FF,[],190=0.0/exp 0.0 VALUE_OK
MATCH,3034,0x0CF00400,61444,98216.0,81875.744,0.294,FF FF FF 00 00 FF FF FF,FF FF FF 00 00 FF FF FF,[],190=0.0/exp 0.0 VALUE_OK
MATCH,3035,0x0CF00400,61444,98236.0,81895.737,0.281,FF FF FF 00 00 FF FF FF,FF FF FF 00 00 FF FF FF,[],190=0.0/exp 0.0 VALUE_OK
MATCH,3036,0x0CF00400,61444,98256.0,81915.727,0.266,FF FF FF 00 00 FF FF FF,FF FF FF 00 00 FF FF FF,[],190=0.0/exp 0.0 VALUE_OK
MATCH,3037,0x0CF00400,61444,98276.0,81935.725,0.258,FF FF FF 00 00 FF FF FF,FF FF FF 00 00 FF FF FF,[],190=0.0/exp 0.0 VALUE_OK
MATCH,3038,0x0CF00400,61444,98296.0,81955.73,0.258,FF FF FF 00 00 FF FF FF,FF FF FF 00 00 FF FF FF,[],190=0.0/exp 0.0 VALUE_OK
UNLOGGED,,0x0CF00400,61444,,81975.724,,,FF FF FF 00 00 FF FF FF,[],
MATCH,3040,0x0CF00400,61444,98336.0,81995.729,0.252,FF FF FF 00 00 FF FF FF,FF FF FF 00 00 FF FF FF,[],190=0.0/exp 0.0 VALUE_OK
MATCH,3041,0x0CF00400,61444,98356.0,82015.719,0.237,FF FF FF 00 00 FF FF FF,FF FF FF 00 00 FF FF FF,[],190=0.0/exp 0.0 VALUE_OK
MATCH,3042,0x0CF00400,61444,98376.0,82035.712,0.225,FF FF FF 00 00 FF FF FF,FF FF FF 00 00 FF FF FF,[],190=0.0/exp 0.0 VALUE_OK
MATCH,3043,0x0CF00400,61444,98396.0,82055.709,0.218,FF FF FF 00 00 FF FF FF,FF FF FF 00 00 FF FF FF,[],190=0.0/exp 0.0 VALUE_OK
MATCH,3044,0x0CF00400,61444,98416.0,82075.714,0.218,FF FF FF 00 00 FF FF FF,FF FF FF 00 00 FF FF FF,[],190=0.0/exp 0.0 VALUE_OK
UNLOGGED,,0x0CF00400,61444,,82095.704,,,FF FF FF 00 00 FF FF FF,[],
MATCH,3046,0x0CF00400,61444,98456.0,82115.709,0.209,FF FF FF 00 00 FF FF FF,FF FF FF 00 00 FF FF FF,[],190=0.0/exp 0.0 VALUE_OK
MATCH,3047,0x0CF00400,61444,98476.0,82135.703,0.199,FF FF FF 00 00 FF FF FF,FF FF FF 00 00 FF FF FF,[],190=0.0/exp 0.0 VALUE_OK
MATCH,3048,0x0CF00400,61444,98496.0,82155.692,0.184,FF FF FF 00 00 FF FF FF,FF FF FF 00 00 FF FF FF,[],190=0.0/exp 0.0 VALUE_OK
MATCH,3049,0x0CF00400,61444,98516.0,82175.694,0.182,FF FF FF 00 00 FF FF FF,FF FF FF 00 00 FF FF FF,[],190=0.0/exp 0.0 VALUE_OK
MATCH,3050,0x0CF00400,61444,98536.0,82195.688,0.172,FF FF FF 00 00 FF FF FF,FF FF FF 00 00 FF FF FF,[],190=0.0/exp 0.0 VALUE_OK
MATCH,3051,0x0CF00400,61444,98556.0,82215.693,0.174,FF FF FF 00 00 FF FF FF,FF FF FF 00 00 FF FF FF,[],190=0.0/exp 0.0 VALUE_OK
MATCH,3052,0x0CF00400,61444,98576.0,82235.686,0.163,FF FF FF 00 00 FF FF FF,FF FF FF 00 00 FF FF FF,[],190=0.0/exp 0.0 VALUE_OK
MATCH,3053,0x0CF00400,61444,98596.0,82255.692,0.166,FF FF FF 00 00 FF FF FF,FF FF FF 00 00 FF FF FF,[],190=0.0/exp 0.0 VALUE_OK
MATCH,3054,0x0CF00400,61444,98616.0,82275.681,0.152,FF FF FF 00 00 FF FF FF,FF FF FF 00 00 FF FF FF,[],190=0.0/exp 0.0 VALUE_OK
MATCH,3055,0x0CF00400,61444,98636.0,82295.675,0.143,FF FF FF 00 00 FF FF FF,FF FF FF 00 00 FF FF FF,[],190=0.0/exp 0.0 VALUE_OK
MATCH,3056,0x0CF00400,61444,98656.0,82315.672,0.137,FF FF FF 00 00 FF FF FF,FF FF FF 00 00 FF FF FF,[],190=0.0/exp 0.0 VALUE_OK
MATCH,3057,0x0CF00400,61444,98676.0,82335.678,0.14,FF FF FF 00 00 FF FF FF,FF FF FF 00 00 FF FF FF,[],190=0.0/exp 0.0 VALUE_OK
MATCH,3058,0x0CF00400,61444,98696.0,82355.667,0.126,FF FF FF 00 00 FF FF FF,FF FF FF 00 00 FF FF FF,[],190=0.0/exp 0.0 VALUE_OK
MATCH,3059,0x0CF00400,61444,98716.0,82375.672,0.129,FF FF FF 00 00 FF FF FF,FF FF FF 00 00 FF FF FF,[],190=0.0/exp 0.0 VALUE_OK
MATCH,3060,0x0CF00400,61444,98736.0,82395.666,0.12,FF FF FF 00 00 FF FF FF,FF FF FF 00 00 FF FF FF,[],190=0.0/exp 0.0 VALUE_OK
MATCH,3061,0x0CF00400,61444,98756.0,82415.659,0.111,FF FF FF 00 00 FF FF FF,FF FF FF 00 00 FF FF FF,[],190=0.0/exp 0.0 VALUE_OK
MATCH,3062,0x0CF00400,61444,98776.0,82435.653,0.103,FF FF FF 00 00 FF FF FF,FF FF FF 00 00 FF FF FF,[],190=0.0/exp 0.0 VALUE_OK
MATCH,3063,0x0CF00400,61444,98796.0,82455.659,0.107,FF FF FF 00 00 FF FF FF,FF FF FF 00 00 FF FF FF,[],190=0.0/exp 0.0 VALUE_OK
UNLOGGED,,0x0CF00400,61444,,82475.652,,,FF FF FF 00 00 FF FF FF,[],
MATCH,3065,0x0CF00400,61444,98836.0,82495.657,0.103,FF FF FF 00 00 FF FF FF,FF FF FF 00 00 FF FF FF,[],190=0.0/exp 0.0 VALUE_OK
MATCH,3066,0x0CF00400,61444,98856.0,82515.651,0.094,FF FF FF 00 00 FF FF FF,FF FF FF 00 00 FF FF FF,[],190=0.0/exp 0.0 VALUE_OK
MATCH,3067,0x0CF00400,61444,98876.0,82535.64,0.082,FF FF FF 00 00 FF FF FF,FF FF FF 00 00 FF FF FF,[],190=0.0/exp 0.0 VALUE_OK
MATCH,3068,0x0CF00400,61444,98896.0,82555.638,0.078,FF FF FF 00 00 FF FF FF,FF FF FF 00 00 FF FF FF,[],190=0.0/exp 0.0 VALUE_OK
MATCH,3069,0x0CF00400,61444,98916.0,82575.643,0.081,FF FF FF 00 00 FF FF FF,FF FF FF 00 00 FF FF FF,[],190=0.0/exp 0.0 VALUE_OK
UNLOGGED,,0x0CF00400,61444,,82595.637,,,FF FF FF 00 00 FF FF FF,[],
MATCH,3071,0x0CF00400,61444,98956.0,82615.642,0.079,FF FF FF 00 00 FF FF FF,FF FF FF 00 00 FF FF FF,[],190=0.0/exp 0.0 VALUE_OK
MATCH,3072,0x0CF00400,61444,98976.0,82635.631,0.066,FF FF FF 00 00 FF FF FF,FF FF FF 00 00 FF FF FF,[],190=0.0/exp 0.0 VALUE_OK
MATCH,3073,0x0CF00400,61444,98996.0,82655.625,0.059,FF FF FF 00 00 FF FF FF,FF FF FF 00 00 FF FF FF,[],190=0.0/exp 0.0 VALUE_OK
MATCH,3074,0x0CF00400,61444,99016.0,82675.627,0.06,FF FF FF 00 00 FF FF FF,FF FF FF 00 00 FF FF FF,[],190=0.0/exp 0.0 VALUE_OK
MATCH,3075,0x0CF00400,61444,99036.0,82695.621,0.053,FF FF FF 00 00 FF FF FF,FF FF FF 00 00 FF FF FF,[],190=0.0/exp 0.0 VALUE_OK
MATCH,3076,0x0CF00400,61444,99056.0,82715.626,0.056,FF FF FF 00 00 FF FF FF,FF FF FF 00 00 FF FF FF,[],190=0.0/exp 0.0 VALUE_OK
MATCH,3077,0x0CF00400,61444,99076.0,82735.615,0.044,FF FF FF 00 00 FF FF FF,FF FF FF 00 00 FF FF FF,[],190=0.0/exp 0.0 VALUE_OK
MATCH,3078,0x0CF00400,61444,99096.0,82755.621,0.049,FF FF FF 00 00 FF FF FF,FF FF FF 00 00 FF FF FF,[],190=0.0/exp 0.0 VALUE_OK
MATCH,3079,0x0CF00400,61444,99116.0,82775.614,0.041,FF FF FF 00 00 FF FF FF,FF FF FF 00 00 FF FF FF,[],190=0.0/exp 0.0 VALUE_OK
MATCH,3080,0x0CF00400,61444,99136.0,82795.604,0.031,FF FF FF 00 00 FF FF FF,FF FF FF 00 00 FF FF FF,[],190=0.0/exp 0.0 VALUE_OK
MATCH,3081,0x0CF00400,61444,99156.0,82815.601,0.027,FF FF FF 00 00 FF FF FF,FF FF FF 00 00 FF FF FF,[],190=0.0/exp 0.0 VALUE_OK
MATCH,3082,0x0CF00400,61444,99176.0,82835.606,0.031,FF FF FF 00 00 FF FF FF,FF FF FF 00 00 FF FF FF,[],190=0.0/exp 0.0 VALUE_OK
MATCH,3083,0x0CF00400,61444,99196.0,82855.599,0.024,FF FF FF 00 00 FF FF FF,FF FF FF 00 00 FF FF FF,[],190=0.0/exp 0.0 VALUE_OK
MATCH,3084,0x0CF00400,61444,99216.0,82875.605,0.029,FF FF FF 00 00 FF FF FF,FF FF FF 00 00 FF FF FF,[],190=0.0/exp 0.0 VALUE_OK
MATCH,3085,0x0CF00400,61444,99236.0,82895.594,0.018,FF FF FF 00 00 FF FF FF,FF FF FF 00 00 FF FF FF,[],190=0.0/exp 0.0 VALUE_OK
MATCH,3086,0x0CF00400,61444,99256.0,82915.589,0.012,FF FF FF 00 00 FF FF FF,FF FF FF 00 00 FF FF FF,[],190=0.0/exp 0.0 VALUE_OK
MATCH,3087,0x0CF00400,61444,99276.0,82935.586,0.009,FF FF FF 00 00 FF FF FF,FF FF FF 00 00 FF FF FF,[],190=0.0/exp 0.0 VALUE_OK
MATCH,3088,0x0CF00400,61444,99296.0,82955.591,0.014,FF FF FF 00 00 FF FF FF,FF FF FF 00 00 FF FF FF,[],190=0.0/exp 0.0 VALUE_OK
UNLOGGED,,0x0CF00400,61444,,82975.585,,,FF FF FF 00 00 FF FF FF,[],
MATCH,3090,0x0CF00400,61444,99336.0,82995.586,0.009,FF FF FF 00 00 FF FF FF,FF FF FF 00 00 FF FF FF,[],190=0.0/exp 0.0 VALUE_OK
MATCH,3091,0x0CF00400,61444,99356.0,83015.58,0.003,FF FF FF 00 00 FF FF FF,FF FF FF 00 00 FF FF FF,[],190=0.0/exp 0.0 VALUE_OK
MATCH,3092,0x0CF00400,61444,99376.0,83035.573,-0.005,FF FF FF 00 00 FF FF FF,FF FF FF 00 00 FF FF FF,[],190=0.0/exp 0.0 VALUE_OK
MATCH,3093,0x0CF00400,61444,99396.0,83055.566,-0.011,FF FF FF 00 00 FF FF FF,FF FF FF 00 00 FF FF FF,[],190=0.0/exp 0.0 VALUE_OK
MATCH,3094,0x0CF00400,61444,99416.0,83075.576,-0.001,FF FF FF 00 00 FF FF FF,FF FF FF 00 00 FF FF FF,[],190=0.0/exp 0.0 VALUE_OK
UNLOGGED,,0x0CF00400,61444,,83095.565,,,FF FF FF 00 00 FF FF FF,[],
MATCH,3096,0x0CF00400,61444,99456.0,83115.571,-0.006,FF FF FF 00 00 FF FF FF,FF FF FF 00 00 FF FF FF,[],190=0.0/exp 0.0 VALUE_OK
MATCH,3097,0x0CF00400,61444,99476.0,83135.564,-0.013,FF FF FF 00 00 FF FF FF,FF FF FF 00 00 FF FF FF,[],190=0.0/exp 0.0 VALUE_OK
MATCH,3098,0x0CF00400,61444,99496.0,83155.554,-0.023,FF FF FF 00 00 FF FF FF,FF FF FF 00 00 FF FF FF,[],190=0.0/exp 0.0 VALUE_OK
MATCH,3099,0x0CF00400,61444,99516.0,83175.556,-0.02,FF FF FF 00 00 FF FF FF,FF FF FF 00 00 FF FF FF,[],190=0.0/exp 0.0 VALUE_OK
MATCH,3100,0x0CF00400,61444,99536.0,83195.549,-0.027,FF FF FF 00 00 FF FF FF,FF FF FF 00 00 FF FF FF,[],190=0.0/exp 0.0 VALUE_OK
MATCH,3101,0x0CF00400,61444,99556.0,83215.554,-0.021,FF FF FF 00 00 FF FF FF,FF FF FF 00 00 FF FF FF,[],190=0.0/exp 0.0 VALUE_OK
MATCH,3102,0x0CF00400,61444,99576.0,83235.544,-0.031,FF FF FF 00 00 FF FF FF,FF FF FF 00 00 FF FF FF,[],190=0.0/exp 0.0 VALUE_OK
MATCH,3103,0x0CF00400,61444,99596.0,83255.549,-0.025,FF FF FF 00 00 FF FF FF,FF FF FF 00 00 FF FF FF,[],190=0.0/exp 0.0 VALUE_OK
MATCH,3104,0x0CF00400,61444,99616.0,83275.542,-0.032,FF FF FF 00 00 FF FF FF,FF FF FF 00 00 FF FF FF,[],190=0.0/exp 0.0 VALUE_OK
MATCH,3105,0x0CF00400,61444,99636.0,83295.536,-0.037,FF FF FF 00 00 FF FF FF,FF FF FF 00 00 FF FF FF,[],190=0.0/exp 0.0 VALUE_OK
MATCH,3106,0x0CF00400,61444,99656.0,83315.537,-0.035,FF FF FF 00 00 FF FF FF,FF FF FF 00 00 FF FF FF,[],190=0.0/exp 0.0 VALUE_OK
MATCH,3107,0x0CF00400,61444,99676.0,83335.531,-0.041,FF FF FF 00 00 FF FF FF,FF FF FF 00 00 FF FF FF,[],190=0.0/exp 0.0 VALUE_OK
MATCH,3108,0x0CF00400,61444,99696.0,83355.536,-0.035,FF FF FF 00 00 FF FF FF,FF FF FF 00 00 FF FF FF,[],190=0.0/exp 0.0 VALUE_OK
MATCH,3109,0x0CF00400,61444,99716.0,83375.53,-0.04,FF FF FF 00 00 FF FF FF,FF FF FF 00 00 FF FF FF,[],190=0.0/exp 0.0 VALUE_OK
MATCH,3110,0x0CF00400,61444,99736.0,83395.519,-0.05,FF FF FF 00 00 FF FF FF,FF FF FF 00 00 FF FF FF,[],190=0.0/exp 0.0 VALUE_OK
MATCH,3111,0x0CF00400,61444,99756.0,83415.525,-0.043,FF FF FF 00 00 FF FF FF,FF FF FF 00 00 FF FF FF,[],190=0.0/exp 0.0 VALUE_OK
MATCH,3112,0x0CF00400,61444,99776.0,83435.523,-0.045,FF FF FF 00 00 FF FF FF,FF FF FF 00 00 FF FF FF,[],190=0.0/exp 0.0 VALUE_OK
MATCH,3113,0x0CF00400,61444,99796.0,83455.512,-0.055,FF FF FF 00 00 FF FF FF,FF FF FF 00 00 FF FF FF,[],190=0.0/exp 0.0 VALUE_OK
MATCH,3114,0x0CF00400,61444,99816.0,83475.521,-0.045,FF FF FF 00 00 FF FF FF,FF FF FF 00 00 FF FF FF,[],190=0.0/exp 0.0 VALUE_OK
MATCH,3115,0x0CF00400,61444,99836.0,83495.511,-0.054,FF FF FF 00 00 FF FF FF,FF FF FF 00 00 FF FF FF,[],190=0.0/exp 0.0 VALUE_OK
MATCH,3116,0x0CF00400,61444,99856.0,83515.504,-0.06,FF FF FF 00 00 FF FF FF,FF FF FF 00 00 FF FF FF,[],190=0.0/exp 0.0 VALUE_OK
MATCH,3117,0x0CF00400,61444,99876.0,83535.509,-0.053,FF FF FF 00 00 FF FF FF,FF FF FF 00 00 FF FF FF,[],190=0.0/exp 0.0 VALUE_OK
MATCH,3118,0x0CF00400,61444,99896.0,83555.499,-0.062,FF FF FF 00 00 FF FF FF,FF FF FF 00 00 FF FF FF,[],190=0.0/exp 0.0 VALUE_OK
MATCH,3119,0x0CF00400,61444,99916.0,83575.504,-0.056,FF FF FF 00 00 FF FF FF,FF FF FF 00 00 FF FF FF,[],190=0.0/exp 0.0 VALUE_OK
MATCH,3120,0x0CF00400,61444,99936.0,83595.494,-0.065,FF FF FF 00 00 FF FF FF,FF FF FF 00 00 FF FF FF,[],190=0.0/exp 0.0 VALUE_OK
MATCH,3121,0x0CF00400,61444,99956.0,83615.499,-0.059,FF FF FF 00 00 FF FF FF,FF FF FF 00 00 FF FF FF,[],190=0.0/exp 0.0 VALUE_OK
MATCH,3122,0x0CF00400,61444,99976.0,83635.493,-0.064,FF FF FF 00 00 FF FF FF,FF FF FF 00 00 FF FF FF,[],190=0.0/exp 0.0 VALUE_OK
MATCH,3123,0x0CF00400,61444,99996.0,83655.483,-0.072,FF FF FF 00 00 FF FF FF,FF FF FF 00 00 FF FF FF,[],190=0.0/exp 0.0 VALUE_OK
MATCH,3124,0x0CF00400,61444,100016.0,83675.488,-0.066,FF FF FF 00 00 FF FF FF,FF FF FF 00 00 FF FF FF,[],190=0.0/exp 0.0 VALUE_OK
MATCH,3125,0x0CF00400,61444,100036.0,83695.482,-0.07,FF FF FF 00 00 FF FF FF,FF FF FF 00 00 FF FF FF,[],190=0.0/exp 0.0 VALUE_OK
MATCH,3126,0x0CF00400,61444,100056.0,83715.475,-0.076,FF FF FF 00 00 FF FF FF,FF FF FF 00 00 FF FF FF,[],190=0.0/exp 0.0 VALUE_OK
MATCH,3127,0x0CF00400,61444,100076.0,83735.485,-0.065,FF FF FF 00 00 FF FF FF,FF FF FF 00 00 FF FF FF,[],190=0.0/exp 0.0 VALUE_OK
MATCH,3128,0x0CF00400,61444,100096.0,83755.478,-0.07,FF FF FF 00 00 FF FF FF,FF FF FF 00 00 FF FF FF,[],190=0.0/exp 0.0 VALUE_OK
MATCH,3129,0x0CF00400,61444,100116.0,83775.475,-0.072,FF FF FF 00 00 FF FF FF,FF FF FF 00 00 FF FF FF,[],190=0.0/exp 0.0 VALUE_OK
MATCH,3130,0x0CF00400,61444,100136.0,83795.469,-0.076,FF FF FF 00 00 FF FF FF,FF FF FF 00 00 FF FF FF,[],190=0.0/exp 0.0 VALUE_OK
MATCH,3131,0x0CF00400,61444,100156.0,83815.462,-0.082,FF FF FF 00 00 FF FF FF,FF FF FF 00 00 FF FF FF,[],190=0.0/exp 0.0 VALUE_OK
MATCH,3132,0x0CF00400,61444,100176.0,83835.459,-0.083,FF FF FF 00 00 FF FF FF,FF FF FF 00 00 FF FF FF,[],190=0.0/exp 0.0 VALUE_OK
MATCH,3133,0x0CF00400,61444,100196.0,83855.465,-0.076,FF FF FF 00 00 FF FF FF,FF FF FF 00 00 FF FF FF,[],190=0.0/exp 0.0 VALUE_OK
MATCH,3134,0x0CF00400,61444,100216.0,83875.462,-0.077,FF FF FF 00 00 FF FF FF,FF FF FF 00 00 FF FF FF,[],190=0.0/exp 0.0 VALUE_OK
MATCH,3135,0x0CF00400,61444,100236.0,83895.456,-0.082,FF FF FF 00 00 FF FF FF,FF FF FF 00 00 FF FF FF,[],190=0.0/exp 0.0 VALUE_OK
MATCH,3136,0x0CF00400,61444,100256.0,83915.454,-0.082,FF FF FF 00 00 FF FF FF,FF FF FF 00 00 FF FF FF,[],190=0.0/exp 0.0 VALUE_OK
MATCH,3137,0x0CF00400,61444,100276.0,83935.451,-0.083,FF FF FF 00 00 FF FF FF,FF FF FF 00 00 FF FF FF,[],190=0.0/exp 0.0 VALUE_OK
MATCH,3138,0x0CF00400,61444,100296.0,83955.449,-0.084,FF FF FF 00 00 FF FF FF,FF FF FF 00 00 FF FF FF,[],190=0.0/exp 0.0 VALUE_OK
MATCH,3139,0x0CF00400,61444,100316.0,83975.442,-0.089,FF FF FF 00 00 FF FF FF,FF FF FF 00 00 FF FF FF,[],190=0.0/exp 0.0 VALUE_OK
MATCH,3140,0x0CF00400,61444,100336.0,83995.435,-0.094,FF FF FF 00 00 FF FF FF,FF FF FF 00 00 FF FF FF,[],190=0.0/exp 0.0 VALUE_OK
MATCH,3141,0x0CF00400,61444,100356.0,84015.445,-0.082,FF FF FF 00 00 FF FF FF,FF FF FF 00 00 FF FF FF,[],190=0.0/exp 0.0 VALUE_OK
MATCH,3142,0x0CF00400,61444,100376.0,84035.438,-0.088,FF FF FF 00 00 FF FF FF,FF FF FF 00 00 FF FF FF,[],190=0.0/exp 0.0 VALUE_OK
MATCH,3143,0x0CF00400,61444,100396.0,84055.431,-0.093,FF FF FF 00 00 FF FF FF,FF FF FF 00 00 FF FF FF,[],190=0.0/exp 0.0 VALUE_OK
MATCH,3144,0x0CF00400,61444,100416.0,84075.429,-0.093,FF FF FF 00 00 FF FF FF,FF FF FF 00 00 FF FF FF,[],190=0.0/exp 0.0 VALUE_OK
MATCH,3145,0x0CF00400,61444,100436.0,84095.422,-0.098,FF FF FF 00 00 FF FF FF,FF FF FF 00 00 FF FF FF,[],190=0.0/exp 0.0 VALUE_OK
MATCH,3146,0x0CF00400,61444,100456.0,84115.432,-0.086,FF FF FF 00 00 FF FF FF,FF FF FF 00 00 FF FF FF,[],190=0.0/exp 0.0 VALUE_OK
MATCH,3147,0x0CF00400,61444,100476.0,84135.425,-0.091,FF FF FF 00 00 FF FF FF,FF FF FF 00 00 FF FF FF,[],190=0.0/exp 0.0 VALUE_OK
MATCH,3148,0x0CF00400,61444,100496.0,84155.419,-0.096,FF FF FF 00 00 FF FF FF,FF FF FF 00 00 FF FF FF,[],190=0.0/exp 0.0 VALUE_OK
MATCH,3149,0x0CF00400,61444,100516.0,84175.413,-0.1,FF FF FF 00 00 FF FF FF,FF FF FF 00 00 FF FF FF,[],190=0.0/exp 0.0 VALUE_OK
MATCH,3150,0x0CF00400,61444,100536.0,84195.422,-0.089,FF FF FF 00 00 FF FF FF,FF FF FF 00 00 FF FF FF,[],190=0.0/exp 0.0 VALUE_OK
MATCH,3151,0x0CF00400,61444,100556.0,84215.416,-0.093,FF FF FF 00 00 FF FF FF,FF FF FF 00 00 FF FF FF,[],190=0.0/exp 0.0 VALUE_OK
MATCH,3152,0x0CF00400,61444,100576.0,84235.409,-0.098,FF FF FF 00 00 FF FF FF,FF FF FF 00 00 FF FF FF,[],190=0.0/exp 0.0 VALUE_OK
MATCH,3153,0x0CF00400,61444,100596.0,84255.406,-0.099,FF FF FF 00 00 FF FF FF,FF FF FF 00 00 FF FF FF,[],190=0.0/exp 0.0 VALUE_OK
MATCH,3154,0x0CF00400,61444,100616.0,84275.4,-0.103,FF FF FF 00 00 FF FF FF,FF FF FF 00 00 FF FF FF,[],190=0.0/exp 0.0 VALUE_OK
MATCH,3155,0x0CF00400,61444,100636.0,84295.397,-0.104,FF FF FF 00 00 FF FF FF,FF FF FF 00 00 FF FF FF,[],190=0.0/exp 0.0 VALUE_OK
MATCH,3156,0x0CF00400,61444,100656.0,84315.403,-0.096,FF FF FF 00 00 FF FF FF,FF FF FF 00 00 FF FF FF,[],190=0.0/exp 0.0 VALUE_OK
MATCH,3157,0x0CF00400,61444,100676.0,84335.396,-0.101,FF FF FF 00 00 FF FF FF,FF FF FF 00 00 FF FF FF,[],190=0.0/exp 0.0 VALUE_OK
MATCH,3158,0x0CF00400,61444,100696.0,84355.39,-0.105,FF FF FF 00 00 FF FF FF,FF FF FF 00 00 FF FF FF,[],190=0.0/exp 0.0 VALUE_OK
MATCH,3159,0x0CF00400,61444,100716.0,84375.387,-0.106,FF FF FF 00 00 FF FF FF,FF FF FF 00 00 FF FF FF,[],190=0.0/exp 0.0 VALUE_OK
MATCH,3160,0x0CF00400,61444,100736.0,84395.381,-0.11,FF FF FF 00 00 FF FF FF,FF FF FF 00 00 FF FF FF,[],190=0.0/exp 0.0 VALUE_OK
MATCH,3161,0x0CF00400,61444,100756.0,84415.391,-0.098,FF FF FF 00 00 FF FF FF,FF FF FF 00 00 FF FF FF,[],190=0.0/exp 0.0 VALUE_OK
MATCH,3162,0x0CF00400,61444,100776.0,84435.376,-0.111,FF FF FF 00 00 FF FF FF,FF FF FF 00 00 FF FF FF,[],190=0.0/exp 0.0 VALUE_OK
MATCH,3163,0x0CF00400,61444,100796.0,84455.385,-0.099,FF FF FF 00 00 FF FF FF,FF FF FF 00 00 FF FF FF,[],190=0.0/exp 0.0 VALUE_OK
MATCH,3164,0x0CF00400,61444,100816.0,84475.378,-0.104,FF FF FF 00 00 FF FF FF,FF FF FF 00 00 FF FF FF,[],190=0.0/exp 0.0 VALUE_OK
MATCH,3165,0x0CF00400,61444,100836.0,84495.376,-0.104,FF FF FF 00 00 FF FF FF,FF FF FF 00 00 FF FF FF,[],190=0.0/exp 0.0 VALUE_OK
MATCH,3166,0x0CF00400,61444,100856.0,84515.369,-0.109,FF FF FF 00 00 FF FF FF,FF FF FF 00 00 FF FF FF,[],190=0.0/exp 0.0 VALUE_OK
MATCH,3167,0x0CF00400,61444,100876.0,84535.363,-0.113,FF FF FF 00 00 FF FF FF,FF FF FF 00 00 FF FF FF,[],190=0.0/exp 0.0 VALUE_OK
MATCH,3168,0x0CF00400,61444,100896.0,84555.356,-0.118,FF FF FF 00 00 FF FF FF,FF FF FF 00 00 FF FF FF,[],190=0.0/exp 0.0 VALUE_OK
MATCH,3169,0x0CF00400,61444,100916.0,84575.365,-0.107,FF FF FF 00 00 FF FF FF,FF FF FF 00 00 FF FF FF,[],190=0.0/exp 0.0 VALUE_OK
MATCH,3170,0x0CF00400,61444,100936.0,84595.359,-0.11,FF FF FF 00 00 FF FF FF,FF FF FF 00 00 FF FF FF,[],190=0.0/exp 0.0 VALUE_OK
MATCH,3171,0x0CF00400,61444,100956.0,84615.356,-0.111,FF FF FF 00 00 FF FF FF,FF FF FF 00 00 FF FF FF,[],190=0.0/exp 0.0 VALUE_OK
MATCH,3172,0x0CF00400,61444,100976.0,84635.351,-0.114,FF FF FF 00 00 FF FF FF,FF FF FF 00 00 FF FF FF,[],190=0.0/exp 0.0 VALUE_OK
MATCH,3173,0x0CF00400,61444,100996.0,84655.344,-0.119,FF FF FF 00 00 FF FF FF,FF FF FF 00 00 FF FF FF,[],190=0.0/exp 0.0 VALUE_OK
MATCH,3174,0x0CF00400,61444,101016.0,84675.349,-0.111,FF FF FF 00 00 FF FF FF,FF FF FF 00 00 FF FF FF,[],190=0.0/exp 0.0 VALUE_OK
MATCH,3175,0x0CF00400,61444,101036.0,84695.343,-0.115,FF FF FF 00 00 FF FF FF,FF FF FF 00 00 FF FF FF,[],190=0.0/exp 0.0 VALUE_OK
MATCH,3176,0x0CF00400,61444,101056.0,84715.341,-0.115,FF FF FF 00 00 FF FF FF,FF FF FF 00 00 FF FF FF,[],190=0.0/exp 0.0 VALUE_OK
MATCH,3177,0x0CF00400,61444,101076.0,84735.333,-0.12,FF FF FF 00 00 FF FF FF,FF FF FF 00 00 FF FF FF,[],190=0.0/exp 0.0 VALUE_OK
MATCH,3178,0x0CF00400,61444,101096.0,84755.343,-0.108,FF FF FF 00 00 FF FF FF,FF FF FF 00 00 FF FF FF,[],190=0.0/exp 0.0 VALUE_OK
MATCH,3179,0x0CF00400,61444,101116.0,84775.336,-0.113,FF FF FF 00 00 FF FF FF,FF FF FF 00 00 FF FF FF,[],190=0.0/exp 0.0 VALUE_OK
MATCH,3180,0x0CF00400,61444,101136.0,84795.334,-0.113,FF FF FF 00 00 FF FF FF,FF FF FF 00 00 FF FF FF,[],190=0.0/exp 0.0 VALUE_OK
MATCH,3181,0x0CF00400,61444,101156.0,84815.327,-0.117,FF FF FF 00 00 FF FF FF,FF FF FF 00 00 FF FF FF,[],190=0.0/exp 0.0 VALUE_OK
MATCH,3182,0x0CF00400,61444,101176.0,84835.32,-0.122,FF FF FF 00 00 FF FF FF,FF FF FF 00 00 FF FF FF,[],190=0.0/exp 0.0 VALUE_OK
MATCH,3183,0x0CF00400,61444,101196.0,84855.33,-0.11,FF FF FF 00 00 FF FF FF,FF FF FF 00 00 FF FF FF,[],190=0.0/exp 0.0 VALUE_OK
MATCH,3184,0x0CF00400,61444,101216.0,84875.323,-0.114,FF FF FF 00 00 FF FF FF,FF FF FF 00 00 FF FF FF,[],190=0.0/exp 0.0 VALUE_OK
MATCH,3185,0x0CF00400,61444,101236.0,84895.318,-0.117,FF FF FF 00 00 FF FF FF,FF FF FF 00 00 FF FF FF,[],190=0.0/exp 0.0 VALUE_OK
MATCH,3186,0x0CF00400,61444,101256.0,84915.315,-0.118,FF FF FF 00 00 FF FF FF,FF FF FF 00 00 FF FF FF,[],190=0.0/exp 0.0 VALUE_OK
MATCH,3187,0x0CF00400,61444,101276.0,84935.312,-0.118,FF FF FF 00 00 FF FF FF,FF FF FF 00 00 FF FF FF,[],190=0.0/exp 0.0 VALUE_OK
MATCH,3188,0x0CF00400,61444,101296.0,84955.306,-0.122,FF FF FF 00 00 FF FF FF,FF FF FF 00 00 FF FF FF,[],190=0.0/exp 0.0 VALUE_OK
MATCH,3189,0x0CF00400,61444,101316.0,84975.303,-0.123,FF FF FF 00 00 FF FF FF,FF FF FF 00 00 FF FF FF,[],190=0.0/exp 0.0 VALUE_OK
MATCH,3190,0x0CF00400,61444,101336.0,84995.297,-0.126,FF FF FF 00 00 FF FF FF,FF FF FF 00 00 FF FF FF,[],190=0.0/exp 0.0 VALUE_OK
MATCH,3191,0x0CF00400,61444,101356.0,85015.306,-0.115,FF FF FF 00 00 FF FF FF,FF FF FF 00 00 FF FF FF,[],190=0.0/exp 0.0 VALUE_OK
MATCH,3192,0x0CF00400,61444,101376.0,85035.299,-0.119,FF FF FF 00 00 FF FF FF,FF FF FF 00 00 FF FF FF,[],190=0.0/exp 0.0 VALUE_OK
MATCH,3193,0x0CF00400,61444,101396.0,85055.293,-0.123,FF FF FF 00 00 FF FF FF,FF FF FF 00 00 FF FF FF,[],190=0.0/exp 0.0 VALUE_OK
MATCH,3194,0x0CF00400,61444,101416.0,85075.29,-0.123,FF FF FF 00 00 FF FF FF,FF FF FF 00 00 FF FF FF,[],190=0.0/exp 0.0 VALUE_OK
MATCH,3195,0x0CF00400,61444,101436.0,85095.283,-0.128,FF FF FF 00 00 FF FF FF,FF FF FF 00 00 FF FF FF,[],190=0.0/exp 0.0 VALUE_OK
MATCH,3196,0x0CF00400,61444,101456.0,85115.293,-0.115,FF FF FF 00 00 FF FF FF,FF FF FF 00 00 FF FF FF,[],190=0.0/exp 0.0 VALUE_OK
MATCH,3197,0x0CF00400,61444,101476.0,85135.287,-0.119,FF FF FF 00 00 FF FF FF,FF FF FF 00 00 FF FF FF,[],190=0.0/exp 0.0 VALUE_OK
MATCH,3198,0x0CF00400,61444,101496.0,85155.281,-0.123,FF FF FF 00 00 FF FF FF,FF FF FF 00 00 FF FF FF,[],190=0.0/exp 0.0 VALUE_OK
MATCH,3199,0x0CF00400,61444,101516.0,85175.274,-0.127,FF FF FF 00 00 FF FF FF,FF FF FF 00 00 FF FF FF,[],190=0.0/exp 0.0 VALUE_OK
MATCH,3200,0x0CF00400,61444,101536.0,85195.28,-0.119,FF FF FF 00 00 FF FF FF,FF FF FF 00 00 FF FF FF,[],190=0.0/exp 0.0 VALUE_OK
MATCH,3201,0x0CF00400,61444,101556.0,85215.277,-0.119,FF FF FF 00 00 FF FF FF,FF FF FF 00 00 FF FF FF,[],190=0.0/exp 0.0 VALUE_OK
MATCH,3202,0x0CF00400,61444,101576.0,85235.27,-0.124,FF FF FF 00 00 FF FF FF,FF FF FF 00 00 FF FF FF,[],190=0.0/exp 0.0 VALUE_OK
MATCH,3203,0x0CF00400,61444,101596.0,85255.264,-0.128,FF FF FF 00 00 FF FF FF,FF FF FF 00 00 FF FF FF,[],190=0.0/exp 0.0 VALUE_OK
MATCH,3204,0x0CF00400,61444,101616.0,85275.261,-0.128,FF FF FF 00 00 FF FF FF,FF FF FF 00 00 FF FF FF,[],190=0.0/exp 0.0 VALUE_OK
MATCH,3205,0x0CF00400,61444,101636.0,85295.254,-0.132,FF FF FF 00 00 FF FF FF,FF FF FF 00 00 FF FF FF,[],190=0.0/exp 0.0 VALUE_OK
MATCH,3206,0x0CF00400,61444,101656.0,85315.264,-0.12,FF FF FF 00 00 FF FF FF,FF FF FF 00 00 FF FF FF,[],190=0.0/exp 0.0 VALUE_OK
MATCH,3207,0x0CF00400,61444,101676.0,85335.257,-0.124,FF FF FF 00 00 FF FF FF,FF FF FF 00 00 FF FF FF,[],190=0.0/exp 0.0 VALUE_OK
MATCH,3208,0x0CF00400,61444,101696.0,85355.25,-0.129,FF FF FF 00 00 FF FF FF,FF FF FF 00 00 FF FF FF,[],190=0.0/exp 0.0 VALUE_OK
MATCH,3209,0x0CF00400,61444,101716.0,85375.249,-0.127,FF FF FF 00 00 FF FF FF,FF FF FF 00 00 FF FF FF,[],190=0.0/exp 0.0 VALUE_OK
MATCH,3210,0x0CF00400,61444,101736.0,85395.243,-0.131,FF FF FF 00 00 FF FF FF,FF FF FF 00 00 FF FF FF,[],190=0.0/exp 0.0 VALUE_OK
MATCH,3211,0x0CF00400,61444,101756.0,85415.252,-0.119,FF FF FF 00 00 FF FF FF,FF FF FF 00 00 FF FF FF,[],190=0.0/exp 0.0 VALUE_OK
MATCH,3212,0x0CF00400,61444,101776.0,85435.245,-0.124,FF FF FF 00 00 FF FF FF,FF FF FF 00 00 FF FF FF,[],190=0.0/exp 0.0 VALUE_OK
MATCH,3213,0x0CF00400,61444,101796.0,85455.238,-0.128,FF FF FF 00 00 FF FF FF,FF FF FF 00 00 FF FF FF,[],190=0.0/exp 0.0 VALUE_OK
MATCH,3214,0x0CF00400,61444,101816.0,85475.232,-0.132,FF FF FF 00 00 FF FF FF,FF FF FF 00 00 FF FF FF,[],190=0.0/exp 0.0 VALUE_OK
MATCH,3215,0x0CF00400,61444,101836.0,85495.229,-0.132,FF FF FF 00 00 FF FF FF,FF FF FF 00 00 FF FF FF,[],190=0.0/exp 0.0 VALUE_OK
MATCH,3216,0x0CF00400,61444,101856.0,85515.234,-0.124,FF FF FF 00 00 FF FF FF,FF FF FF 00 00 FF FF FF,[],190=0.0/exp 0.0 VALUE_OK
MATCH,3217,0x0CF00400,61444,101876.0,85535.232,-0.124,FF FF FF 00 00 FF FF FF,FF FF FF 00 00 FF FF FF,[],190=0.0/exp 0.0 VALUE_OK
MATCH,3218,0x0CF00400,61444,101896.0,85555.226,-0.127,FF FF FF 00 00 FF FF FF,FF FF FF 00 00 FF FF FF,[],190=0.0/exp 0.0 VALUE_OK
MATCH,3219,0x0CF00400,61444,101916.0,85575.219,-0.132,FF FF FF 00 00 FF FF FF,FF FF FF 00 00 FF FF FF,[],190=0.0/exp 0.0 VALUE_OK
MATCH,3220,0x0CF00400,61444,101936.0,85595.212,-0.136,FF FF FF 00 00 FF FF FF,FF FF FF 00 00 FF FF FF,[],190=0.0/exp 0.0 VALUE_OK
MATCH,3221,0x0CF00400,61444,101956.0,85615.222,-0.124,FF FF FF 00 00 FF FF FF,FF FF FF 00 00 FF FF FF,[],190=0.0/exp 0.0 VALUE_OK
MATCH,3222,0x0CF00400,61444,101976.0,85635.216,-0.127,FF FF FF 00 00 FF FF FF,FF FF FF 00 00 FF FF FF,[],190=0.0/exp 0.0 VALUE_OK
MATCH,3223,0x0CF00400,61444,101996.0,85655.213,-0.128,FF FF FF 00 00 FF FF FF,FF FF FF 00 00 FF FF FF,[],190=0.0/exp 0.0 VALUE_OK
MATCH,3224,0x0CF00400,61444,102016.0,85675.203,-0.135,FF FF FF 00 00 FF FF FF,FF FF FF 00 00 FF FF FF,[],190=0.0/exp 0.0 VALUE_OK
MATCH,3225,0x0CF00400,61444,102036.0,85695.212,-0.123,FF FF FF 00 00 FF FF FF,FF FF FF 00 00 FF FF FF,[],190=0.0/exp 0.0 VALUE_OK
MATCH,3226,0x0CF00400,61444,102056.0,85715.205,-0.128,FF FF FF 00 00 FF FF FF,FF FF FF 00 00 FF FF FF,[],190=0.0/exp 0.0 VALUE_OK
MATCH,3227,0x0CF00400,61444,102076.0,85735.199,-0.131,FF FF FF 00 00 FF FF FF,FF FF FF 00 00 FF FF FF,[],190=0.0/exp 0.0 VALUE_OK
MATCH,3228,0x0CF00400,61444,102096.0,85755.196,-0.132,FF FF FF 00 00 FF FF FF,FF FF FF 00 00 FF FF FF,[],190=0.0/exp 0.0 VALUE_OK
MATCH,3229,0x0CF00400,61444,102116.0,85775.193,-0.132,FF FF FF 00 00 FF FF FF,FF FF FF 00 00 FF FF FF,[],190=0.0/exp 0.0 VALUE_OK
MATCH,3230,0x0CF00400,61444,102136.0,85795.187,-0.135,FF FF FF 00 00 FF FF FF,FF FF FF 00 00 FF FF FF,[],190=0.0/exp 0.0 VALUE_OK
MATCH,3231,0x0CF00400,61444,102156.0,85815.192,-0.128,FF FF FF 00 00 FF FF FF,FF FF FF 00 00 FF FF FF,[],190=0.0/exp 0.0 VALUE_OK
MATCH,3232,0x0CF00400,61444,102176.0,85835.19,-0.127,FF FF FF 00 00 FF FF FF,FF FF FF 00 00 FF FF FF,[],190=0.0/exp 0.0 VALUE_OK
MATCH,3233,0x0CF00400,61444,102196.0,85855.183,-0.132,FF FF FF 00 00 FF FF FF,FF FF FF 00 00 FF FF FF,[],190=0.0/exp 0.0 VALUE_OK
MATCH,3234,0x0CF00400,61444,102216.0,85875.177,-0.135,FF FF FF 00 00 FF FF FF,FF FF FF 00 00 FF FF FF,[],190=0.0/exp 0.0 VALUE_OK
MATCH,3235,0x0CF00400,61444,102236.0,85895.171,-0.138,FF FF FF 00 00 FF FF FF,FF FF FF 00 00 FF FF FF,[],190=0.0/exp 0.0 VALUE_OK
MATCH,3236,0x0CF00400,61444,102256.0,85915.18,-0.126,FF FF FF 00 00 FF FF FF,FF FF FF 00 00 FF FF FF,[],190=0.0/exp 0.0 VALUE_OK
MATCH,3237,0x0CF00400,61444,102276.0,85935.174,-0.13,FF FF FF 00 00 FF FF FF,FF FF FF 00 00 FF FF FF,[],190=0.0/exp 0.0 VALUE_OK
MATCH,3238,0x0CF00400,61444,102296.0,85955.167,-0.134,FF FF FF 00 00 FF FF FF,FF FF FF 00 00 FF FF FF,[],190=0.0/exp 0.0 VALUE_OK
MATCH,3239,0x0CF00400,61444,102316.0,85975.165,-0.134,FF FF FF 00 00 FF FF FF,FF FF FF 00 00 FF FF FF,[],190=0.0/exp 0.0 VALUE_OK
MATCH,3240,0x0CF00400,61444,102336.0,85995.158,-0.138,FF FF FF 00 00 FF FF FF,FF FF FF 00 00 FF FF FF,[],190=0.0/exp 0.0 VALUE_OK
MATCH,3241,0x0CF00400,61444,102356.0,86015.167,-0.126,FF FF FF 00 00 FF FF FF,FF FF FF 00 00 FF FF FF,[],190=0.0/exp 0.0 VALUE_OK
MATCH,3242,0x0CF00400,61444,102376.0,86035.161,-0.13,FF FF FF 00 00 FF FF FF,FF FF FF 00 00 FF FF FF,[],190=0.0/exp 0.0 VALUE_OK
MATCH,3243,0x0CF00400,61444,102396.0,86055.154,-0.134,FF FF FF 00 00 FF FF FF,FF FF FF 00 00 FF FF FF,[],190=0.0/exp 0.0 VALUE_OK
MATCH,3244,0x0CF00400,61444,102416.0,86075.147,-0.138,FF FF FF 00 00 FF FF FF,FF FF FF 00 00 FF FF FF,[],190=0.0/exp 0.0 VALUE_OK
MATCH,3245,0x0CF00400,61444,102436.0,86095.145,-0.138,FF FF FF 00 00 FF FF FF,FF FF FF 00 00 FF FF FF,[],190=0.0/exp 0.0 VALUE_OK
MATCH,3246,0x0CF00400,61444,102456.0,86115.151,-0.129,FF FF FF 00 00 FF FF FF,FF FF FF 00 00 FF FF FF,[],190=0.0/exp 0.0 VALUE_OK
MATCH,3247,0x0CF00400,61444,102476.0,86135.148,-0.129,FF FF FF 00 00 FF FF FF,FF FF FF 00 00 FF FF FF,[],190=0.0/exp 0.0 VALUE_OK
MATCH,3248,0x0CF00400,61444,102496.0,86155.142,-0.133,FF FF FF 00 00 FF FF FF,FF FF FF 00 00 FF FF FF,[],190=0.0/exp 0.0 VALUE_OK
MATCH,3249,0x0CF00400,61444,102516.0,86175.163,-0.109,FF FF FF B0 36 FF FF FF,FF FF FF B0 36 FF FF FF,[],190=1750.0/exp 1750.0 VALUE_OK
MATCH,3250,0x0CF00400,61444,102536.0,86195.221,-0.049,FF FF FF 8C 37 FF FF FF,FF FF FF 8C 37 FF FF FF,[],190=1777.5/exp 1777.4878 VALUE_OK
MATCH,3251,0x0CF00400,61444,102556.0,86215.23,-0.039,FF FF FF 68 38 FF FF FF,FF FF FF 68 38 FF FF FF,[],190=1805.0/exp 1804.9688 VALUE_OK
MATCH,3252,0x0CF00400,61444,102576.0,86235.223,-0.045,FF FF FF 43 39 FF FF FF,FF FF FF 43 39 FF FF FF,[],190=1832.375/exp 1832.4363 VALUE_OK
MATCH,3253,0x0CF00400,61444,102596.0,86255.205,-0.062,FF FF FF 1F 3A FF FF FF,FF FF FF 1F 3A FF FF FF,[],190=1859.875/exp 1859.8834 VALUE_OK
MATCH,3254,0x0CF00400,61444,102616.0,86275.198,-0.068,FF FF FF FA 3A FF FF FF,FF FF FF FA 3A FF FF FF,[],190=1887.25/exp 1887.3034 VALUE_OK
MATCH,3255,0x0CF00400,61444,102636.0,86295.192,-0.073,FF FF FF D6 3B FF FF FF,FF FF FF D6 3B FF FF FF,[],190=1914.75/exp 1914.6895 VALUE_OK
MATCH,3256,0x0CF00400,61444,102656.0,86315.209,-0.054,FF FF FF B0 3C FF FF FF,FF FF FF B0 3C FF FF FF,[],190=1942.0/exp 1942.035 VALUE_OK
MATCH,3257,0x0CF00400,61444,102676.0,86335.198,-0.064,FF FF FF 8B 3D FF FF FF,FF FF FF 8B 3D FF FF FF,[],190=1969.375/exp 1969.3332 VALUE_OK
MATCH,3258,0x0CF00400,61444,102696.0,86355.181,-0.08,FF FF FF 65 3E FF FF FF,FF FF FF 65 3E FF FF FF,[],190=1996.625/exp 1996.5772 VALUE_OK
MATCH,3259,0x0CF00400,61444,102716.0,86375.182,-0.077,FF FF FF 3E 3F FF FF FF,FF FF FF 3E 3F FF FF FF,[],190=2023.75/exp 2023.7603 VALUE_OK
MATCH,3260,0x0CF00400,61444,102736.0,86395.172,-0.086,FF FF FF 17 40 FF FF FF,FF FF FF 17 40 FF FF FF,[],190=2050.875/exp 2050.8759 VALUE_OK
MATCH,3261,0x0CF00400,61444,102756.0,86415.185,-0.071,FF FF FF EF 40 FF FF FF,FF FF FF EF 40 FF FF FF,[],190=2077.875/exp 2077.9173 VALUE_OK
MATCH,3262,0x0CF00400,61444,102776.0,86435.166,-0.089,FF FF FF C7 41 FF FF FF,FF FF FF C7 41 FF FF FF,[],190=2104.875/exp 2104.8778 VALUE_OK
MATCH,3263,0x0CF00400,61444,102796.0,86455.164,-0.089,FF FF FF 9E 42 FF FF FF,FF FF FF 9E 42 FF FF FF,[],190=2131.75/exp 2131.7507 VALUE_OK
MATCH,3264,0x0CF00400,61444,102816.0,86475.165,-0.086,FF FF FF 74 43 FF FF FF,FF FF FF 74 43 FF FF FF,[],190=2158.5/exp 2158.5294 VALUE_OK
MATCH,3265,0x0CF00400,61444,102836.0,86495.17,-0.079,FF FF FF 4A 44 FF FF FF,FF FF FF 4A 44 FF FF FF,[],190=2185.25/exp 2185.2073 VALUE_OK
MATCH,3266,0x0CF00400,61444,102856.0,86515.184,-0.064,FF FF FF 1E 45 FF FF FF,FF FF FF 1E 45 FF FF FF,[],190=2211.75/exp 2211.7778 VALUE_OK
MATCH,3267,0x0CF00400,61444,102876.0,86535.157,-0.089,FF FF FF F2 45 FF FF FF,FF FF FF F2 45 FF FF FF,[],190=2238.25/exp 2238.2344 VALUE_OK
MATCH,3268,0x0CF00400,61444,102896.0,86555.175,-0.07,FF FF FF C5 46 FF FF FF,FF FF FF C5 46 FF FF FF,[],190=2264.625/exp 2264.5706 VALUE_OK
MATCH,3269,0x0CF00400,61444,102916.0,86575.14,-0.103,FF FF FF 96 47 FF FF FF,FF FF FF 96 47 FF FF FF,[],190=2290.75/exp 2290.7797 VALUE_OK
MATCH,3270,0x0CF00400,61444,102936.0,86595.15,-0.091,FF FF FF 67 48 FF FF FF,FF FF FF 67 48 FF FF FF,[],190=2316.875/exp 2316.8555 VALUE_OK
MATCH,3271,0x0CF00400,61444,102956.0,86615.164,-0.075,FF FF FF 36 49 FF FF FF,FF FF FF 36 49 FF FF FF,[],190=2342.75/exp 2342.7914 VALUE_OK
MATCH,3272,0x0CF00400,61444,102976.0,86635.133,-0.105,FF FF FF 05 4A FF FF FF,FF FF FF 05 4A FF FF FF,[],190=2368.625/exp 2368.581 VALUE_OK
MATCH,3273,0x0CF00400,61444,102996.0,86655.146,-0.09,FF FF FF D2 4A FF FF FF,FF FF FF D2 4A FF FF FF,[],190=2394.25/exp 2394.218 VALUE_OK
MATCH,3274,0x0CF00400,61444,103016.0,86675.152,-0.082,FF FF FF 9E 4B FF FF FF,FF FF FF 9E 4B FF FF FF,[],190=2419.75/exp 2419.696 VALUE_OK
MATCH,3275,0x0CF00400,61444,103036.0,86695.137,-0.095,FF FF FF 68 4C FF FF FF,FF FF FF 68 4C FF FF FF,[],190=2445.0/exp 2445.0088 VALUE_OK
MATCH,3276,0x0CF00400,61444,103056.0,86715.147,-0.083,FF FF FF 31 4D FF FF FF,FF FF FF 31 4D FF FF FF,[],190=2470.125/exp 2470.1501 VALUE_OK
MATCH,3277,0x0CF00400,61444,103076.0,86735.156,-0.073,FF FF FF F9 4D FF FF FF,FF FF FF F9 4D FF FF FF,[],190=2495.125/exp 2495.1138 VALUE_OK
MATCH,3278,0x0CF00400,61444,103096.0,86755.154,-0.073,FF FF FF BF 4E FF FF FF,FF FF FF BF 4E FF FF FF,[],190=2519.875/exp 2519.8935 VALUE_OK
MATCH,3279,0x0CF00400,61444,103116.0,86775.123,-0.103,FF FF FF 84 4F FF FF FF,FF FF FF 84 4F FF FF FF,[],190=2544.5/exp 2544.4834 VALUE_OK
MATCH,3280,0x0CF00400,61444,103136.0,86795.108,-0.116,FF FF FF 47 50 FF FF FF,FF FF FF 47 50 FF FF FF,[],190=2568.875/exp 2568.8772 VALUE_OK
MATCH,3281,0x0CF00400,61444,103156.0,86815.125,-0.096,FF FF FF 09 51 FF FF FF,FF FF FF 09 51 FF FF FF,[],190=2593.125/exp 2593.0689 VALUE_OK
MATCH,3282,0x0CF00400,61444,103176.0,86835.103,-0.117,FF FF FF C8 51 FF FF FF,FF FF FF C8 51 FF FF FF,[],190=2617.0/exp 2617.0527 VALUE_OK
MATCH,3283,0x0CF00400,61444,103196.0,86855.137,-0.08,FF FF FF 87 52 FF FF FF,FF FF FF 87 52 FF FF FF,[],190=2640.875/exp 2640.8225 VALUE_OK
MATCH,3284,0x0CF00400,61444,103216.0,86875.103,-0.113,FF FF FF 43 53 FF FF FF,FF FF FF 43 53 FF FF FF,[],190=2664.375/exp 2664.3725 VALUE_OK
MATCH,3285,0x0CF00400,61444,103236.0,86895.12,-0.093,FF FF FF FE 53 FF FF FF,FF FF FF FE 53 FF FF FF,[],190=2687.75/exp 2687.6969 VALUE_OK
MATCH,3286,0x0CF00400,61444,103256.0,86915.129,-0.082,FF FF FF B6 54 FF FF FF,FF FF FF B6 54 FF FF FF,[],190=2710.75/exp 2710.7899 VALUE_OK
MATCH,3287,0x0CF00400,61444,103276.0,86935.091,-0.119,FF FF FF 6D 55 FF FF FF,FF FF FF 6D 55 FF FF FF,[],190=2733.625/exp 2733.6459 VALUE_OK
MATCH,3288,0x0CF00400,61444,103296.0,86955.104,-0.103,FF FF FF 22 56 FF FF FF,FF FF FF 22 56 FF FF FF,[],190=2756.25/exp 2756.2592 VALUE_OK
MATCH,3289,0x0CF00400,61444,103316.0,86975.118,-0.087,FF FF FF D5 56 FF FF FF,FF FF FF D5 56 FF FF FF,[],190=2778.625/exp 2778.6242 VALUE_OK
MATCH,3290,0x0CF00400,61444,103336.0,86995.095,-0.109,FF FF FF 86 57 FF FF FF,FF FF FF 86 57 FF FF FF,[],190=2800.75/exp 2800.7354 VALUE_OK
MATCH,3291,0x0CF00400,61444,103356.0,87015.092,-0.109,FF FF FF 35 58 FF FF FF,FF FF FF 35 58 FF FF FF,[],190=2822.625/exp 2822.5873 VALUE_OK
MATCH,3292,0x0CF00400,61444,103376.0,87035.11,-0.089,FF FF FF E1 58 FF FF FF,FF FF FF E1 58 FF FF FF,[],190=2844.125/exp 2844.1746 VALUE_OK
MATCH,3293,0x0CF00400,61444,103396.0,87055.083,-0.114,FF FF FF 8C 59 FF FF FF,FF FF FF 8C 59 FF FF FF,[],190=2865.5/exp 2865.492 VALUE_OK
MATCH,3294,0x0CF00400,61444,103416.0,87075.097,-0.098,FF FF FF 34 5A FF FF FF,FF FF FF 34 5A FF FF FF,[],190=2886.5/exp 2886.5341 VALUE_OK
MATCH,3295,0x0CF00400,61444,103436.0,87095.115,-0.078,FF FF FF DA 5A FF FF FF,FF FF FF DA 5A FF FF FF,[],190=2907.25/exp 2907.2958 VALUE_OK
MATCH,3296,0x0CF00400,61444,103456.0,87115.08,-0.112,FF FF FF 7E 5B FF FF FF,FF FF FF 7E 5B FF FF FF,[],190=2927.75/exp 2927.7719 VALUE_OK
MATCH,3297,0x0CF00400,61444,103476.0,87135.09,-0.099,FF FF FF 20 5C FF FF FF,FF FF FF 20 5C FF FF FF,[],190=2948.0/exp 2947.9574 VALUE_OK
MATCH,3298,0x0CF00400,61444,103496.0,87155.104,-0.083,FF FF FF BF 5C FF FF FF,FF FF FF BF 5C FF FF FF,[],190=2967.875/exp 2967.8474 VALUE_OK
MATCH,3299,0x0CF00400,61444,103516.0,87175.084,-0.102,FF FF FF 5B 5D FF FF FF,FF FF FF 5B 5D FF FF FF,[],190=2987.375/exp 2987.4369 VALUE_OK
MATCH,3300,0x0CF00400,61444,103536.0,87195.102,-0.082,FF FF FF F6 5D FF FF FF,FF FF FF F6 5D FF FF FF,[],190=3006.75/exp 3006.721 VALUE_OK
MATCH,3301,0x0CF00400,61444,103556.0,87215.079,-0.103,FF FF FF 8E 5E FF FF FF,FF FF FF 8E 5E FF FF FF,[],190=3025.75/exp 3025.6951 VALUE_OK
MATCH,3302,0x0CF00400,61444,103576.0,87235.117,-0.063,FF FF FF 23 5F FF FF FF,FF FF FF 23 5F FF FF FF,[],190=3044.375/exp 3044.3544 VALUE_OK
MATCH,3303,0x0CF00400,61444,103596.0,87255.102,-0.077,FF FF FF B6 5F FF FF FF,FF FF FF B6 5F FF FF FF,[],190=3062.75/exp 3062.6944 VALUE_OK
MATCH,3304,0x0CF00400,61444,103616.0,87275.087,-0.09,FF FF FF 46 60 FF FF FF,FF FF FF 46 60 FF FF FF,[],190=3080.75/exp 3080.7104 VALUE_OK
MATCH,3305,0x0CF00400,61444,103636.0,87295.097,-0.078,FF FF FF D3 60 FF FF FF,FF FF FF D3 60 FF FF FF,[],190=3098.375/exp 3098.3982 VALUE_OK
MATCH,3306,0x0CF00400,61444,103656.0,87315.066,-0.108,FF FF FF 5E 61 FF FF FF,FF FF FF 5E 61 FF FF FF,[],190=3115.75/exp 3115.7532 VALUE_OK
MATCH,3307,0x0CF00400,61444,103676.0,87335.103,-0.069,FF FF FF E6 61 FF FF FF,FF FF FF E6 61 FF FF FF,[],190=3132.75/exp 3132.7713 VALUE_OK
MATCH,3308,0x0CF00400,61444,103696.0,87355.082,-0.088,FF FF FF 6C 62 FF FF FF,FF FF FF 6C 62 FF FF FF,[],190=3149.5/exp 3149.4482 VALUE_OK
MATCH,3309,0x0CF00400,61444,103716.0,87375.067,-0.102,FF FF FF EE 62 FF FF FF,FF FF FF EE 62 FF FF FF,[],190=3165.75/exp 3165.7797 VALUE_OK
MATCH,3310,0x0CF00400,61444,103736.0,87395.057,-0.11,FF FF FF 6E 63 FF FF FF,FF FF FF 6E 63 FF FF FF,[],190=3181.75/exp 3181.762 VALUE_OK
MATCH,3311,0x0CF00400,61444,103756.0,87415.066,-0.098,FF FF FF EB 63 FF FF FF,FF FF FF EB 63 FF FF FF,[],190=3197.375/exp 3197.391 VALUE_OK
MATCH,3312,0x0CF00400,61444,103776.0,87435.072,-0.09,FF FF FF 65 64 FF FF FF,FF FF FF 65 64 FF FF FF,[],190=3212.625/exp 3212.6629 VALUE_OK
MATCH,3313,0x0CF00400,61444,103796.0,87455.057,-0.104,FF FF FF DD 64 FF FF FF,FF FF FF DD 64 FF FF FF,[],190=3227.625/exp 3227.5739 VALUE_OK
MATCH,3314,0x0CF00400,61444,103816.0,87475.091,-0.068,FF FF FF 51 65 FF FF FF,FF FF FF 51 65 FF FF FF,[],190=3242.125/exp 3242.1203 VALUE_OK
MATCH,3315,0x0CF00400,61444,103836.0,87495.068,-0.089,FF FF FF C2 65 FF FF FF,FF FF FF C2 65 FF FF FF,[],190=3256.25/exp 3256.2985 VALUE_OK
MATCH,3316,0x0CF00400,61444,103856.0,87515.049,-0.106,FF FF FF 31 66 FF FF FF,FF FF FF 31 66 FF FF FF,[],190=3270.125/exp 3270.1052 VALUE_OK
MATCH,3317,0x0CF00400,61444,103876.0,87535.046,-0.107,FF FF FF 9C 66 FF FF FF,FF FF FF 9C 66 FF FF FF,[],190=3283.5/exp 3283.5367 VALUE_OK
MATCH,3318,0x0CF00400,61444,103896.0,87555.052,-0.099,FF FF FF 05 67 FF FF FF,FF FF FF 05 67 FF FF FF,[],190=3296.625/exp 3296.5899 VALUE_OK
MATCH,3319,0x0CF00400,61444,103916.0,87575.025,-0.124,FF FF FF 6A 67 FF FF FF,FF FF FF 6A 67 FF FF FF,[],190=3309.25/exp 3309.2614 VALUE_OK
MATCH,3320,0x0CF00400,61444,103936.0,87595.06,-0.087,FF FF FF CC 67 FF FF FF,FF FF FF CC 67 FF FF FF,[],190=3321.5/exp 3321.5483 VALUE_OK
MATCH,3321,0x0CF00400,61444,103956.0,87615.077,-0.068,FF FF FF 2C 68 FF FF FF,FF FF FF 2C 68 FF FF FF,[],190=3333.5/exp 3333.4473 VALUE_OK
MATCH,3322,0x0CF00400,61444,103976.0,87635.046,-0.098,FF FF FF 88 68 FF FF FF,FF FF FF 88 68 FF FF FF,[],190=3345.0/exp 3344.9557 VALUE_OK
MATCH,3323,0x0CF00400,61444,103996.0,87655.068,-0.074,FF FF FF E1 68 FF FF FF,FF FF FF E1 68 FF FF FF,[],190=3356.125/exp 3356.0706 VALUE_OK
MATCH,3324,0x0CF00400,61444,104016.0,87675.025,-0.115,FF FF FF 36 69 FF FF FF,FF FF FF 36 69 FF FF FF,[],190=3366.75/exp 3366.7892 VALUE_OK
MATCH,3325,0x0CF00400,61444,104036.0,87695.067,-0.071,FF FF FF 89 69 FF FF FF,FF FF FF 89 69 FF FF FF,[],190=3377.125/exp 3377.1089 VALUE_OK
MATCH,3326,0x0CF00400,61444,104056.0,87715.024,-0.112,FF FF FF D8 69 FF FF FF,FF FF FF D8 69 FF FF FF,[],190=3387.0/exp 3387.0271 VALUE_OK
MATCH,3327,0x0CF00400,61444,104076.0,87735.033,-0.101,FF FF FF 24 6A FF FF FF,FF FF FF 24 6A FF FF FF,[],190=3396.5/exp 3396.5413 VALUE_OK
MATCH,3328,0x0CF00400,61444,104096.0,87755.047,-0.085,FF FF FF 6D 6A FF FF FF,FF FF FF 6D 6A FF FF FF,[],190=3405.625/exp 3405.6494 VALUE_OK
MATCH,3329,0x0CF00400,61444,104116.0,87775.02,-0.11,FF FF FF B3 6A FF FF FF,FF FF FF B3 6A FF FF FF,[],190=3414.375/exp 3414.3489 VALUE_OK
MATCH,3330,0x0CF00400,61444,104136.0,87795.033,-0.095,FF FF FF F5 6A FF FF FF,FF FF FF F5 6A FF FF FF,[],190=3422.625/exp 3422.6378 VALUE_OK
MATCH,3331,0x0CF00400,61444,104156.0,87815.043,-0.083,FF FF FF 34 6B FF FF FF,FF FF FF 34 6B FF FF FF,[],190=3430.5/exp 3430.5139 VALUE_OK
MATCH,3332,0x0CF00400,61444,104176.0,87835.033,-0.092,FF FF FF 70 6B FF FF FF,FF FF FF 70 6B FF FF FF,[],190=3438.0/exp 3437.9755 VALUE_OK
MATCH,3333,0x0CF00400,61444,104196.0,87855.015,-0.108,FF FF FF A8 6B FF FF FF,FF FF FF A8 6B FF FF FF,[],190=3445.0/exp 3445.0205 VALUE_OK
MATCH,3334,0x0CF00400,61444,104216.0,87875.008,-0.113,FF FF FF DD 6B FF FF FF,FF FF FF DD 6B FF FF FF,[],190=3451.625/exp 3451.6474 VALUE_OK
MATCH,3335,0x0CF00400,61444,104236.0,87894.977,-0.141,FF FF FF 0F 6C FF FF FF,FF FF FF 0F 6C FF FF FF,[],190=3457.875/exp 3457.8543 VALUE_OK
MATCH,3336,0x0CF00400,61444,104256.0,87915.019,-0.097,FF FF FF 3D 6C FF FF FF,FF FF FF 3D 6C FF FF FF,[],190=3463.625/exp 3463.6399 VALUE_OK
MATCH,3337,0x0CF00400,61444,104276.0,87934.964,-0.15,FF FF FF 68 6C FF FF FF,FF FF FF 68 6C FF FF FF,[],190=3469.0/exp 3469.0027 VALUE_OK
MATCH,3338,0x0CF00400,61444,104296.0,87955.01,-0.101,FF FF FF 90 6C FF FF FF,FF FF FF 90 6C FF FF FF,[],190=3474.0/exp 3473.9413 VALUE_OK
MATCH,3339,0x0CF00400,61444,104316.0,87974.995,-0.114,FF FF FF B4 6C FF FF FF,FF FF FF B4 6C FF FF FF,[],190=3478.5/exp 3478.4546 VALUE_OK
MATCH,3340,0x0CF00400,61444,104336.0,87994.973,-0.133,FF FF FF D4 6C FF FF FF,FF FF FF D4 6C FF FF FF,[],190=3482.5/exp 3482.5414 VALUE_OK
MATCH,3341,0x0CF00400,61444,104356.0,88015.014,-0.09,FF FF FF F2 6C FF FF FF,FF FF FF F2 6C FF FF FF,[],190=3486.25/exp 3486.2007 VALUE_OK
MATCH,3342,0x0CF00400,61444,104376.0,88034.995,-0.107,FF FF FF 0B 6D FF FF FF,FF FF FF 0B 6D FF FF FF,[],190=3489.375/exp 3489.4317 VALUE_OK
MATCH,3343,0x0CF00400,61444,104396.0,88054.996,-0.104,FF FF FF 22 6D FF FF FF,FF FF FF 22 6D FF FF FF,[],190=3492.25/exp 3492.2334 VALUE_OK
MATCH,3344,0x0CF00400,61444,104416.0,88074.978,-0.12,FF FF FF 35 6D FF FF FF,FF FF FF 35 6D FF FF FF,[],190=3494.625/exp 3494.6053 VALUE_OK
MATCH,3345,0x0CF00400,61444,104436.0,88094.968,-0.127,FF FF FF 44 6D FF FF FF,FF FF FF 44 6D FF FF FF,[],190=3496.5/exp 3496.5468 VALUE_OK
MATCH,3346,0x0CF00400,61444,104456.0,88114.953,-0.14,FF FF FF 50 6D FF FF FF,FF FF FF 50 6D FF FF FF,[],190=3498.0/exp 3498.0573 VALUE_OK
MATCH,3347,0x0CF00400,61444,104476.0,88134.983,-0.107,FF FF FF 59 6D FF FF FF,FF FF FF 59 6D FF FF FF,[],190=3499.125/exp 3499.1365 VALUE_OK
MATCH,3348,0x0CF00400,61444,104496.0,88154.964,-0.124,FF FF FF 5E 6D FF FF FF,FF FF FF 5E 6D FF FF FF,[],190=3499.75/exp 3499.7841 VALUE_OK
MATCH,3349,0x0CF00400,61444,104516.0,88174.958,-0.127,FF FF FF 60 6D FF FF FF,FF FF FF 60 6D FF FF FF,[],190=3500.0/exp 3500.0 VALUE_OK
MATCH,3350,0x0CF00400,61444,104536.0,88194.931,-0.152,FF FF FF 5E 6D FF FF FF,FF FF FF 5E 6D FF FF FF,[],190=3499.75/exp 3499.7841 VALUE_OK
MATCH,3351,0x0CF00400,61444,104556.0,88214.94,-0.14,FF FF FF 59 6D FF FF FF,FF FF FF 59 6D FF FF FF,[],190=3499.125/exp 3499.1365 VALUE_OK
MATCH,3352,0x0CF00400,61444,104576.0,88234.958,-0.119,FF FF FF 50 6D FF FF FF,FF FF FF 50 6D FF FF FF,[],190=3498.0/exp 3498.0573 VALUE_OK
MATCH,3353,0x0CF00400,61444,104596.0,88254.967,-0.108,FF FF FF 44 6D FF FF FF,FF FF FF 44 6D FF FF FF,[],190=3496.5/exp 3496.5468 VALUE_OK
MATCH,3354,0x0CF00400,61444,104616.0,88274.973,-0.099,FF FF FF 35 6D FF FF FF,FF FF FF 35 6D FF FF FF,[],190=3494.625/exp 3494.6053 VALUE_OK
MATCH,3355,0x0CF00400,61444,104636.0,88294.926,-0.144,FF FF FF 22 6D FF FF FF,FF FF FF 22 6D FF FF FF,[],190=3492.25/exp 3492.2334 VALUE_OK
MATCH,3356,0x0CF00400,61444,104656.0,88314.963,-0.105,FF FF FF 0B 6D FF FF FF,FF FF FF 0B 6D FF FF FF,[],190=3489.375/exp 3489.4317 VALUE_OK
MATCH,3357,0x0CF00400,61444,104676.0,88334.922,-0.143,FF FF FF F2 6C FF FF FF,FF FF FF F2 6C FF FF FF,[],190=3486.25/exp 3486.2007 VALUE_OK
MATCH,3358,0x0CF00400,61444,104696.0,88354.923,-0.14,FF FF FF D4 6C FF FF FF,FF FF FF D4 6C FF FF FF,[],190=3482.5/exp 3482.5414 VALUE_OK
MATCH,3359,0x0CF00400,61444,104716.0,88374.944,-0.116,FF FF FF B4 6C FF FF FF,FF FF FF B4 6C FF FF FF,[],190=3478.5/exp 3478.4546 VALUE_OK
MATCH,3360,0x0CF00400,61444,104736.0,88394.95,-0.107,FF FF FF 90 6C FF FF FF,FF FF FF 90 6C FF FF FF,[],190=3474.0/exp 3473.9413 VALUE_OK
UNLOGGED,,0x0CF00400,61444,,88414.951,,,FF FF FF 68 6C FF FF FF,[],
MATCH,3362,0x0CF00400,61444,104776.0,88434.933,-0.122,FF FF FF 3D 6C FF FF FF,FF FF FF 3D 6C FF FF FF,[],190=3463.625/exp 3463.6399 VALUE_OK
MATCH,3363,0x0CF00400,61444,104796.0,88454.938,-0.115,FF FF FF 0F 6C FF FF FF,FF FF FF 0F 6C FF FF FF,[],190=3457.875/exp 3457.8543 VALUE_OK
MATCH,3364,0x0CF00400,61444,104816.0,88474.904,-0.147,FF FF FF DD 6B FF FF FF,FF FF FF DD 6B FF FF FF,[],190=3451.625/exp 3451.6474 VALUE_OK
MATCH,3365,0x0CF00400,61444,104836.0,88494.917,-0.131,FF FF FF A8 6B FF FF FF,FF FF FF A8 6B FF FF FF,[],190=3445.0/exp 3445.0205 VALUE_OK
MATCH,3366,0x0CF00400,61444,104856.0,88514.934,-0.111,FF FF FF 70 6B FF FF FF,FF FF FF 70 6B FF FF FF,[],190=3438.0/exp 3437.9755 VALUE_OK
MATCH,3367,0x0CF00400,61444,104876.0,88534.888,-0.155,FF FF FF 34 6B FF FF FF,FF FF FF 34 6B FF FF FF,[],190=3430.5/exp 3430.5139 VALUE_OK
MATCH,3368,0x0CF00400,61444,104896.0,88554.929,-0.111,FF FF FF F5 6A FF FF FF,FF FF FF F5 6A FF FF FF,[],190=3422.625/exp 3422.6378 VALUE_OK
MATCH,3369,0x0CF00400,61444,104916.0,88574.899,-0.139,FF FF FF B3 6A FF FF FF,FF FF FF B3 6A FF FF FF,[],190=3414.375/exp 3414.3489 VALUE_OK
MATCH,3370,0x0CF00400,61444,104936.0,88594.925,-0.11,FF FF FF 6D 6A FF FF FF,FF FF FF 6D 6A FF FF FF,[],190=3405.625/exp 3405.6494 VALUE_OK
MATCH,3371,0x0CF00400,61444,104956.0,88614.914,-0.119,FF FF FF 24 6A FF FF FF,FF FF FF 24 6A FF FF FF,[],190=3396.5/exp 3396.5413 VALUE_OK
MATCH,3372,0x0CF00400,61444,104976.0,88634.903,-0.127,FF FF FF D8 69 FF FF FF,FF FF FF D8 69 FF FF FF,[],190=3387.0/exp 3387.0271 VALUE_OK
MATCH,3373,0x0CF00400,61444,104996.0,88654.885,-0.143,FF FF FF 89 69 FF FF FF,FF FF FF 89 69 FF FF FF,[],190=3377.125/exp 3377.1089 VALUE_OK
MATCH,3374,0x0CF00400,61444,105016.0,88674.926,-0.099,FF FF FF 36 69 FF FF FF,FF FF FF 36 69 FF FF FF,[],190=3366.75/exp 3366.7892 VALUE_OK
MATCH,3375,0x0CF00400,61444,105036.0,88694.872,-0.151,FF FF FF E1 68 FF FF FF,FF FF FF E1 68 FF FF FF,[],190=3356.125/exp 3356.0706 VALUE_OK
MATCH,3376,0x0CF00400,61444,105056.0,88714.909,-0.111,FF FF FF 88 68 FF FF FF,FF FF FF 88 68 FF FF FF,[],190=3345.0/exp 3344.9557 VALUE_OK
MATCH,3377,0x0CF00400,61444,105076.0,88734.902,-0.116,FF FF FF 2C 68 FF FF FF,FF FF FF 2C 68 FF FF FF,[],190=3333.5/exp 3333.4473 VALUE_OK
MATCH,3378,0x0CF00400,61444,105096.0,88754.916,-0.099,FF FF FF CC 67 FF FF FF,FF FF FF CC 67 FF FF FF,[],190=3321.5/exp 3321.5483 VALUE_OK
MATCH,3379,0x0CF00400,61444,105116.0,88774.881,-0.132,FF FF FF 6A 67 FF FF FF,FF FF FF 6A 67 FF FF FF,[],190=3309.25/exp 3309.2614 VALUE_OK
MATCH,3380,0x0CF00400,61444,105136.0,88794.859,-0.152,FF FF FF 05 67 FF FF FF,FF FF FF 05 67 FF FF FF,[],190=3296.625/exp 3296.5899 VALUE_OK
MATCH,3381,0x0CF00400,61444,105156.0,88814.86,-0.148,FF FF FF 9C 66 FF FF FF,FF FF FF 9C 66 FF FF FF,[],190=3283.5/exp 3283.5367 VALUE_OK
MATCH,3382,0x0CF00400,61444,105176.0,88834.858,-0.147,FF FF FF 31 66 FF FF FF,FF FF FF 31 66 FF FF FF,[],190=3270.125/exp 3270.1052 VALUE_OK
MATCH,3383,0x0CF00400,61444,105196.0,88854.852,-0.15,FF FF FF C2 65 FF FF FF,FF FF FF C2 65 FF FF FF,[],190=3256.25/exp 3256.2985 VALUE_OK
MATCH,3384,0x0CF00400,61444,105216.0,88874.889,-0.11,FF FF FF 51 65 FF FF FF,FF FF FF 51 65 FF FF FF,[],190=3242.125/exp 3242.1203 VALUE_OK
MATCH,3385,0x0CF00400,61444,105236.0,88894.87,-0.127,FF FF FF DD 64 FF FF FF,FF FF FF DD 64 FF FF FF,[],190=3227.625/exp 3227.5739 VALUE_OK
MATCH,3386,0x0CF00400,61444,105256.0,88914.892,-0.102,FF FF FF 65 64 FF FF FF,FF FF FF 65 64 FF FF FF,[],190=3212.625/exp 3212.6629 VALUE_OK
MATCH,3387,0x0CF00400,61444,105276.0,88934.877,-0.115,FF FF FF EB 63 FF FF FF,FF FF FF EB 63 FF FF FF,[],190=3197.375/exp 3197.391 VALUE_OK
MATCH,3388,0x0CF00400,61444,105296.0,88954.851,-0.139,FF FF FF 6E 63 FF FF FF,FF FF FF 6E 63 FF FF FF,[],190=3181.75/exp 3181.762 VALUE_OK
MATCH,3389,0x0CF00400,61444,105316.0,88974.836,-0.151,FF FF FF EE 62 FF FF FF,FF FF FF EE 62 FF FF FF,[],190=3165.75/exp 3165.7797 VALUE_OK
MATCH,3390,0x0CF00400,61444,105336.0,88994.849,-0.135,FF FF FF 6C 62 FF FF FF,FF FF FF 6C 62 FF FF FF,[],190=3149.5/exp 3149.4482 VALUE_OK
MATCH,3391,0x0CF00400,61444,105356.0,89014.863,-0.118,FF FF FF E6 61 FF FF FF,FF FF FF E6 61 FF FF FF,[],190=3132.75/exp 3132.7713 VALUE_OK
MATCH,3392,0x0CF00400,61444,105376.0,89034.881,-0.098,FF FF FF 5E 61 FF FF FF,FF FF FF 5E 61 FF FF FF,[],190=3115.75/exp 3115.7532 VALUE_OK
MATCH,3393,0x0CF00400,61444,105396.0,89054.826,-0.151,FF FF FF D3 60 FF FF FF,FF FF FF D3 60 FF FF FF,[],190=3098.375/exp 3098.3982 VALUE_OK
MATCH,3394,0x0CF00400,61444,105416.0,89074.876,-0.098,FF FF FF 46 60 FF FF FF,FF FF FF 46 60 FF FF FF,[],190=3080.75/exp 3080.7104 VALUE_OK
MATCH,3395,0x0CF00400,61444,105436.0,89094.825,-0.147,FF FF FF B6 5F FF FF FF,FF FF FF B6 5F FF FF FF,[],190=3062.75/exp 3062.6944 VALUE_OK
MATCH,3396,0x0CF00400,61444,105456.0,89114.839,-0.13,FF FF FF 23 5F FF FF FF,FF FF FF 23 5F FF FF FF,[],190=3044.375/exp 3044.3544 VALUE_OK
MATCH,3397,0x0CF00400,61444,105476.0,89134.852,-0.114,FF FF FF 8E 5E FF FF FF,FF FF FF 8E 5E FF FF FF,[],190=3025.75/exp 3025.6951 VALUE_OK
MATCH,3398,0x0CF00400,61444,105496.0,89154.809,-0.155,FF FF FF F6 5D FF FF FF,FF FF FF F6 5D FF FF FF,[],190=3006.75/exp 3006.721 VALUE_OK
MATCH,3399,0x0CF00400,61444,105516.0,89174.803,-0.158,FF FF FF 5B 5D FF FF FF,FF FF FF 5B 5D FF FF FF,[],190=2987.375/exp 2987.4369 VALUE_OK
MATCH,3400,0x0CF00400,61444,105536.0,89194.828,-0.13,FF FF FF BF 5C FF FF FF,FF FF FF BF 5C FF FF FF,[],190=2967.875/exp 2967.8474 VALUE_OK
MATCH,3401,0x0CF00400,61444,105556.0,89214.814,-0.141,FF FF FF 20 5C FF FF FF,FF FF FF 20 5C FF FF FF,[],190=2948.0/exp 2947.9574 VALUE_OK
MATCH,3402,0x0CF00400,61444,105576.0,89234.867,-0.085,FF FF FF 7E 5B FF FF FF,FF FF FF 7E 5B FF FF FF,[],190=2927.75/exp 2927.7719 VALUE_OK
MATCH,3403,0x0CF00400,61444,105596.0,89254.804,-0.147,FF FF FF DA 5A FF FF FF,FF FF FF DA 5A FF FF FF,[],190=2907.25/exp 2907.2958 VALUE_OK
MATCH,3404,0x0CF00400,61444,105616.0,89274.854,-0.094,FF FF FF 34 5A FF FF FF,FF FF FF 34 5A FF FF FF,[],190=2886.5/exp 2886.5341 VALUE_OK
MATCH,3405,0x0CF00400,61444,105636.0,89294.843,-0.103,FF FF FF 8C 59 FF FF FF,FF FF FF 8C 59 FF FF FF,[],190=2865.5/exp 2865.492 VALUE_OK
MATCH,3406,0x0CF00400,61444,105656.0,89314.802,-0.142,FF FF FF E1 58 FF FF FF,FF FF FF E1 58 FF FF FF,[],190=2844.125/exp 2844.1746 VALUE_OK
MATCH,3407,0x0CF00400,61444,105676.0,89334.783,-0.158,FF FF FF 35 58 FF FF FF,FF FF FF 35 58 FF FF FF,[],190=2822.625/exp 2822.5873 VALUE_OK
MATCH,3408,0x0CF00400,61444,105696.0,89354.848,-0.09,FF FF FF 86 57 FF FF FF,FF FF FF 86 57 FF FF FF,[],190=2800.75/exp 2800.7354 VALUE_OK
MATCH,3409,0x0CF00400,61444,105716.0,89374.826,-0.11,FF FF FF D5 56 FF FF FF,FF FF FF D5 56 FF FF FF,[],190=2778.625/exp 2778.6242 VALUE_OK
MATCH,3410,0x0CF00400,61444,105736.0,89394.811,-0.123,FF FF FF 22 56 FF FF FF,FF FF FF 22 56 FF FF FF,[],190=2756.25/exp 2756.2592 VALUE_OK
MATCH,3411,0x0CF00400,61444,105756.0,89414.8,-0.131,FF FF FF 6D 55 FF FF FF,FF FF FF 6D 55 FF FF FF,[],190=2733.625/exp 2733.6459 VALUE_OK
MATCH,3412,0x0CF00400,61444,105776.0,89434.83,-0.099,FF FF FF B6 54 FF FF FF,FF FF FF B6 54 FF FF FF,[],190=2710.75/exp 2710.7899 VALUE_OK
MATCH,3413,0x0CF00400,61444,105796.0,89454.827,-0.1,FF FF FF FE 53 FF FF FF,FF FF FF FE 53 FF FF FF,[],190=2687.75/exp 2687.6969 VALUE_OK
MATCH,3414,0x0CF00400,61444,105816.0,89474.809,-0.116,FF FF FF 43 53 FF FF FF,FF FF FF 43 53 FF FF FF,[],190=2664.375/exp 2664.3725 VALUE_OK
MATCH,3415,0x0CF00400,61444,105836.0,89494.802,-0.12,FF FF FF 87 52 FF FF FF,FF FF FF 87 52 FF FF FF,[],190=2640.875/exp 2640.8225 VALUE_OK
MATCH,3416,0x0CF00400,61444,105856.0,89514.795,-0.125,FF FF FF C8 51 FF FF FF,FF FF FF C8 51 FF FF FF,[],190=2617.0/exp 2617.0527 VALUE_OK
MATCH,3417,0x0CF00400,61444,105876.0,89534.761,-0.157,FF FF FF 09 51 FF FF FF,FF FF FF 09 51 FF FF FF,[],190=2593.125/exp 2593.0689 VALUE_OK
MATCH,3418,0x0CF00400,61444,105896.0,89554.782,-0.132,FF FF FF 47 50 FF FF FF,FF FF FF 47 50 FF FF FF,[],190=2568.875/exp 2568.8772 VALUE_OK
MATCH,3419,0x0CF00400,61444,105916.0,89574.789,-0.123,FF FF FF 84 4F FF FF FF,FF FF FF 84 4F FF FF FF,[],190=2544.5/exp 2544.4834 VALUE_OK
MATCH,3420,0x0CF00400,61444,105936.0,89594.766,-0.143,FF FF FF BF 4E FF FF FF,FF FF FF BF 4E FF FF FF,[],190=2519.875/exp 2519.8935 VALUE_OK
MATCH,3421,0x0CF00400,61444,105956.0,89614.764,-0.142,FF FF FF F9 4D FF FF FF,FF FF FF F9 4D FF FF FF,[],190=2495.125/exp 2495.1138 VALUE_OK
MATCH,3422,0x0CF00400,61444,105976.0,89634.745,-0.159,FF FF FF 31 4D FF FF FF,FF FF FF 31 4D FF FF FF,[],190=2470.125/exp 2470.1501 VALUE_OK
MATCH,3423,0x0CF00400,61444,105996.0,89654.79,-0.11,FF FF FF 68 4C FF FF FF,FF FF FF 68 4C FF FF FF,[],190=2445.0/exp 2445.0088 VALUE_OK
MATCH,3424,0x0CF00400,61444,106016.0,89674.784,-0.114,FF FF FF 9E 4B FF FF FF,FF FF FF 9E 4B FF FF FF,[],190=2419.75/exp 2419.696 VALUE_OK
MATCH,3425,0x0CF00400,61444,106036.0,89694.749,-0.147,FF FF FF D2 4A FF FF FF,FF FF FF D2 4A FF FF FF,[],190=2394.25/exp 2394.218 VALUE_OK
MATCH,3426,0x0CF00400,61444,106056.0,89714.734,-0.159,FF FF FF 05 4A FF FF FF,FF FF FF 05 4A FF FF FF,[],190=2368.625/exp 2368.581 VALUE_OK
MATCH,3427,0x0CF00400,61444,106076.0,89734.784,-0.106,FF FF FF 36 49 FF FF FF,FF FF FF 36 49 FF FF FF,[],190=2342.75/exp 2342.7914 VALUE_OK
MATCH,3428,0x0CF00400,61444,106096.0,89754.773,-0.115,FF FF FF 67 48 FF FF FF,FF FF FF 67 48 FF FF FF,[],190=2316.875/exp 2316.8555 VALUE_OK
MATCH,3429,0x0CF00400,61444,106116.0,89774.766,-0.119,FF FF FF 96 47 FF FF FF,FF FF FF 96 47 FF FF FF,[],190=2290.75/exp 2290.7797 VALUE_OK
MATCH,3430,0x0CF00400,61444,106136.0,89794.752,-0.131,FF FF FF C5 46 FF FF FF,FF FF FF C5 46 FF FF FF,[],190=2264.625/exp 2264.5706 VALUE_OK
MATCH,3431,0x0CF00400,61444,106156.0,89814.774,-0.106,FF FF FF F2 45 FF FF FF,FF FF FF F2 45 FF FF FF,[],190=2238.25/exp 2238.2344 VALUE_OK
MATCH,3432,0x0CF00400,61444,106176.0,89834.76,-0.118,FF FF FF 1E 45 FF FF FF,FF FF FF 1E 45 FF FF FF,[],190=2211.75/exp 2211.7778 VALUE_OK
MATCH,3433,0x0CF00400,61444,106196.0,89854.753,-0.123,FF FF FF 4A 44 FF FF FF,FF FF FF 4A 44 FF FF FF,[],190=2185.25/exp 2185.2073 VALUE_OK
MATCH,3434,0x0CF00400,61444,106216.0,89874.743,-0.13,FF FF FF 74 43 FF FF FF,FF FF FF 74 43 FF FF FF,[],190=2158.5/exp 2158.5294 VALUE_OK
MATCH,3435,0x0CF00400,61444,106236.0,89894.732,-0.139,FF FF FF 9E 42 FF FF FF,FF FF FF 9E 42 FF FF FF,[],190=2131.75/exp 2131.7507 VALUE_OK
MATCH,3436,0x0CF00400,61444,106256.0,89914.725,-0.143,FF FF FF C7 41 FF FF FF,FF FF FF C7 41 FF FF FF,[],190=2104.875/exp 2104.8778 VALUE_OK
MATCH,3437,0x0CF00400,61444,106276.0,89934.739,-0.126,FF FF FF EF 40 FF FF FF,FF FF FF EF 40 FF FF FF,[],190=2077.875/exp 2077.9173 VALUE_OK
MATCH,3438,0x0CF00400,61444,106296.0,89954.724,-0.139,FF FF FF 17 40 FF FF FF,FF FF FF 17 40 FF FF FF,[],190=2050.875/exp 2050.8759 VALUE_OK
MATCH,3439,0x0CF00400,61444,106316.0,89974.709,-0.151,FF FF FF 3E 3F FF FF FF,FF FF FF 3E 3F FF FF FF,[],190=2023.75/exp 2023.7603 VALUE_OK
MATCH,3440,0x0CF00400,61444,106336.0,89994.739,-0.118,FF FF FF 65 3E FF FF FF,FF FF FF 65 3E FF FF FF,[],190=1996.625/exp 1996.5772 VALUE_OK
MATCH,3441,0x0CF00400,61444,106356.0,90014.724,-0.131,FF FF FF 8B 3D FF FF FF,FF FF FF 8B 3D FF FF FF,[],190=1969.375/exp 1969.3332 VALUE_OK
MATCH,3442,0x0CF00400,61444,106376.0,90034.697,-0.155,FF FF FF B0 3C FF FF FF,FF FF FF B0 3C FF FF FF,[],190=1942.0/exp 1942.035 VALUE_OK
MATCH,3443,0x0CF00400,61444,106396.0,90054.7,-0.149,FF FF FF D6 3B FF FF FF,FF FF FF D6 3B FF FF FF,[],190=1914.75/exp 1914.6895 VALUE_OK
MATCH,3444,0x0CF00400,61444,106416.0,90074.741,-0.105,FF FF FF FA 3A FF FF FF,FF FF FF FA 3A FF FF FF,[],190=1887.25/exp 1887.3034 VALUE_OK
MATCH,3445,0x0CF00400,61444,106436.0,90094.715,-0.129,FF FF FF 1F 3A FF FF FF,FF FF FF 1F 3A FF FF FF,[],190=1859.875/exp 1859.8834 VALUE_OK
MATCH,3446,0x0CF00400,61444,106456.0,90114.716,-0.125,FF FF FF 43 39 FF FF FF,FF FF FF 43 39 FF FF FF,[],190=1832.375/exp 1832.4363 VALUE_OK
MATCH,3447,0x0CF00400,61444,106476.0,90134.713,-0.126,FF FF FF 68 38 FF FF FF,FF FF FF 68 38 FF FF FF,[],190=1805.0/exp 1804.9688 VALUE_OK
MATCH,3448,0x0CF00400,61444,106496.0,90154.691,-0.145,FF FF FF 8C 37 FF FF FF,FF FF FF 8C 37 FF FF FF,[],190=1777.5/exp 1777.4878 VALUE_OK
MATCH,3449,0x0CF00400,61444,106516.0,90174.676,-0.157,FF FF FF B0 36 FF FF FF,FF FF FF B0 36 FF FF FF,[],190=1750.0/exp 1750.0 VALUE_OK
MATCH,3450,0x0CF00400,61444,106536.0,90194.67,-0.16,FF FF FF D4 35 FF FF FF,FF FF FF D4 35 FF FF FF,[],190=1722.5/exp 1722.5122 VALUE_OK
MATCH,3451,0x0CF00400,61444,106556.0,90214.695,-0.132,FF FF FF F8 34 FF FF FF,FF FF FF F8 34 FF FF FF,[],190=1695.0/exp 1695.0312 VALUE_OK
MATCH,3452,0x0CF00400,61444,106576.0,90234.716,-0.108,FF FF FF 1D 34 FF FF FF,FF FF FF 1D 34 FF FF FF,[],190=1667.625/exp 1667.5637 VALUE_OK
MATCH,3453,0x0CF00400,61444,106596.0,90254.674,-0.148,FF FF FF 41 33 FF FF FF,FF FF FF 41 33 FF FF FF,[],190=1640.125/exp 1640.1166 VALUE_OK
MATCH,3454,0x0CF00400,61444,106616.0,90274.659,-0.16,FF FF FF 66 32 FF FF FF,FF FF FF 66 32 FF FF FF,[],190=1612.75/exp 1612.6966 VALUE_OK
MATCH,3455,0x0CF00400,61444,106636.0,90294.661,-0.155,FF FF FF 8A 31 FF FF FF,FF FF FF 8A 31 FF FF FF,[],190=1585.25/exp 1585.3105 VALUE_OK
MATCH,3456,0x0CF00400,61444,106656.0,90314.691,-0.122,FF FF FF B0 30 FF FF FF,FF FF FF B0 30 FF FF FF,[],190=1558.0/exp 1557.965 VALUE_OK
MATCH,3457,0x0CF00400,61444,106676.0,90334.673,-0.137,FF FF FF D5 2F FF FF FF,FF FF FF D5 2F FF FF FF,[],190=1530.625/exp 1530.6668 VALUE_OK
MATCH,3458,0x0CF00400,61444,106696.0,90354.65,-0.158,FF FF FF FB 2E FF FF FF,FF FF FF FB 2E FF FF FF,[],190=1503.375/exp 1503.4228 VALUE_OK
MATCH,3459,0x0CF00400,61444,106716.0,90374.635,-0.169,FF FF FF 22 2E FF FF FF,FF FF FF 22 2E FF FF FF,[],190=1476.25/exp 1476.2397 VALUE_OK
MATCH,3460,0x0CF00400,61444,106736.0,90394.689,-0.112,FF FF FF 49 2D FF FF FF,FF FF FF 49 2D FF FF FF,[],190=1449.125/exp 1449.1241 VALUE_OK
MATCH,3461,0x0CF00400,61444,106756.0,90414.674,-0.125,FF FF FF 71 2C FF FF FF,FF FF FF 71 2C FF FF FF,[],190=1422.125/exp 1422.0827 VALUE_OK
MATCH,3462,0x0CF00400,61444,106776.0,90434.635,-0.161,FF FF FF 99 2B FF FF FF,FF FF FF 99 2B FF FF FF,[],190=1395.125/exp 1395.1222 VALUE_OK
MATCH,3463,0x0CF00400,61444,106796.0,90454.677,-0.116,FF FF FF C2 2A FF FF FF,FF FF FF C2 2A FF FF FF,[],190=1368.25/exp 1368.2493 VALUE_OK
MATCH,3464,0x0CF00400,61444,106816.0,90474.674,-0.117,FF FF FF EC 29 FF FF FF,FF FF FF EC 29 FF FF FF,[],190=1341.5/exp 1341.4706 VALUE_OK
MATCH,3465,0x0CF00400,61444,106836.0,90494.655,-0.133,FF FF FF 16 29 FF FF FF,FF FF FF 16 29 FF FF FF,[],190=1314.75/exp 1314.7927 VALUE_OK
MATCH,3466,0x0CF00400,61444,106856.0,90514.641,-0.145,FF FF FF 42 28 FF FF FF,FF FF FF 42 28 FF FF FF,[],190=1288.25/exp 1288.2222 VALUE_OK
MATCH,3467,0x0CF00400,61444,106876.0,90534.63,-0.153,FF FF FF 6E 27 FF FF FF,FF FF FF 6E 27 FF FF FF,[],190=1261.75/exp 1261.7656 VALUE_OK
MATCH,3468,0x0CF00400,61444,106896.0,90554.653,-0.127,FF FF FF 9B 26 FF FF FF,FF FF FF 9B 26 FF FF FF,[],190=1235.375/exp 1235.4294 VALUE_OK
MATCH,3469,0x0CF00400,61444,106916.0,90574.642,-0.135,FF FF FF CA 25 FF FF FF,FF FF FF CA 25 FF FF FF,[],190=1209.25/exp 1209.2203 VALUE_OK
MATCH,3470,0x0CF00400,61444,106936.0,90594.627,-0.148,FF FF FF F9 24 FF FF FF,FF FF FF F9 24 FF FF FF,[],190=1183.125/exp 1183.1445 VALUE_OK
MATCH,3471,0x0CF00400,61444,106956.0,90614.609,-0.163,FF FF FF 2A 24 FF FF FF,FF FF FF 2A 24 FF FF FF,[],190=1157.25/exp 1157.2086 VALUE_OK
MATCH,3472,0x0CF00400,61444,106976.0,90634.658,-0.11,FF FF FF 5B 23 FF FF FF,FF FF FF 5B 23 FF FF FF,[],190=1131.375/exp 1131.419 VALUE_OK
MATCH,3473,0x0CF00400,61444,106996.0,90654.648,-0.118,FF FF FF 8E 22 FF FF FF,FF FF FF 8E 22 FF FF FF,[],190=1105.75/exp 1105.782 VALUE_OK
MATCH,3474,0x0CF00400,61444,107016.0,90674.641,-0.123,FF FF FF C2 21 FF FF FF,FF FF FF C2 21 FF FF FF,[],190=1080.25/exp 1080.304 VALUE_OK
MATCH,3475,0x0CF00400,61444,107036.0,90694.61,-0.151,FF FF FF F8 20 FF FF FF,FF FF FF F8 20 FF FF FF,[],190=1055.0/exp 1054.9912 VALUE_OK
MATCH,3476,0x0CF00400,61444,107056.0,90714.656,-0.102,FF FF FF 2F 20 FF FF FF,FF FF FF 2F 20 FF FF FF,[],190=1029.875/exp 1029.8499 VALUE_OK
MATCH,3477,0x0CF00400,61444,107076.0,90734.601,-0.155,FF FF FF 67 1F FF FF FF,FF FF FF 67 1F FF FF FF,[],190=1004.875/exp 1004.8862 VALUE_OK
MATCH,3478,0x0CF00400,61444,107096.0,90754.63,-0.123,FF FF FF A1 1E FF FF FF,FF FF FF A1 1E FF FF FF,[],190=980.125/exp 980.1065 VALUE_OK
MATCH,3479,0x0CF00400,61444,107116.0,90774.608,-0.143,FF FF FF DC 1D FF FF FF,FF FF FF DC 1D FF FF FF,[],190=955.5/exp 955.5166 VALUE_OK
MATCH,3480,0x0CF00400,61444,107136.0,90794.626,-0.122,FF FF FF 19 1D FF FF FF,FF FF FF 19 1D FF FF FF,[],190=931.125/exp 931.1228 VALUE_OK
MATCH,3481,0x0CF00400,61444,107156.0,90814.628,-0.117,FF FF FF 57 1C FF FF FF,FF FF FF 57 1C FF FF FF,[],190=906.875/exp 906.9311 VALUE_OK
MATCH,3482,0x0CF00400,61444,107176.0,90834.585,-0.158,FF FF FF 98 1B FF FF FF,FF FF FF 98 1B FF FF FF,[],190=883.0/exp 882.9473 VALUE_OK
MATCH,3483,0x0CF00400,61444,107196.0,90854.618,-0.122,FF FF FF D9 1A FF FF FF,FF FF FF D9 1A FF FF FF,[],190=859.125/exp 859.1775 VALUE_OK
MATCH,3484,0x0CF00400,61444,107216.0,90874.58,-0.157,FF FF FF 1D 1A FF FF FF,FF FF FF 1D 1A FF FF FF,[],190=835.625/exp 835.6275 VALUE_OK
MATCH,3485,0x0CF00400,61444,107236.0,90894.609,-0.125,FF FF FF 62 19 FF FF FF,FF FF FF 62 19 FF FF FF,[],190=812.25/exp 812.3031 VALUE_OK
MATCH,3486,0x0CF00400,61444,107256.0,90914.586,-0.146,FF FF FF AA 18 FF FF FF,FF FF FF AA 18 FF FF FF,[],190=789.25/exp 789.2101 VALUE_OK
MATCH,3487,0x0CF00400,61444,107276.0,90934.588,-0.141,FF FF FF F3 17 FF FF FF,FF FF FF F3 17 FF FF FF,[],190=766.375/exp 766.3541 VALUE_OK
MATCH,3488,0x0CF00400,61444,107296.0,90954.613,-0.113,FF FF FF 3E 17 FF FF FF,FF FF FF 3E 17 FF FF FF,[],190=743.75/exp 743.7408 VALUE_OK
MATCH,3489,0x0CF00400,61444,107316.0,90974.575,-0.149,FF FF FF 8B 16 FF FF FF,FF FF FF 8B 16 FF FF FF,[],190=721.375/exp 721.3758 VALUE_OK
MATCH,3490,0x0CF00400,61444,107336.0,90994.6,-0.121,FF FF FF DA 15 FF FF FF,FF FF FF DA 15 FF FF FF,[],190=699.25/exp 699.2646 VALUE_OK
MATCH,3491,0x0CF00400,61444,107356.0,91014.569,-0.149,FF FF FF 2B 15 FF FF FF,FF FF FF 2B 15 FF FF FF,[],190=677.375/exp 677.4127 VALUE_OK
MATCH,3492,0x0CF00400,61444,107376.0,91034.596,-0.119,FF FF FF 7F 14 FF FF FF,FF FF FF 7F 14 FF FF FF,[],190=655.875/exp 655.8254 VALUE_OK
MATCH,3493,0x0CF00400,61444,107396.0,91054.597,-0.116,FF FF FF D4 13 FF FF FF,FF FF FF D4 13 FF FF FF,[],190=634.5/exp 634.508 VALUE_OK
MATCH,3494,0x0CF00400,61444,107416.0,91074.559,-0.152,FF FF FF 2C 13 FF FF FF,FF FF FF 2C 13 FF FF FF,[],190=613.5/exp 613.4659 VALUE_OK
MATCH,3495,0x0CF00400,61444,107436.0,91094.592,-0.116,FF FF FF 86 12 FF FF FF,FF FF FF 86 12 FF FF FF,[],190=592.75/exp 592.7042 VALUE_OK
MATCH,3496,0x0CF00400,61444,107456.0,91114.565,-0.14,FF FF FF E2 11 FF FF FF,FF FF FF E2 11 FF FF FF,[],190=572.25/exp 572.2281 VALUE_OK
MATCH,3497,0x0CF00400,61444,107476.0,91134.591,-0.112,FF FF FF 40 11 FF FF FF,FF FF FF 40 11 FF FF FF,[],190=552.0/exp 552.0426 VALUE_OK
MATCH,3498,0x0CF00400,61444,107496.0,91154.556,-0.144,FF FF FF A1 10 FF FF FF,FF FF FF A1 10 FF FF FF,[],190=532.125/exp 532.1526 VALUE_OK
MATCH,3499,0x0CF00400,61444,107516.0,91174.586,-0.111,FF FF FF 05 10 FF FF FF,FF FF FF 05 10 FF FF FF,[],190=512.625/exp 512.5631 VALUE_OK
MATCH,3500,0x0CF00400,61444,107536.0,91194.571,-0.124,FF FF FF 6A 0F FF FF FF,FF FF FF 6A 0F FF FF FF,[],190=493.25/exp 493.279 VALUE_OK
MATCH,3501,0x0CF00400,61444,107556.0,91214.596,-0.097,FF FF FF D2 0E FF FF FF,FF FF FF D2 0E FF FF FF,[],190=474.25/exp 474.3049 VALUE_OK
MATCH,3502,0x0CF00400,61444,107576.0,91234.55,-0.141,FF FF FF 3D 0E FF FF FF,FF FF FF 3D 0E FF FF FF,[],190=455.625/exp 455.6456 VALUE_OK
MATCH,3503,0x0CF00400,61444,107596.0,91254.587,-0.101,FF FF FF AA 0D FF FF FF,FF FF FF AA 0D FF FF FF,[],190=437.25/exp 437.3056 VALUE_OK
MATCH,3504,0x0CF00400,61444,107616.0,91274.537,-0.149,FF FF FF 1A 0D FF FF FF,FF FF FF 1A 0D FF FF FF,[],190=419.25/exp 419.2896 VALUE_OK
MATCH,3505,0x0CF00400,61444,107636.0,91294.567,-0.116,FF FF FF 8D 0C FF FF FF,FF FF FF 8D 0C FF FF FF,[],190=401.625/exp 401.6018 VALUE_OK
MATCH,3506,0x0CF00400,61444,107656.0,91314.568,-0.113,FF FF FF 02 0C FF FF FF,FF FF FF 02 0C FF FF FF,[],190=384.25/exp 384.2468 VALUE_OK
MATCH,3507,0x0CF00400,61444,107676.0,91334.565,-0.113,FF FF FF 7A 0B FF FF FF,FF FF FF 7A 0B FF FF FF,[],190=367.25/exp 367.2287 VALUE_OK
MATCH,3508,0x0CF00400,61444,107696.0,91354.567,-0.109,FF FF FF F4 0A FF FF FF,FF FF FF F4 0A FF FF FF,[],190=350.5/exp 350.5518 VALUE_OK
MATCH,3509,0x0CF00400,61444,107716.0,91374.568,-0.106,FF FF FF 72 0A FF FF FF,FF FF FF 72 0A FF FF FF,[],190=334.25/exp 334.2203 VALUE_OK
MATCH,3510,0x0CF00400,61444,107736.0,91394.53,-0.142,FF FF FF F2 09 FF FF FF,FF FF FF F2 09 FF FF FF,[],190=318.25/exp 318.238 VALUE_OK
MATCH,3511,0x0CF00400,61444,107756.0,91414.547,-0.122,FF FF FF 75 09 FF FF FF,FF FF FF 75 09 FF FF FF,[],190=302.625/exp 302.609 VALUE_OK
MATCH,3512,0x0CF00400,61444,107776.0,91434.524,-0.143,FF FF FF FB 08 FF FF FF,FF FF FF FB 08 FF FF FF,[],190=287.375/exp 287.3371 VALUE_OK
MATCH,3513,0x0CF00400,61444,107796.0,91454.538,-0.126,FF FF FF 83 08 FF FF FF,FF FF FF 83 08 FF FF FF,[],190=272.375/exp 272.4261 VALUE_OK
MATCH,3514,0x0CF00400,61444,107816.0,91474.555,-0.106,FF FF FF 0F 08 FF FF FF,FF FF FF 0F 08 FF FF FF,[],190=257.875/exp 257.8797 VALUE_OK
MATCH,3515,0x0CF00400,61444,107836.0,91494.521,-0.138,FF FF FF 9E 07 FF FF FF,FF FF FF 9E 07 FF FF FF,[],190=243.75/exp 243.7015 VALUE_OK
MATCH,3516,0x0CF00400,61444,107856.0,91514.554,-0.102,FF FF FF 2F 07 FF FF FF,FF FF FF 2F 07 FF FF FF,[],190=229.875/exp 229.8948 VALUE_OK
MATCH,3517,0x0CF00400,61444,107876.0,91534.532,-0.122,FF FF FF C4 06 FF FF FF,FF FF FF C4 06 FF FF FF,[],190=216.5/exp 216.4633 VALUE_OK
MATCH,3518,0x0CF00400,61444,107896.0,91554.522,-0.13,FF FF FF 5B 06 FF FF FF,FF FF FF 5B 06 FF FF FF,[],190=203.375/exp 203.4101 VALUE_OK
MATCH,3519,0x0CF00400,61444,107916.0,91574.547,-0.102,FF FF FF F6 05 FF FF FF,FF FF FF F6 05 FF FF FF,[],190=190.75/exp 190.7386 VALUE_OK
MATCH,3520,0x0CF00400,61444,107936.0,91594.496,-0.151,FF FF FF 94 05 FF FF FF,FF FF FF 94 05 FF FF FF,[],190=178.5/exp 178.4517 VALUE_OK
MATCH,3521,0x0CF00400,61444,107956.0,91614.494,-0.15,FF FF FF 34 05 FF FF FF,FF FF FF 34 05 FF FF FF,[],190=166.5/exp 166.5527 VALUE_OK
MATCH,3522,0x0CF00400,61444,107976.0,91634.511,-0.13,FF FF FF D8 04 FF FF FF,FF FF FF D8 04 FF FF FF,[],190=155.0/exp 155.0443 VALUE_OK
MATCH,3523,0x0CF00400,61444,107996.0,91654.517,-0.122,FF FF FF 7F 04 FF FF FF,FF FF FF 7F 04 FF FF FF,[],190=143.875/exp 143.9294 VALUE_OK
MATCH,3524,0x0CF00400,61444,108016.0,91674.514,-0.122,FF FF FF 2A 04 FF FF FF,FF FF FF 2A 04 FF FF FF,[],190=133.25/exp 133.2108 VALUE_OK
MATCH,3525,0x0CF00400,61444,108036.0,91694.503,-0.131,FF FF FF D7 03 FF FF FF,FF FF FF D7 03 FF FF FF,[],190=122.875/exp 122.8911 VALUE_OK
MATCH,3526,0x0CF00400,61444,108056.0,91714.505,-0.126,FF FF FF 88 03 FF FF FF,FF FF FF 88 03 FF FF FF,[],190=113.0/exp 112.9729 VALUE_OK
MATCH,3527,0x0CF00400,61444,108076.0,91734.502,-0.127,FF FF FF 3C 03 FF FF FF,FF FF FF 3C 03 FF FF FF,[],190=103.5/exp 103.4587 VALUE_OK
MATCH,3528,0x0CF00400,61444,108096.0,91754.512,-0.114,FF FF FF F3 02 FF FF FF,FF FF FF F3 02 FF FF FF,[],190=94.375/exp 94.3506 VALUE_OK
MATCH,3529,0x0CF00400,61444,108116.0,91774.506,-0.118,FF FF FF AD 02 FF FF FF,FF FF FF AD 02 FF FF FF,[],190=85.625/exp 85.6511 VALUE_OK
MATCH,3530,0x0CF00400,61444,108136.0,91794.46,-0.161,FF FF FF 6B 02 FF FF FF,FF FF FF 6B 02 FF FF FF,[],190=77.375/exp 77.3622 VALUE_OK
MATCH,3531,0x0CF00400,61444,108156.0,91814.453,-0.165,FF FF FF 2C 02 FF FF FF,FF FF FF 2C 02 FF FF FF,[],190=69.5/exp 69.4861 VALUE_OK
MATCH,3532,0x0CF00400,61444,108176.0,91834.478,-0.137,FF FF FF F0 01 FF FF FF,FF FF FF F0 01 FF FF FF,[],190=62.0/exp 62.0245 VALUE_OK
MATCH,3533,0x0CF00400,61444,108196.0,91854.5,-0.112,FF FF FF B8 01 FF FF FF,FF FF FF B8 01 FF FF FF,[],190=55.0/exp 54.9795 VALUE_OK
MATCH,3534,0x0CF00400,61444,108216.0,91874.457,-0.153,FF FF FF 83 01 FF FF FF,FF FF FF 83 01 FF FF FF,[],190=48.375/exp 48.3526 VALUE_OK
MATCH,3535,0x0CF00400,61444,108236.0,91894.466,-0.141,FF FF FF 51 01 FF FF FF,FF FF FF 51 01 FF FF FF,[],190=42.125/exp 42.1457 VALUE_OK
MATCH,3536,0x0CF00400,61444,108256.0,91914.492,-0.112,FF FF FF 23 01 FF FF FF,FF FF FF 23 01 FF FF FF,[],190=36.375/exp 36.3601 VALUE_OK
MATCH,3537,0x0CF00400,61444,108276.0,91934.477,-0.125,FF FF FF F8 00 FF FF FF,FF FF FF F8 00 FF FF FF,[],190=31.0/exp 30.9973 VALUE_OK
MATCH,3538,0x0CF00400,61444,108296.0,91954.434,-0.165,FF FF FF D0 00 FF FF FF,FF FF FF D0 00 FF FF FF,[],190=26.0/exp 26.0587 VALUE_OK
MATCH,3539,0x0CF00400,61444,108316.0,91974.46,-0.136,FF FF FF AC 00 FF FF FF,FF FF FF AC 00 FF FF FF,[],190=21.5/exp 21.5454 VALUE_OK
MATCH,3540,0x0CF00400,61444,108336.0,91994.477,-0.116,FF FF FF 8C 00 FF FF FF,FF FF FF 8C 00 FF FF FF,[],190=17.5/exp 17.4586 VALUE_OK
MATCH,3541,0x0CF00400,61444,108356.0,92014.423,-0.168,FF FF FF 6E 00 FF FF FF,FF FF FF 6E 00 FF FF FF,[],190=13.75/exp 13.7993 VALUE_OK
MATCH,3542,0x0CF00400,61444,108376.0,92034.437,-0.151,FF FF FF 55 00 FF FF FF,FF FF FF 55 00 FF FF FF,[],190=10.625/exp 10.5683 VALUE_OK
MATCH,3543,0x0CF00400,61444,108396.0,92054.442,-0.143,FF FF FF 3E 00 FF FF FF,FF FF FF 3E 00 FF FF FF,[],190=7.75/exp 7.7666 VALUE_OK
MATCH,3544,0x0CF00400,61444,108416.0,92074.448,-0.134,FF FF FF 2B 00 FF FF FF,FF FF FF 2B 00 FF FF FF,[],190=5.375/exp 5.3947 VALUE_OK
MATCH,3545,0x0CF00400,61444,108436.0,92094.413,-0.166,FF FF FF 1C 00 FF FF FF,FF FF FF 1C 00 FF FF FF,[],190=3.5/exp 3.4532 VALUE_OK
MATCH,3546,0x0CF00400,61444,108456.0,92114.43,-0.146,FF FF FF 10 00 FF FF FF,FF FF FF 10 00 FF FF FF,[],190=2.0/exp 1.9427 VALUE_OK
MATCH,3547,0x0CF00400,61444,108476.0,92134.448,-0.125,FF FF FF 07 00 FF FF FF,FF FF FF 07 00 FF FF FF,[],190=0.875/exp 0.8635 VALUE_OK
MATCH,3548,0x0CF00400,61444,108496.0,92154.401,-0.169,FF FF FF 02 00 FF FF FF,FF FF FF 02 00 FF FF FF,[],190=0.25/exp 0.2159 VALUE_OK
MATCH,3549,0x0CF00400,61444,108516.0,92174.411,-0.156,FF FF FF 00 00 FF FF FF,FF FF FF 00 00 FF FF FF,[],190=0.0/exp 0.0 VALUE_OK
MATCH,3550,0x0CF00400,61444,108536.0,92194.452,-0.112,FF FF FF 02 00 FF FF FF,FF FF FF 02 00 FF FF FF,[],190=0.25/exp 0.2159 VALUE_OK
MATCH,3551,0x0CF00400,61444,108556.0,92214.413,-0.149,FF FF FF 07 00 FF FF FF,FF FF FF 07 00 FF FF FF,[],190=0.875/exp 0.8635 VALUE_OK
MATCH,3552,0x0CF00400,61444,108576.0,92234.431,-0.128,FF FF FF 10 00 FF FF FF,FF FF FF 10 00 FF FF FF,[],190=2.0/exp 1.9427 VALUE_OK
MATCH,3553,0x0CF00400,61444,108596.0,92254.384,-0.172,FF FF FF 1C 00 FF FF FF,FF FF FF 1C 00 FF FF FF,[],190=3.5/exp 3.4532 VALUE_OK
MATCH,3554,0x0CF00400,61444,108616.0,92274.399,-0.154,FF FF FF 2B 00 FF FF FF,FF FF FF 2B 00 FF FF FF,[],190=5.375/exp 5.3947 VALUE_OK
MATCH,3555,0x0CF00400,61444,108636.0,92294.428,-0.122,FF FF FF 3E 00 FF FF FF,FF FF FF 3E 00 FF FF FF,[],190=7.75/exp 7.7666 VALUE_OK
MATCH,3556,0x0CF00400,61444,108656.0,92314.405,-0.142,FF FF FF 55 00 FF FF FF,FF FF FF 55 00 FF FF FF,[],190=10.625/exp 10.5683 VALUE_OK
MATCH,3557,0x0CF00400,61444,108676.0,92334.431,-0.113,FF FF FF 6E 00 FF FF FF,FF FF FF 6E 00 FF FF FF,[],190=13.75/exp 13.7993 VALUE_OK
MATCH,3558,0x0CF00400,61444,108696.0,92354.396,-0.146,FF FF FF 8C 00 FF FF FF,FF FF FF 8C 00 FF FF FF,[],190=17.5/exp 17.4586 VALUE_OK
MATCH,3559,0x0CF00400,61444,108716.0,92374.413,-0.126,FF FF FF AC 00 FF FF FF,FF FF FF AC 00 FF FF FF,[],190=21.5/exp 21.5454 VALUE_OK
MATCH,3560,0x0CF00400,61444,108736.0,92394.431,-0.106,FF FF FF D0 00 FF FF FF,FF FF FF D0 00 FF FF FF,[],190=26.0/exp 26.0587 VALUE_OK
MATCH,3561,0x0CF00400,61444,108756.0,92414.38,-0.154,FF FF FF F8 00 FF FF FF,FF FF FF F8 00 FF FF FF,[],190=31.0/exp 30.9973 VALUE_OK
MATCH,3562,0x0CF00400,61444,108776.0,92434.378,-0.153,FF FF FF 23 01 FF FF FF,FF FF FF 23 01 FF FF FF,[],190=36.375/exp 36.3601 VALUE_OK
MATCH,3563,0x0CF00400,61444,108796.0,92454.387,-0.141,FF FF FF 51 01 FF FF FF,FF FF FF 51 01 FF FF FF,[],190=42.125/exp 42.1457 VALUE_OK
MATCH,3564,0x0CF00400,61444,108816.0,92474.416,-0.109,FF FF FF 83 01 FF FF FF,FF FF FF 83 01 FF FF FF,[],190=48.375/exp 48.3526 VALUE_OK
MATCH,3565,0x0CF00400,61444,108836.0,92494.374,-0.149,FF FF FF B8 01 FF FF FF,FF FF FF B8 01 FF FF FF,[],190=55.0/exp 54.9795 VALUE_OK
MATCH,3566,0x0CF00400,61444,108856.0,92514.388,-0.132,FF FF FF F0 01 FF FF FF,FF FF FF F0 01 FF FF FF,[],190=62.0/exp 62.0245 VALUE_OK
MATCH,3567,0x0CF00400,61444,108876.0,92534.402,-0.116,FF FF FF 2C 02 FF FF FF,FF FF FF 2C 02 FF FF FF,[],190=69.5/exp 69.4861 VALUE_OK
MATCH,3568,0x0CF00400,61444,108896.0,92554.387,-0.128,FF FF FF 6B 02 FF FF FF,FF FF FF 6B 02 FF FF FF,[],190=77.375/exp 77.3622 VALUE_OK
MATCH,3569,0x0CF00400,61444,108916.0,92574.384,-0.129,FF FF FF AD 02 FF FF FF,FF FF FF AD 02 FF FF FF,[],190=85.625/exp 85.6511 VALUE_OK
MATCH,3570,0x0CF00400,61444,108936.0,92594.394,-0.116,FF FF FF F3 02 FF FF FF,FF FF FF F3 02 FF FF FF,[],190=94.375/exp 94.3506 VALUE_OK
MATCH,3571,0x0CF00400,61444,108956.0,92614.391,-0.117,FF FF FF 3C 03 FF FF FF,FF FF FF 3C 03 FF FF FF,[],190=103.5/exp 103.4587 VALUE_OK
MATCH,3572,0x0CF00400,61444,108976.0,92634.396,-0.11,FF FF FF 88 03 FF FF FF,FF FF FF 88 03 FF FF FF,[],190=113.0/exp 112.9729 VALUE_OK
MATCH,3573,0x0CF00400,61444,108996.0,92654.398,-0.105,FF FF FF D7 03 FF FF FF,FF FF FF D7 03 FF FF FF,[],190=122.875/exp 122.8911 VALUE_OK
MATCH,3574,0x0CF00400,61444,109016.0,92674.323,-0.178,FF FF FF 2A 04 FF FF FF,FF FF FF 2A 04 FF FF FF,[],190=133.25/exp 133.2108 VALUE_OK
MATCH,3575,0x0CF00400,61444,109036.0,92694.373,-0.125,FF FF FF 7F 04 FF FF FF,FF FF FF 7F 04 FF FF FF,[],190=143.875/exp 143.9294 VALUE_OK
MATCH,3576,0x0CF00400,61444,109056.0,92714.374,-0.121,FF FF FF D8 04 FF FF FF,FF FF FF D8 04 FF FF FF,[],190=155.0/exp 155.0443 VALUE_OK
MATCH,3577,0x0CF00400,61444,109076.0,92734.331,-0.162,FF FF FF 34 05 FF FF FF,FF FF FF 34 05 FF FF FF,[],190=166.5/exp 166.5527 VALUE_OK
MATCH,3578,0x0CF00400,61444,109096.0,92754.337,-0.153,FF FF FF 94 05 FF FF FF,FF FF FF 94 05 FF FF FF,[],190=178.5/exp 178.4517 VALUE_OK
MATCH,3579,0x0CF00400,61444,109116.0,92774.351,-0.135,FF FF FF F6 05 FF FF FF,FF FF FF F6 05 FF FF FF,[],190=190.75/exp 190.7386 VALUE_OK
MATCH,3580,0x0CF00400,61444,109136.0,92794.373,-0.111,FF FF FF 5B 06 FF FF FF,FF FF FF 5B 06 FF FF FF,[],190=203.375/exp 203.4101 VALUE_OK
MATCH,3581,0x0CF00400,61444,109156.0,92814.366,-0.116,FF FF FF C4 06 FF FF FF,FF FF FF C4 06 FF FF FF,[],190=216.5/exp 216.4633 VALUE_OK
MATCH,3582,0x0CF00400,61444,109176.0,92834.343,-0.136,FF FF FF 2F 07 FF FF FF,FF FF FF 2F 07 FF FF FF,[],190=229.875/exp 229.8948 VALUE_OK
MATCH,3583,0x0CF00400,61444,109196.0,92854.313,-0.163,FF FF FF 9E 07 FF FF FF,FF FF FF 9E 07 FF FF FF,[],190=243.75/exp 243.7015 VALUE_OK
MATCH,3584,0x0CF00400,61444,109216.0,92874.326,-0.147,FF FF FF 0F 08 FF FF FF,FF FF FF 0F 08 FF FF FF,[],190=257.875/exp 257.8797 VALUE_OK
MATCH,3585,0x0CF00400,61444,109236.0,92894.359,-0.111,FF FF FF 83 08 FF FF FF,FF FF FF 83 08 FF FF FF,[],190=272.375/exp 272.4261 VALUE_OK
MATCH,3586,0x0CF00400,61444,109256.0,92914.301,-0.167,FF FF FF FB 08 FF FF FF,FF FF FF FB 08 FF FF FF,[],190=287.375/exp 287.3371 VALUE_OK
MATCH,3587,0x0CF00400,61444,109276.0,92934.343,-0.122,FF FF FF 75 09 FF FF FF,FF FF FF 75 09 FF FF FF,[],190=302.625/exp 302.609 VALUE_OK
MATCH,3588,0x0CF00400,61444,109296.0,92954.304,-0.158,FF FF FF F2 09 FF FF FF,FF FF FF F2 09 FF FF FF,[],190=318.25/exp 318.238 VALUE_OK
MATCH,3589,0x0CF00400,61444,109316.0,92974.317,-0.142,FF FF FF 72 0A FF FF FF,FF FF FF 72 0A FF FF FF,[],190=334.25/exp 334.2203 VALUE_OK
MATCH,3590,0x0CF00400,61444,109336.0,92994.323,-0.133,FF FF FF F4 0A FF FF FF,FF FF FF F4 0A FF FF FF,[],190=350.5/exp 350.5518 VALUE_OK
MATCH,3591,0x0CF00400,61444,109356.0,93014.325,-0.129,FF FF FF 7A 0B FF FF FF,FF FF FF 7A 0B FF FF FF,[],190=367.25/exp 367.2287 VALUE_OK
MATCH,3592,0x0CF00400,61444,109376.0,93034.33,-0.121,FF FF FF 02 0C FF FF FF,FF FF FF 02 0C FF FF FF,[],190=384.25/exp 384.2468 VALUE_OK
MATCH,3593,0x0CF00400,61444,109396.0,93054.316,-0.133,FF FF FF 8D 0C FF FF FF,FF FF FF 8D 0C FF FF FF,[],190=401.625/exp 401.6018 VALUE_OK
MATCH,3594,0x0CF00400,61444,109416.0,93074.289,-0.157,FF FF FF 1A 0D FF FF FF,FF FF FF 1A 0D FF FF FF,[],190=419.25/exp 419.2896 VALUE_OK
MATCH,3595,0x0CF00400,61444,109436.0,93094.294,-0.149,FF FF FF AA 0D FF FF FF,FF FF FF AA 0D FF FF FF,[],190=437.25/exp 437.3056 VALUE_OK
MATCH,3596,0x0CF00400,61444,109456.0,93114.284,-0.156,FF FF FF 3D 0E FF FF FF,FF FF FF 3D 0E FF FF FF,[],190=455.625/exp 455.6456 VALUE_OK
MATCH,3597,0x0CF00400,61444,109476.0,93134.293,-0.144,FF FF FF D2 0E FF FF FF,FF FF FF D2 0E FF FF FF,[],190=474.25/exp 474.3049 VALUE_OK
MATCH,3598,0x0CF00400,61444,109496.0,93154.299,-0.135,FF FF FF 6A 0F FF FF FF,FF FF FF 6A 0F FF FF FF,[],190=493.25/exp 493.279 VALUE_OK
MATCH,3599,0x0CF00400,61444,109516.0,93174.28,-0.151,FF FF FF 05 10 FF FF FF,FF FF FF 05 10 FF FF FF,[],190=512.625/exp 512.5631 VALUE_OK
MATCH,3600,0x0CF00400,61444,109536.0,93194.261,-0.167,FF FF FF A1 10 FF FF FF,FF FF FF A1 10 FF FF FF,[],190=532.125/exp 532.1526 VALUE_OK
MATCH,3601,0x0CF00400,61444,109556.0,93214.271,-0.154,FF FF FF 40 11 FF FF FF,FF FF FF 40 11 FF FF FF,[],190=552.0/exp 552.0426 VALUE_OK
MATCH,3602,0x0CF00400,61444,109576.0,93234.276,-0.146,FF FF FF E2 11 FF FF FF,FF FF FF E2 11 FF FF FF,[],190=572.25/exp 572.2281 VALUE_OK
MATCH,3603,0x0CF00400,61444,109596.0,93254.302,-0.117,FF FF FF 86 12 FF FF FF,FF FF FF 86 12 FF FF FF,[],190=592.75/exp 592.7042 VALUE_OK
MATCH,3604,0x0CF00400,61444,109616.0,93274.248,-0.168,FF FF FF 2C 13 FF FF FF,FF FF FF 2C 13 FF FF FF,[],190=613.5/exp 613.4659 VALUE_OK
MATCH,3605,0x0CF00400,61444,109636.0,93294.261,-0.152,FF FF FF D4 13 FF FF FF,FF FF FF D4 13 FF FF FF,[],190=634.5/exp 634.508 VALUE_OK
MATCH,3606,0x0CF00400,61444,109656.0,93314.243,-0.167,FF FF FF 7F 14 FF FF FF,FF FF FF 7F 14 FF FF FF,[],190=655.875/exp 655.8254 VALUE_OK
MATCH,3607,0x0CF00400,61444,109676.0,93334.252,-0.155,FF FF FF 2B 15 FF FF FF,FF FF FF 2B 15 FF FF FF,[],190=677.375/exp 677.4127 VALUE_OK
MATCH,3608,0x0CF00400,61444,109696.0,93354.253,-0.151,FF FF FF DA 15 FF FF FF,FF FF FF DA 15 FF FF FF,[],190=699.25/exp 699.2646 VALUE_OK
MATCH,3609,0x0CF00400,61444,109716.0,93374.267,-0.134,FF FF FF 8B 16 FF FF FF,FF FF FF 8B 16 FF FF FF,[],190=721.375/exp 721.3758 VALUE_OK
MATCH,3610,0x0CF00400,61444,109736.0,93394.276,-0.122,FF FF FF 3E 17 FF FF FF,FF FF FF 3E 17 FF FF FF,[],190=743.75/exp 743.7408 VALUE_OK
MATCH,3611,0x0CF00400,61444,109756.0,93414.226,-0.169,FF FF FF F3 17 FF FF FF,FF FF FF F3 17 FF FF FF,[],190=766.375/exp 766.3541 VALUE_OK
MATCH,3612,0x0CF00400,61444,109776.0,93434.263,-0.129,FF FF FF AA 18 FF FF FF,FF FF FF AA 18 FF FF FF,[],190=789.25/exp 789.2101 VALUE_OK
MATCH,3613,0x0CF00400,61444,109796.0,93454.212,-0.178,FF FF FF 62 19 FF FF FF,FF FF FF 62 19 FF FF FF,[],190=812.25/exp 812.3031 VALUE_OK
MATCH,3614,0x0CF00400,61444,109816.0,93474.222,-0.164,FF FF FF 1D 1A FF FF FF,FF FF FF 1D 1A FF FF FF,[],190=835.625/exp 835.6275 VALUE_OK
MATCH,3615,0x0CF00400,61444,109836.0,93494.236,-0.147,FF FF FF D9 1A FF FF FF,FF FF FF D9 1A FF FF FF,[],190=859.125/exp 859.1775 VALUE_OK
MATCH,3616,0x0CF00400,61444,109856.0,93514.262,-0.118,FF FF FF 98 1B FF FF FF,FF FF FF 98 1B FF FF FF,[],190=883.0/exp 882.9473 VALUE_OK
MATCH,3617,0x0CF00400,61444,109876.0,93534.239,-0.138,FF FF FF 57 1C FF FF FF,FF FF FF 57 1C FF FF FF,[],190=906.875/exp 906.9311 VALUE_OK
MATCH,3618,0x0CF00400,61444,109896.0,93554.228,-0.147,FF FF FF 19 1D FF FF FF,FF FF FF 19 1D FF FF FF,[],190=931.125/exp 931.1228 VALUE_OK
MATCH,3619,0x0CF00400,61444,109916.0,93574.254,-0.118,FF FF FF DC 1D FF FF FF,FF FF FF DC 1D FF FF FF,[],190=955.5/exp 955.5166 VALUE_OK
MATCH,3620,0x0CF00400,61444,109936.0,93594.251,-0.118,FF FF FF A1 1E FF FF FF,FF FF FF A1 1E FF FF FF,[],190=980.125/exp 980.1065 VALUE_OK
MATCH,3621,0x0CF00400,61444,109956.0,93614.2,-0.167,FF FF FF 67 1F FF FF FF,FF FF FF 67 1F FF FF FF,[],190=1004.875/exp 1004.8862 VALUE_OK
MATCH,3622,0x0CF00400,61444,109976.0,93634.21,-0.154,FF FF FF 2F 20 FF FF FF,FF FF FF 2F 20 FF FF FF,[],190=1029.875/exp 1029.8499 VALUE_OK
MATCH,3623,0x0CF00400,61444,109996.0,93654.243,-0.118,FF FF FF F8 20 FF FF FF,FF FF FF F8 20 FF FF FF,[],190=1055.0/exp 1054.9912 VALUE_OK
MATCH,3624,0x0CF00400,61444,110016.0,93674.205,-0.153,FF FF FF C2 21 FF FF FF,FF FF FF C2 21 FF FF FF,[],190=1080.25/exp 1080.304 VALUE_OK
MATCH,3625,0x0CF00400,61444,110036.0,93694.206,-0.149,FF FF FF 8E 22 FF FF FF,FF FF FF 8E 22 FF FF FF,[],190=1105.75/exp 1105.782 VALUE_OK
MATCH,3626,0x0CF00400,61444,110056.0,93714.175,-0.177,FF FF FF 5B 23 FF FF FF,FF FF FF 5B 23 FF FF FF,[],190=1131.375/exp 1131.419 VALUE_OK
MATCH,3627,0x0CF00400,61444,110076.0,93734.201,-0.148,FF FF FF 2A 24 FF FF FF,FF FF FF 2A 24 FF FF FF,[],190=1157.25/exp 1157.2086 VALUE_OK
MATCH,3628,0x0CF00400,61444,110096.0,93754.175,-0.171,FF FF FF F9 24 FF FF FF,FF FF FF F9 24 FF FF FF,[],190=1183.125/exp 1183.1445 VALUE_OK
MATCH,3629,0x0CF00400,61444,110116.0,93774.212,-0.13,FF FF FF CA 25 FF FF FF,FF FF FF CA 25 FF FF FF,[],190=1209.25/exp 1209.2203 VALUE_OK
MATCH,3630,0x0CF00400,61444,110136.0,93794.182,-0.158,FF FF FF 9B 26 FF FF FF,FF FF FF 9B 26 FF FF FF,[],190=1235.375/exp 1235.4294 VALUE_OK
UNLOGGED,,0x0CF00400,61444,,93814.18,,,FF FF FF 6E 27 FF FF FF,[],
MATCH,3632,0x0CF00400,61444,110176.0,93834.205,-0.132,FF FF FF 42 28 FF FF FF,FF FF FF 42 28 FF FF FF,[],190=1288.25/exp 1288.2222 VALUE_OK
MATCH,3633,0x0CF00400,61444,110196.0,93854.178,-0.156,FF FF FF 16 29 FF FF FF,FF FF FF 16 29 FF FF FF,[],190=1314.75/exp 1314.7927 VALUE_OK
MATCH,3634,0x0CF00400,61444,110216.0,93874.159,-0.172,FF FF FF EC 29 FF FF FF,FF FF FF EC 29 FF FF FF,[],190=1341.5/exp 1341.4706 VALUE_OK
MATCH,3635,0x0CF00400,61444,110236.0,93894.185,-0.142,FF FF FF C2 2A FF FF FF,FF FF FF C2 2A FF FF FF,[],190=1368.25/exp 1368.2493 VALUE_OK
MATCH,3636,0x0CF00400,61444,110256.0,93914.154,-0.17,FF FF FF 99 2B FF FF FF,FF FF FF 99 2B FF FF FF,[],190=1395.125/exp 1395.1222 VALUE_OK
MATCH,3637,0x0CF00400,61444,110276.0,93934.155,-0.166,FF FF FF 71 2C FF FF FF,FF FF FF 71 2C FF FF FF,[],190=1422.125/exp 1422.0827 VALUE_OK
MATCH,3638,0x0CF00400,61444,110296.0,93954.189,-0.129,FF FF FF 49 2D FF FF FF,FF FF FF 49 2D FF FF FF,[],190=1449.125/exp 1449.1241 VALUE_OK
MATCH,3639,0x0CF00400,61444,110316.0,93974.151,-0.164,FF FF FF 22 2E FF FF FF,FF FF FF 22 2E FF FF FF,[],190=1476.25/exp 1476.2397 VALUE_OK
MATCH,3640,0x0CF00400,61444,110336.0,93994.185,-0.127,FF FF FF FB 2E FF FF FF,FF FF FF FB 2E FF FF FF,[],190=1503.375/exp 1503.4228 VALUE_OK
MATCH,3641,0x0CF00400,61444,110356.0,94014.162,-0.147,FF FF FF D5 2F FF FF FF,FF FF FF D5 2F FF FF FF,[],190=1530.625/exp 1530.6668 VALUE_OK
MATCH,3642,0x0CF00400,61444,110376.0,94034.195,-0.111,FF FF FF B0 30 FF FF FF,FF FF FF B0 30 FF FF FF,[],190=1558.0/exp 1557.965 VALUE_OK
MATCH,3643,0x0CF00400,61444,110396.0,94054.133,-0.171,FF FF FF 8A 31 FF FF FF,FF FF FF 8A 31 FF FF FF,[],190=1585.25/exp 1585.3105 VALUE_OK
MATCH,3644,0x0CF00400,61444,110416.0,94074.162,-0.139,FF FF FF 66 32 FF FF FF,FF FF FF 66 32 FF FF FF,[],190=1612.75/exp 1612.6966 VALUE_OK
MATCH,3645,0x0CF00400,61444,110436.0,94094.156,-0.142,FF FF FF 41 33 FF FF FF,FF FF FF 41 33 FF FF FF,[],190=1640.125/exp 1640.1166 VALUE_OK
MATCH,3646,0x0CF00400,61444,110456.0,94114.121,-0.174,FF FF FF 1D 34 FF FF FF,FF FF FF 1D 34 FF FF FF,[],190=1667.625/exp 1667.5637 VALUE_OK
MATCH,3647,0x0CF00400,61444,110476.0,94134.162,-0.13,FF FF FF F8 34 FF FF FF,FF FF FF F8 34 FF FF FF,[],190=1695.0/exp 1695.0312 VALUE_OK
MATCH,3648,0x0CF00400,61444,110496.0,94154.132,-0.157,FF FF FF D4 35 FF FF FF,FF FF FF D4 35 FF FF FF,[],190=1722.5/exp 1722.5122 VALUE_OK
MATCH,3649,0x0CF00400,61444,110516.0,94174.046,-0.24,FF FF FF B0 36 FF FF FF,FF FF FF B0 36 FF FF FF,[],190=1750.0/exp 1750.0 VALUE_OK
MATCH,3650,0x0CF00400,61444,110536.0,94194.087,-0.194,FF FF FF 8C 37 FF FF FF,FF FF FF 8C 37 FF FF FF,[],190=1777.5/exp 1777.4878 VALUE_OK
MATCH,3651,0x0CF00400,61444,110556.0,94214.104,-0.173,FF FF FF 68 38 FF FF FF,FF FF FF 68 38 FF FF FF,[],190=1805.0/exp 1804.9688 VALUE_OK
MATCH,3652,0x0CF00400,61444,110576.0,94234.074,-0.2,FF FF FF 43 39 FF FF FF,FF FF FF 43 39 FF FF FF,[],190=1832.375/exp 1832.4363 VALUE_OK
MATCH,3653,0x0CF00400,61444,110596.0,94254.08,-0.19,FF FF FF 1F 3A FF FF FF,FF FF FF 1F 3A FF FF FF,[],190=1859.875/exp 1859.8834 VALUE_OK
MATCH,3654,0x0CF00400,61444,110616.0,94274.093,-0.173,FF FF FF FA 3A FF FF FF,FF FF FF FA 3A FF FF FF,[],190=1887.25/exp 1887.3034 VALUE_OK
MATCH,3655,0x0CF00400,61444,110636.0,94294.106,-0.157,FF FF FF D6 3B FF FF FF,FF FF FF D6 3B FF FF FF,[],190=1914.75/exp 1914.6895 VALUE_OK
MATCH,3656,0x0CF00400,61444,110656.0,94314.1,-0.159,FF FF FF B0 3C FF FF FF,FF FF FF B0 3C FF FF FF,[],190=1942.0/exp 1942.035 VALUE_OK
MATCH,3657,0x0CF00400,61444,110676.0,94334.101,-0.155,FF FF FF 8B 3D FF FF FF,FF FF FF 8B 3D FF FF FF,[],190=1969.375/exp 1969.3332 VALUE_OK
MATCH,3658,0x0CF00400,61444,110696.0,94354.099,-0.154,FF FF FF 65 3E FF FF FF,FF FF FF 65 3E FF FF FF,[],190=1996.625/exp 1996.5772 VALUE_OK
MATCH,3659,0x0CF00400,61444,110716.0,94374.064,-0.186,FF FF FF 3E 3F FF FF FF,FF FF FF 3E 3F FF FF FF,[],190=2023.75/exp 2023.7603 VALUE_OK
MATCH,3660,0x0CF00400,61444,110736.0,94394.065,-0.181,FF FF FF 17 40 FF FF FF,FF FF FF 17 40 FF FF FF,[],190=2050.875/exp 2050.8759 VALUE_OK
MATCH,3661,0x0CF00400,61444,110756.0,94414.095,-0.148,FF FF FF EF 40 FF FF FF,FF FF FF EF 40 FF FF FF,[],190=2077.875/exp 2077.9173 VALUE_OK
MATCH,3662,0x0CF00400,61444,110776.0,94434.06,-0.18,FF FF FF C7 41 FF FF FF,FF FF FF C7 41 FF FF FF,[],190=2104.875/exp 2104.8778 VALUE_OK
MATCH,3663,0x0CF00400,61444,110796.0,94454.062,-0.174,FF FF FF 9E 42 FF FF FF,FF FF FF 9E 42 FF FF FF,[],190=2131.75/exp 2131.7507 VALUE_OK
MATCH,3664,0x0CF00400,61444,110816.0,94474.067,-0.166,FF FF FF 74 43 FF FF FF,FF FF FF 74 43 FF FF FF,[],190=2158.5/exp 2158.5294 VALUE_OK
MATCH,3665,0x0CF00400,61444,110836.0,94494.077,-0.152,FF FF FF 4A 44 FF FF FF,FF FF FF 4A 44 FF FF FF,[],190=2185.25/exp 2185.2073 VALUE_OK
MATCH,3666,0x0CF00400,61444,110856.0,94514.051,-0.175,FF FF FF 1E 45 FF FF FF,FF FF FF 1E 45 FF FF FF,[],190=2211.75/exp 2211.7778 VALUE_OK
MATCH,3667,0x0CF00400,61444,110876.0,94534.072,-0.151,FF FF FF F2 45 FF FF FF,FF FF FF F2 45 FF FF FF,[],190=2238.25/exp 2238.2344 VALUE_OK
MATCH,3668,0x0CF00400,61444,110896.0,94554.05,-0.17,FF FF FF C5 46 FF FF FF,FF FF FF C5 46 FF FF FF,[],190=2264.625/exp 2264.5706 VALUE_OK
MATCH,3669,0x0CF00400,61444,110916.0,94574.071,-0.145,FF FF FF 96 47 FF FF FF,FF FF FF 96 47 FF FF FF,[],190=2290.75/exp 2290.7797 VALUE_OK
MATCH,3670,0x0CF00400,61444,110936.0,94594.036,-0.177,FF FF FF 67 48 FF FF FF,FF FF FF 67 48 FF FF FF,[],190=2316.875/exp 2316.8555 VALUE_OK
MATCH,3671,0x0CF00400,61444,110956.0,94614.058,-0.152,FF FF FF 36 49 FF FF FF,FF FF FF 36 49 FF FF FF,[],190=2342.75/exp 2342.7914 VALUE_OK
MATCH,3672,0x0CF00400,61444,110976.0,94634.031,-0.176,FF FF FF 05 4A FF FF FF,FF FF FF 05 4A FF FF FF,[],190=2368.625/exp 2368.581 VALUE_OK
MATCH,3673,0x0CF00400,61444,110996.0,94654.048,-0.155,FF FF FF D2 4A FF FF FF,FF FF FF D2 4A FF FF FF,[],190=2394.25/exp 2394.218 VALUE_OK
MATCH,3674,0x0CF00400,61444,111016.0,94674.018,-0.182,FF FF FF 9E 4B FF FF FF,FF FF FF 9E 4B FF FF FF,[],190=2419.75/exp 2419.696 VALUE_OK
MATCH,3675,0x0CF00400,61444,111036.0,94694.007,-0.19,FF FF FF 68 4C FF FF FF,FF FF FF 68 4C FF FF FF,[],190=2445.0/exp 2445.0088 VALUE_OK
MATCH,3676,0x0CF00400,61444,111056.0,94714.017,-0.176,FF FF FF 31 4D FF FF FF,FF FF FF 31 4D FF FF FF,[],190=2470.125/exp 2470.1501 VALUE_OK
MATCH,3677,0x0CF00400,61444,111076.0,94734.023,-0.166,FF FF FF F9 4D FF FF FF,FF FF FF F9 4D FF FF FF,[],190=2495.125/exp 2495.1138 VALUE_OK
MATCH,3678,0x0CF00400,61444,111096.0,94754.024,-0.162,FF FF FF BF 4E FF FF FF,FF FF FF BF 4E FF FF FF,[],190=2519.875/exp 2519.8935 VALUE_OK
MATCH,3679,0x0CF00400,61444,111116.0,94774.034,-0.149,FF FF FF 84 4F FF FF FF,FF FF FF 84 4F FF FF FF,[],190=2544.5/exp 2544.4834 VALUE_OK
MATCH,3680,0x0CF00400,61444,111136.0,94794.019,-0.161,FF FF FF 47 50 FF FF FF,FF FF FF 47 50 FF FF FF,[],190=2568.875/exp 2568.8772 VALUE_OK
MATCH,3681,0x0CF00400,61444,111156.0,94814.037,-0.14,FF FF FF 09 51 FF FF FF,FF FF FF 09 51 FF FF FF,[],190=2593.125/exp 2593.0689 VALUE_OK
MATCH,3682,0x0CF00400,61444,111176.0,94834.006,-0.168,FF FF FF C8 51 FF FF FF,FF FF FF C8 51 FF FF FF,[],190=2617.0/exp 2617.0527 VALUE_OK
MATCH,3683,0x0CF00400,61444,111196.0,94853.995,-0.175,FF FF FF 87 52 FF FF FF,FF FF FF 87 52 FF FF FF,[],190=2640.875/exp 2640.8225 VALUE_OK
MATCH,3684,0x0CF00400,61444,111216.0,94874.005,-0.162,FF FF FF 43 53 FF FF FF,FF FF FF 43 53 FF FF FF,[],190=2664.375/exp 2664.3725 VALUE_OK
MATCH,3685,0x0CF00400,61444,111236.0,94894.026,-0.138,FF FF FF FE 53 FF FF FF,FF FF FF FE 53 FF FF FF,[],190=2687.75/exp 2687.6969 VALUE_OK
MATCH,3686,0x0CF00400,61444,111256.0,94913.983,-0.178,FF FF FF B6 54 FF FF FF,FF FF FF B6 54 FF FF FF,[],190=2710.75/exp 2710.7899 VALUE_OK
UNLOGGED,,0x0CF00400,61444,,94933.997,,,FF FF FF 6D 55 FF FF FF,[],
MATCH,3688,0x0CF00400,61444,111296.0,94954.006,-0.151,FF FF FF 22 56 FF FF FF,FF FF FF 22 56 FF FF FF,[],190=2756.25/exp 2756.2592 VALUE_OK
MATCH,3689,0x0CF00400,61444,111316.0,94973.977,-0.177,FF FF FF D5 56 FF FF FF,FF FF FF D5 56 FF FF FF,[],190=2778.625/exp 2778.6242 VALUE_OK
MATCH,3690,0x0CF00400,61444,111336.0,94993.998,-0.153,FF FF FF 86 57 FF FF FF,FF FF FF 86 57 FF FF FF,[],190=2800.75/exp 2800.7354 VALUE_OK
MATCH,3691,0x0CF00400,61444,111356.0,95013.995,-0.153,FF FF FF 35 58 FF FF FF,FF FF FF 35 58 FF FF FF,[],190=2822.625/exp 2822.5873 VALUE_OK
MATCH,3692,0x0CF00400,61444,111376.0,95033.969,-0.176,FF FF FF E1 58 FF FF FF,FF FF FF E1 58 FF FF FF,[],190=2844.125/exp 2844.1746 VALUE_OK
MATCH,3693,0x0CF00400,61444,111396.0,95053.987,-0.154,FF FF FF 8C 59 FF FF FF,FF FF FF 8C 59 FF FF FF,[],190=2865.5/exp 2865.492 VALUE_OK
MATCH,3694,0x0CF00400,61444,111416.0,95074.0,-0.138,FF FF FF 34 5A FF FF FF,FF FF FF 34 5A FF FF FF,[],190=2886.5/exp 2886.5341 VALUE_OK
MATCH,3695,0x0CF00400,61444,111436.0,95093.969,-0.166,FF FF FF DA 5A FF FF FF,FF FF FF DA 5A FF FF FF,[],190=2907.25/exp 2907.2958 VALUE_OK
MATCH,3696,0x0CF00400,61444,111456.0,95113.978,-0.154,FF FF FF 7E 5B FF FF FF,FF FF FF 7E 5B FF FF FF,[],190=2927.75/exp 2927.7719 VALUE_OK
MATCH,3697,0x0CF00400,61444,111476.0,95133.992,-0.137,FF FF FF 20 5C FF FF FF,FF FF FF 20 5C FF FF FF,[],190=2948.0/exp 2947.9574 VALUE_OK
MATCH,3698,0x0CF00400,61444,111496.0,95153.957,-0.169,FF FF FF BF 5C FF FF FF,FF FF FF BF 5C FF FF FF,[],190=2967.875/exp 2967.8474 VALUE_OK
MATCH,3699,0x0CF00400,61444,111516.0,95173.982,-0.141,FF FF FF 5B 5D FF FF FF,FF FF FF 5B 5D FF FF FF,[],190=2987.375/exp 2987.4369 VALUE_OK
MATCH,3700,0x0CF00400,61444,111536.0,95194.02,-0.1,FF FF FF F6 5D FF FF FF,FF FF FF F6 5D FF FF FF,[],190=3006.75/exp 3006.721 VALUE_OK
MATCH,3701,0x0CF00400,61444,111556.0,95214.001,-0.117,FF FF FF 8E 5E FF FF FF,FF FF FF 8E 5E FF FF FF,[],190=3025.75/exp 3025.6951 VALUE_OK
MATCH,3702,0x0CF00400,61444,111576.0,95233.992,-0.124,FF FF FF 23 5F FF FF FF,FF FF FF 23 5F FF FF FF,[],190=3044.375/exp 3044.3544 VALUE_OK
MATCH,3703,0x0CF00400,61444,111596.0,95253.985,-0.128,FF FF FF B6 5F FF FF FF,FF FF FF B6 5F FF FF FF,[],190=3062.75/exp 3062.6944 VALUE_OK
MATCH,3704,0x0CF00400,61444,111616.0,95273.978,-0.133,FF FF FF 46 60 FF FF FF,FF FF FF 46 60 FF FF FF,[],190=3080.75/exp 3080.7104 VALUE_OK
MATCH,3705,0x0CF00400,61444,111636.0,95294.0,-0.108,FF FF FF D3 60 FF FF FF,FF FF FF D3 60 FF FF FF,[],190=3098.375/exp 3098.3982 VALUE_OK
MATCH,3706,0x0CF00400,61444,111656.0,95313.977,-0.129,FF FF FF 5E 61 FF FF FF,FF FF FF 5E 61 FF FF FF,[],190=3115.75/exp 3115.7532 VALUE_OK
MATCH,3707,0x0CF00400,61444,111676.0,95333.959,-0.144,FF FF FF E6 61 FF FF FF,FF FF FF E6 61 FF FF FF,[],190=3132.75/exp 3132.7713 VALUE_OK
MATCH,3708,0x0CF00400,61444,111696.0,95353.948,-0.152,FF FF FF 6C 62 FF FF FF,FF FF FF 6C 62 FF FF FF,[],190=3149.5/exp 3149.4482 VALUE_OK
MATCH,3709,0x0CF00400,61444,111716.0,95374.001,-0.096,FF FF FF EE 62 FF FF FF,FF FF FF EE 62 FF FF FF,[],190=3165.75/exp 3165.7797 VALUE_OK
MATCH,3710,0x0CF00400,61444,111736.0,95393.943,-0.152,FF FF FF 6E 63 FF FF FF,FF FF FF 6E 63 FF FF FF,[],190=3181.75/exp 3181.762 VALUE_OK
MATCH,3711,0x0CF00400,61444,111756.0,95413.96,-0.132,FF FF FF EB 63 FF FF FF,FF FF FF EB 63 FF FF FF,[],190=3197.375/exp 3197.391 VALUE_OK
MATCH,3712,0x0CF00400,61444,111776.0,95433.974,-0.116,FF FF FF 65 64 FF FF FF,FF FF FF 65 64 FF FF FF,[],190=3212.625/exp 3212.6629 VALUE_OK
MATCH,3713,0x0CF00400,61444,111796.0,95453.967,-0.12,FF FF FF DD 64 FF FF FF,FF FF FF DD 64 FF FF FF,[],190=3227.625/exp 3227.5739 VALUE_OK
MATCH,3714,0x0CF00400,61444,111816.0,95473.949,-0.136,FF FF FF 51 65 FF FF FF,FF FF FF 51 65 FF FF FF,[],190=3242.125/exp 3242.1203 VALUE_OK
MATCH,3715,0x0CF00400,61444,111836.0,95493.935,-0.147,FF FF FF C2 65 FF FF FF,FF FF FF C2 65 FF FF FF,[],190=3256.25/exp 3256.2985 VALUE_OK
MATCH,3716,0x0CF00400,61444,111856.0,95513.924,-0.155,FF FF FF 31 66 FF FF FF,FF FF FF 31 66 FF FF FF,[],190=3270.125/exp 3270.1052 VALUE_OK
MATCH,3717,0x0CF00400,61444,111876.0,95533.933,-0.143,FF FF FF 9C 66 FF FF FF,FF FF FF 9C 66 FF FF FF,[],190=3283.5/exp 3283.5367 VALUE_OK
MATCH,3718,0x0CF00400,61444,111896.0,95553.947,-0.126,FF FF FF 05 67 FF FF FF,FF FF FF 05 67 FF FF FF,[],190=3296.625/exp 3296.5899 VALUE_OK
MATCH,3719,0x0CF00400,61444,111916.0,95573.928,-0.143,FF FF FF 6A 67 FF FF FF,FF FF FF 6A 67 FF FF FF,[],190=3309.25/exp 3309.2614 VALUE_OK
MATCH,3720,0x0CF00400,61444,111936.0,95593.914,-0.154,FF FF FF CC 67 FF FF FF,FF FF FF CC 67 FF FF FF,[],190=3321.5/exp 3321.5483 VALUE_OK
MATCH,3721,0x0CF00400,61444,111956.0,95613.939,-0.126,FF FF FF 2C 68 FF FF FF,FF FF FF 2C 68 FF FF FF,[],190=3333.5/exp 3333.4473 VALUE_OK
MATCH,3722,0x0CF00400,61444,111976.0,95633.92,-0.142,FF FF FF 88 68 FF FF FF,FF FF FF 88 68 FF FF FF,[],190=3345.0/exp 3344.9557 VALUE_OK
MATCH,3723,0x0CF00400,61444,111996.0,95653.95,-0.109,FF FF FF E1 68 FF FF FF,FF FF FF E1 68 FF FF FF,[],190=3356.125/exp 3356.0706 VALUE_OK
MATCH,3724,0x0CF00400,61444,112016.0,95673.915,-0.142,FF FF FF 36 69 FF FF FF,FF FF FF 36 69 FF FF FF,[],190=3366.75/exp 3366.7892 VALUE_OK
MATCH,3725,0x0CF00400,61444,112036.0,95693.916,-0.138,FF FF FF 89 69 FF FF FF,FF FF FF 89 69 FF FF FF,[],190=3377.125/exp 3377.1089 VALUE_OK
MATCH,3726,0x0CF00400,61444,112056.0,95713.943,-0.109,FF FF FF D8 69 FF FF FF,FF FF FF D8 69 FF FF FF,[],190=3387.0/exp 3387.0271 VALUE_OK
MATCH,3727,0x0CF00400,61444,112076.0,95733.9,-0.149,FF FF FF 24 6A FF FF FF,FF FF FF 24 6A FF FF FF,[],190=3396.5/exp 3396.5413 VALUE_OK
MATCH,3728,0x0CF00400,61444,112096.0,95753.922,-0.125,FF FF FF 6D 6A FF FF FF,FF FF FF 6D 6A FF FF FF,[],190=3405.625/exp 3405.6494 VALUE_OK
MATCH,3729,0x0CF00400,61444,112116.0,95773.903,-0.141,FF FF FF B3 6A FF FF FF,FF FF FF B3 6A FF FF FF,[],190=3414.375/exp 3414.3489 VALUE_OK
MATCH,3730,0x0CF00400,61444,112136.0,95793.928,-0.113,FF FF FF F5 6A FF FF FF,FF FF FF F5 6A FF FF FF,[],190=3422.625/exp 3422.6378 VALUE_OK
MATCH,3731,0x0CF00400,61444,112156.0,95813.922,-0.117,FF FF FF 34 6B FF FF FF,FF FF FF 34 6B FF FF FF,[],190=3430.5/exp 3430.5139 VALUE_OK
MATCH,3732,0x0CF00400,61444,112176.0,95833.891,-0.146,FF FF FF 70 6B FF FF FF,FF FF FF 70 6B FF FF FF,[],190=3438.0/exp 3437.9755 VALUE_OK
MATCH,3733,0x0CF00400,61444,112196.0,95853.908,-0.126,FF FF FF A8 6B FF FF FF,FF FF FF A8 6B FF FF FF,[],190=3445.0/exp 3445.0205 VALUE_OK
MATCH,3734,0x0CF00400,61444,112216.0,95873.878,-0.153,FF FF FF DD 6B FF FF FF,FF FF FF DD 6B FF FF FF,[],190=3451.625/exp 3451.6474 VALUE_OK
MATCH,3735,0x0CF00400,61444,112236.0,95893.884,-0.144,FF FF FF 0F 6C FF FF FF,FF FF FF 0F 6C FF FF FF,[],190=3457.875/exp 3457.8543 VALUE_OK
MATCH,3736,0x0CF00400,61444,112256.0,95913.909,-0.116,FF FF FF 3D 6C FF FF FF,FF FF FF 3D 6C FF FF FF,[],190=3463.625/exp 3463.6399 VALUE_OK
MATCH,3737,0x0CF00400,61444,112276.0,95933.89,-0.133,FF FF FF 68 6C FF FF FF,FF FF FF 68 6C FF FF FF,[],190=3469.0/exp 3469.0027 VALUE_OK
MATCH,3738,0x0CF00400,61444,112296.0,95953.86,-0.16,FF FF FF 90 6C FF FF FF,FF FF FF 90 6C FF FF FF,[],190=3474.0/exp 3473.9413 VALUE_OK
MATCH,3739,0x0CF00400,61444,112316.0,95973.886,-0.131,FF FF FF B4 6C FF FF FF,FF FF FF B4 6C FF FF FF,[],190=3478.5/exp 3478.4546 VALUE_OK
MATCH,3740,0x0CF00400,61444,112336.0,95993.896,-0.118,FF FF FF D4 6C FF FF FF,FF FF FF D4 6C FF FF FF,[],190=3482.5/exp 3482.5414 VALUE_OK
MATCH,3741,0x0CF00400,61444,112356.0,96013.861,-0.151,FF FF FF F2 6C FF FF FF,FF FF FF F2 6C FF FF FF,[],190=3486.25/exp 3486.2007 VALUE_OK
MATCH,3742,0x0CF00400,61444,112376.0,96033.878,-0.131,FF FF FF 0B 6D FF FF FF,FF FF FF 0B 6D FF FF FF,[],190=3489.375/exp 3489.4317 VALUE_OK
MATCH,3743,0x0CF00400,61444,112396.0,96053.863,-0.143,FF FF FF 22 6D FF FF FF,FF FF FF 22 6D FF FF FF,[],190=3492.25/exp 3492.2334 VALUE_OK
MATCH,3744,0x0CF00400,61444,112416.0,96073.885,-0.119,FF FF FF 35 6D FF FF FF,FF FF FF 35 6D FF FF FF,[],190=3494.625/exp 3494.6053 VALUE_OK
MATCH,3745,0x0CF00400,61444,112436.0,96093.85,-0.151,FF FF FF 44 6D FF FF FF,FF FF FF 44 6D FF FF FF,[],190=3496.5/exp 3496.5468 VALUE_OK
MATCH,3746,0x0CF00400,61444,112456.0,96113.871,-0.127,FF FF FF 50 6D FF FF FF,FF FF FF 50 6D FF FF FF,[],190=3498.0/exp 3498.0573 VALUE_OK
MATCH,3747,0x0CF00400,61444,112476.0,96133.881,-0.115,FF FF FF 59 6D FF FF FF,FF FF FF 59 6D FF FF FF,[],190=3499.125/exp 3499.1365 VALUE_OK
MATCH,3748,0x0CF00400,61444,112496.0,96153.842,-0.151,FF FF FF 5E 6D FF FF FF,FF FF FF 5E 6D FF FF FF,[],190=3499.75/exp 3499.7841 VALUE_OK
MATCH,3749,0x0CF00400,61444,112516.0,96173.824,-0.166,FF FF FF 60 6D FF FF FF,FF FF FF 60 6D FF FF FF,[],190=3500.0/exp 3500.0 VALUE_OK
MATCH,3750,0x0CF00400,61444,112536.0,96193.857,-0.13,FF FF FF 5E 6D FF FF FF,FF FF FF 5E 6D FF FF FF,[],190=3499.75/exp 3499.7841 VALUE_OK
MATCH,3751,0x0CF00400,61444,112556.0,96213.867,-0.117,FF FF FF 59 6D FF FF FF,FF FF FF 59 6D FF FF FF,[],190=3499.125/exp 3499.1365 VALUE_OK
MATCH,3752,0x0CF00400,61444,112576.0,96233.829,-0.153,FF FF FF 50 6D FF FF FF,FF FF FF 50 6D FF FF FF,[],190=3498.0/exp 3498.0573 VALUE_OK
MATCH,3753,0x0CF00400,61444,112596.0,96253.838,-0.141,FF FF FF 44 6D FF FF FF,FF FF FF 44 6D FF FF FF,[],190=3496.5/exp 3496.5468 VALUE_OK
MATCH,3754,0x0CF00400,61444,112616.0,96273.844,-0.132,FF FF FF 35 6D FF FF FF,FF FF FF 35 6D FF FF FF,[],190=3494.625/exp 3494.6053 VALUE_OK
MATCH,3755,0x0CF00400,61444,112636.0,96293.857,-0.116,FF FF FF 22 6D FF FF FF,FF FF FF 22 6D FF FF FF,[],190=3492.25/exp 3492.2334 VALUE_OK
MATCH,3756,0x0CF00400,61444,112656.0,96313.843,-0.128,FF FF FF 0B 6D FF FF FF,FF FF FF 0B 6D FF FF FF,[],190=3489.375/exp 3489.4317 VALUE_OK
MATCH,3757,0x0CF00400,61444,112676.0,96333.852,-0.117,FF FF FF F2 6C FF FF FF,FF FF FF F2 6C FF FF FF,[],190=3486.25/exp 3486.2007 VALUE_OK
MATCH,3758,0x0CF00400,61444,112696.0,96353.801,-0.165,FF FF FF D4 6C FF FF FF,FF FF FF D4 6C FF FF FF,[],190=3482.5/exp 3482.5414 VALUE_OK
MATCH,3759,0x0CF00400,61444,112716.0,96373.823,-0.14,FF FF FF B4 6C FF FF FF,FF FF FF B4 6C FF FF FF,[],190=3478.5/exp 3478.4546 VALUE_OK
MATCH,3760,0x0CF00400,61444,112736.0,96393.828,-0.132,FF FF FF 90 6C FF FF FF,FF FF FF 90 6C FF FF FF,[],190=3474.0/exp 3473.9413 VALUE_OK
MATCH,3761,0x0CF00400,61444,112756.0,96413.833,-0.125,FF FF FF 68 6C FF FF FF,FF FF FF 68 6C FF FF FF,[],190=3469.0/exp 3469.0027 VALUE_OK
MATCH,3762,0x0CF00400,61444,112776.0,96433.815,-0.14,FF FF FF 3D 6C FF FF FF,FF FF FF 3D 6C FF FF FF,[],190=3463.625/exp 3463.6399 VALUE_OK
MATCH,3763,0x0CF00400,61444,112796.0,96453.825,-0.127,FF FF FF 0F 6C FF FF FF,FF FF FF 0F 6C FF FF FF,[],190=3457.875/exp 3457.8543 VALUE_OK
MATCH,3764,0x0CF00400,61444,112816.0,96473.791,-0.159,FF FF FF DD 6B FF FF FF,FF FF FF DD 6B FF FF FF,[],190=3451.625/exp 3451.6474 VALUE_OK
MATCH,3765,0x0CF00400,61444,112836.0,96493.8,-0.147,FF FF FF A8 6B FF FF FF,FF FF FF A8 6B FF FF FF,[],190=3445.0/exp 3445.0205 VALUE_OK
MATCH,3766,0x0CF00400,61444,112856.0,96513.822,-0.122,FF FF FF 70 6B FF FF FF,FF FF FF 70 6B FF FF FF,[],190=3438.0/exp 3437.9755 VALUE_OK
MATCH,3767,0x0CF00400,61444,112876.0,96533.831,-0.11,FF FF FF 34 6B FF FF FF,FF FF FF 34 6B FF FF FF,[],190=3430.5/exp 3430.5139 VALUE_OK
MATCH,3768,0x0CF00400,61444,112896.0,96553.816,-0.123,FF FF FF F5 6A FF FF FF,FF FF FF F5 6A FF FF FF,[],190=3422.625/exp 3422.6378 VALUE_OK
MATCH,3769,0x0CF00400,61444,112916.0,96573.821,-0.115,FF FF FF B3 6A FF FF FF,FF FF FF B3 6A FF FF FF,[],190=3414.375/exp 3414.3489 VALUE_OK
MATCH,3770,0x0CF00400,61444,112936.0,96593.823,-0.111,FF FF FF 6D 6A FF FF FF,FF FF FF 6D 6A FF FF FF,[],190=3405.625/exp 3405.6494 VALUE_OK
MATCH,3771,0x0CF00400,61444,112956.0,96613.784,-0.148,FF FF FF 24 6A FF FF FF,FF FF FF 24 6A FF FF FF,[],190=3396.5/exp 3396.5413 VALUE_OK
MATCH,3772,0x0CF00400,61444,112976.0,96633.813,-0.116,FF FF FF D8 69 FF FF FF,FF FF FF D8 69 FF FF FF,[],190=3387.0/exp 3387.0271 VALUE_OK
MATCH,3773,0x0CF00400,61444,112996.0,96653.771,-0.156,FF FF FF 89 69 FF FF FF,FF FF FF 89 69 FF FF FF,[],190=3377.125/exp 3377.1089 VALUE_OK
MATCH,3774,0x0CF00400,61444,113016.0,96673.788,-0.136,FF FF FF 36 69 FF FF FF,FF FF FF 36 69 FF FF FF,[],190=3366.75/exp 3366.7892 VALUE_OK
MATCH,3775,0x0CF00400,61444,113036.0,96693.778,-0.143,FF FF FF E1 68 FF FF FF,FF FF FF E1 68 FF FF FF,[],190=3356.125/exp 3356.0706 VALUE_OK
MATCH,3776,0x0CF00400,61444,113056.0,96713.792,-0.126,FF FF FF 88 68 FF FF FF,FF FF FF 88 68 FF FF FF,[],190=3345.0/exp 3344.9557 VALUE_OK
MATCH,3777,0x0CF00400,61444,113076.0,96733.758,-0.157,FF FF FF 2C 68 FF FF FF,FF FF FF 2C 68 FF FF FF,[],190=3333.5/exp 3333.4473 VALUE_OK
MATCH,3778,0x0CF00400,61444,113096.0,96753.807,-0.105,FF FF FF CC 67 FF FF FF,FF FF FF CC 67 FF FF FF,[],190=3321.5/exp 3321.5483 VALUE_OK
MATCH,3779,0x0CF00400,61444,113116.0,96773.748,-0.162,FF FF FF 6A 67 FF FF FF,FF FF FF 6A 67 FF FF FF,[],190=3309.25/exp 3309.2614 VALUE_OK
MATCH,3780,0x0CF00400,61444,113136.0,96793.766,-0.141,FF FF FF 05 67 FF FF FF,FF FF FF 05 67 FF FF FF,[],190=3296.625/exp 3296.5899 VALUE_OK
MATCH,3781,0x0CF00400,61444,113156.0,96813.743,-0.161,FF FF FF 9C 66 FF FF FF,FF FF FF 9C 66 FF FF FF,[],190=3283.5/exp 3283.5367 VALUE_OK
MATCH,3782,0x0CF00400,61444,113176.0,96833.776,-0.125,FF FF FF 31 66 FF FF FF,FF FF FF 31 66 FF FF FF,[],190=3270.125/exp 3270.1052 VALUE_OK
MATCH,3783,0x0CF00400,61444,113196.0,96853.746,-0.152,FF FF FF C2 65 FF FF FF,FF FF FF C2 65 FF FF FF,[],190=3256.25/exp 3256.2985 VALUE_OK
MATCH,3784,0x0CF00400,61444,113216.0,96873.755,-0.14,FF FF FF 51 65 FF FF FF,FF FF FF 51 65 FF FF FF,[],190=3242.125/exp 3242.1203 VALUE_OK
MATCH,3785,0x0CF00400,61444,113236.0,96893.773,-0.12,FF FF FF DD 64 FF FF FF,FF FF FF DD 64 FF FF FF,[],190=3227.625/exp 3227.5739 VALUE_OK
MATCH,3786,0x0CF00400,61444,113256.0,96913.774,-0.116,FF FF FF 65 64 FF FF FF,FF FF FF 65 64 FF FF FF,[],190=3212.625/exp 3212.6629 VALUE_OK
MATCH,3787,0x0CF00400,61444,113276.0,96933.739,-0.149,FF FF FF EB 63 FF FF FF,FF FF FF EB 63 FF FF FF,[],190=3197.375/exp 3197.391 VALUE_OK
MATCH,3788,0x0CF00400,61444,113296.0,96953.75,-0.135,FF FF FF 6E 63 FF FF FF,FF FF FF 6E 63 FF FF FF,[],190=3181.75/exp 3181.762 VALUE_OK
MATCH,3789,0x0CF00400,61444,113316.0,96973.771,-0.111,FF FF FF EE 62 FF FF FF,FF FF FF EE 62 FF FF FF,[],190=3165.75/exp 3165.7797 VALUE_OK
MATCH,3790,0x0CF00400,61444,113336.0,96993.76,-0.12,FF FF FF 6C 62 FF FF FF,FF FF FF 6C 62 FF FF FF,[],190=3149.5/exp 3149.4482 VALUE_OK
MATCH,3791,0x0CF00400,61444,113356.0,97013.75,-0.128,FF FF FF E6 61 FF FF FF,FF FF FF E6 61 FF FF FF,[],190=3132.75/exp 3132.7713 VALUE_OK
MATCH,3792,0x0CF00400,61444,113376.0,97033.743,-0.132,FF FF FF 5E 61 FF FF FF,FF FF FF 5E 61 FF FF FF,[],190=3115.75/exp 3115.7532 VALUE_OK
MATCH,3793,0x0CF00400,61444,113396.0,97053.725,-0.147,FF FF FF D3 60 FF FF FF,FF FF FF D3 60 FF FF FF,[],190=3098.375/exp 3098.3982 VALUE_OK
MATCH,3794,0x0CF00400,61444,113416.0,97073.75,-0.119,FF FF FF 46 60 FF FF FF,FF FF FF 46 60 FF FF FF,[],190=3080.75/exp 3080.7104 VALUE_OK
MATCH,3795,0x0CF00400,61444,113436.0,97093.74,-0.127,FF FF FF B6 5F FF FF FF,FF FF FF B6 5F FF FF FF,[],190=3062.75/exp 3062.6944 VALUE_OK
MATCH,3796,0x0CF00400,61444,113456.0,97113.725,-0.139,FF FF FF 23 5F FF FF FF,FF FF FF 23 5F FF FF FF,[],190=3044.375/exp 3044.3544 VALUE_OK
MATCH,3797,0x0CF00400,61444,113476.0,97133.718,-0.144,FF FF FF 8E 5E FF FF FF,FF FF FF 8E 5E FF FF FF,[],190=3025.75/exp 3025.6951 VALUE_OK
MATCH,3798,0x0CF00400,61444,113496.0,97153.712,-0.147,FF FF FF F6 5D FF FF FF,FF FF FF F6 5D FF FF FF,[],190=3006.75/exp 3006.721 VALUE_OK
MATCH,3799,0x0CF00400,61444,113516.0,97173.741,-0.115,FF FF FF 5B 5D FF FF FF,FF FF FF 5B 5D FF FF FF,[],190=2987.375/exp 2987.4369 VALUE_OK
MATCH,3800,0x0CF00400,61444,113536.0,97193.755,-0.099,FF FF FF BF 5C FF FF FF,FF FF FF BF 5C FF FF FF,[],190=2967.875/exp 2967.8474 VALUE_OK
MATCH,3801,0x0CF00400,61444,113556.0,97213.729,-0.123,FF FF FF 20 5C FF FF FF,FF FF FF 20 5C FF FF FF,[],190=2948.0/exp 2947.9574 VALUE_OK
MATCH,3802,0x0CF00400,61444,113576.0,97233.698,-0.151,FF FF FF 7E 5B FF FF FF,FF FF FF 7E 5B FF FF FF,[],190=2927.75/exp 2927.7719 VALUE_OK
MATCH,3803,0x0CF00400,61444,113596.0,97253.747,-0.099,FF FF FF DA 5A FF FF FF,FF FF FF DA 5A FF FF FF,[],190=2907.25/exp 2907.2958 VALUE_OK
MATCH,3804,0x0CF00400,61444,113616.0,97273.717,-0.127,FF FF FF 34 5A FF FF FF,FF FF FF 34 5A FF FF FF,[],190=2886.5/exp 2886.5341 VALUE_OK
MATCH,3805,0x0CF00400,61444,113636.0,97293.694,-0.148,FF FF FF 8C 59 FF FF FF,FF FF FF 8C 59 FF FF FF,[],190=2865.5/exp 2865.492 VALUE_OK
MATCH,3806,0x0CF00400,61444,113656.0,97313.7,-0.139,FF FF FF E1 58 FF FF FF,FF FF FF E1 58 FF FF FF,[],190=2844.125/exp 2844.1746 VALUE_OK
MATCH,3807,0x0CF00400,61444,113676.0,97333.725,-0.111,FF FF FF 35 58 FF FF FF,FF FF FF 35 58 FF FF FF,[],190=2822.625/exp 2822.5873 VALUE_OK
MATCH,3808,0x0CF00400,61444,113696.0,97353.714,-0.12,FF FF FF 86 57 FF FF FF,FF FF FF 86 57 FF FF FF,[],190=2800.75/exp 2800.7354 VALUE_OK
MATCH,3809,0x0CF00400,61444,113716.0,97373.676,-0.155,FF FF FF D5 56 FF FF FF,FF FF FF D5 56 FF FF FF,[],190=2778.625/exp 2778.6242 VALUE_OK
MATCH,3810,0x0CF00400,61444,113736.0,97393.709,-0.119,FF FF FF 22 56 FF FF FF,FF FF FF 22 56 FF FF FF,[],190=2756.25/exp 2756.2592 VALUE_OK
MATCH,3811,0x0CF00400,61444,113756.0,97413.683,-0.143,FF FF FF 6D 55 FF FF FF,FF FF FF 6D 55 FF FF FF,[],190=2733.625/exp 2733.6459 VALUE_OK
MATCH,3812,0x0CF00400,61444,113776.0,97433.697,-0.126,FF FF FF B6 54 FF FF FF,FF FF FF B6 54 FF FF FF,[],190=2710.75/exp 2710.7899 VALUE_OK
MATCH,3813,0x0CF00400,61444,113796.0,97453.682,-0.138,FF FF FF FE 53 FF FF FF,FF FF FF FE 53 FF FF FF,[],190=2687.75/exp 2687.6969 VALUE_OK
MATCH,3814,0x0CF00400,61444,113816.0,97473.712,-0.106,FF FF FF 43 53 FF FF FF,FF FF FF 43 53 FF FF FF,[],190=2664.375/exp 2664.3725 VALUE_OK
MATCH,3815,0x0CF00400,61444,113836.0,97493.689,-0.127,FF FF FF 87 52 FF FF FF,FF FF FF 87 52 FF FF FF,[],190=2640.875/exp 2640.8225 VALUE_OK
MATCH,3816,0x0CF00400,61444,113856.0,97513.667,-0.146,FF FF FF C8 51 FF FF FF,FF FF FF C8 51 FF FF FF,[],190=2617.0/exp 2617.0527 VALUE_OK
MATCH,3817,0x0CF00400,61444,113876.0,97533.68,-0.13,FF FF FF 09 51 FF FF FF,FF FF FF 09 51 FF FF FF,[],190=2593.125/exp 2593.0689 VALUE_OK
MATCH,3818,0x0CF00400,61444,113896.0,97553.685,-0.122,FF FF FF 47 50 FF FF FF,FF FF FF 47 50 FF FF FF,[],190=2568.875/exp 2568.8772 VALUE_OK
MATCH,3819,0x0CF00400,61444,113916.0,97573.675,-0.13,FF FF FF 84 4F FF FF FF,FF FF FF 84 4F FF FF FF,[],190=2544.5/exp 2544.4834 VALUE_OK
MATCH,3820,0x0CF00400,61444,113936.0,97593.64,-0.162,FF FF FF BF 4E FF FF FF,FF FF FF BF 4E FF FF FF,[],190=2519.875/exp 2519.8935 VALUE_OK
MATCH,3821,0x0CF00400,61444,113956.0,97613.682,-0.117,FF FF FF F9 4D FF FF FF,FF FF FF F9 4D FF FF FF,[],190=2495.125/exp 2495.1138 VALUE_OK
MATCH,3822,0x0CF00400,61444,113976.0,97633.647,-0.15,FF FF FF 31 4D FF FF FF,FF FF FF 31 4D FF FF FF,[],190=2470.125/exp 2470.1501 VALUE_OK
MATCH,3823,0x0CF00400,61444,113996.0,97653.68,-0.114,FF FF FF 68 4C FF FF FF,FF FF FF 68 4C FF FF FF,[],190=2445.0/exp 2445.0088 VALUE_OK
MATCH,3824,0x0CF00400,61444,114016.0,97673.658,-0.134,FF FF FF 9E 4B FF FF FF,FF FF FF 9E 4B FF FF FF,[],190=2419.75/exp 2419.696 VALUE_OK
MATCH,3825,0x0CF00400,61444,114036.0,97693.668,-0.121,FF FF FF D2 4A FF FF FF,FF FF FF D2 4A FF FF FF,[],190=2394.25/exp 2394.218 VALUE_OK
MATCH,3826,0x0CF00400,61444,114056.0,97713.641,-0.145,FF FF FF 05 4A FF FF FF,FF FF FF 05 4A FF FF FF,[],190=2368.625/exp 2368.581 VALUE_OK
MATCH,3827,0x0CF00400,61444,114076.0,97733.675,-0.109,FF FF FF 36 49 FF FF FF,FF FF FF 36 49 FF FF FF,[],190=2342.75/exp 2342.7914 VALUE_OK
MATCH,3828,0x0CF00400,61444,114096.0,97753.648,-0.133,FF FF FF 67 48 FF FF FF,FF FF FF 67 48 FF FF FF,[],190=2316.875/exp 2316.8555 VALUE_OK
MATCH,3829,0x0CF00400,61444,114116.0,97773.625,-0.154,FF FF FF 96 47 FF FF FF,FF FF FF 96 47 FF FF FF,[],190=2290.75/exp 2290.7797 VALUE_OK
MATCH,3830,0x0CF00400,61444,114136.0,97793.659,-0.117,FF FF FF C5 46 FF FF FF,FF FF FF C5 46 FF FF FF,[],190=2264.625/exp 2264.5706 VALUE_OK
MATCH,3831,0x0CF00400,61444,114156.0,97813.664,-0.109,FF FF FF F2 45 FF FF FF,FF FF FF F2 45 FF FF FF,[],190=2238.25/exp 2238.2344 VALUE_OK
MATCH,3832,0x0CF00400,61444,114176.0,97833.634,-0.137,FF FF FF 1E 45 FF FF FF,FF FF FF 1E 45 FF FF FF,[],190=2211.75/exp 2211.7778 VALUE_OK
MATCH,3833,0x0CF00400,61444,114196.0,97853.611,-0.157,FF FF FF 4A 44 FF FF FF,FF FF FF 4A 44 FF FF FF,[],190=2185.25/exp 2185.2073 VALUE_OK
MATCH,3834,0x0CF00400,61444,114216.0,97873.649,-0.116,FF FF FF 74 43 FF FF FF,FF FF FF 74 43 FF FF FF,[],190=2158.5/exp 2158.5294 VALUE_OK
MATCH,3835,0x0CF00400,61444,114236.0,97893.626,-0.137,FF FF FF 9E 42 FF FF FF,FF FF FF 9E 42 FF FF FF,[],190=2131.75/exp 2131.7507 VALUE_OK
MATCH,3836,0x0CF00400,61444,114256.0,97913.603,-0.157,FF FF FF C7 41 FF FF FF,FF FF FF C7 41 FF FF FF,[],190=2104.875/exp 2104.8778 VALUE_OK
MATCH,3837,0x0CF00400,61444,114276.0,97933.601,-0.156,FF FF FF EF 40 FF FF FF,FF FF FF EF 40 FF FF FF,[],190=2077.875/exp 2077.9173 VALUE_OK
MATCH,3838,0x0CF00400,61444,114296.0,97953.634,-0.12,FF FF FF 17 40 FF FF FF,FF FF FF 17 40 FF FF FF,[],190=2050.875/exp 2050.8759 VALUE_OK
MATCH,3839,0x0CF00400,61444,114316.0,97973.604,-0.148,FF FF FF 3E 3F FF FF FF,FF FF FF 3E 3F FF FF FF,[],190=2023.75/exp 2023.7603 VALUE_OK
MATCH,3840,0x0CF00400,61444,114336.0,97993.618,-0.131,FF FF FF 65 3E FF FF FF,FF FF FF 65 3E FF FF FF,[],190=1996.625/exp 1996.5772 VALUE_OK
MATCH,3841,0x0CF00400,61444,114356.0,98013.587,-0.159,FF FF FF 8B 3D FF FF FF,FF FF FF 8B 3D FF FF FF,[],190=1969.375/exp 1969.3332 VALUE_OK
MATCH,3842,0x0CF00400,61444,114376.0,98033.608,-0.135,FF FF FF B0 3C FF FF FF,FF FF FF B0 3C FF FF FF,[],190=1942.0/exp 1942.035 VALUE_OK
MATCH,3843,0x0CF00400,61444,114396.0,98053.598,-0.142,FF FF FF D6 3B FF FF FF,FF FF FF D6 3B FF FF FF,[],190=1914.75/exp 1914.6895 VALUE_OK
MATCH,3844,0x0CF00400,61444,114416.0,98073.623,-0.114,FF FF FF FA 3A FF FF FF,FF FF FF FA 3A FF FF FF,[],190=1887.25/exp 1887.3034 VALUE_OK
MATCH,3845,0x0CF00400,61444,114436.0,98093.585,-0.15,FF FF FF 1F 3A FF FF FF,FF FF FF 1F 3A FF FF FF,[],190=1859.875/exp 1859.8834 VALUE_OK
MATCH,3846,0x0CF00400,61444,114456.0,98113.566,-0.166,FF FF FF 43 39 FF FF FF,FF FF FF 43 39 FF FF FF,[],190=1832.375/exp 1832.4363 VALUE_OK
MATCH,3847,0x0CF00400,61444,114476.0,98133.612,-0.117,FF FF FF 68 38 FF FF FF,FF FF FF 68 38 FF FF FF,[],190=1805.0/exp 1804.9688 VALUE_OK
MATCH,3848,0x0CF00400,61444,114496.0,98153.573,-0.153,FF FF FF 8C 37 FF FF FF,FF FF FF 8C 37 FF FF FF,[],190=1777.5/exp 1777.4878 VALUE_OK
MATCH,3849,0x0CF00400,61444,114516.0,98173.606,-0.117,FF FF FF B0 36 FF FF FF,FF FF FF B0 36 FF FF FF,[],190=1750.0/exp 1750.0 VALUE_OK
MATCH,3850,0x0CF00400,61444,114536.0,98193.56,-0.161,FF FF FF D4 35 FF FF FF,FF FF FF D4 35 FF FF FF,[],190=1722.5/exp 1722.5122 VALUE_OK
MATCH,3851,0x0CF00400,61444,114556.0,98213.601,-0.117,FF FF FF F8 34 FF FF FF,FF FF FF F8 34 FF FF FF,[],190=1695.0/exp 1695.0312 VALUE_OK
MATCH,3852,0x0CF00400,61444,114576.0,98233.574,-0.141,FF FF FF 1D 34 FF FF FF,FF FF FF 1D 34 FF FF FF,[],190=1667.625/exp 1667.5637 VALUE_OK
MATCH,3853,0x0CF00400,61444,114596.0,98253.608,-0.105,FF FF FF 41 33 FF FF FF,FF FF FF 41 33 FF FF FF,[],190=1640.125/exp 1640.1166 VALUE_OK
MATCH,3854,0x0CF00400,61444,114616.0,98273.545,-0.165,FF FF FF 66 32 FF FF FF,FF FF FF 66 32 FF FF FF,[],190=1612.75/exp 1612.6966 VALUE_OK
MATCH,3855,0x0CF00400,61444,114636.0,98293.558,-0.149,FF FF FF 8A 31 FF FF FF,FF FF FF 8A 31 FF FF FF,[],190=1585.25/exp 1585.3105 VALUE_OK
MATCH,3856,0x0CF00400,61444,114656.0,98313.604,-0.1,FF FF FF B0 30 FF FF FF,FF FF FF B0 30 FF FF FF,[],190=1558.0/exp 1557.965 VALUE_OK
MATCH,3857,0x0CF00400,61444,114676.0,98333.541,-0.161,FF FF FF D5 2F FF FF FF,FF FF FF D5 2F FF FF FF,[],190=1530.625/exp 1530.6668 VALUE_OK
MATCH,3858,0x0CF00400,61444,114696.0,98353.535,-0.164,FF FF FF FB 2E FF FF FF,FF FF FF FB 2E FF FF FF,[],190=1503.375/exp 1503.4228 VALUE_OK
MATCH,3859,0x0CF00400,61444,114716.0,98373.532,-0.164,FF FF FF 22 2E FF FF FF,FF FF FF 22 2E FF FF FF,[],190=1476.25/exp 1476.2397 VALUE_OK
MATCH,3860,0x0CF00400,61444,114736.0,98393.542,-0.15,FF FF FF 49 2D FF FF FF,FF FF FF 49 2D FF FF FF,[],190=1449.125/exp 1449.1241 VALUE_OK
MATCH,3861,0x0CF00400,61444,114756.0,98413.54,-0.149,FF FF FF 71 2C FF FF FF,FF FF FF 71 2C FF FF FF,[],190=1422.125/exp 1422.0827 VALUE_OK
MATCH,3862,0x0CF00400,61444,114776.0,98433.577,-0.109,FF FF FF 99 2B FF FF FF,FF FF FF 99 2B FF FF FF,[],190=1395.125/exp 1395.1222 VALUE_OK
MATCH,3863,0x0CF00400,61444,114796.0,98453.575,-0.109,FF FF FF C2 2A FF FF FF,FF FF FF C2 2A FF FF FF,[],190=1368.25/exp 1368.2493 VALUE_OK
MATCH,3864,0x0CF00400,61444,114816.0,98473.524,-0.158,FF FF FF EC 29 FF FF FF,FF FF FF EC 29 FF FF FF,[],190=1341.5/exp 1341.4706 VALUE_OK
MATCH,3865,0x0CF00400,61444,114836.0,98493.517,-0.162,FF FF FF 16 29 FF FF FF,FF FF FF 16 29 FF FF FF,[],190=1314.75/exp 1314.7927 VALUE_OK
MATCH,3866,0x0CF00400,61444,114856.0,98513.519,-0.157,FF FF FF 42 28 FF FF FF,FF FF FF 42 28 FF FF FF,[],190=1288.25/exp 1288.2222 VALUE_OK
MATCH,3867,0x0CF00400,61444,114876.0,98533.528,-0.144,FF FF FF 6E 27 FF FF FF,FF FF FF 6E 27 FF FF FF,[],190=1261.75/exp 1261.7656 VALUE_OK
MATCH,3868,0x0CF00400,61444,114896.0,98553.505,-0.165,FF FF FF 9B 26 FF FF FF,FF FF FF 9B 26 FF FF FF,[],190=1235.375/exp 1235.4294 VALUE_OK
MATCH,3869,0x0CF00400,61444,114916.0,98573.507,-0.159,FF FF FF CA 25 FF FF FF,FF FF FF CA 25 FF FF FF,[],190=1209.25/exp 1209.2203 VALUE_OK
MATCH,3870,0x0CF00400,61444,114936.0,98593.505,-0.158,FF FF FF F9 24 FF FF FF,FF FF FF F9 24 FF FF FF,[],190=1183.125/exp 1183.1445 VALUE_OK
MATCH,3871,0x0CF00400,61444,114956.0,98613.502,-0.158,FF FF FF 2A 24 FF FF FF,FF FF FF 2A 24 FF FF FF,[],190=1157.25/exp 1157.2086 VALUE_OK
MATCH,3872,0x0CF00400,61444,114976.0,98633.507,-0.15,FF FF FF 5B 23 FF FF FF,FF FF FF 5B 23 FF FF FF,[],190=1131.375/exp 1131.419 VALUE_OK
MATCH,3873,0x0CF00400,61444,114996.0,98653.513,-0.141,FF FF FF 8E 22 FF FF FF,FF FF FF 8E 22 FF FF FF,[],190=1105.75/exp 1105.782 VALUE_OK
MATCH,3874,0x0CF00400,61444,115016.0,98673.518,-0.133,FF FF FF C2 21 FF FF FF,FF FF FF C2 21 FF FF FF,[],190=1080.25/exp 1080.304 VALUE_OK
MATCH,3875,0x0CF00400,61444,115036.0,98693.503,-0.145,FF FF FF F8 20 FF FF FF,FF FF FF F8 20 FF FF FF,[],190=1055.0/exp 1054.9912 VALUE_OK
MATCH,3876,0x0CF00400,61444,115056.0,98713.501,-0.144,FF FF FF 2F 20 FF FF FF,FF FF FF 2F 20 FF FF FF,[],190=1029.875/exp 1029.8499 VALUE_OK
MATCH,3877,0x0CF00400,61444,115076.0,98733.522,-0.121,FF FF FF 67 1F FF FF FF,FF FF FF 67 1F FF FF FF,[],190=1004.875/exp 1004.8862 VALUE_OK
MATCH,3878,0x0CF00400,61444,115096.0,98753.503,-0.137,FF FF FF A1 1E FF FF FF,FF FF FF A1 1E FF FF FF,[],190=980.125/exp 980.1065 VALUE_OK
MATCH,3879,0x0CF00400,61444,115116.0,98773.497,-0.14,FF FF FF DC 1D FF FF FF,FF FF FF DC 1D FF FF FF,[],190=955.5/exp 955.5166 VALUE_OK
MATCH,3880,0x0CF00400,61444,115136.0,98793.526,-0.109,FF FF FF 19 1D FF FF FF,FF FF FF 19 1D FF FF FF,[],190=931.125/exp 931.1228 VALUE_OK
MATCH,3881,0x0CF00400,61444,115156.0,98813.48,-0.152,FF FF FF 57 1C FF FF FF,FF FF FF 57 1C FF FF FF,[],190=906.875/exp 906.9311 VALUE_OK
MATCH,3882,0x0CF00400,61444,115176.0,98833.509,-0.12,FF FF FF 98 1B FF FF FF,FF FF FF 98 1B FF FF FF,[],190=883.0/exp 882.9473 VALUE_OK
MATCH,3883,0x0CF00400,61444,115196.0,98853.499,-0.128,FF FF FF D9 1A FF FF FF,FF FF FF D9 1A FF FF FF,[],190=859.125/exp 859.1775 VALUE_OK
MATCH,3884,0x0CF00400,61444,115216.0,98873.473,-0.151,FF FF FF 1D 1A FF FF FF,FF FF FF 1D 1A FF FF FF,[],190=835.625/exp 835.6275 VALUE_OK
MATCH,3885,0x0CF00400,61444,115236.0,98893.514,-0.107,FF FF FF 62 19 FF FF FF,FF FF FF 62 19 FF FF FF,[],190=812.25/exp 812.3031 VALUE_OK
MATCH,3886,0x0CF00400,61444,115256.0,98913.507,-0.112,FF FF FF AA 18 FF FF FF,FF FF FF AA 18 FF FF FF,[],190=789.25/exp 789.2101 VALUE_OK
MATCH,3887,0x0CF00400,61444,115276.0,98933.461,-0.156,FF FF FF F3 17 FF FF FF,FF FF FF F3 17 FF FF FF,[],190=766.375/exp 766.3541 VALUE_OK
MATCH,3888,0x0CF00400,61444,115296.0,98953.502,-0.112,FF FF FF 3E 17 FF FF FF,FF FF FF 3E 17 FF FF FF,[],190=743.75/exp 743.7408 VALUE_OK
MATCH,3889,0x0CF00400,61444,115316.0,98973.476,-0.136,FF FF FF 8B 16 FF FF FF,FF FF FF 8B 16 FF FF FF,[],190=721.375/exp 721.3758 VALUE_OK
MATCH,3890,0x0CF00400,61444,115336.0,98993.457,-0.152,FF FF FF DA 15 FF FF FF,FF FF FF DA 15 FF FF FF,[],190=699.25/exp 699.2646 VALUE_OK
MATCH,3891,0x0CF00400,61444,115356.0,99013.502,-0.104,FF FF FF 2B 15 FF FF FF,FF FF FF 2B 15 FF FF FF,[],190=677.375/exp 677.4127 VALUE_OK
MATCH,3892,0x0CF00400,61444,115376.0,99033.48,-0.124,FF FF FF 7F 14 FF FF FF,FF FF FF 7F 14 FF FF FF,[],190=655.875/exp 655.8254 VALUE_OK
MATCH,3893,0x0CF00400,61444,115396.0,99053.493,-0.108,FF FF FF D4 13 FF FF FF,FF FF FF D4 13 FF FF FF,[],190=634.5/exp 634.508 VALUE_OK
MATCH,3894,0x0CF00400,61444,115416.0,99073.471,-0.128,FF FF FF 2C 13 FF FF FF,FF FF FF 2C 13 FF FF FF,[],190=613.5/exp 613.4659 VALUE_OK
MATCH,3895,0x0CF00400,61444,115436.0,99093.452,-0.145,FF FF FF 86 12 FF FF FF,FF FF FF 86 12 FF FF FF,[],190=592.75/exp 592.7042 VALUE_OK
MATCH,3896,0x0CF00400,61444,115456.0,99113.442,-0.152,FF FF FF E2 11 FF FF FF,FF FF FF E2 11 FF FF FF,[],190=572.25/exp 572.2281 VALUE_OK
MATCH,3897,0x0CF00400,61444,115476.0,99133.483,-0.108,FF FF FF 40 11 FF FF FF,FF FF FF 40 11 FF FF FF,[],190=552.0/exp 552.0426 VALUE_OK
MATCH,3898,0x0CF00400,61444,115496.0,99153.46,-0.128,FF FF FF A1 10 FF FF FF,FF FF FF A1 10 FF FF FF,[],190=532.125/exp 532.1526 VALUE_OK
MATCH,3899,0x0CF00400,61444,115516.0,99173.442,-0.144,FF FF FF 05 10 FF FF FF,FF FF FF 05 10 FF FF FF,[],190=512.625/exp 512.5631 VALUE_OK
MATCH,3900,0x0CF00400,61444,115536.0,99193.479,-0.104,FF FF FF 6A 0F FF FF FF,FF FF FF 6A 0F FF FF FF,[],190=493.25/exp 493.279 VALUE_OK
MATCH,3901,0x0CF00400,61444,115556.0,99213.424,-0.157,FF FF FF D2 0E FF FF FF,FF FF FF D2 0E FF FF FF,[],190=474.25/exp 474.3049 VALUE_OK
MATCH,3902,0x0CF00400,61444,115576.0,99233.43,-0.148,FF FF FF 3D 0E FF FF FF,FF FF FF 3D 0E FF FF FF,[],190=455.625/exp 455.6456 VALUE_OK
MATCH,3903,0x0CF00400,61444,115596.0,99253.455,-0.12,FF FF FF AA 0D FF FF FF,FF FF FF AA 0D FF FF FF,[],190=437.25/exp 437.3056 VALUE_OK
MATCH,3904,0x0CF00400,61444,115616.0,99273.456,-0.116,FF FF FF 1A 0D FF FF FF,FF FF FF 1A 0D FF FF FF,[],190=419.25/exp 419.2896 VALUE_OK
MATCH,3905,0x0CF00400,61444,115636.0,99293.407,-0.163,FF FF FF 8D 0C FF FF FF,FF FF FF 8D 0C FF FF FF,[],190=401.625/exp 401.6018 VALUE_OK
MATCH,3906,0x0CF00400,61444,115656.0,99313.46,-0.107,FF FF FF 02 0C FF FF FF,FF FF FF 02 0C FF FF FF,[],190=384.25/exp 384.2468 VALUE_OK
MATCH,3907,0x0CF00400,61444,115676.0,99333.445,-0.12,FF FF FF 7A 0B FF FF FF,FF FF FF 7A 0B FF FF FF,[],190=367.25/exp 367.2287 VALUE_OK
MATCH,3908,0x0CF00400,61444,115696.0,99353.435,-0.127,FF FF FF F4 0A FF FF FF,FF FF FF F4 0A FF FF FF,[],190=350.5/exp 350.5518 VALUE_OK
MATCH,3909,0x0CF00400,61444,115716.0,99373.42,-0.14,FF FF FF 72 0A FF FF FF,FF FF FF 72 0A FF FF FF,[],190=334.25/exp 334.2203 VALUE_OK
MATCH,3910,0x0CF00400,61444,115736.0,99393.434,-0.123,FF FF FF F2 09 FF FF FF,FF FF FF F2 09 FF FF FF,[],190=318.25/exp 318.238 VALUE_OK
MATCH,3911,0x0CF00400,61444,115756.0,99413.443,-0.112,FF FF FF 75 09 FF FF FF,FF FF FF 75 09 FF FF FF,[],190=302.625/exp 302.609 VALUE_OK
MATCH,3912,0x0CF00400,61444,115776.0,99433.404,-0.148,FF FF FF FB 08 FF FF FF,FF FF FF FB 08 FF FF FF,[],190=287.375/exp 287.3371 VALUE_OK
MATCH,3913,0x0CF00400,61444,115796.0,99453.41,-0.139,FF FF FF 83 08 FF FF FF,FF FF FF 83 08 FF FF FF,[],190=272.375/exp 272.4261 VALUE_OK
MATCH,3914,0x0CF00400,61444,115816.0,99473.415,-0.132,FF FF FF 0F 08 FF FF FF,FF FF FF 0F 08 FF FF FF,[],190=257.875/exp 257.8797 VALUE_OK
MATCH,3915,0x0CF00400,61444,115836.0,99493.429,-0.115,FF FF FF 9E 07 FF FF FF,FF FF FF 9E 07 FF FF FF,[],190=243.75/exp 243.7015 VALUE_OK
MATCH,3916,0x0CF00400,61444,115856.0,99513.382,-0.16,FF FF FF 2F 07 FF FF FF,FF FF FF 2F 07 FF FF FF,[],190=229.875/exp 229.8948 VALUE_OK
MATCH,3917,0x0CF00400,61444,115876.0,99533.412,-0.126,FF FF FF C4 06 FF FF FF,FF FF FF C4 06 FF FF FF,[],190=216.5/exp 216.4633 VALUE_OK
MATCH,3918,0x0CF00400,61444,115896.0,99553.393,-0.143,FF FF FF 5B 06 FF FF FF,FF FF FF 5B 06 FF FF FF,[],190=203.375/exp 203.4101 VALUE_OK
MATCH,3919,0x0CF00400,61444,115916.0,99573.398,-0.135,FF FF FF F6 05 FF FF FF,FF FF FF F6 05 FF FF FF,[],190=190.75/exp 190.7386 VALUE_OK
MATCH,3920,0x0CF00400,61444,115936.0,99593.403,-0.127,FF FF FF 94 05 FF FF FF,FF FF FF 94 05 FF FF FF,[],190=178.5/exp 178.4517 VALUE_OK
MATCH,3921,0x0CF00400,61444,115956.0,99613.385,-0.143,FF FF FF 34 05 FF FF FF,FF FF FF 34 05 FF FF FF,[],190=166.5/exp 166.5527 VALUE_OK
MATCH,3922,0x0CF00400,61444,115976.0,99633.394,-0.131,FF FF FF D8 04 FF FF FF,FF FF FF D8 04 FF FF FF,[],190=155.0/exp 155.0443 VALUE_OK
MATCH,3923,0x0CF00400,61444,115996.0,99653.384,-0.138,FF FF FF 7F 04 FF FF FF,FF FF FF 7F 04 FF FF FF,[],190=143.875/exp 143.9294 VALUE_OK
MATCH,3924,0x0CF00400,61444,116016.0,99673.365,-0.155,FF FF FF 2A 04 FF FF FF,FF FF FF 2A 04 FF FF FF,[],190=133.25/exp 133.2108 VALUE_OK
MATCH,3925,0x0CF00400,61444,116036.0,99693.41,-0.106,FF FF FF D7 03 FF FF FF,FF FF FF D7 03 FF FF FF,[],190=122.875/exp 122.8911 VALUE_OK
MATCH,3926,0x0CF00400,61444,116056.0,99713.4,-0.114,FF FF FF 88 03 FF FF FF,FF FF FF 88 03 FF FF FF,[],190=113.0/exp 112.9729 VALUE_OK
MATCH,3927,0x0CF00400,61444,116076.0,99733.382,-0.13,FF FF FF 3C 03 FF FF FF,FF FF FF 3C 03 FF FF FF,[],190=103.5/exp 103.4587 VALUE_OK
MATCH,3928,0x0CF00400,61444,116096.0,99753.38,-0.129,FF FF FF F3 02 FF FF FF,FF FF FF F3 02 FF FF FF,[],190=94.375/exp 94.3506 VALUE_OK
MATCH,3929,0x0CF00400,61444,116116.0,99773.361,-0.146,FF FF FF AD 02 FF FF FF,FF FF FF AD 02 FF FF FF,[],190=85.625/exp 85.6511 VALUE_OK
MATCH,3930,0x0CF00400,61444,116136.0,99793.366,-0.138,FF FF FF 6B 02 FF FF FF,FF FF FF 6B 02 FF FF FF,[],190=77.375/exp 77.3622 VALUE_OK
MATCH,3931,0x0CF00400,61444,116156.0,99813.368,-0.133,FF FF FF 2C 02 FF FF FF,FF FF FF 2C 02 FF FF FF,[],190=69.5/exp 69.4861 VALUE_OK
MATCH,3932,0x0CF00400,61444,116176.0,99833.341,-0.158,FF FF FF F0 01 FF FF FF,FF FF FF F0 01 FF FF FF,[],190=62.0/exp 62.0245 VALUE_OK
MATCH,3933,0x0CF00400,61444,116196.0,99853.371,-0.124,FF FF FF B8 01 FF FF FF,FF FF FF B8 01 FF FF FF,[],190=55.0/exp 54.9795 VALUE_OK
MATCH,3934,0x0CF00400,61444,116216.0,99873.336,-0.157,FF FF FF 83 01 FF FF FF,FF FF FF 83 01 FF FF FF,[],190=48.375/exp 48.3526 VALUE_OK
MATCH,3935,0x0CF00400,61444,116236.0,99893.349,-0.141,FF FF FF 51 01 FF FF FF,FF FF FF 51 01 FF FF FF,[],190=42.125/exp 42.1457 VALUE_OK
MATCH,3936,0x0CF00400,61444,116256.0,99913.323,-0.164,FF FF FF 23 01 FF FF FF,FF FF FF 23 01 FF FF FF,[],190=36.375/exp 36.3601 VALUE_OK
MATCH,3937,0x0CF00400,61444,116276.0,99933.316,-0.168,FF FF FF F8 00 FF FF FF,FF FF FF F8 00 FF FF FF,[],190=31.0/exp 30.9973 VALUE_OK
MATCH,3938,0x0CF00400,61444,116296.0,99953.349,-0.131,FF FF FF D0 00 FF FF FF,FF FF FF D0 00 FF FF FF,[],190=26.0/exp 26.0587 VALUE_OK
MATCH,3939,0x0CF00400,61444,116316.0,99973.379,-0.099,FF FF FF AC 00 FF FF FF,FF FF FF AC 00 FF FF FF,[],190=21.5/exp 21.5454 VALUE_OK
MATCH,3940,0x0CF00400,61444,116336.0,99993.34,-0.136,FF FF FF 8C 00 FF FF FF,FF FF FF 8C 00 FF FF FF,[],190=17.5/exp 17.4586 VALUE_OK
MATCH,3941,0x0CF00400,61444,116356.0,100013.358,-0.115,FF FF FF 6E 00 FF FF FF,FF FF FF 6E 00 FF FF FF,[],190=13.75/exp 13.7993 VALUE_OK
MATCH,3942,0x0CF00400,61444,116376.0,100033.315,-0.156,FF FF FF 55 00 FF FF FF,FF FF FF 55 00 FF FF FF,[],190=10.625/exp 10.5683 VALUE_OK
MATCH,3943,0x0CF00400,61444,116396.0,100053.324,-0.144,FF FF FF 3E 00 FF FF FF,FF FF FF 3E 00 FF FF FF,[],190=7.75/exp 7.7666 VALUE_OK
MATCH,3944,0x0CF00400,61444,116416.0,100073.342,-0.123,FF FF FF 2B 00 FF FF FF,FF FF FF 2B 00 FF FF FF,[],190=5.375/exp 5.3947 VALUE_OK
MATCH,3945,0x0CF00400,61444,116436.0,100093.315,-0.147,FF FF FF 1C 00 FF FF FF,FF FF FF 1C 00 FF FF FF,[],190=3.5/exp 3.4532 VALUE_OK
MATCH,3946,0x0CF00400,61444,116456.0,100113.341,-0.118,FF FF FF 10 00 FF FF FF,FF FF FF 10 00 FF FF FF,[],190=2.0/exp 1.9427 VALUE_OK
MATCH,3947,0x0CF00400,61444,116476.0,100133.302,-0.155,FF FF FF 07 00 FF FF FF,FF FF FF 07 00 FF FF FF,[],190=0.875/exp 0.8635 VALUE_OK
MATCH,3948,0x0CF00400,61444,116496.0,100153.324,-0.13,FF FF FF 02 00 FF FF FF,FF FF FF 02 00 FF FF FF,[],190=0.25/exp 0.2159 VALUE_OK
MATCH,3949,0x0CF00400,61444,116516.0,100173.346,-0.105,FF FF FF 00 00 FF FF FF,FF FF FF 00 00 FF FF FF,[],190=0.0/exp 0.0 VALUE_OK
MATCH,3950,0x0CF00400,61444,116536.0,100193.335,-0.114,FF FF FF 02 00 FF FF FF,FF FF FF 02 00 FF FF FF,[],190=0.25/exp 0.2159 VALUE_OK
MATCH,3951,0x0CF00400,61444,116556.0,100213.301,-0.146,FF FF FF 07 00 FF FF FF,FF FF FF 07 00 FF FF FF,[],190=0.875/exp 0.8635 VALUE_OK
MATCH,3952,0x0CF00400,61444,116576.0,100233.326,-0.118,FF FF FF 10 00 FF FF FF,FF FF FF 10 00 FF FF FF,[],190=2.0/exp 1.9427 VALUE_OK
MATCH,3953,0x0CF00400,61444,116596.0,100253.291,-0.151,FF FF FF 1C 00 FF FF FF,FF FF FF 1C 00 FF FF FF,[],190=3.5/exp 3.4532 VALUE_OK
MATCH,3954,0x0CF00400,61444,116616.0,100273.309,-0.13,FF FF FF 2B 00 FF FF FF,FF FF FF 2B 00 FF FF FF,[],190=5.375/exp 5.3947 VALUE_OK
MATCH,3955,0x0CF00400,61444,116636.0,100293.286,-0.15,FF FF FF 3E 00 FF FF FF,FF FF FF 3E 00 FF FF FF,[],190=7.75/exp 7.7666 VALUE_OK
MATCH,3956,0x0CF00400,61444,116656.0,100313.275,-0.158,FF FF FF 55 00 FF FF FF,FF FF FF 55 00 FF FF FF,[],190=10.625/exp 10.5683 VALUE_OK
MATCH,3957,0x0CF00400,61444,116676.0,100333.305,-0.125,FF FF FF 6E 00 FF FF FF,FF FF FF 6E 00 FF FF FF,[],190=13.75/exp 13.7993 VALUE_OK
UNLOGGED,,0x0CF00400,61444,,100353.278,,,FF FF FF 8C 00 FF FF FF,[],
MATCH,3959,0x0CF00400,61444,116716.0,100373.308,-0.119,FF FF FF AC 00 FF FF FF,FF FF FF AC 00 FF FF FF,[],190=21.5/exp 21.5454 VALUE_OK
MATCH,3960,0x0CF00400,61444,116736.0,100393.265,-0.16,FF FF FF D0 00 FF FF FF,FF FF FF D0 00 FF FF FF,[],190=26.0/exp 26.0587 VALUE_OK
MATCH,3961,0x0CF00400,61444,116756.0,100413.286,-0.136,FF FF FF F8 00 FF FF FF,FF FF FF F8 00 FF FF FF,[],190=31.0/exp 30.9973 VALUE_OK
MATCH,3962,0x0CF00400,61444,116776.0,100433.292,-0.127,FF FF FF 23 01 FF FF FF,FF FF FF 23 01 FF FF FF,[],190=36.375/exp 36.3601 VALUE_OK
MATCH,3963,0x0CF00400,61444,116796.0,100453.245,-0.171,FF FF FF 51 01 FF FF FF,FF FF FF 51 01 FF FF FF,[],190=42.125/exp 42.1457 VALUE_OK
MATCH,3964,0x0CF00400,61444,116816.0,100473.286,-0.127,FF FF FF 83 01 FF FF FF,FF FF FF 83 01 FF FF FF,[],190=48.375/exp 48.3526 VALUE_OK
MATCH,3965,0x0CF00400,61444,116836.0,100493.248,-0.163,FF FF FF B8 01 FF FF FF,FF FF FF B8 01 FF FF FF,[],190=55.0/exp 54.9795 VALUE_OK
MATCH,3966,0x0CF00400,61444,116856.0,100513.27,-0.137,FF FF FF F0 01 FF FF FF,FF FF FF F0 01 FF FF FF,[],190=62.0/exp 62.0245 VALUE_OK
MATCH,3967,0x0CF00400,61444,116876.0,100533.227,-0.178,FF FF FF 2C 02 FF FF FF,FF FF FF 2C 02 FF FF FF,[],190=69.5/exp 69.4861 VALUE_OK
MATCH,3968,0x0CF00400,61444,116896.0,100553.224,-0.177,FF FF FF 6B 02 FF FF FF,FF FF FF 6B 02 FF FF FF,[],190=77.375/exp 77.3622 VALUE_OK
MATCH,3969,0x0CF00400,61444,116916.0,100573.278,-0.119,FF FF FF AD 02 FF FF FF,FF FF FF AD 02 FF FF FF,[],190=85.625/exp 85.6511 VALUE_OK
MATCH,3970,0x0CF00400,61444,116936.0,100593.276,-0.119,FF FF FF F3 02 FF FF FF,FF FF FF F3 02 FF FF FF,[],190=94.375/exp 94.3506 VALUE_OK
MATCH,3971,0x0CF00400,61444,116956.0,100613.253,-0.14,FF FF FF 3C 03 FF FF FF,FF FF FF 3C 03 FF FF FF,[],190=103.5/exp 103.4587 VALUE_OK
MATCH,3972,0x0CF00400,61444,116976.0,100633.247,-0.143,FF FF FF 88 03 FF FF FF,FF FF FF 88 03 FF FF FF,[],190=113.0/exp 112.9729 VALUE_OK
MATCH,3973,0x0CF00400,61444,116996.0,100653.236,-0.151,FF FF FF D7 03 FF FF FF,FF FF FF D7 03 FF FF FF,[],190=122.875/exp 122.8911 VALUE_OK
MATCH,3974,0x0CF00400,61444,117016.0,100673.217,-0.167,FF FF FF 2A 04 FF FF FF,FF FF FF 2A 04 FF FF FF,[],190=133.25/exp 133.2108 VALUE_OK
MATCH,3975,0x0CF00400,61444,117036.0,100693.251,-0.13,FF FF FF 7F 04 FF FF FF,FF FF FF 7F 04 FF FF FF,[],190=143.875/exp 143.9294 VALUE_OK
MATCH,3976,0x0CF00400,61444,117056.0,100713.24,-0.138,FF FF FF D8 04 FF FF FF,FF FF FF D8 04 FF FF FF,[],190=155.0/exp 155.0443 VALUE_OK
MATCH,3977,0x0CF00400,61444,117076.0,100733.249,-0.126,FF FF FF 34 05 FF FF FF,FF FF FF 34 05 FF FF FF,[],190=166.5/exp 166.5527 VALUE_OK
MATCH,3978,0x0CF00400,61444,117096.0,100753.243,-0.13,FF FF FF 94 05 FF FF FF,FF FF FF 94 05 FF FF FF,[],190=178.5/exp 178.4517 VALUE_OK
MATCH,3979,0x0CF00400,61444,117116.0,100773.244,-0.126,FF FF FF F6 05 FF FF FF,FF FF FF F6 05 FF FF FF,[],190=190.75/exp 190.7386 VALUE_OK
MATCH,3980,0x0CF00400,61444,117136.0,100793.25,-0.118,FF FF FF 5B 06 FF FF FF,FF FF FF 5B 06 FF FF FF,[],190=203.375/exp 203.4101 VALUE_OK
MATCH,3981,0x0CF00400,61444,117156.0,100813.231,-0.134,FF FF FF C4 06 FF FF FF,FF FF FF C4 06 FF FF FF,[],190=216.5/exp 216.4633 VALUE_OK
MATCH,3982,0x0CF00400,61444,117176.0,100833.197,-0.166,FF FF FF 2F 07 FF FF FF,FF FF FF 2F 07 FF FF FF,[],190=229.875/exp 229.8948 VALUE_OK
MATCH,3983,0x0CF00400,61444,117196.0,100853.214,-0.145,FF FF FF 9E 07 FF FF FF,FF FF FF 9E 07 FF FF FF,[],190=243.75/exp 243.7015 VALUE_OK
MATCH,3984,0x0CF00400,61444,117216.0,100873.215,-0.141,FF FF FF 0F 08 FF FF FF,FF FF FF 0F 08 FF FF FF,[],190=257.875/exp 257.8797 VALUE_OK
MATCH,3985,0x0CF00400,61444,117236.0,100893.233,-0.121,FF FF FF 83 08 FF FF FF,FF FF FF 83 08 FF FF FF,[],190=272.375/exp 272.4261 VALUE_OK
MATCH,3986,0x0CF00400,61444,117256.0,100913.23,-0.121,FF FF FF FB 08 FF FF FF,FF FF FF FB 08 FF FF FF,[],190=287.375/exp 287.3371 VALUE_OK
MATCH,3987,0x0CF00400,61444,117276.0,100933.192,-0.157,FF FF FF 75 09 FF FF FF,FF FF FF 75 09 FF FF FF,[],190=302.625/exp 302.609 VALUE_OK
MATCH,3988,0x0CF00400,61444,117296.0,100953.205,-0.141,FF FF FF F2 09 FF FF FF,FF FF FF F2 09 FF FF FF,[],190=318.25/exp 318.238 VALUE_OK
MATCH,3989,0x0CF00400,61444,117316.0,100973.206,-0.137,FF FF FF 72 0A FF FF FF,FF FF FF 72 0A FF FF FF,[],190=334.25/exp 334.2203 VALUE_OK
MATCH,3990,0x0CF00400,61444,117336.0,100993.199,-0.141,FF FF FF F4 0A FF FF FF,FF FF FF F4 0A FF FF FF,[],190=350.5/exp 350.5518 VALUE_OK
MATCH,3991,0x0CF00400,61444,117356.0,101013.185,-0.152,FF FF FF 7A 0B FF FF FF,FF FF FF 7A 0B FF FF FF,[],190=367.25/exp 367.2287 VALUE_OK
MATCH,3992,0x0CF00400,61444,117376.0,101033.179,-0.155,FF FF FF 02 0C FF FF FF,FF FF FF 02 0C FF FF FF,[],190=384.25/exp 384.2468 VALUE_OK
MATCH,3993,0x0CF00400,61444,117396.0,101053.217,-0.114,FF FF FF 8D 0C FF FF FF,FF FF FF 8D 0C FF FF FF,[],190=401.625/exp 401.6018 VALUE_OK
MATCH,3994,0x0CF00400,61444,117416.0,101073.178,-0.151,FF FF FF 1A 0D FF FF FF,FF FF FF 1A 0D FF FF FF,[],190=419.25/exp 419.2896 VALUE_OK
MATCH,3995,0x0CF00400,61444,117436.0,101093.172,-0.154,FF FF FF AA 0D FF FF FF,FF FF FF AA 0D FF FF FF,[],190=437.25/exp 437.3056 VALUE_OK
MATCH,3996,0x0CF00400,61444,117456.0,101113.145,-0.178,FF FF FF 3D 0E FF FF FF,FF FF FF 3D 0E FF FF FF,[],190=455.625/exp 455.6456 VALUE_OK
MATCH,3997,0x0CF00400,61444,117476.0,101133.21,-0.109,FF FF FF D2 0E FF FF FF,FF FF FF D2 0E FF FF FF,[],190=474.25/exp 474.3049 VALUE_OK
MATCH,3998,0x0CF00400,61444,117496.0,101153.204,-0.113,FF FF FF 6A 0F FF FF FF,FF FF FF 6A 0F FF FF FF,[],190=493.25/exp 493.279 VALUE_OK
MATCH,3999,0x0CF00400,61444,117516.0,101173.169,-0.146,FF FF FF 05 10 FF FF FF,FF FF FF 05 10 FF FF FF,[],190=512.625/exp 512.5631 VALUE_OK
MATCH,4000,0x0CF00400,61444,117536.0,101193.166,-0.146,FF FF FF A1 10 FF FF FF,FF FF FF A1 10 FF FF FF,[],190=532.125/exp 532.1526 VALUE_OK
MATCH,4001,0x0CF00400,61444,117556.0,101213.128,-0.181,FF FF FF 40 11 FF FF FF,FF FF FF 40 11 FF FF FF,[],190=552.0/exp 552.0426 VALUE_OK
MATCH,4002,0x0CF00400,61444,117576.0,101233.153,-0.152,FF FF FF E2 11 FF FF FF,FF FF FF E2 11 FF FF FF,[],190=572.25/exp 572.2281 VALUE_OK
MATCH,4003,0x0CF00400,61444,117596.0,101253.13,-0.172,FF FF FF 86 12 FF FF FF,FF FF FF 86 12 FF FF FF,[],190=592.75/exp 592.7042 VALUE_OK
MATCH,4004,0x0CF00400,61444,117616.0,101273.152,-0.147,FF FF FF 2C 13 FF FF FF,FF FF FF 2C 13 FF FF FF,[],190=613.5/exp 613.4659 VALUE_OK
MATCH,4005,0x0CF00400,61444,117636.0,101293.182,-0.114,FF FF FF D4 13 FF FF FF,FF FF FF D4 13 FF FF FF,[],190=634.5/exp 634.508 VALUE_OK
MATCH,4006,0x0CF00400,61444,117656.0,101313.175,-0.119,FF FF FF 7F 14 FF FF FF,FF FF FF 7F 14 FF FF FF,[],190=655.875/exp 655.8254 VALUE_OK
MATCH,4007,0x0CF00400,61444,117676.0,101333.14,-0.151,FF FF FF 2B 15 FF FF FF,FF FF FF 2B 15 FF FF FF,[],190=677.375/exp 677.4127 VALUE_OK
MATCH,4008,0x0CF00400,61444,117696.0,101353.157,-0.131,FF FF FF DA 15 FF FF FF,FF FF FF DA 15 FF FF FF,[],190=699.25/exp 699.2646 VALUE_OK
MATCH,4009,0x0CF00400,61444,117716.0,101373.119,-0.167,FF FF FF 8B 16 FF FF FF,FF FF FF 8B 16 FF FF FF,[],190=721.375/exp 721.3758 VALUE_OK
MATCH,4010,0x0CF00400,61444,117736.0,101393.144,-0.138,FF FF FF 3E 17 FF FF FF,FF FF FF 3E 17 FF FF FF,[],190=743.75/exp 743.7408 VALUE_OK
MATCH,4011,0x0CF00400,61444,117756.0,101413.11,-0.169,FF FF FF F3 17 FF FF FF,FF FF FF F3 17 FF FF FF,[],190=766.375/exp 766.3541 VALUE_OK
MATCH,4012,0x0CF00400,61444,117776.0,101433.099,-0.177,FF FF FF AA 18 FF FF FF,FF FF FF AA 18 FF FF FF,[],190=789.25/exp 789.2101 VALUE_OK
MATCH,4013,0x0CF00400,61444,117796.0,101453.13,-0.143,FF FF FF 62 19 FF FF FF,FF FF FF 62 19 FF FF FF,[],190=812.25/exp 812.3031 VALUE_OK
MATCH,4014,0x0CF00400,61444,117816.0,101473.091,-0.179,FF FF FF 1D 1A FF FF FF,FF FF FF 1D 1A FF FF FF,[],190=835.625/exp 835.6275 VALUE_OK
MATCH,4015,0x0CF00400,61444,117836.0,101493.116,-0.15,FF FF FF D9 1A FF FF FF,FF FF FF D9 1A FF FF FF,[],190=859.125/exp 859.1775 VALUE_OK
MATCH,4016,0x0CF00400,61444,117856.0,101513.097,-0.166,FF FF FF 98 1B FF FF FF,FF FF FF 98 1B FF FF FF,[],190=883.0/exp 882.9473 VALUE_OK
MATCH,4017,0x0CF00400,61444,117876.0,101533.087,-0.173,FF FF FF 57 1C FF FF FF,FF FF FF 57 1C FF FF FF,[],190=906.875/exp 906.9311 VALUE_OK
MATCH,4018,0x0CF00400,61444,117896.0,101553.092,-0.164,FF FF FF 19 1D FF FF FF,FF FF FF 19 1D FF FF FF,[],190=931.125/exp 931.1228 VALUE_OK
MATCH,4019,0x0CF00400,61444,117916.0,101573.13,-0.123,FF FF FF DC 1D FF FF FF,FF FF FF DC 1D FF FF FF,[],190=955.5/exp 955.5166 VALUE_OK
MATCH,4020,0x0CF00400,61444,117936.0,101593.079,-0.172,FF FF FF A1 1E FF FF FF,FF FF FF A1 1E FF FF FF,[],190=980.125/exp 980.1065 VALUE_OK
MATCH,4021,0x0CF00400,61444,117956.0,101613.109,-0.138,FF FF FF 67 1F FF FF FF,FF FF FF 67 1F FF FF FF,[],190=1004.875/exp 1004.8862 VALUE_OK
MATCH,4022,0x0CF00400,61444,117976.0,101633.13,-0.114,FF FF FF 2F 20 FF FF FF,FF FF FF 2F 20 FF FF FF,[],190=1029.875/exp 1029.8499 VALUE_OK
MATCH,4023,0x0CF00400,61444,117996.0,101653.119,-0.123,FF FF FF F8 20 FF FF FF,FF FF FF F8 20 FF FF FF,[],190=1055.0/exp 1054.9912 VALUE_OK
MATCH,4024,0x0CF00400,61444,118016.0,101673.097,-0.143,FF FF FF C2 21 FF FF FF,FF FF FF C2 21 FF FF FF,[],190=1080.25/exp 1080.304 VALUE_OK
MATCH,4025,0x0CF00400,61444,118036.0,101693.114,-0.123,FF FF FF 8E 22 FF FF FF,FF FF FF 8E 22 FF FF FF,[],190=1105.75/exp 1105.782 VALUE_OK
MATCH,4026,0x0CF00400,61444,118056.0,101713.099,-0.135,FF FF FF 5B 23 FF FF FF,FF FF FF 5B 23 FF FF FF,[],190=1131.375/exp 1131.419 VALUE_OK
MATCH,4027,0x0CF00400,61444,118076.0,101733.081,-0.151,FF FF FF 2A 24 FF FF FF,FF FF FF 2A 24 FF FF FF,[],190=1157.25/exp 1157.2086 VALUE_OK
MATCH,4028,0x0CF00400,61444,118096.0,101753.066,-0.163,FF FF FF F9 24 FF FF FF,FF FF FF F9 24 FF FF FF,[],190=1183.125/exp 1183.1445 VALUE_OK
MATCH,4029,0x0CF00400,61444,118116.0,101773.055,-0.17,FF FF FF CA 25 FF FF FF,FF FF FF CA 25 FF FF FF,[],190=1209.25/exp 1209.2203 VALUE_OK
MATCH,4030,0x0CF00400,61444,118136.0,101793.105,-0.117,FF FF FF 9B 26 FF FF FF,FF FF FF 9B 26 FF FF FF,[],190=1235.375/exp 1235.4294 VALUE_OK
MATCH,4031,0x0CF00400,61444,118156.0,101813.058,-0.162,FF FF FF 6E 27 FF FF FF,FF FF FF 6E 27 FF FF FF,[],190=1261.75/exp 1261.7656 VALUE_OK
MATCH,4032,0x0CF00400,61444,118176.0,101833.04,-0.176,FF FF FF 42 28 FF FF FF,FF FF FF 42 28 FF FF FF,[],190=1288.25/exp 1288.2222 VALUE_OK
MATCH,4033,0x0CF00400,61444,118196.0,101853.089,-0.124,FF FF FF 16 29 FF FF FF,FF FF FF 16 29 FF FF FF,[],190=1314.75/exp 1314.7927 VALUE_OK
MATCH,4034,0x0CF00400,61444,118216.0,101873.087,-0.123,FF FF FF EC 29 FF FF FF,FF FF FF EC 29 FF FF FF,[],190=1341.5/exp 1341.4706 VALUE_OK
MATCH,4035,0x0CF00400,61444,118236.0,101893.061,-0.147,FF FF FF C2 2A FF FF FF,FF FF FF C2 2A FF FF FF,[],190=1368.25/exp 1368.2493 VALUE_OK
MATCH,4036,0x0CF00400,61444,118256.0,101913.05,-0.155,FF FF FF 99 2B FF FF FF,FF FF FF 99 2B FF FF FF,[],190=1395.125/exp 1395.1222 VALUE_OK
MATCH,4037,0x0CF00400,61444,118276.0,101933.064,-0.138,FF FF FF 71 2C FF FF FF,FF FF FF 71 2C FF FF FF,[],190=1422.125/exp 1422.0827 VALUE_OK
MATCH,4038,0x0CF00400,61444,118296.0,101953.053,-0.146,FF FF FF 49 2D FF FF FF,FF FF FF 49 2D FF FF FF,[],190=1449.125/exp 1449.1241 VALUE_OK
MATCH,4039,0x0CF00400,61444,118316.0,101973.03,-0.166,FF FF FF 22 2E FF FF FF,FF FF FF 22 2E FF FF FF,[],190=1476.25/exp 1476.2397 VALUE_OK
MATCH,4040,0x0CF00400,61444,118336.0,101993.016,-0.177,FF FF FF FB 2E FF FF FF,FF FF FF FB 2E FF FF FF,[],190=1503.375/exp 1503.4228 VALUE_OK
MATCH,4041,0x0CF00400,61444,118356.0,102013.069,-0.12,FF FF FF D5 2F FF FF FF,FF FF FF D5 2F FF FF FF,[],190=1530.625/exp 1530.6668 VALUE_OK
MATCH,4042,0x0CF00400,61444,118376.0,102033.058,-0.129,FF FF FF B0 30 FF FF FF,FF FF FF B0 30 FF FF FF,[],190=1558.0/exp 1557.965 VALUE_OK
MATCH,4043,0x0CF00400,61444,118396.0,102053.072,-0.112,FF FF FF 8A 31 FF FF FF,FF FF FF 8A 31 FF FF FF,[],190=1585.25/exp 1585.3105 VALUE_OK
MATCH,4044,0x0CF00400,61444,118416.0,102073.058,-0.124,FF FF FF 66 32 FF FF FF,FF FF FF 66 32 FF FF FF,[],190=1612.75/exp 1612.6966 VALUE_OK
MATCH,4045,0x0CF00400,61444,118436.0,102093.067,-0.113,FF FF FF 41 33 FF FF FF,FF FF FF 41 33 FF FF FF,[],190=1640.125/exp 1640.1166 VALUE_OK
MATCH,4046,0x0CF00400,61444,118456.0,102113.044,-0.133,FF FF FF 1D 34 FF FF FF,FF FF FF 1D 34 FF FF FF,[],190=1667.625/exp 1667.5637 VALUE_OK
MATCH,4047,0x0CF00400,61444,118476.0,102133.038,-0.137,FF FF FF F8 34 FF FF FF,FF FF FF F8 34 FF FF FF,[],190=1695.0/exp 1695.0312 VALUE_OK
MATCH,4048,0x0CF00400,61444,118496.0,102153.023,-0.149,FF FF FF D4 35 FF FF FF,FF FF FF D4 35 FF FF FF,[],190=1722.5/exp 1722.5122 VALUE_OK
MATCH,4049,0x0CF00400,61444,118516.0,102172.956,-0.213,FF FF FF B0 36 FF FF FF,FF FF FF B0 36 FF FF FF,[],190=1750.0/exp 1750.0 VALUE_OK
MATCH,4050,0x0CF00400,61444,118536.0,102192.962,-0.203,FF FF FF 8C 37 FF FF FF,FF FF FF 8C 37 FF FF FF,[],190=1777.5/exp 1777.4878 VALUE_OK
MATCH,4051,0x0CF00400,61444,118556.0,102212.975,-0.186,FF FF FF 68 38 FF FF FF,FF FF FF 68 38 FF FF FF,[],190=1805.0/exp 1804.9688 VALUE_OK
MATCH,4052,0x0CF00400,61444,118576.0,102232.988,-0.169,FF FF FF 43 39 FF FF FF,FF FF FF 43 39 FF FF FF,[],190=1832.375/exp 1832.4363 VALUE_OK
MATCH,4053,0x0CF00400,61444,118596.0,102252.994,-0.16,FF FF FF 1F 3A FF FF FF,FF FF FF 1F 3A FF FF FF,[],190=1859.875/exp 1859.8834 VALUE_OK
MATCH,4054,0x0CF00400,61444,118616.0,102272.959,-0.191,FF FF FF FA 3A FF FF FF,FF FF FF FA 3A FF FF FF,[],190=1887.25/exp 1887.3034 VALUE_OK
MATCH,4055,0x0CF00400,61444,118636.0,102292.973,-0.174,FF FF FF D6 3B FF FF FF,FF FF FF D6 3B FF FF FF,[],190=1914.75/exp 1914.6895 VALUE_OK
MATCH,4056,0x0CF00400,61444,118656.0,102312.966,-0.177,FF FF FF B0 3C FF FF FF,FF FF FF B0 3C FF FF FF,[],190=1942.0/exp 1942.035 VALUE_OK
MATCH,4057,0x0CF00400,61444,118676.0,102332.964,-0.176,FF FF FF 8B 3D FF FF FF,FF FF FF 8B 3D FF FF FF,[],190=1969.375/exp 1969.3332 VALUE_OK
MATCH,4058,0x0CF00400,61444,118696.0,102352.958,-0.178,FF FF FF 65 3E FF FF FF,FF FF FF 65 3E FF FF FF,[],190=1996.625/exp 1996.5772 VALUE_OK
MATCH,4059,0x0CF00400,61444,118716.0,102372.975,-0.157,FF FF FF 3E 3F FF FF FF,FF FF FF 3E 3F FF FF FF,[],190=2023.75/exp 2023.7603 VALUE_OK
MATCH,4060,0x0CF00400,61444,118736.0,102392.929,-0.2,FF FF FF 17 40 FF FF FF,FF FF FF 17 40 FF FF FF,[],190=2050.875/exp 2050.8759 VALUE_OK
MATCH,4061,0x0CF00400,61444,118756.0,102412.958,-0.167,FF FF FF EF 40 FF FF FF,FF FF FF EF 40 FF FF FF,[],190=2077.875/exp 2077.9173 VALUE_OK
MATCH,4062,0x0CF00400,61444,118776.0,102432.967,-0.155,FF FF FF C7 41 FF FF FF,FF FF FF C7 41 FF FF FF,[],190=2104.875/exp 2104.8778 VALUE_OK
MATCH,4063,0x0CF00400,61444,118796.0,102452.925,-0.194,FF FF FF 9E 42 FF FF FF,FF FF FF 9E 42 FF FF FF,[],190=2131.75/exp 2131.7507 VALUE_OK
MATCH,4064,0x0CF00400,61444,118816.0,102472.926,-0.189,FF FF FF 74 43 FF FF FF,FF FF FF 74 43 FF FF FF,[],190=2158.5/exp 2158.5294 VALUE_OK
MATCH,4065,0x0CF00400,61444,118836.0,102492.94,-0.171,FF FF FF 4A 44 FF FF FF,FF FF FF 4A 44 FF FF FF,[],190=2185.25/exp 2185.2073 VALUE_OK
MATCH,4066,0x0CF00400,61444,118856.0,102512.913,-0.195,FF FF FF 1E 45 FF FF FF,FF FF FF 1E 45 FF FF FF,[],190=2211.75/exp 2211.7778 VALUE_OK
MATCH,4067,0x0CF00400,61444,118876.0,102532.934,-0.17,FF FF FF F2 45 FF FF FF,FF FF FF F2 45 FF FF FF,[],190=2238.25/exp 2238.2344 VALUE_OK
MATCH,4068,0x0CF00400,61444,118896.0,102552.911,-0.189,FF FF FF C5 46 FF FF FF,FF FF FF C5 46 FF FF FF,[],190=2264.625/exp 2264.5706 VALUE_OK
MATCH,4069,0x0CF00400,61444,118916.0,102572.929,-0.168,FF FF FF 96 47 FF FF FF,FF FF FF 96 47 FF FF FF,[],190=2290.75/exp 2290.7797 VALUE_OK
MATCH,4070,0x0CF00400,61444,118936.0,102592.942,-0.151,FF FF FF 67 48 FF FF FF,FF FF FF 67 48 FF FF FF,[],190=2316.875/exp 2316.8555 VALUE_OK
MATCH,4071,0x0CF00400,61444,118956.0,102612.916,-0.174,FF FF FF 36 49 FF FF FF,FF FF FF 36 49 FF FF FF,[],190=2342.75/exp 2342.7914 VALUE_OK
MATCH,4072,0x0CF00400,61444,118976.0,102632.937,-0.15,FF FF FF 05 4A FF FF FF,FF FF FF 05 4A FF FF FF,[],190=2368.625/exp 2368.581 VALUE_OK
MATCH,4073,0x0CF00400,61444,118996.0,102652.91,-0.174,FF FF FF D2 4A FF FF FF,FF FF FF D2 4A FF FF FF,[],190=2394.25/exp 2394.218 VALUE_OK
MATCH,4074,0x0CF00400,61444,119016.0,102672.924,-0.156,FF FF FF 9E 4B FF FF FF,FF FF FF 9E 4B FF FF FF,[],190=2419.75/exp 2419.696 VALUE_OK
MATCH,4075,0x0CF00400,61444,119036.0,102692.921,-0.156,FF FF FF 68 4C FF FF FF,FF FF FF 68 4C FF FF FF,[],190=2445.0/exp 2445.0088 VALUE_OK
MATCH,4076,0x0CF00400,61444,119056.0,102712.923,-0.151,FF FF FF 31 4D FF FF FF,FF FF FF 31 4D FF FF FF,[],190=2470.125/exp 2470.1501 VALUE_OK
MATCH,4077,0x0CF00400,61444,119076.0,102732.888,-0.183,FF FF FF F9 4D FF FF FF,FF FF FF F9 4D FF FF FF,[],190=2495.125/exp 2495.1138 VALUE_OK
MATCH,4078,0x0CF00400,61444,119096.0,102752.885,-0.182,FF FF FF BF 4E FF FF FF,FF FF FF BF 4E FF FF FF,[],190=2519.875/exp 2519.8935 VALUE_OK
MATCH,4079,0x0CF00400,61444,119116.0,102772.896,-0.168,FF FF FF 84 4F FF FF FF,FF FF FF 84 4F FF FF FF,[],190=2544.5/exp 2544.4834 VALUE_OK
UNLOGGED,,0x0CF00400,61444,,102792.881,,,FF FF FF 47 50 FF FF FF,[],
MATCH,4081,0x0CF00400,61444,119156.0,102812.903,-0.157,FF FF FF 09 51 FF FF FF,FF FF FF 09 51 FF FF FF,[],190=2593.125/exp 2593.0689 VALUE_OK
MATCH,4082,0x0CF00400,61444,119176.0,102832.872,-0.185,FF FF FF C8 51 FF FF FF,FF FF FF C8 51 FF FF FF,[],190=2617.0/exp 2617.0527 VALUE_OK
MATCH,4083,0x0CF00400,61444,119196.0,102852.905,-0.149,FF FF FF 87 52 FF FF FF,FF FF FF 87 52 FF FF FF,[],190=2640.875/exp 2640.8225 VALUE_OK
MATCH,4084,0x0CF00400,61444,119216.0,102872.871,-0.18,FF FF FF 43 53 FF FF FF,FF FF FF 43 53 FF FF FF,[],190=2664.375/exp 2664.3725 VALUE_OK
MATCH,4085,0x0CF00400,61444,119236.0,102892.892,-0.155,FF FF FF FE 53 FF FF FF,FF FF FF FE 53 FF FF FF,[],190=2687.75/exp 2687.6969 VALUE_OK
MATCH,4086,0x0CF00400,61444,119256.0,102912.901,-0.143,FF FF FF B6 54 FF FF FF,FF FF FF B6 54 FF FF FF,[],190=2710.75/exp 2710.7899 VALUE_OK
MATCH,4087,0x0CF00400,61444,119276.0,102932.867,-0.174,FF FF FF 6D 55 FF FF FF,FF FF FF 6D 55 FF FF FF,[],190=2733.625/exp 2733.6459 VALUE_OK
MATCH,4088,0x0CF00400,61444,119296.0,102952.88,-0.158,FF FF FF 22 56 FF FF FF,FF FF FF 22 56 FF FF FF,[],190=2756.25/exp 2756.2592 VALUE_OK
MATCH,4089,0x0CF00400,61444,119316.0,102972.85,-0.184,FF FF FF D5 56 FF FF FF,FF FF FF D5 56 FF FF FF,[],190=2778.625/exp 2778.6242 VALUE_OK
MATCH,4090,0x0CF00400,61444,119336.0,102992.875,-0.156,FF FF FF 86 57 FF FF FF,FF FF FF 86 57 FF FF FF,[],190=2800.75/exp 2800.7354 VALUE_OK
MATCH,4091,0x0CF00400,61444,119356.0,103012.873,-0.155,FF FF FF 35 58 FF FF FF,FF FF FF 35 58 FF FF FF,[],190=2822.625/exp 2822.5873 VALUE_OK
MATCH,4092,0x0CF00400,61444,119376.0,103032.846,-0.179,FF FF FF E1 58 FF FF FF,FF FF FF E1 58 FF FF FF,[],190=2844.125/exp 2844.1746 VALUE_OK
MATCH,4093,0x0CF00400,61444,119396.0,103052.864,-0.157,FF FF FF 8C 59 FF FF FF,FF FF FF 8C 59 FF FF FF,[],190=2865.5/exp 2865.492 VALUE_OK
MATCH,4094,0x0CF00400,61444,119416.0,103072.881,-0.137,FF FF FF 34 5A FF FF FF,FF FF FF 34 5A FF FF FF,[],190=2886.5/exp 2886.5341 VALUE_OK
MATCH,4095,0x0CF00400,61444,119436.0,103092.85,-0.165,FF FF FF DA 5A FF FF FF,FF FF FF DA 5A FF FF FF,[],190=2907.25/exp 2907.2958 VALUE_OK
MATCH,4096,0x0CF00400,61444,119456.0,103112.863,-0.149,FF FF FF 7E 5B FF FF FF,FF FF FF 7E 5B FF FF FF,[],190=2927.75/exp 2927.7719 VALUE_OK
MATCH,4097,0x0CF00400,61444,119476.0,103132.877,-0.132,FF FF FF 20 5C FF FF FF,FF FF FF 20 5C FF FF FF,[],190=2948.0/exp 2947.9574 VALUE_OK
MATCH,4098,0x0CF00400,61444,119496.0,103152.842,-0.164,FF FF FF BF 5C FF FF FF,FF FF FF BF 5C FF FF FF,[],190=2967.875/exp 2967.8474 VALUE_OK
MATCH,4099,0x0CF00400,61444,119516.0,103172.868,-0.135,FF FF FF 5B 5D FF FF FF,FF FF FF 5B 5D FF FF FF,[],190=2987.375/exp 2987.4369 VALUE_OK
MATCH,4100,0x0CF00400,61444,119536.0,103192.898,-0.102,FF FF FF F6 5D FF FF FF,FF FF FF F6 5D FF FF FF,[],190=3006.75/exp 3006.721 VALUE_OK
MATCH,4101,0x0CF00400,61444,119556.0,103212.871,-0.127,FF FF FF 8E 5E FF FF FF,FF FF FF 8E 5E FF FF FF,[],190=3025.75/exp 3025.6951 VALUE_OK
MATCH,4102,0x0CF00400,61444,119576.0,103232.849,-0.147,FF FF FF 23 5F FF FF FF,FF FF FF 23 5F FF FF FF,[],190=3044.375/exp 3044.3544 VALUE_OK
MATCH,4103,0x0CF00400,61444,119596.0,103252.89,-0.103,FF FF FF B6 5F FF FF FF,FF FF FF B6 5F FF FF FF,[],190=3062.75/exp 3062.6944 VALUE_OK
MATCH,4104,0x0CF00400,61444,119616.0,103272.871,-0.12,FF FF FF 46 60 FF FF FF,FF FF FF 46 60 FF FF FF,[],190=3080.75/exp 3080.7104 VALUE_OK
UNLOGGED,,0x0CF00400,61444,,103292.885,,,FF FF FF D3 60 FF FF FF,[],
MATCH,4106,0x0CF00400,61444,119656.0,103312.85,-0.138,FF FF FF 5E 61 FF FF FF,FF FF FF 5E 61 FF FF FF,[],190=3115.75/exp 3115.7532 VALUE_OK
MATCH,4107,0x0CF00400,61444,119676.0,103332.883,-0.102,FF FF FF E6 61 FF FF FF,FF FF FF E6 61 FF FF FF,[],190=3132.75/exp 3132.7713 VALUE_OK
MATCH,4108,0x0CF00400,61444,119696.0,103352.861,-0.122,FF FF FF 6C 62 FF FF FF,FF FF FF 6C 62 FF FF FF,[],190=3149.5/exp 3149.4482 VALUE_OK
MATCH,4109,0x0CF00400,61444,119716.0,103372.842,-0.139,FF FF FF EE 62 FF FF FF,FF FF FF EE 62 FF FF FF,[],190=3165.75/exp 3165.7797 VALUE_OK
MATCH,4110,0x0CF00400,61444,119736.0,103392.828,-0.15,FF FF FF 6E 63 FF FF FF,FF FF FF 6E 63 FF FF FF,[],190=3181.75/exp 3181.762 VALUE_OK
MATCH,4111,0x0CF00400,61444,119756.0,103412.833,-0.142,FF FF FF EB 63 FF FF FF,FF FF FF EB 63 FF FF FF,[],190=3197.375/exp 3197.391 VALUE_OK
UNLOGGED,,0x0CF00400,61444,,103432.839,,,FF FF FF 65 64 FF FF FF,[],
MATCH,4113,0x0CF00400,61444,119796.0,103452.82,-0.152,FF FF FF DD 64 FF FF FF,FF FF FF DD 64 FF FF FF,[],190=3227.625/exp 3227.5739 VALUE_OK
MATCH,4114,0x0CF00400,61444,119816.0,103472.853,-0.116,FF FF FF 51 65 FF FF FF,FF FF FF 51 65 FF FF FF,[],190=3242.125/exp 3242.1203 VALUE_OK
MATCH,4115,0x0CF00400,61444,119836.0,103492.827,-0.14,FF FF FF C2 65 FF FF FF,FF FF FF C2 65 FF FF FF,[],190=3256.25/exp 3256.2985 VALUE_OK
MATCH,4116,0x0CF00400,61444,119856.0,103512.808,-0.156,FF FF FF 31 66 FF FF FF,FF FF FF 31 66 FF FF FF,[],190=3270.125/exp 3270.1052 VALUE_OK
MATCH,4117,0x0CF00400,61444,119876.0,103532.801,-0.16,FF FF FF 9C 66 FF FF FF,FF FF FF 9C 66 FF FF FF,[],190=3283.5/exp 3283.5367 VALUE_OK
MATCH,4118,0x0CF00400,61444,119896.0,103552.807,-0.151,FF FF FF 05 67 FF FF FF,FF FF FF 05 67 FF FF FF,[],190=3296.625/exp 3296.5899 VALUE_OK
MATCH,4119,0x0CF00400,61444,119916.0,103572.84,-0.115,FF FF FF 6A 67 FF FF FF,FF FF FF 6A 67 FF FF FF,[],190=3309.25/exp 3309.2614 VALUE_OK
MATCH,4120,0x0CF00400,61444,119936.0,103592.813,-0.14,FF FF FF CC 67 FF FF FF,FF FF FF CC 67 FF FF FF,[],190=3321.5/exp 3321.5483 VALUE_OK
MATCH,4121,0x0CF00400,61444,119956.0,103612.827,-0.123,FF FF FF 2C 68 FF FF FF,FF FF FF 2C 68 FF FF FF,[],190=3333.5/exp 3333.4473 VALUE_OK
MATCH,4122,0x0CF00400,61444,119976.0,103632.801,-0.146,FF FF FF 88 68 FF FF FF,FF FF FF 88 68 FF FF FF,[],190=3345.0/exp 3344.9557 VALUE_OK
MATCH,4123,0x0CF00400,61444,119996.0,103652.819,-0.125,FF FF FF E1 68 FF FF FF,FF FF FF E1 68 FF FF FF,[],190=3356.125/exp 3356.0706 VALUE_OK
MATCH,4124,0x0CF00400,61444,120016.0,103672.836,-0.106,FF FF FF 36 69 FF FF FF,FF FF FF 36 69 FF FF FF,[],190=3366.75/exp 3366.7892 VALUE_OK
MATCH,4125,0x0CF00400,61444,120036.0,103692.825,-0.115,FF FF FF 89 69 FF FF FF,FF FF FF 89 69 FF FF FF,[],190=3377.125/exp 3377.1089 VALUE_OK
MATCH,4126,0x0CF00400,61444,120056.0,103712.783,-0.154,FF FF FF D8 69 FF FF FF,FF FF FF D8 69 FF FF FF,[],190=3387.0/exp 3387.0271 VALUE_OK
MATCH,4127,0x0CF00400,61444,120076.0,103732.789,-0.145,FF FF FF 24 6A FF FF FF,FF FF FF 24 6A FF FF FF,[],190=3396.5/exp 3396.5413 VALUE_OK
MATCH,4128,0x0CF00400,61444,120096.0,103752.802,-0.129,FF FF FF 6D 6A FF FF FF,FF FF FF 6D 6A FF FF FF,[],190=3405.625/exp 3405.6494 VALUE_OK
MATCH,4129,0x0CF00400,61444,120116.0,103772.771,-0.158,FF FF FF B3 6A FF FF FF,FF FF FF B3 6A FF FF FF,[],190=3414.375/exp 3414.3489 VALUE_OK
MATCH,4130,0x0CF00400,61444,120136.0,103792.793,-0.133,FF FF FF F5 6A FF FF FF,FF FF FF F5 6A FF FF FF,[],190=3422.625/exp 3422.6378 VALUE_OK
MATCH,4131,0x0CF00400,61444,120156.0,103812.782,-0.141,FF FF FF 34 6B FF FF FF,FF FF FF 34 6B FF FF FF,[],190=3430.5/exp 3430.5139 VALUE_OK
MATCH,4132,0x0CF00400,61444,120176.0,103832.807,-0.113,FF FF FF 70 6B FF FF FF,FF FF FF 70 6B FF FF FF,[],190=3438.0/exp 3437.9755 VALUE_OK
MATCH,4133,0x0CF00400,61444,120196.0,103852.769,-0.149,FF FF FF A8 6B FF FF FF,FF FF FF A8 6B FF FF FF,[],190=3445.0/exp 3445.0205 VALUE_OK
MATCH,4134,0x0CF00400,61444,120216.0,103872.794,-0.121,FF FF FF DD 6B FF FF FF,FF FF FF DD 6B FF FF FF,[],190=3451.625/exp 3451.6474 VALUE_OK
MATCH,4135,0x0CF00400,61444,120236.0,103892.743,-0.17,FF FF FF 0F 6C FF FF FF,FF FF FF 0F 6C FF FF FF,[],190=3457.875/exp 3457.8543 VALUE_OK
MATCH,4136,0x0CF00400,61444,120256.0,103912.769,-0.14,FF FF FF 3D 6C FF FF FF,FF FF FF 3D 6C FF FF FF,[],190=3463.625/exp 3463.6399 VALUE_OK
MATCH,4137,0x0CF00400,61444,120276.0,103932.75,-0.156,FF FF FF 68 6C FF FF FF,FF FF FF 68 6C FF FF FF,[],190=3469.0/exp 3469.0027 VALUE_OK
MATCH,4138,0x0CF00400,61444,120296.0,103952.776,-0.127,FF FF FF 90 6C FF FF FF,FF FF FF 90 6C FF FF FF,[],190=3474.0/exp 3473.9413 VALUE_OK
MATCH,4139,0x0CF00400,61444,120316.0,103972.741,-0.16,FF FF FF B4 6C FF FF FF,FF FF FF B4 6C FF FF FF,[],190=3478.5/exp 3478.4546 VALUE_OK
MATCH,4140,0x0CF00400,61444,120336.0,103992.751,-0.146,FF FF FF D4 6C FF FF FF,FF FF FF D4 6C FF FF FF,[],190=3482.5/exp 3482.5414 VALUE_OK
MATCH,4141,0x0CF00400,61444,120356.0,104012.776,-0.119,FF FF FF F2 6C FF FF FF,FF FF FF F2 6C FF FF FF,[],190=3486.25/exp 3486.2007 VALUE_OK
MATCH,4142,0x0CF00400,61444,120376.0,104032.733,-0.159,FF FF FF 0B 6D FF FF FF,FF FF FF 0B 6D FF FF FF,[],190=3489.375/exp 3489.4317 VALUE_OK
MATCH,4143,0x0CF00400,61444,120396.0,104052.714,-0.175,FF FF FF 22 6D FF FF FF,FF FF FF 22 6D FF FF FF,[],190=3492.25/exp 3492.2334 VALUE_OK
MATCH,4144,0x0CF00400,61444,120416.0,104072.737,-0.149,FF FF FF 35 6D FF FF FF,FF FF FF 35 6D FF FF FF,[],190=3494.625/exp 3494.6053 VALUE_OK
MATCH,4145,0x0CF00400,61444,120436.0,104092.758,-0.125,FF FF FF 44 6D FF FF FF,FF FF FF 44 6D FF FF FF,[],190=3496.5/exp 3496.5468 VALUE_OK
MATCH,4146,0x0CF00400,61444,120456.0,104112.724,-0.156,FF FF FF 50 6D FF FF FF,FF FF FF 50 6D FF FF FF,[],190=3498.0/exp 3498.0573 VALUE_OK
MATCH,4147,0x0CF00400,61444,120476.0,104132.733,-0.144,FF FF FF 59 6D FF FF FF,FF FF FF 59 6D FF FF FF,[],190=3499.125/exp 3499.1365 VALUE_OK
MATCH,4148,0x0CF00400,61444,120496.0,104152.754,-0.12,FF FF FF 5E 6D FF FF FF,FF FF FF 5E 6D FF FF FF,[],190=3499.75/exp 3499.7841 VALUE_OK
MATCH,4149,0x0CF00400,61444,120516.0,104172.732,-0.14,FF FF FF 60 6D FF FF FF,FF FF FF 60 6D FF FF FF,[],190=3500.0/exp 3500.0 VALUE_OK
MATCH,4150,0x0CF00400,61444,120536.0,104192.713,-0.156,FF FF FF 5E 6D FF FF FF,FF FF FF 5E 6D FF FF FF,[],190=3499.75/exp 3499.7841 VALUE_OK
MATCH,4151,0x0CF00400,61444,120556.0,104212.715,-0.151,FF FF FF 59 6D FF FF FF,FF FF FF 59 6D FF FF FF,[],190=3499.125/exp 3499.1365 VALUE_OK
MATCH,4152,0x0CF00400,61444,120576.0,104232.728,-0.135,FF FF FF 50 6D FF FF FF,FF FF FF 50 6D FF FF FF,[],190=3498.0/exp 3498.0573 VALUE_OK
MATCH,4153,0x0CF00400,61444,120596.0,104252.725,-0.135,FF FF FF 44 6D FF FF FF,FF FF FF 44 6D FF FF FF,[],190=3496.5/exp 3496.5468 VALUE_OK
MATCH,4154,0x0CF00400,61444,120616.0,104272.731,-0.126,FF FF FF 35 6D FF FF FF,FF FF FF 35 6D FF FF FF,[],190=3494.625/exp 3494.6053 VALUE_OK
MATCH,4155,0x0CF00400,61444,120636.0,104292.732,-0.123,FF FF FF 22 6D FF FF FF,FF FF FF 22 6D FF FF FF,[],190=3492.25/exp 3492.2334 VALUE_OK
MATCH,4156,0x0CF00400,61444,120656.0,104312.71,-0.142,FF FF FF 0B 6D FF FF FF,FF FF FF 0B 6D FF FF FF,[],190=3489.375/exp 3489.4317 VALUE_OK
MATCH,4157,0x0CF00400,61444,120676.0,104332.715,-0.134,FF FF FF F2 6C FF FF FF,FF FF FF F2 6C FF FF FF,[],190=3486.25/exp 3486.2007 VALUE_OK
MATCH,4158,0x0CF00400,61444,120696.0,104352.712,-0.135,FF FF FF D4 6C FF FF FF,FF FF FF D4 6C FF FF FF,[],190=3482.5/exp 3482.5414 VALUE_OK
MATCH,4159,0x0CF00400,61444,120716.0,104372.726,-0.118,FF FF FF B4 6C FF FF FF,FF FF FF B4 6C FF FF FF,[],190=3478.5/exp 3478.4546 VALUE_OK
MATCH,4160,0x0CF00400,61444,120736.0,104392.727,-0.115,FF FF FF 90 6C FF FF FF,FF FF FF 90 6C FF FF FF,[],190=3474.0/exp 3473.9413 VALUE_OK
MATCH,4161,0x0CF00400,61444,120756.0,104412.664,-0.175,FF FF FF 68 6C FF FF FF,FF FF FF 68 6C FF FF FF,[],190=3469.0/exp 3469.0027 VALUE_OK
MATCH,4162,0x0CF00400,61444,120776.0,104432.698,-0.138,FF FF FF 3D 6C FF FF FF,FF FF FF 3D 6C FF FF FF,[],190=3463.625/exp 3463.6399 VALUE_OK
MATCH,4163,0x0CF00400,61444,120796.0,104452.699,-0.134,FF FF FF 0F 6C FF FF FF,FF FF FF 0F 6C FF FF FF,[],190=3457.875/exp 3457.8543 VALUE_OK
MATCH,4164,0x0CF00400,61444,120816.0,104472.716,-0.115,FF FF FF DD 6B FF FF FF,FF FF FF DD 6B FF FF FF,[],190=3451.625/exp 3451.6474 VALUE_OK
MATCH,4165,0x0CF00400,61444,120836.0,104492.659,-0.169,FF FF FF A8 6B FF FF FF,FF FF FF A8 6B FF FF FF,[],190=3445.0/exp 3445.0205 VALUE_OK
MATCH,4166,0x0CF00400,61444,120856.0,104512.672,-0.153,FF FF FF 70 6B FF FF FF,FF FF FF 70 6B FF FF FF,[],190=3438.0/exp 3437.9755 VALUE_OK
MATCH,4167,0x0CF00400,61444,120876.0,104532.678,-0.144,FF FF FF 34 6B FF FF FF,FF FF FF 34 6B FF FF FF,[],190=3430.5/exp 3430.5139 VALUE_OK
MATCH,4168,0x0CF00400,61444,120896.0,104552.655,-0.164,FF FF FF F5 6A FF FF FF,FF FF FF F5 6A FF FF FF,[],190=3422.625/exp 3422.6378 VALUE_OK
MATCH,4169,0x0CF00400,61444,120916.0,104572.704,-0.112,FF FF FF B3 6A FF FF FF,FF FF FF B3 6A FF FF FF,[],190=3414.375/exp 3414.3489 VALUE_OK
MATCH,4170,0x0CF00400,61444,120936.0,104592.69,-0.123,FF FF FF 6D 6A FF FF FF,FF FF FF 6D 6A FF FF FF,[],190=3405.625/exp 3405.6494 VALUE_OK
MATCH,4171,0x0CF00400,61444,120956.0,104612.695,-0.116,FF FF FF 24 6A FF FF FF,FF FF FF 24 6A FF FF FF,[],190=3396.5/exp 3396.5413 VALUE_OK
MATCH,4172,0x0CF00400,61444,120976.0,104632.705,-0.104,FF FF FF D8 69 FF FF FF,FF FF FF D8 69 FF FF FF,[],190=3387.0/exp 3387.0271 VALUE_OK
MATCH,4173,0x0CF00400,61444,120996.0,104652.646,-0.161,FF FF FF 89 69 FF FF FF,FF FF FF 89 69 FF FF FF,[],190=3377.125/exp 3377.1089 VALUE_OK
MATCH,4174,0x0CF00400,61444,121016.0,104672.644,-0.159,FF FF FF 36 69 FF FF FF,FF FF FF 36 69 FF FF FF,[],190=3366.75/exp 3366.7892 VALUE_OK
MATCH,4175,0x0CF00400,61444,121036.0,104692.677,-0.123,FF FF FF E1 68 FF FF FF,FF FF FF E1 68 FF FF FF,[],190=3356.125/exp 3356.0706 VALUE_OK
MATCH,4176,0x0CF00400,61444,121056.0,104712.674,-0.124,FF FF FF 88 68 FF FF FF,FF FF FF 88 68 FF FF FF,[],190=3345.0/exp 3344.9557 VALUE_OK
MATCH,4177,0x0CF00400,61444,121076.0,104732.683,-0.112,FF FF FF 2C 68 FF FF FF,FF FF FF 2C 68 FF FF FF,[],190=3333.5/exp 3333.4473 VALUE_OK
MATCH,4178,0x0CF00400,61444,121096.0,104752.657,-0.136,FF FF FF CC 67 FF FF FF,FF FF FF CC 67 FF FF FF,[],190=3321.5/exp 3321.5483 VALUE_OK
MATCH,4179,0x0CF00400,61444,121116.0,104772.642,-0.148,FF FF FF 6A 67 FF FF FF,FF FF FF 6A 67 FF FF FF,[],190=3309.25/exp 3309.2614 VALUE_OK
MATCH,4180,0x0CF00400,61444,121136.0,104792.64,-0.147,FF FF FF 05 67 FF FF FF,FF FF FF 05 67 FF FF FF,[],190=3296.625/exp 3296.5899 VALUE_OK
MATCH,4181,0x0CF00400,61444,121156.0,104812.661,-0.123,FF FF FF 9C 66 FF FF FF,FF FF FF 9C 66 FF FF FF,[],190=3283.5/exp 3283.5367 VALUE_OK
MATCH,4182,0x0CF00400,61444,121176.0,104832.614,-0.168,FF FF FF 31 66 FF FF FF,FF FF FF 31 66 FF FF FF,[],190=3270.125/exp 3270.1052 VALUE_OK
MATCH,4183,0x0CF00400,61444,121196.0,104852.628,-0.15,FF FF FF C2 65 FF FF FF,FF FF FF C2 65 FF FF FF,[],190=3256.25/exp 3256.2985 VALUE_OK
MATCH,4184,0x0CF00400,61444,121216.0,104872.617,-0.158,FF FF FF 51 65 FF FF FF,FF FF FF 51 65 FF FF FF,[],190=3242.125/exp 3242.1203 VALUE_OK
MATCH,4185,0x0CF00400,61444,121236.0,104892.623,-0.149,FF FF FF DD 64 FF FF FF,FF FF FF DD 64 FF FF FF,[],190=3227.625/exp 3227.5739 VALUE_OK
MATCH,4186,0x0CF00400,61444,121256.0,104912.604,-0.165,FF FF FF 65 64 FF FF FF,FF FF FF 65 64 FF FF FF,[],190=3212.625/exp 3212.6629 VALUE_OK
MATCH,4187,0x0CF00400,61444,121276.0,104932.61,-0.156,FF FF FF EB 63 FF FF FF,FF FF FF EB 63 FF FF FF,[],190=3197.375/exp 3197.391 VALUE_OK
MATCH,4188,0x0CF00400,61444,121296.0,104952.604,-0.159,FF FF FF 6E 63 FF FF FF,FF FF FF 6E 63 FF FF FF,[],190=3181.75/exp 3181.762 VALUE_OK
MATCH,4189,0x0CF00400,61444,121316.0,104972.609,-0.151,FF FF FF EE 62 FF FF FF,FF FF FF EE 62 FF FF FF,[],190=3165.75/exp 3165.7797 VALUE_OK
MATCH,4190,0x0CF00400,61444,121336.0,104992.638,-0.119,FF FF FF 6C 62 FF FF FF,FF FF FF 6C 62 FF FF FF,[],190=3149.5/exp 3149.4482 VALUE_OK
MATCH,4191,0x0CF00400,61444,121356.0,105012.612,-0.142,FF FF FF E6 61 FF FF FF,FF FF FF E6 61 FF FF FF,[],190=3132.75/exp 3132.7713 VALUE_OK
MATCH,4192,0x0CF00400,61444,121376.0,105032.594,-0.157,FF FF FF 5E 61 FF FF FF,FF FF FF 5E 61 FF FF FF,[],190=3115.75/exp 3115.7532 VALUE_OK
MATCH,4193,0x0CF00400,61444,121396.0,105052.615,-0.133,FF FF FF D3 60 FF FF FF,FF FF FF D3 60 FF FF FF,[],190=3098.375/exp 3098.3982 VALUE_OK
MATCH,4194,0x0CF00400,61444,121416.0,105072.624,-0.122,FF FF FF 46 60 FF FF FF,FF FF FF 46 60 FF FF FF,[],190=3080.75/exp 3080.7104 VALUE_OK
MATCH,4195,0x0CF00400,61444,121436.0,105092.593,-0.15,FF FF FF B6 5F FF FF FF,FF FF FF B6 5F FF FF FF,[],190=3062.75/exp 3062.6944 VALUE_OK
MATCH,4196,0x0CF00400,61444,121456.0,105112.623,-0.117,FF FF FF 23 5F FF FF FF,FF FF FF 23 5F FF FF FF,[],190=3044.375/exp 3044.3544 VALUE_OK
MATCH,4197,0x0CF00400,61444,121476.0,105132.596,-0.142,FF FF FF 8E 5E FF FF FF,FF FF FF 8E 5E FF FF FF,[],190=3025.75/exp 3025.6951 VALUE_OK
MATCH,4198,0x0CF00400,61444,121496.0,105152.574,-0.161,FF FF FF F6 5D FF FF FF,FF FF FF F6 5D FF FF FF,[],190=3006.75/exp 3006.721 VALUE_OK
MATCH,4199,0x0CF00400,61444,121516.0,105172.587,-0.145,FF FF FF 5B 5D FF FF FF,FF FF FF 5B 5D FF FF FF,[],190=2987.375/exp 2987.4369 VALUE_OK
MATCH,4200,0x0CF00400,61444,121536.0,105192.604,-0.125,FF FF FF BF 5C FF FF FF,FF FF FF BF 5C FF FF FF,[],190=2967.875/exp 2967.8474 VALUE_OK
MATCH,4201,0x0CF00400,61444,121556.0,105212.578,-0.148,FF FF FF 20 5C FF FF FF,FF FF FF 20 5C FF FF FF,[],190=2948.0/exp 2947.9574 VALUE_OK
MATCH,4202,0x0CF00400,61444,121576.0,105232.619,-0.104,FF FF FF 7E 5B FF FF FF,FF FF FF 7E 5B FF FF FF,[],190=2927.75/exp 2927.7719 VALUE_OK
MATCH,4203,0x0CF00400,61444,121596.0,105252.604,-0.117,FF FF FF DA 5A FF FF FF,FF FF FF DA 5A FF FF FF,[],190=2907.25/exp 2907.2958 VALUE_OK
MATCH,4204,0x0CF00400,61444,121616.0,105272.582,-0.137,FF FF FF 34 5A FF FF FF,FF FF FF 34 5A FF FF FF,[],190=2886.5/exp 2886.5341 VALUE_OK
MATCH,4205,0x0CF00400,61444,121636.0,105292.555,-0.161,FF FF FF 8C 59 FF FF FF,FF FF FF 8C 59 FF FF FF,[],190=2865.5/exp 2865.492 VALUE_OK
MATCH,4206,0x0CF00400,61444,121656.0,105312.565,-0.148,FF FF FF E1 58 FF FF FF,FF FF FF E1 58 FF FF FF,[],190=2844.125/exp 2844.1746 VALUE_OK
MATCH,4207,0x0CF00400,61444,121676.0,105332.598,-0.112,FF FF FF 35 58 FF FF FF,FF FF FF 35 58 FF FF FF,[],190=2822.625/exp 2822.5873 VALUE_OK
MATCH,4208,0x0CF00400,61444,121696.0,105352.588,-0.12,FF FF FF 86 57 FF FF FF,FF FF FF 86 57 FF FF FF,[],190=2800.75/exp 2800.7354 VALUE_OK
MATCH,4209,0x0CF00400,61444,121716.0,105372.554,-0.151,FF FF FF D5 56 FF FF FF,FF FF FF D5 56 FF FF FF,[],190=2778.625/exp 2778.6242 VALUE_OK
MATCH,4210,0x0CF00400,61444,121736.0,105392.591,-0.111,FF FF FF 22 56 FF FF FF,FF FF FF 22 56 FF FF FF,[],190=2756.25/exp 2756.2592 VALUE_OK
MATCH,4211,0x0CF00400,61444,121756.0,105412.569,-0.131,FF FF FF 6D 55 FF FF FF,FF FF FF 6D 55 FF FF FF,[],190=2733.625/exp 2733.6459 VALUE_OK
MATCH,4212,0x0CF00400,61444,121776.0,105432.586,-0.112,FF FF FF B6 54 FF FF FF,FF FF FF B6 54 FF FF FF,[],190=2710.75/exp 2710.7899 VALUE_OK
MATCH,4213,0x0CF00400,61444,121796.0,105452.571,-0.124,FF FF FF FE 53 FF FF FF,FF FF FF FE 53 FF FF FF,[],190=2687.75/exp 2687.6969 VALUE_OK
MATCH,4214,0x0CF00400,61444,121816.0,105472.541,-0.152,FF FF FF 43 53 FF FF FF,FF FF FF 43 53 FF FF FF,[],190=2664.375/exp 2664.3725 VALUE_OK
MATCH,4215,0x0CF00400,61444,121836.0,105492.582,-0.108,FF FF FF 87 52 FF FF FF,FF FF FF 87 52 FF FF FF,[],190=2640.875/exp 2640.8225 VALUE_OK
MATCH,4216,0x0CF00400,61444,121856.0,105512.567,-0.121,FF FF FF C8 51 FF FF FF,FF FF FF C8 51 FF FF FF,[],190=2617.0/exp 2617.0527 VALUE_OK
MATCH,4217,0x0CF00400,61444,121876.0,105532.521,-0.164,FF FF FF 09 51 FF FF FF,FF FF FF 09 51 FF FF FF,[],190=2593.125/exp 2593.0689 VALUE_OK
MATCH,4218,0x0CF00400,61444,121896.0,105552.53,-0.152,FF FF FF 47 50 FF FF FF,FF FF FF 47 50 FF FF FF,[],190=2568.875/exp 2568.8772 VALUE_OK
MATCH,4219,0x0CF00400,61444,121916.0,105572.584,-0.095,FF FF FF 84 4F FF FF FF,FF FF FF 84 4F FF FF FF,[],190=2544.5/exp 2544.4834 VALUE_OK
MATCH,4220,0x0CF00400,61444,121936.0,105592.553,-0.124,FF FF FF BF 4E FF FF FF,FF FF FF BF 4E FF FF FF,[],190=2519.875/exp 2519.8935 VALUE_OK
MATCH,4221,0x0CF00400,61444,121956.0,105612.535,-0.14,FF FF FF F9 4D FF FF FF,FF FF FF F9 4D FF FF FF,[],190=2495.125/exp 2495.1138 VALUE_OK
MATCH,4222,0x0CF00400,61444,121976.0,105632.504,-0.168,FF FF FF 31 4D FF FF FF,FF FF FF 31 4D FF FF FF,[],190=2470.125/exp 2470.1501 VALUE_OK
MATCH,4223,0x0CF00400,61444,121996.0,105652.537,-0.131,FF FF FF 68 4C FF FF FF,FF FF FF 68 4C FF FF FF,[],190=2445.0/exp 2445.0088 VALUE_OK
MATCH,4224,0x0CF00400,61444,122016.0,105672.519,-0.147,FF FF FF 9E 4B FF FF FF,FF FF FF 9E 4B FF FF FF,[],190=2419.75/exp 2419.696 VALUE_OK
MATCH,4225,0x0CF00400,61444,122036.0,105692.536,-0.127,FF FF FF D2 4A FF FF FF,FF FF FF D2 4A FF FF FF,[],190=2394.25/exp 2394.218 VALUE_OK
MATCH,4226,0x0CF00400,61444,122056.0,105712.509,-0.151,FF FF FF 05 4A FF FF FF,FF FF FF 05 4A FF FF FF,[],190=2368.625/exp 2368.581 VALUE_OK
MATCH,4227,0x0CF00400,61444,122076.0,105732.547,-0.11,FF FF FF 36 49 FF FF FF,FF FF FF 36 49 FF FF FF,[],190=2342.75/exp 2342.7914 VALUE_OK
MATCH,4228,0x0CF00400,61444,122096.0,105752.524,-0.131,FF FF FF 67 48 FF FF FF,FF FF FF 67 48 FF FF FF,[],190=2316.875/exp 2316.8555 VALUE_OK
MATCH,4229,0x0CF00400,61444,122116.0,105772.502,-0.15,FF FF FF 96 47 FF FF FF,FF FF FF 96 47 FF FF FF,[],190=2290.75/exp 2290.7797 VALUE_OK
MATCH,4230,0x0CF00400,61444,122136.0,105792.539,-0.11,FF FF FF C5 46 FF FF FF,FF FF FF C5 46 FF FF FF,[],190=2264.625/exp 2264.5706 VALUE_OK
MATCH,4231,0x0CF00400,61444,122156.0,105812.489,-0.158,FF FF FF F2 45 FF FF FF,FF FF FF F2 45 FF FF FF,[],190=2238.25/exp 2238.2344 VALUE_OK
MATCH,4232,0x0CF00400,61444,122176.0,105832.523,-0.121,FF FF FF 1E 45 FF FF FF,FF FF FF 1E 45 FF FF FF,[],190=2211.75/exp 2211.7778 VALUE_OK
MATCH,4233,0x0CF00400,61444,122196.0,105852.505,-0.137,FF FF FF 4A 44 FF FF FF,FF FF FF 4A 44 FF FF FF,[],190=2185.25/exp 2185.2073 VALUE_OK
MATCH,4234,0x0CF00400,61444,122216.0,105872.481,-0.158,FF FF FF 74 43 FF FF FF,FF FF FF 74 43 FF FF FF,[],190=2158.5/exp 2158.5294 VALUE_OK
MATCH,4235,0x0CF00400,61444,122236.0,105892.523,-0.113,FF FF FF 9E 42 FF FF FF,FF FF FF 9E 42 FF FF FF,[],190=2131.75/exp 2131.7507 VALUE_OK
MATCH,4236,0x0CF00400,61444,122256.0,105912.504,-0.13,FF FF FF C7 41 FF FF FF,FF FF FF C7 41 FF FF FF,[],190=2104.875/exp 2104.8778 VALUE_OK
MATCH,4237,0x0CF00400,61444,122276.0,105932.51,-0.121,FF FF FF EF 40 FF FF FF,FF FF FF EF 40 FF FF FF,[],190=2077.875/exp 2077.9173 VALUE_OK
MATCH,4238,0x0CF00400,61444,122296.0,105952.479,-0.149,FF FF FF 17 40 FF FF FF,FF FF FF 17 40 FF FF FF,[],190=2050.875/exp 2050.8759 VALUE_OK
MATCH,4239,0x0CF00400,61444,122316.0,105972.516,-0.11,FF FF FF 3E 3F FF FF FF,FF FF FF 3E 3F FF FF FF,[],190=2023.75/exp 2023.7603 VALUE_OK
MATCH,4240,0x0CF00400,61444,122336.0,105992.47,-0.153,FF FF FF 65 3E FF FF FF,FF FF FF 65 3E FF FF FF,[],190=1996.625/exp 1996.5772 VALUE_OK
MATCH,4241,0x0CF00400,61444,122356.0,106012.507,-0.113,FF FF FF 8B 3D FF FF FF,FF FF FF 8B 3D FF FF FF,[],190=1969.375/exp 1969.3332 VALUE_OK
MATCH,4242,0x0CF00400,61444,122376.0,106032.468,-0.15,FF FF FF B0 3C FF FF FF,FF FF FF B0 3C FF FF FF,[],190=1942.0/exp 1942.035 VALUE_OK
MATCH,4243,0x0CF00400,61444,122396.0,106052.458,-0.157,FF FF FF D6 3B FF FF FF,FF FF FF D6 3B FF FF FF,[],190=1914.75/exp 1914.6895 VALUE_OK
MATCH,4244,0x0CF00400,61444,122416.0,106072.483,-0.129,FF FF FF FA 3A FF FF FF,FF FF FF FA 3A FF FF FF,[],190=1887.25/exp 1887.3034 VALUE_OK
MATCH,4245,0x0CF00400,61444,122436.0,106092.449,-0.16,FF FF FF 1F 3A FF FF FF,FF FF FF 1F 3A FF FF FF,[],190=1859.875/exp 1859.8834 VALUE_OK
MATCH,4246,0x0CF00400,61444,122456.0,106112.434,-0.172,FF FF FF 43 39 FF FF FF,FF FF FF 43 39 FF FF FF,[],190=1832.375/exp 1832.4363 VALUE_OK
MATCH,4247,0x0CF00400,61444,122476.0,106132.487,-0.116,FF FF FF 68 38 FF FF FF,FF FF FF 68 38 FF FF FF,[],190=1805.0/exp 1804.9688 VALUE_OK
MATCH,4248,0x0CF00400,61444,122496.0,106152.453,-0.147,FF FF FF 8C 37 FF FF FF,FF FF FF 8C 37 FF FF FF,[],190=1777.5/exp 1777.4878 VALUE_OK
MATCH,4249,0x0CF00400,61444,122516.0,106172.486,-0.111,FF FF FF B0 36 FF FF FF,FF FF FF B0 36 FF FF FF,[],190=1750.0/exp 1750.0 VALUE_OK
UNLOGGED,,0x0CF00400,61444,,106192.444,,,FF FF FF D4 35 FF FF FF,[],
MATCH,4251,0x0CF00400,61444,122556.0,106212.429,-0.166,FF FF FF F8 34 FF FF FF,FF FF FF F8 34 FF FF FF,[],190=1695.0/exp 1695.0312 VALUE_OK
MATCH,4252,0x0CF00400,61444,122576.0,106232.468,-0.124,FF FF FF 1D 34 FF FF FF,FF FF FF 1D 34 FF FF FF,[],190=1667.625/exp 1667.5637 VALUE_OK
MATCH,4253,0x0CF00400,61444,122596.0,106252.441,-0.148,FF FF FF 41 33 FF FF FF,FF FF FF 41 33 FF FF FF,[],190=1640.125/exp 1640.1166 VALUE_OK
MATCH,4254,0x0CF00400,61444,122616.0,106272.446,-0.14,FF FF FF 66 32 FF FF FF,FF FF FF 66 32 FF FF FF,[],190=1612.75/exp 1612.6966 VALUE_OK
MATCH,4255,0x0CF00400,61444,122636.0,106292.463,-0.121,FF FF FF 8A 31 FF FF FF,FF FF FF 8A 31 FF FF FF,[],190=1585.25/exp 1585.3105 VALUE_OK
MATCH,4256,0x0CF00400,61444,122656.0,106312.449,-0.132,FF FF FF B0 30 FF FF FF,FF FF FF B0 30 FF FF FF,[],190=1558.0/exp 1557.965 VALUE_OK
MATCH,4257,0x0CF00400,61444,122676.0,106332.451,-0.128,FF FF FF D5 2F FF FF FF,FF FF FF D5 2F FF FF FF,[],190=1530.625/exp 1530.6668 VALUE_OK
MATCH,4258,0x0CF00400,61444,122696.0,106352.448,-0.128,FF FF FF FB 2E FF FF FF,FF FF FF FB 2E FF FF FF,[],190=1503.375/exp 1503.4228 VALUE_OK
MATCH,4259,0x0CF00400,61444,122716.0,106372.449,-0.124,FF FF FF 22 2E FF FF FF,FF FF FF 22 2E FF FF FF,[],190=1476.25/exp 1476.2397 VALUE_OK
MATCH,4260,0x0CF00400,61444,122736.0,106392.399,-0.172,FF FF FF 49 2D FF FF FF,FF FF FF 49 2D FF FF FF,[],190=1449.125/exp 1449.1241 VALUE_OK
MATCH,4261,0x0CF00400,61444,122756.0,106412.404,-0.163,FF FF FF 71 2C FF FF FF,FF FF FF 71 2C FF FF FF,[],190=1422.125/exp 1422.0827 VALUE_OK
MATCH,4262,0x0CF00400,61444,122776.0,106432.445,-0.119,FF FF FF 99 2B FF FF FF,FF FF FF 99 2B FF FF FF,[],190=1395.125/exp 1395.1222 VALUE_OK
MATCH,4263,0x0CF00400,61444,122796.0,106452.447,-0.115,FF FF FF C2 2A FF FF FF,FF FF FF C2 2A FF FF FF,[],190=1368.25/exp 1368.2493 VALUE_OK
MATCH,4264,0x0CF00400,61444,122816.0,106472.4,-0.16,FF FF FF EC 29 FF FF FF,FF FF FF EC 29 FF FF FF,[],190=1341.5/exp 1341.4706 VALUE_OK
MATCH,4265,0x0CF00400,61444,122836.0,106492.397,-0.159,FF FF FF 16 29 FF FF FF,FF FF FF 16 29 FF FF FF,[],190=1314.75/exp 1314.7927 VALUE_OK
MATCH,4266,0x0CF00400,61444,122856.0,106512.403,-0.15,FF FF FF 42 28 FF FF FF,FF FF FF 42 28 FF FF FF,[],190=1288.25/exp 1288.2222 VALUE_OK
MATCH,4267,0x0CF00400,61444,122876.0,106532.412,-0.138,FF FF FF 6E 27 FF FF FF,FF FF FF 6E 27 FF FF FF,[],190=1261.75/exp 1261.7656 VALUE_OK
MATCH,4268,0x0CF00400,61444,122896.0,106552.393,-0.154,FF FF FF 9B 26 FF FF FF,FF FF FF 9B 26 FF FF FF,[],190=1235.375/exp 1235.4294 VALUE_OK
MATCH,4269,0x0CF00400,61444,122916.0,106572.399,-0.145,FF FF FF CA 25 FF FF FF,FF FF FF CA 25 FF FF FF,[],190=1209.25/exp 1209.2203 VALUE_OK
MATCH,4270,0x0CF00400,61444,122936.0,106592.4,-0.141,FF FF FF F9 24 FF FF FF,FF FF FF F9 24 FF FF FF,[],190=1183.125/exp 1183.1445 VALUE_OK
MATCH,4271,0x0CF00400,61444,122956.0,106612.402,-0.137,FF FF FF 2A 24 FF FF FF,FF FF FF 2A 24 FF FF FF,[],190=1157.25/exp 1157.2086 VALUE_OK
MATCH,4272,0x0CF00400,61444,122976.0,106632.415,-0.121,FF FF FF 5B 23 FF FF FF,FF FF FF 5B 23 FF FF FF,[],190=1131.375/exp 1131.419 VALUE_OK
MATCH,4273,0x0CF00400,61444,122996.0,106652.36,-0.173,FF FF FF 8E 22 FF FF FF,FF FF FF 8E 22 FF FF FF,[],190=1105.75/exp 1105.782 VALUE_OK
MATCH,4274,0x0CF00400,61444,123016.0,106672.371,-0.159,FF FF FF C2 21 FF FF FF,FF FF FF C2 21 FF FF FF,[],190=1080.25/exp 1080.304 VALUE_OK
MATCH,4275,0x0CF00400,61444,123036.0,106692.421,-0.106,FF FF FF F8 20 FF FF FF,FF FF FF F8 20 FF FF FF,[],190=1055.0/exp 1054.9912 VALUE_OK
MATCH,4276,0x0CF00400,61444,123056.0,106712.362,-0.163,FF FF FF 2F 20 FF FF FF,FF FF FF 2F 20 FF FF FF,[],190=1029.875/exp 1029.8499 VALUE_OK
MATCH,4277,0x0CF00400,61444,123076.0,106732.387,-0.134,FF FF FF 67 1F FF FF FF,FF FF FF 67 1F FF FF FF,[],190=1004.875/exp 1004.8862 VALUE_OK
UNLOGGED,,0x0CF00400,61444,,106752.372,,,FF FF FF A1 1E FF FF FF,[],
MATCH,4279,0x0CF00400,61444,123116.0,106772.366,-0.153,FF FF FF DC 1D FF FF FF,FF FF FF DC 1D FF FF FF,[],190=955.5/exp 955.5166 VALUE_OK
MATCH,4280,0x0CF00400,61444,123136.0,106792.339,-0.177,FF FF FF 19 1D FF FF FF,FF FF FF 19 1D FF FF FF,[],190=931.125/exp 931.1228 VALUE_OK
MATCH,4281,0x0CF00400,61444,123156.0,106812.361,-0.151,FF FF FF 57 1C FF FF FF,FF FF FF 57 1C FF FF FF,[],190=906.875/exp 906.9311 VALUE_OK
MATCH,4282,0x0CF00400,61444,123176.0,106832.394,-0.115,FF FF FF 98 1B FF FF FF,FF FF FF 98 1B FF FF FF,[],190=883.0/exp 882.9473 VALUE_OK
MATCH,4283,0x0CF00400,61444,123196.0,106852.388,-0.119,FF FF FF D9 1A FF FF FF,FF FF FF D9 1A FF FF FF,[],190=859.125/exp 859.1775 VALUE_OK
MATCH,4284,0x0CF00400,61444,123216.0,106872.365,-0.139,FF FF FF 1D 1A FF FF FF,FF FF FF 1D 1A FF FF FF,[],190=835.625/exp 835.6275 VALUE_OK
MATCH,4285,0x0CF00400,61444,123236.0,106892.346,-0.156,FF FF FF 62 19 FF FF FF,FF FF FF 62 19 FF FF FF,[],190=812.25/exp 812.3031 VALUE_OK
MATCH,4286,0x0CF00400,61444,123256.0,106912.339,-0.16,FF FF FF AA 18 FF FF FF,FF FF FF AA 18 FF FF FF,[],190=789.25/exp 789.2101 VALUE_OK
MATCH,4287,0x0CF00400,61444,123276.0,106932.357,-0.138,FF FF FF F3 17 FF FF FF,FF FF FF F3 17 FF FF FF,[],190=766.375/exp 766.3541 VALUE_OK
MATCH,4288,0x0CF00400,61444,123296.0,106952.342,-0.151,FF FF FF 3E 17 FF FF FF,FF FF FF 3E 17 FF FF FF,[],190=743.75/exp 743.7408 VALUE_OK
MATCH,4289,0x0CF00400,61444,123316.0,106972.32,-0.17,FF FF FF 8B 16 FF FF FF,FF FF FF 8B 16 FF FF FF,[],190=721.375/exp 721.3758 VALUE_OK
MATCH,4290,0x0CF00400,61444,123336.0,106992.365,-0.121,FF FF FF DA 15 FF FF FF,FF FF FF DA 15 FF FF FF,[],190=699.25/exp 699.2646 VALUE_OK
MATCH,4291,0x0CF00400,61444,123356.0,107012.35,-0.134,FF FF FF 2B 15 FF FF FF,FF FF FF 2B 15 FF FF FF,[],190=677.375/exp 677.4127 VALUE_OK
MATCH,4292,0x0CF00400,61444,123376.0,107032.336,-0.145,FF FF FF 7F 14 FF FF FF,FF FF FF 7F 14 FF FF FF,[],190=655.875/exp 655.8254 VALUE_OK
MATCH,4293,0x0CF00400,61444,123396.0,107052.353,-0.125,FF FF FF D4 13 FF FF FF,FF FF FF D4 13 FF FF FF,[],190=634.5/exp 634.508 VALUE_OK
MATCH,4294,0x0CF00400,61444,123416.0,107072.331,-0.145,FF FF FF 2C 13 FF FF FF,FF FF FF 2C 13 FF FF FF,[],190=613.5/exp 613.4659 VALUE_OK
MATCH,4295,0x0CF00400,61444,123436.0,107092.32,-0.153,FF FF FF 86 12 FF FF FF,FF FF FF 86 12 FF FF FF,[],190=592.75/exp 592.7042 VALUE_OK
MATCH,4296,0x0CF00400,61444,123456.0,107112.31,-0.16,FF FF FF E2 11 FF FF FF,FF FF FF E2 11 FF FF FF,[],190=572.25/exp 572.2281 VALUE_OK
MATCH,4297,0x0CF00400,61444,123476.0,107132.356,-0.111,FF FF FF 40 11 FF FF FF,FF FF FF 40 11 FF FF FF,[],190=552.0/exp 552.0426 VALUE_OK
MATCH,4298,0x0CF00400,61444,123496.0,107152.337,-0.127,FF FF FF A1 10 FF FF FF,FF FF FF A1 10 FF FF FF,[],190=532.125/exp 532.1526 VALUE_OK
MATCH,4299,0x0CF00400,61444,123516.0,107172.323,-0.139,FF FF FF 05 10 FF FF FF,FF FF FF 05 10 FF FF FF,[],190=512.625/exp 512.5631 VALUE_OK
MATCH,4300,0x0CF00400,61444,123536.0,107192.36,-0.099,FF FF FF 6A 0F FF FF FF,FF FF FF 6A 0F FF FF FF,[],190=493.25/exp 493.279 VALUE_OK
MATCH,4301,0x0CF00400,61444,123556.0,107212.298,-0.159,FF FF FF D2 0E FF FF FF,FF FF FF D2 0E FF FF FF,[],190=474.25/exp 474.3049 VALUE_OK
MATCH,4302,0x0CF00400,61444,123576.0,107232.303,-0.151,FF FF FF 3D 0E FF FF FF,FF FF FF 3D 0E FF FF FF,[],190=455.625/exp 455.6456 VALUE_OK
MATCH,4303,0x0CF00400,61444,123596.0,107252.324,-0.127,FF FF FF AA 0D FF FF FF,FF FF FF AA 0D FF FF FF,[],190=437.25/exp 437.3056 VALUE_OK
MATCH,4304,0x0CF00400,61444,123616.0,107272.322,-0.126,FF FF FF 1A 0D FF FF FF,FF FF FF 1A 0D FF FF FF,[],190=419.25/exp 419.2896 VALUE_OK
MATCH,4305,0x0CF00400,61444,123636.0,107292.331,-0.115,FF FF FF 8D 0C FF FF FF,FF FF FF 8D 0C FF FF FF,[],190=401.625/exp 401.6018 VALUE_OK
MATCH,4306,0x0CF00400,61444,123656.0,107312.316,-0.127,FF FF FF 02 0C FF FF FF,FF FF FF 02 0C FF FF FF,[],190=384.25/exp 384.2468 VALUE_OK
MATCH,4307,0x0CF00400,61444,123676.0,107332.298,-0.143,FF FF FF 7A 0B FF FF FF,FF FF FF 7A 0B FF FF FF,[],190=367.25/exp 367.2287 VALUE_OK
MATCH,4308,0x0CF00400,61444,123696.0,107352.283,-0.155,FF FF FF F4 0A FF FF FF,FF FF FF F4 0A FF FF FF,[],190=350.5/exp 350.5518 VALUE_OK
MATCH,4309,0x0CF00400,61444,123716.0,107372.264,-0.171,FF FF FF 72 0A FF FF FF,FF FF FF 72 0A FF FF FF,[],190=334.25/exp 334.2203 VALUE_OK
MATCH,4310,0x0CF00400,61444,123736.0,107392.278,-0.154,FF FF FF F2 09 FF FF FF,FF FF FF F2 09 FF FF FF,[],190=318.25/exp 318.238 VALUE_OK
MATCH,4311,0x0CF00400,61444,123756.0,107412.283,-0.145,FF FF FF 75 09 FF FF FF,FF FF FF 75 09 FF FF FF,[],190=302.625/exp 302.609 VALUE_OK
MATCH,4312,0x0CF00400,61444,123776.0,107432.304,-0.122,FF FF FF FB 08 FF FF FF,FF FF FF FB 08 FF FF FF,[],190=287.375/exp 287.3371 VALUE_OK
MATCH,4313,0x0CF00400,61444,123796.0,107452.306,-0.117,FF FF FF 83 08 FF FF FF,FF FF FF 83 08 FF FF FF,[],190=272.375/exp 272.4261 VALUE_OK
MATCH,4314,0x0CF00400,61444,123816.0,107472.307,-0.114,FF FF FF 0F 08 FF FF FF,FF FF FF 0F 08 FF FF FF,[],190=257.875/exp 257.8797 VALUE_OK
MATCH,4315,0x0CF00400,61444,123836.0,107492.321,-0.097,FF FF FF 9E 07 FF FF FF,FF FF FF 9E 07 FF FF FF,[],190=243.75/exp 243.7015 VALUE_OK
MATCH,4316,0x0CF00400,61444,123856.0,107512.266,-0.151,FF FF FF 2F 07 FF FF FF,FF FF FF 2F 07 FF FF FF,[],190=229.875/exp 229.8948 VALUE_OK
MATCH,4317,0x0CF00400,61444,123876.0,107532.296,-0.118,FF FF FF C4 06 FF FF FF,FF FF FF C4 06 FF FF FF,[],190=216.5/exp 216.4633 VALUE_OK
MATCH,4318,0x0CF00400,61444,123896.0,107552.27,-0.141,FF FF FF 5B 06 FF FF FF,FF FF FF 5B 06 FF FF FF,[],190=203.375/exp 203.4101 VALUE_OK
MATCH,4319,0x0CF00400,61444,123916.0,107572.275,-0.133,FF FF FF F6 05 FF FF FF,FF FF FF F6 05 FF FF FF,[],190=190.75/exp 190.7386 VALUE_OK
MATCH,4320,0x0CF00400,61444,123936.0,107592.277,-0.129,FF FF FF 94 05 FF FF FF,FF FF FF 94 05 FF FF FF,[],190=178.5/exp 178.4517 VALUE_OK
MATCH,4321,0x0CF00400,61444,123956.0,107612.254,-0.149,FF FF FF 34 05 FF FF FF,FF FF FF 34 05 FF FF FF,[],190=166.5/exp 166.5527 VALUE_OK
MATCH,4322,0x0CF00400,61444,123976.0,107632.26,-0.14,FF FF FF D8 04 FF FF FF,FF FF FF D8 04 FF FF FF,[],190=155.0/exp 155.0443 VALUE_OK
MATCH,4323,0x0CF00400,61444,123996.0,107652.245,-0.152,FF FF FF 7F 04 FF FF FF,FF FF FF 7F 04 FF FF FF,[],190=143.875/exp 143.9294 VALUE_OK
MATCH,4324,0x0CF00400,61444,124016.0,107672.226,-0.168,FF FF FF 2A 04 FF FF FF,FF FF FF 2A 04 FF FF FF,[],190=133.25/exp 133.2108 VALUE_OK
MATCH,4325,0x0CF00400,61444,124036.0,107692.263,-0.128,FF FF FF D7 03 FF FF FF,FF FF FF D7 03 FF FF FF,[],190=122.875/exp 122.8911 VALUE_OK
MATCH,4326,0x0CF00400,61444,124056.0,107712.249,-0.139,FF FF FF 88 03 FF FF FF,FF FF FF 88 03 FF FF FF,[],190=113.0/exp 112.9729 VALUE_OK
MATCH,4327,0x0CF00400,61444,124076.0,107732.23,-0.156,FF FF FF 3C 03 FF FF FF,FF FF FF 3C 03 FF FF FF,[],190=103.5/exp 103.4587 VALUE_OK
MATCH,4328,0x0CF00400,61444,124096.0,107752.224,-0.158,FF FF FF F3 02 FF FF FF,FF FF FF F3 02 FF FF FF,[],190=94.375/exp 94.3506 VALUE_OK
MATCH,4329,0x0CF00400,61444,124116.0,107772.269,-0.11,FF FF FF AD 02 FF FF FF,FF FF FF AD 02 FF FF FF,[],190=85.625/exp 85.6511 VALUE_OK
MATCH,4330,0x0CF00400,61444,124136.0,107792.207,-0.17,FF FF FF 6B 02 FF FF FF,FF FF FF 6B 02 FF FF FF,[],190=77.375/exp 77.3622 VALUE_OK
MATCH,4331,0x0CF00400,61444,124156.0,107812.212,-0.162,FF FF FF 2C 02 FF FF FF,FF FF FF 2C 02 FF FF FF,[],190=69.5/exp 69.4861 VALUE_OK
MATCH,4332,0x0CF00400,61444,124176.0,107832.249,-0.121,FF FF FF F0 01 FF FF FF,FF FF FF F0 01 FF FF FF,[],190=62.0/exp 62.0245 VALUE_OK
MATCH,4333,0x0CF00400,61444,124196.0,107852.219,-0.149,FF FF FF B8 01 FF FF FF,FF FF FF B8 01 FF FF FF,[],190=55.0/exp 54.9795 VALUE_OK
MATCH,4334,0x0CF00400,61444,124216.0,107872.248,-0.117,FF FF FF 83 01 FF FF FF,FF FF FF 83 01 FF FF FF,[],190=48.375/exp 48.3526 VALUE_OK
MATCH,4335,0x0CF00400,61444,124236.0,107892.201,-0.162,FF FF FF 51 01 FF FF FF,FF FF FF 51 01 FF FF FF,[],190=42.125/exp 42.1457 VALUE_OK
MATCH,4336,0x0CF00400,61444,124256.0,107912.239,-0.12,FF FF FF 23 01 FF FF FF,FF FF FF 23 01 FF FF FF,[],190=36.375/exp 36.3601 VALUE_OK
MATCH,4337,0x0CF00400,61444,124276.0,107932.232,-0.125,FF FF FF F8 00 FF FF FF,FF FF FF F8 00 FF FF FF,[],190=31.0/exp 30.9973 VALUE_OK
MATCH,4338,0x0CF00400,61444,124296.0,107952.202,-0.153,FF FF FF D0 00 FF FF FF,FF FF FF D0 00 FF FF FF,[],190=26.0/exp 26.0587 VALUE_OK
MATCH,4339,0x0CF00400,61444,124316.0,107972.236,-0.116,FF FF FF AC 00 FF FF FF,FF FF FF AC 00 FF FF FF,[],190=21.5/exp 21.5454 VALUE_OK
MATCH,4340,0x0CF00400,61444,124336.0,107992.201,-0.148,FF FF FF 8C 00 FF FF FF,FF FF FF 8C 00 FF FF FF,[],190=17.5/exp 17.4586 VALUE_OK
MATCH,4341,0x0CF00400,61444,124356.0,108012.215,-0.131,FF FF FF 6E 00 FF FF FF,FF FF FF 6E 00 FF FF FF,[],190=13.75/exp 13.7993 VALUE_OK
MATCH,4342,0x0CF00400,61444,124376.0,108032.18,-0.164,FF FF FF 55 00 FF FF FF,FF FF FF 55 00 FF FF FF,[],190=10.625/exp 10.5683 VALUE_OK
MATCH,4343,0x0CF00400,61444,124396.0,108052.19,-0.15,FF FF FF 3E 00 FF FF FF,FF FF FF 3E 00 FF FF FF,[],190=7.75/exp 7.7666 VALUE_OK
MATCH,4344,0x0CF00400,61444,124416.0,108072.211,-0.126,FF FF FF 2B 00 FF FF FF,FF FF FF 2B 00 FF FF FF,[],190=5.375/exp 5.3947 VALUE_OK
MATCH,4345,0x0CF00400,61444,124436.0,108092.184,-0.151,FF FF FF 1C 00 FF FF FF,FF FF FF 1C 00 FF FF FF,[],190=3.5/exp 3.4532 VALUE_OK
MATCH,4346,0x0CF00400,61444,124456.0,108112.214,-0.118,FF FF FF 10 00 FF FF FF,FF FF FF 10 00 FF FF FF,[],190=2.0/exp 1.9427 VALUE_OK
MATCH,4347,0x0CF00400,61444,124476.0,108132.175,-0.154,FF FF FF 07 00 FF FF FF,FF FF FF 07 00 FF FF FF,[],190=0.875/exp 0.8635 VALUE_OK
MATCH,4348,0x0CF00400,61444,124496.0,108152.2,-0.126,FF FF FF 02 00 FF FF FF,FF FF FF 02 00 FF FF FF,[],190=0.25/exp 0.2159 VALUE_OK
MATCH,4349,0x0CF00400,61444,124516.0,108172.166,-0.158,FF FF FF 00 00 FF FF FF,FF FF FF 00 00 FF FF FF,[],190=0.0/exp 0.0 VALUE_OK
MATCH,4350,0x0CF00400,61444,124536.0,108192.163,-0.158,FF FF FF 02 00 FF FF FF,FF FF FF 02 00 FF FF FF,[],190=0.25/exp 0.2159 VALUE_OK
MATCH,4351,0x0CF00400,61444,124556.0,108212.196,-0.122,FF FF FF 07 00 FF FF FF,FF FF FF 07 00 FF FF FF,[],190=0.875/exp 0.8635 VALUE_OK
MATCH,4352,0x0CF00400,61444,124576.0,108232.162,-0.153,FF FF FF 10 00 FF FF FF,FF FF FF 10 00 FF FF FF,[],190=2.0/exp 1.9427 VALUE_OK
MATCH,4353,0x0CF00400,61444,124596.0,108252.188,-0.124,FF FF FF 1C 00 FF FF FF,FF FF FF 1C 00 FF FF FF,[],190=3.5/exp 3.4532 VALUE_OK
MATCH,4354,0x0CF00400,61444,124616.0,108272.145,-0.165,FF FF FF 2B 00 FF FF FF,FF FF FF 2B 00 FF FF FF,[],190=5.375/exp 5.3947 VALUE_OK
MATCH,4355,0x0CF00400,61444,124636.0,108292.186,-0.12,FF FF FF 3E 00 FF FF FF,FF FF FF 3E 00 FF FF FF,[],190=7.75/exp 7.7666 VALUE_OK
MATCH,4356,0x0CF00400,61444,124656.0,108312.176,-0.128,FF FF FF 55 00 FF FF FF,FF FF FF 55 00 FF FF FF,[],190=10.625/exp 10.5683 VALUE_OK
MATCH,4357,0x0CF00400,61444,124676.0,108332.145,-0.156,FF FF FF 6E 00 FF FF FF,FF FF FF 6E 00 FF FF FF,[],190=13.75/exp 13.7993 VALUE_OK
MATCH,4358,0x0CF00400,61444,124696.0,108352.186,-0.112,FF FF FF 8C 00 FF FF FF,FF FF FF 8C 00 FF FF FF,[],190=17.5/exp 17.4586 VALUE_OK
MATCH,4359,0x0CF00400,61444,124716.0,108372.152,-0.144,FF FF FF AC 00 FF FF FF,FF FF FF AC 00 FF FF FF,[],190=21.5/exp 21.5454 VALUE_OK
MATCH,4360,0x0CF00400,61444,124736.0,108392.177,-0.116,FF FF FF D0 00 FF FF FF,FF FF FF D0 00 FF FF FF,[],190=26.0/exp 26.0587 VALUE_OK
MATCH,4361,0x0CF00400,61444,124756.0,108412.139,-0.152,FF FF FF F8 00 FF FF FF,FF FF FF F8 00 FF FF FF,[],190=31.0/exp 30.9973 VALUE_OK
MATCH,4362,0x0CF00400,61444,124776.0,108432.141,-0.147,FF FF FF 23 01 FF FF FF,FF FF FF 23 01 FF FF FF,[],190=36.375/exp 36.3601 VALUE_OK
MATCH,4363,0x0CF00400,61444,124796.0,108452.162,-0.123,FF FF FF 51 01 FF FF FF,FF FF FF 51 01 FF FF FF,[],190=42.125/exp 42.1457 VALUE_OK
MATCH,4364,0x0CF00400,61444,124816.0,108472.139,-0.143,FF FF FF 83 01 FF FF FF,FF FF FF 83 01 FF FF FF,[],190=48.375/exp 48.3526 VALUE_OK
MATCH,4365,0x0CF00400,61444,124836.0,108492.169,-0.11,FF FF FF B8 01 FF FF FF,FF FF FF B8 01 FF FF FF,[],190=55.0/exp 54.9795 VALUE_OK
MATCH,4366,0x0CF00400,61444,124856.0,108512.13,-0.147,FF FF FF F0 01 FF FF FF,FF FF FF F0 01 FF FF FF,[],190=62.0/exp 62.0245 VALUE_OK
MATCH,4367,0x0CF00400,61444,124876.0,108532.152,-0.122,FF FF FF 2C 02 FF FF FF,FF FF FF 2C 02 FF FF FF,[],190=69.5/exp 69.4861 VALUE_OK
MATCH,4368,0x0CF00400,61444,124896.0,108552.149,-0.123,FF FF FF 6B 02 FF FF FF,FF FF FF 6B 02 FF FF FF,[],190=77.375/exp 77.3622 VALUE_OK
MATCH,4369,0x0CF00400,61444,124916.0,108572.135,-0.134,FF FF FF AD 02 FF FF FF,FF FF FF AD 02 FF FF FF,[],190=85.625/exp 85.6511 VALUE_OK
MATCH,4370,0x0CF00400,61444,124936.0,108592.128,-0.139,FF FF FF F3 02 FF FF FF,FF FF FF F3 02 FF FF FF,[],190=94.375/exp 94.3506 VALUE_OK
MATCH,4371,0x0CF00400,61444,124956.0,108612.105,-0.159,FF FF FF 3C 03 FF FF FF,FF FF FF 3C 03 FF FF FF,[],190=103.5/exp 103.4587 VALUE_OK
MATCH,4372,0x0CF00400,61444,124976.0,108632.095,-0.166,FF FF FF 88 03 FF FF FF,FF FF FF 88 03 FF FF FF,[],190=113.0/exp 112.9729 VALUE_OK
MATCH,4373,0x0CF00400,61444,124996.0,108652.148,-0.109,FF FF FF D7 03 FF FF FF,FF FF FF D7 03 FF FF FF,[],190=122.875/exp 122.8911 VALUE_OK
MATCH,4374,0x0CF00400,61444,125016.0,108672.121,-0.134,FF FF FF 2A 04 FF FF FF,FF FF FF 2A 04 FF FF FF,[],190=133.25/exp 133.2108 VALUE_OK
MATCH,4375,0x0CF00400,61444,125036.0,108692.091,-0.162,FF FF FF 7F 04 FF FF FF,FF FF FF 7F 04 FF FF FF,[],190=143.875/exp 143.9294 VALUE_OK
MATCH,4376,0x0CF00400,61444,125056.0,108712.08,-0.169,FF FF FF D8 04 FF FF FF,FF FF FF D8 04 FF FF FF,[],190=155.0/exp 155.0443 VALUE_OK
MATCH,4377,0x0CF00400,61444,125076.0,108732.082,-0.164,FF FF FF 34 05 FF FF FF,FF FF FF 34 05 FF FF FF,[],190=166.5/exp 166.5527 VALUE_OK
MATCH,4378,0x0CF00400,61444,125096.0,108752.139,-0.104,FF FF FF 94 05 FF FF FF,FF FF FF 94 05 FF FF FF,[],190=178.5/exp 178.4517 VALUE_OK
MATCH,4379,0x0CF00400,61444,125116.0,108772.136,-0.105,FF FF FF F6 05 FF FF FF,FF FF FF F6 05 FF FF FF,[],190=190.75/exp 190.7386 VALUE_OK
MATCH,4380,0x0CF00400,61444,125136.0,108792.074,-0.164,FF FF FF 5B 06 FF FF FF,FF FF FF 5B 06 FF FF FF,[],190=203.375/exp 203.4101 VALUE_OK
MATCH,4381,0x0CF00400,61444,125156.0,108812.119,-0.116,FF FF FF C4 06 FF FF FF,FF FF FF C4 06 FF FF FF,[],190=216.5/exp 216.4633 VALUE_OK
MATCH,4382,0x0CF00400,61444,125176.0,108832.077,-0.156,FF FF FF 2F 07 FF FF FF,FF FF FF 2F 07 FF FF FF,[],190=229.875/exp 229.8948 VALUE_OK
MATCH,4383,0x0CF00400,61444,125196.0,108852.095,-0.135,FF FF FF 9E 07 FF FF FF,FF FF FF 9E 07 FF FF FF,[],190=243.75/exp 243.7015 VALUE_OK
MATCH,4384,0x0CF00400,61444,125216.0,108872.092,-0.135,FF FF FF 0F 08 FF FF FF,FF FF FF 0F 08 FF FF FF,[],190=257.875/exp 257.8797 VALUE_OK
MATCH,4385,0x0CF00400,61444,125236.0,108892.106,-0.118,FF FF FF 83 08 FF FF FF,FF FF FF 83 08 FF FF FF,[],190=272.375/exp 272.4261 VALUE_OK
MATCH,4386,0x0CF00400,61444,125256.0,108912.099,-0.123,FF FF FF FB 08 FF FF FF,FF FF FF FB 08 FF FF FF,[],190=287.375/exp 287.3371 VALUE_OK
MATCH,4387,0x0CF00400,61444,125276.0,108932.06,-0.16,FF FF FF 75 09 FF FF FF,FF FF FF 75 09 FF FF FF,[],190=302.625/exp 302.609 VALUE_OK
MATCH,4388,0x0CF00400,61444,125296.0,108952.074,-0.142,FF FF FF F2 09 FF FF FF,FF FF FF F2 09 FF FF FF,[],190=318.25/exp 318.238 VALUE_OK
MATCH,4389,0x0CF00400,61444,125316.0,108972.067,-0.146,FF FF FF 72 0A FF FF FF,FF FF FF 72 0A FF FF FF,[],190=334.25/exp 334.2203 VALUE_OK
MATCH,4390,0x0CF00400,61444,125336.0,108992.056,-0.155,FF FF FF F4 0A FF FF FF,FF FF FF F4 0A FF FF FF,[],190=350.5/exp 350.5518 VALUE_OK
MATCH,4391,0x0CF00400,61444,125356.0,109012.042,-0.165,FF FF FF 7A 0B FF FF FF,FF FF FF 7A 0B FF FF FF,[],190=367.25/exp 367.2287 VALUE_OK
MATCH,4392,0x0CF00400,61444,125376.0,109032.099,-0.105,FF FF FF 02 0C FF FF FF,FF FF FF 02 0C FF FF FF,[],190=384.25/exp 384.2468 VALUE_OK
MATCH,4393,0x0CF00400,61444,125396.0,109052.065,-0.137,FF FF FF 8D 0C FF FF FF,FF FF FF 8D 0C FF FF FF,[],190=401.625/exp 401.6018 VALUE_OK
MATCH,4394,0x0CF00400,61444,125416.0,109072.086,-0.113,FF FF FF 1A 0D FF FF FF,FF FF FF 1A 0D FF FF FF,[],190=419.25/exp 419.2896 VALUE_OK
MATCH,4395,0x0CF00400,61444,125436.0,109092.075,-0.122,FF FF FF AA 0D FF FF FF,FF FF FF AA 0D FF FF FF,[],190=437.25/exp 437.3056 VALUE_OK
MATCH,4396,0x0CF00400,61444,125456.0,109112.049,-0.146,FF FF FF 3D 0E FF FF FF,FF FF FF 3D 0E FF FF FF,[],190=455.625/exp 455.6456 VALUE_OK
MATCH,4397,0x0CF00400,61444,125476.0,109132.042,-0.15,FF FF FF D2 0E FF FF FF,FF FF FF D2 0E FF FF FF,[],190=474.25/exp 474.3049 VALUE_OK
MATCH,4398,0x0CF00400,61444,125496.0,109152.032,-0.157,FF FF FF 6A 0F FF FF FF,FF FF FF 6A 0F FF FF FF,[],190=493.25/exp 493.279 VALUE_OK
MATCH,4399,0x0CF00400,61444,125516.0,109172.065,-0.121,FF FF FF 05 10 FF FF FF,FF FF FF 05 10 FF FF FF,[],190=512.625/exp 512.5631 VALUE_OK
MATCH,4400,0x0CF00400,61444,125536.0,109192.062,-0.121,FF FF FF A1 10 FF FF FF,FF FF FF A1 10 FF FF FF,[],190=532.125/exp 532.1526 VALUE_OK
MATCH,4401,0x0CF00400,61444,125556.0,109212.028,-0.153,FF FF FF 40 11 FF FF FF,FF FF FF 40 11 FF FF FF,[],190=552.0/exp 552.0426 VALUE_OK
MATCH,4402,0x0CF00400,61444,125576.0,109232.053,-0.125,FF FF FF E2 11 FF FF FF,FF FF FF E2 11 FF FF FF,[],190=572.25/exp 572.2281 VALUE_OK
MATCH,4403,0x0CF00400,61444,125596.0,109252.034,-0.141,FF FF FF 86 12 FF FF FF,FF FF FF 86 12 FF FF FF,[],190=592.75/exp 592.7042 VALUE_OK
MATCH,4404,0x0CF00400,61444,125616.0,109272.001,-0.171,FF FF FF 2C 13 FF FF FF,FF FF FF 2C 13 FF FF FF,[],190=613.5/exp 613.4659 VALUE_OK
MATCH,4405,0x0CF00400,61444,125636.0,109292.03,-0.139,FF FF FF D4 13 FF FF FF,FF FF FF D4 13 FF FF FF,[],190=634.5/exp 634.508 VALUE_OK
MATCH,4406,0x0CF00400,61444,125656.0,109312.032,-0.134,FF FF FF 7F 14 FF FF FF,FF FF FF 7F 14 FF FF FF,[],190=655.875/exp 655.8254 VALUE_OK
MATCH,4407,0x0CF00400,61444,125676.0,109331.997,-0.166,FF FF FF 2B 15 FF FF FF,FF FF FF 2B 15 FF FF FF,[],190=677.375/exp 677.4127 VALUE_OK
MATCH,4408,0x0CF00400,61444,125696.0,109352.018,-0.142,FF FF FF DA 15 FF FF FF,FF FF FF DA 15 FF FF FF,[],190=699.25/exp 699.2646 VALUE_OK
MATCH,4409,0x0CF00400,61444,125716.0,109371.984,-0.173,FF FF FF 8B 16 FF FF FF,FF FF FF 8B 16 FF FF FF,[],190=721.375/exp 721.3758 VALUE_OK
MATCH,4410,0x0CF00400,61444,125736.0,109392.013,-0.141,FF FF FF 3E 17 FF FF FF,FF FF FF 3E 17 FF FF FF,[],190=743.75/exp 743.7408 VALUE_OK
MATCH,4411,0x0CF00400,61444,125756.0,109411.979,-0.172,FF FF FF F3 17 FF FF FF,FF FF FF F3 17 FF FF FF,[],190=766.375/exp 766.3541 VALUE_OK
MATCH,4412,0x0CF00400,61444,125776.0,109431.976,-0.172,FF FF FF AA 18 FF FF FF,FF FF FF AA 18 FF FF FF,[],190=789.25/exp 789.2101 VALUE_OK
MATCH,4413,0x0CF00400,61444,125796.0,109452.006,-0.138,FF FF FF 62 19 FF FF FF,FF FF FF 62 19 FF FF FF,[],190=812.25/exp 812.3031 VALUE_OK
MATCH,4414,0x0CF00400,61444,125816.0,109471.971,-0.17,FF FF FF 1D 1A FF FF FF,FF FF FF 1D 1A FF FF FF,[],190=835.625/exp 835.6275 VALUE_OK
MATCH,4415,0x0CF00400,61444,125836.0,109492.004,-0.134,FF FF FF D9 1A FF FF FF,FF FF FF D9 1A FF FF FF,[],190=859.125/exp 859.1775 VALUE_OK
MATCH,4416,0x0CF00400,61444,125856.0,109511.981,-0.154,FF FF FF 98 1B FF FF FF,FF FF FF 98 1B FF FF FF,[],190=883.0/exp 882.9473 VALUE_OK
MATCH,4417,0x0CF00400,61444,125876.0,109531.975,-0.157,FF FF FF 57 1C FF FF FF,FF FF FF 57 1C FF FF FF,[],190=906.875/exp 906.9311 VALUE_OK
MATCH,4418,0x0CF00400,61444,125896.0,109551.988,-0.141,FF FF FF 19 1D FF FF FF,FF FF FF 19 1D FF FF FF,[],190=931.125/exp 931.1228 VALUE_OK
MATCH,4419,0x0CF00400,61444,125916.0,109571.966,-0.16,FF FF FF DC 1D FF FF FF,FF FF FF DC 1D FF FF FF,[],190=955.5/exp 955.5166 VALUE_OK
MATCH,4420,0x0CF00400,61444,125936.0,109591.979,-0.144,FF FF FF A1 1E FF FF FF,FF FF FF A1 1E FF FF FF,[],190=980.125/exp 980.1065 VALUE_OK
MATCH,4421,0x0CF00400,61444,125956.0,109611.949,-0.171,FF FF FF 67 1F FF FF FF,FF FF FF 67 1F FF FF FF,[],190=1004.875/exp 1004.8862 VALUE_OK
MATCH,4422,0x0CF00400,61444,125976.0,109631.974,-0.143,FF FF FF 2F 20 FF FF FF,FF FF FF 2F 20 FF FF FF,[],190=1029.875/exp 1029.8499 VALUE_OK
MATCH,4423,0x0CF00400,61444,125996.0,109651.967,-0.147,FF FF FF F8 20 FF FF FF,FF FF FF F8 20 FF FF FF,[],190=1055.0/exp 1054.9912 VALUE_OK
MATCH,4424,0x0CF00400,61444,126016.0,109671.949,-0.162,FF FF FF C2 21 FF FF FF,FF FF FF C2 21 FF FF FF,[],190=1080.25/exp 1080.304 VALUE_OK
MATCH,4425,0x0CF00400,61444,126036.0,109691.966,-0.142,FF FF FF 8E 22 FF FF FF,FF FF FF 8E 22 FF FF FF,[],190=1105.75/exp 1105.782 VALUE_OK
MATCH,4426,0x0CF00400,61444,126056.0,109711.956,-0.149,FF FF FF 5B 23 FF FF FF,FF FF FF 5B 23 FF FF FF,[],190=1131.375/exp 1131.419 VALUE_OK
MATCH,4427,0x0CF00400,61444,126076.0,109731.942,-0.16,FF FF FF 2A 24 FF FF FF,FF FF FF 2A 24 FF FF FF,[],190=1157.25/exp 1157.2086 VALUE_OK
MATCH,4428,0x0CF00400,61444,126096.0,109751.931,-0.168,FF FF FF F9 24 FF FF FF,FF FF FF F9 24 FF FF FF,[],190=1183.125/exp 1183.1445 VALUE_OK
MATCH,4429,0x0CF00400,61444,126116.0,109771.924,-0.171,FF FF FF CA 25 FF FF FF,FF FF FF CA 25 FF FF FF,[],190=1209.25/exp 1209.2203 VALUE_OK
MATCH,4430,0x0CF00400,61444,126136.0,109791.974,-0.118,FF FF FF 9B 26 FF FF FF,FF FF FF 9B 26 FF FF FF,[],190=1235.375/exp 1235.4294 VALUE_OK
MATCH,4431,0x0CF00400,61444,126156.0,109811.931,-0.159,FF FF FF 6E 27 FF FF FF,FF FF FF 6E 27 FF FF FF,[],190=1261.75/exp 1261.7656 VALUE_OK
MATCH,4432,0x0CF00400,61444,126176.0,109831.917,-0.169,FF FF FF 42 28 FF FF FF,FF FF FF 42 28 FF FF FF,[],190=1288.25/exp 1288.2222 VALUE_OK
MATCH,4433,0x0CF00400,61444,126196.0,109851.91,-0.173,FF FF FF 16 29 FF FF FF,FF FF FF 16 29 FF FF FF,[],190=1314.75/exp 1314.7927 VALUE_OK
MATCH,4434,0x0CF00400,61444,126216.0,109871.975,-0.105,FF FF FF EC 29 FF FF FF,FF FF FF EC 29 FF FF FF,[],190=1341.5/exp 1341.4706 VALUE_OK
MATCH,4435,0x0CF00400,61444,126236.0,109891.953,-0.124,FF FF FF C2 2A FF FF FF,FF FF FF C2 2A FF FF FF,[],190=1368.25/exp 1368.2493 VALUE_OK
MATCH,4436,0x0CF00400,61444,126256.0,109911.946,-0.129,FF FF FF 99 2B FF FF FF,FF FF FF 99 2B FF FF FF,[],190=1395.125/exp 1395.1222 VALUE_OK
MATCH,4437,0x0CF00400,61444,126276.0,109931.9,-0.172,FF FF FF 71 2C FF FF FF,FF FF FF 71 2C FF FF FF,[],190=1422.125/exp 1422.0827 VALUE_OK
MATCH,4438,0x0CF00400,61444,126296.0,109951.957,-0.112,FF FF FF 49 2D FF FF FF,FF FF FF 49 2D FF FF FF,[],190=1449.125/exp 1449.1241 VALUE_OK
MATCH,4439,0x0CF00400,61444,126316.0,109971.934,-0.133,FF FF FF 22 2E FF FF FF,FF FF FF 22 2E FF FF FF,[],190=1476.25/exp 1476.2397 VALUE_OK
MATCH,4440,0x0CF00400,61444,126336.0,109991.928,-0.136,FF FF FF FB 2E FF FF FF,FF FF FF FB 2E FF FF FF,[],190=1503.375/exp 1503.4228 VALUE_OK
MATCH,4441,0x0CF00400,61444,126356.0,110011.921,-0.14,FF FF FF D5 2F FF FF FF,FF FF FF D5 2F FF FF FF,[],190=1530.625/exp 1530.6668 VALUE_OK
MATCH,4442,0x0CF00400,61444,126376.0,110031.914,-0.145,FF FF FF B0 30 FF FF FF,FF FF FF B0 30 FF FF FF,[],190=1558.0/exp 1557.965 VALUE_OK
MATCH,4443,0x0CF00400,61444,126396.0,110051.932,-0.124,FF FF FF 8A 31 FF FF FF,FF FF FF 8A 31 FF FF FF,[],190=1585.25/exp 1585.3105 VALUE_OK
MATCH,4444,0x0CF00400,61444,126416.0,110071.917,-0.136,FF FF FF 66 32 FF FF FF,FF FF FF 66 32 FF FF FF,[],190=1612.75/exp 1612.6966 VALUE_OK
MATCH,4445,0x0CF00400,61444,126436.0,110091.931,-0.119,FF FF FF 41 33 FF FF FF,FF FF FF 41 33 FF FF FF,[],190=1640.125/exp 1640.1166 VALUE_OK
MATCH,4446,0x0CF00400,61444,126456.0,110111.912,-0.136,FF FF FF 1D 34 FF FF FF,FF FF FF 1D 34 FF FF FF,[],190=1667.625/exp 1667.5637 VALUE_OK
MATCH,4447,0x0CF00400,61444,126476.0,110131.913,-0.132,FF FF FF F8 34 FF FF FF,FF FF FF F8 34 FF FF FF,[],190=1695.0/exp 1695.0312 VALUE_OK
MATCH,4448,0x0CF00400,61444,126496.0,110151.904,-0.139,FF FF FF D4 35 FF FF FF,FF FF FF D4 35 FF FF FF,[],190=1722.5/exp 1722.5122 VALUE_OK
MATCH,4449,0x0CF00400,61444,126516.0,110171.837,-0.203,FF FF FF B0 36 FF FF FF,FF FF FF B0 36 FF FF FF,[],190=1750.0/exp 1750.0 VALUE_OK
MATCH,4450,0x0CF00400,61444,126536.0,110191.851,-0.185,FF FF FF 8C 37 FF FF FF,FF FF FF 8C 37 FF FF FF,[],190=1777.5/exp 1777.4878 VALUE_OK
MATCH,4451,0x0CF00400,61444,126556.0,110211.864,-0.168,FF FF FF 68 38 FF FF FF,FF FF FF 68 38 FF FF FF,[],190=1805.0/exp 1804.9688 VALUE_OK
MATCH,4452,0x0CF00400,61444,126576.0,110231.829,-0.2,FF FF FF 43 39 FF FF FF,FF FF FF 43 39 FF FF FF,[],190=1832.375/exp 1832.4363 VALUE_OK
MATCH,4453,0x0CF00400,61444,126596.0,110251.835,-0.19,FF FF FF 1F 3A FF FF FF,FF FF FF 1F 3A FF FF FF,[],190=1859.875/exp 1859.8834 VALUE_OK
MATCH,4454,0x0CF00400,61444,126616.0,110271.848,-0.173,FF FF FF FA 3A FF FF FF,FF FF FF FA 3A FF FF FF,[],190=1887.25/exp 1887.3034 VALUE_OK
MATCH,4455,0x0CF00400,61444,126636.0,110291.862,-0.156,FF FF FF D6 3B FF FF FF,FF FF FF D6 3B FF FF FF,[],190=1914.75/exp 1914.6895 VALUE_OK
MATCH,4456,0x0CF00400,61444,126656.0,110311.855,-0.159,FF FF FF B0 3C FF FF FF,FF FF FF B0 3C FF FF FF,[],190=1942.0/exp 1942.035 VALUE_OK
UNLOGGED,,0x0CF00400,61444,,110331.852,,,FF FF FF 8B 3D FF FF FF,[],
MATCH,4458,0x0CF00400,61444,126696.0,110351.846,-0.165,FF FF FF 65 3E FF FF FF,FF FF FF 65 3E FF FF FF,[],190=1996.625/exp 1996.5772 VALUE_OK
MATCH,4459,0x0CF00400,61444,126716.0,110371.816,-0.192,FF FF FF 3E 3F FF FF FF,FF FF FF 3E 3F FF FF FF,[],190=2023.75/exp 2023.7603 VALUE_OK
MATCH,4460,0x0CF00400,61444,126736.0,110391.817,-0.187,FF FF FF 17 40 FF FF FF,FF FF FF 17 40 FF FF FF,[],190=2050.875/exp 2050.8759 VALUE_OK
MATCH,4461,0x0CF00400,61444,126756.0,110411.846,-0.154,FF FF FF EF 40 FF FF FF,FF FF FF EF 40 FF FF FF,[],190=2077.875/exp 2077.9173 VALUE_OK
MATCH,4462,0x0CF00400,61444,126776.0,110431.807,-0.19,FF FF FF C7 41 FF FF FF,FF FF FF C7 41 FF FF FF,[],190=2104.875/exp 2104.8778 VALUE_OK
MATCH,4463,0x0CF00400,61444,126796.0,110451.809,-0.184,FF FF FF 9E 42 FF FF FF,FF FF FF 9E 42 FF FF FF,[],190=2131.75/exp 2131.7507 VALUE_OK
MATCH,4464,0x0CF00400,61444,126816.0,110471.814,-0.176,FF FF FF 74 43 FF FF FF,FF FF FF 74 43 FF FF FF,[],190=2158.5/exp 2158.5294 VALUE_OK
MATCH,4465,0x0CF00400,61444,126836.0,110491.824,-0.162,FF FF FF 4A 44 FF FF FF,FF FF FF 4A 44 FF FF FF,[],190=2185.25/exp 2185.2073 VALUE_OK
MATCH,4466,0x0CF00400,61444,126856.0,110511.797,-0.186,FF FF FF 1E 45 FF FF FF,FF FF FF 1E 45 FF FF FF,[],190=2211.75/exp 2211.7778 VALUE_OK
MATCH,4467,0x0CF00400,61444,126876.0,110531.818,-0.161,FF FF FF F2 45 FF FF FF,FF FF FF F2 45 FF FF FF,[],190=2238.25/exp 2238.2344 VALUE_OK
MATCH,4468,0x0CF00400,61444,126896.0,110551.795,-0.181,FF FF FF C5 46 FF FF FF,FF FF FF C5 46 FF FF FF,[],190=2264.625/exp 2264.5706 VALUE_OK
MATCH,4469,0x0CF00400,61444,126916.0,110571.818,-0.154,FF FF FF 96 47 FF FF FF,FF FF FF 96 47 FF FF FF,[],190=2290.75/exp 2290.7797 VALUE_OK
MATCH,4470,0x0CF00400,61444,126936.0,110591.783,-0.186,FF FF FF 67 48 FF FF FF,FF FF FF 67 48 FF FF FF,[],190=2316.875/exp 2316.8555 VALUE_OK
MATCH,4471,0x0CF00400,61444,126956.0,110611.805,-0.161,FF FF FF 36 49 FF FF FF,FF FF FF 36 49 FF FF FF,[],190=2342.75/exp 2342.7914 VALUE_OK
MATCH,4472,0x0CF00400,61444,126976.0,110631.778,-0.184,FF FF FF 05 4A FF FF FF,FF FF FF 05 4A FF FF FF,[],190=2368.625/exp 2368.581 VALUE_OK
MATCH,4473,0x0CF00400,61444,126996.0,110651.799,-0.16,FF FF FF D2 4A FF FF FF,FF FF FF D2 4A FF FF FF,[],190=2394.25/exp 2394.218 VALUE_OK
MATCH,4474,0x0CF00400,61444,127016.0,110671.765,-0.191,FF FF FF 9E 4B FF FF FF,FF FF FF 9E 4B FF FF FF,[],190=2419.75/exp 2419.696 VALUE_OK
MATCH,4475,0x0CF00400,61444,127036.0,110691.758,-0.194,FF FF FF 68 4C FF FF FF,FF FF FF 68 4C FF FF FF,[],190=2445.0/exp 2445.0088 VALUE_OK
MATCH,4476,0x0CF00400,61444,127056.0,110711.764,-0.184,FF FF FF 31 4D FF FF FF,FF FF FF 31 4D FF FF FF,[],190=2470.125/exp 2470.1501 VALUE_OK
MATCH,4477,0x0CF00400,61444,127076.0,110731.773,-0.171,FF FF FF F9 4D FF FF FF,FF FF FF F9 4D FF FF FF,[],190=2495.125/exp 2495.1138 VALUE_OK
MATCH,4478,0x0CF00400,61444,127096.0,110751.771,-0.17,FF FF FF BF 4E FF FF FF,FF FF FF BF 4E FF FF FF,[],190=2519.875/exp 2519.8935 VALUE_OK
MATCH,4479,0x0CF00400,61444,127116.0,110771.78,-0.157,FF FF FF 84 4F FF FF FF,FF FF FF 84 4F FF FF FF,[],190=2544.5/exp 2544.4834 VALUE_OK
MATCH,4480,0x0CF00400,61444,127136.0,110791.765,-0.169,FF FF FF 47 50 FF FF FF,FF FF FF 47 50 FF FF FF,[],190=2568.875/exp 2568.8772 VALUE_OK
MATCH,4481,0x0CF00400,61444,127156.0,110811.786,-0.145,FF FF FF 09 51 FF FF FF,FF FF FF 09 51 FF FF FF,[],190=2593.125/exp 2593.0689 VALUE_OK
MATCH,4482,0x0CF00400,61444,127176.0,110831.76,-0.168,FF FF FF C8 51 FF FF FF,FF FF FF C8 51 FF FF FF,[],190=2617.0/exp 2617.0527 VALUE_OK
MATCH,4483,0x0CF00400,61444,127196.0,110851.745,-0.18,FF FF FF 87 52 FF FF FF,FF FF FF 87 52 FF FF FF,[],190=2640.875/exp 2640.8225 VALUE_OK
MATCH,4484,0x0CF00400,61444,127216.0,110871.755,-0.166,FF FF FF 43 53 FF FF FF,FF FF FF 43 53 FF FF FF,[],190=2664.375/exp 2664.3725 VALUE_OK
MATCH,4485,0x0CF00400,61444,127236.0,110891.776,-0.142,FF FF FF FE 53 FF FF FF,FF FF FF FE 53 FF FF FF,[],190=2687.75/exp 2687.6969 VALUE_OK
MATCH,4486,0x0CF00400,61444,127256.0,110911.737,-0.178,FF FF FF B6 54 FF FF FF,FF FF FF B6 54 FF FF FF,[],190=2710.75/exp 2710.7899 VALUE_OK
MATCH,4487,0x0CF00400,61444,127276.0,110931.751,-0.16,FF FF FF 6D 55 FF FF FF,FF FF FF 6D 55 FF FF FF,[],190=2733.625/exp 2733.6459 VALUE_OK
MATCH,4488,0x0CF00400,61444,127296.0,110951.764,-0.144,FF FF FF 22 56 FF FF FF,FF FF FF 22 56 FF FF FF,[],190=2756.25/exp 2756.2592 VALUE_OK
MATCH,4489,0x0CF00400,61444,127316.0,110971.73,-0.175,FF FF FF D5 56 FF FF FF,FF FF FF D5 56 FF FF FF,[],190=2778.625/exp 2778.6242 VALUE_OK
MATCH,4490,0x0CF00400,61444,127336.0,110991.755,-0.147,FF FF FF 86 57 FF FF FF,FF FF FF 86 57 FF FF FF,[],190=2800.75/exp 2800.7354 VALUE_OK
MATCH,4491,0x0CF00400,61444,127356.0,111011.754,-0.145,FF FF FF 35 58 FF FF FF,FF FF FF 35 58 FF FF FF,[],190=2822.625/exp 2822.5873 VALUE_OK
MATCH,4492,0x0CF00400,61444,127376.0,111031.731,-0.165,FF FF FF E1 58 FF FF FF,FF FF FF E1 58 FF FF FF,[],190=2844.125/exp 2844.1746 VALUE_OK
MATCH,4493,0x0CF00400,61444,127396.0,111051.748,-0.145,FF FF FF 8C 59 FF FF FF,FF FF FF 8C 59 FF FF FF,[],190=2865.5/exp 2865.492 VALUE_OK
MATCH,4494,0x0CF00400,61444,127416.0,111071.714,-0.176,FF FF FF 34 5A FF FF FF,FF FF FF 34 5A FF FF FF,[],190=2886.5/exp 2886.5341 VALUE_OK
MATCH,4495,0x0CF00400,61444,127436.0,111091.731,-0.155,FF FF FF DA 5A FF FF FF,FF FF FF DA 5A FF FF FF,[],190=2907.25/exp 2907.2958 VALUE_OK
MATCH,4496,0x0CF00400,61444,127456.0,111111.744,-0.139,FF FF FF 7E 5B FF FF FF,FF FF FF 7E 5B FF FF FF,[],190=2927.75/exp 2927.7719 VALUE_OK
MATCH,4497,0x0CF00400,61444,127476.0,111131.714,-0.166,FF FF FF 20 5C FF FF FF,FF FF FF 20 5C FF FF FF,[],190=2948.0/exp 2947.9574 VALUE_OK
MATCH,4498,0x0CF00400,61444,127496.0,111151.727,-0.15,FF FF FF BF 5C FF FF FF,FF FF FF BF 5C FF FF FF,[],190=2967.875/exp 2967.8474 VALUE_OK
