verdict,seq,can_id,pgn,t_tx_ms,t_rx_ms,latency_ms,tx_data,rx_data,diff_bytes,spn
MATCH,4499,0x0CF00400,61444,134788.0,118442.614,0.649,FF FF FF 00 00 FF FF FF,FF FF FF 00 00 FF FF FF,[],190=0.0/exp 0.0 VALUE_OK
MATCH,4500,0x0CF00400,61444,134793.0,118447.613,0.635,FF FF FF 00 00 FF FF FF,FF FF FF 00 00 FF FF FF,[],190=0.0/exp 0.0 VALUE_OK
MATCH,4501,0x0CF00400,61444,134798.0,118452.605,0.614,FF FF FF 00 00 FF FF FF,FF FF FF 00 00 FF FF FF,[],190=0.0/exp 0.0 VALUE_OK
MATCH,4502,0x0CF00400,61444,134803.0,118457.604,0.601,FF FF FF 00 00 FF FF FF,FF FF FF 00 00 FF FF FF,[],190=0.0/exp 0.0 VALUE_OK
MATCH,4503,0x0CF00400,61444,134808.0,118462.608,0.593,FF FF FF 00 00 FF FF FF,FF FF FF 00 00 FF FF FF,[],190=0.0/exp 0.0 VALUE_OK
MATCH,4504,0x0CF00400,61444,134813.0,118467.608,0.581,FF FF FF 00 00 FF FF FF,FF FF FF 00 00 FF FF FF,[],190=0.0/exp 0.0 VALUE_OK
MATCH,4505,0x0CF00400,61444,134818.0,118472.611,0.573,FF FF FF 00 00 FF FF FF,FF FF FF 00 00 FF FF FF,[],190=0.0/exp 0.0 VALUE_OK
MATCH,4506,0x0CF00400,61444,134823.0,118477.599,0.549,FF FF FF 00 00 FF FF FF,FF FF FF 00 00 FF FF FF,[],190=0.0/exp 0.0 VALUE_OK
MATCH,4507,0x0CF00400,61444,134828.0,118482.602,0.541,FF FF FF 00 00 FF FF FF,FF FF FF 00 00 FF FF FF,[],190=0.0/exp 0.0 VALUE_OK
MATCH,4508,0x0CF00400,61444,134833.0,118487.602,0.53,FF FF FF 00 00 FF FF FF,FF FF FF 00 00 FF FF FF,[],190=0.0/exp 0.0 VALUE_OK
MATCH,4509,0x0CF00400,61444,134838.0,118492.601,0.519,FF FF FF 00 00 FF FF FF,FF FF FF 00 00 FF FF FF,[],190=0.0/exp 0.0 VALUE_OK
MATCH,4510,0x0CF00400,61444,134843.0,118497.605,0.512,FF FF FF 00 00 FF FF FF,FF FF FF 00 00 FF FF FF,[],190=0.0/exp 0.0 VALUE_OK
MATCH,4511,0x0CF00400,61444,134848.0,118502.608,0.505,FF FF FF 00 00 FF FF FF,FF FF FF 00 00 FF FF FF,[],190=0.0/exp 0.0 VALUE_OK
MATCH,4512,0x0CF00400,61444,134853.0,118507.592,0.479,FF FF FF 00 00 FF FF FF,FF FF FF 00 00 FF FF FF,[],190=0.0/exp 0.0 VALUE_OK
MATCH,4513,0x0CF00400,61444,134858.0,118512.595,0.472,FF FF FF 00 00 FF FF FF,FF FF FF 00 00 FF FF FF,[],190=0.0/exp 0.0 VALUE_OK
MATCH,4514,0x0CF00400,61444,134863.0,118517.595,0.463,FF FF FF 00 00 FF FF FF,FF FF FF 00 00 FF FF FF,[],190=0.0/exp 0.0 VALUE_OK
MATCH,4515,0x0CF00400,61444,134868.0,118522.595,0.454,FF FF FF 00 00 FF FF FF,FF FF FF 00 00 FF FF FF,[],190=0.0/exp 0.0 VALUE_OK
MATCH,4516,0x0CF00400,61444,134873.0,118527.594,0.444,FF FF FF 00 00 FF FF FF,FF FF FF 00 00 FF FF FF,[],190=0.0/exp 0.0 VALUE_OK
MATCH,4517,0x0CF00400,61444,134878.0,118532.593,0.434,FF FF FF 00 00 FF FF FF,FF FF FF 00 00 FF FF FF,[],190=0.0/exp 0.0 VALUE_OK
MATCH,4518,0x0CF00400,61444,134883.0,118537.593,0.425,FF FF FF 00 00 FF FF FF,FF FF FF 00 00 FF FF FF,[],190=0.0/exp 0.0 VALUE_OK
MATCH,4519,0x0CF00400,61444,134888.0,118542.593,0.417,FF FF FF 00 00 FF FF FF,FF FF FF 00 00 FF FF FF,[],190=0.0/exp 0.0 VALUE_OK
MATCH,4520,0x0CF00400,61444,134893.0,118547.592,0.407,FF FF FF 00 00 FF FF FF,FF FF FF 00 00 FF FF FF,[],190=0.0/exp 0.0 VALUE_OK
MATCH,4521,0x0CF00400,61444,134898.0,118552.591,0.398,FF FF FF 00 00 FF FF FF,FF FF FF 00 00 FF FF FF,[],190=0.0/exp 0.0 VALUE_OK
MATCH,4522,0x0CF00400,61444,134903.0,118557.591,0.39,FF FF FF 00 00 FF FF FF,FF FF FF 00 00 FF FF FF,[],190=0.0/exp 0.0 VALUE_OK
MATCH,4523,0x0CF00400,61444,134908.0,118562.587,0.378,FF FF FF 00 00 FF FF FF,FF FF FF 00 00 FF FF FF,[],190=0.0/exp 0.0 VALUE_OK
MATCH,4524,0x0CF00400,61444,134913.0,118567.586,0.37,FF FF FF 00 00 FF FF FF,FF FF FF 00 00 FF FF FF,[],190=0.0/exp 0.0 VALUE_OK
MATCH,4525,0x0CF00400,61444,134918.0,118572.586,0.362,FF FF FF 00 00 FF FF FF,FF FF FF 00 00 FF FF FF,[],190=0.0/exp 0.0 VALUE_OK
MATCH,4526,0x0CF00400,61444,134923.0,118577.585,0.354,FF FF FF 00 00 FF FF FF,FF FF FF 00 00 FF FF FF,[],190=0.0/exp 0.0 VALUE_OK
MATCH,4527,0x0CF00400,61444,134928.0,118582.586,0.348,FF FF FF 00 00 FF FF FF,FF FF FF 00 00 FF FF FF,[],190=0.0/exp 0.0 VALUE_OK
MATCH,4528,0x0CF00400,61444,134933.0,118587.585,0.34,FF FF FF 00 00 FF FF FF,FF FF FF 00 00 FF FF FF,[],190=0.0/exp 0.0 VALUE_OK
MATCH,4529,0x0CF00400,61444,134938.0,118592.585,0.333,FF FF FF 00 00 FF FF FF,FF FF FF 00 00 FF FF FF,[],190=0.0/exp 0.0 VALUE_OK
MATCH,4530,0x0CF00400,61444,134943.0,118597.584,0.326,FF FF FF 00 00 FF FF FF,FF FF FF 00 00 FF FF FF,[],190=0.0/exp 0.0 VALUE_OK
MATCH,4531,0x0CF00400,61444,134948.0,118602.584,0.319,FF FF FF 00 00 FF FF FF,FF FF FF 00 00 FF FF FF,[],190=0.0/exp 0.0 VALUE_OK
MATCH,4532,0x0CF00400,61444,134953.0,118607.584,0.313,FF FF FF 00 00 FF FF FF,FF FF FF 00 00 FF FF FF,[],190=0.0/exp 0.0 VALUE_OK
MATCH,4533,0x0CF00400,61444,134958.0,118612.583,0.305,FF FF FF 00 00 FF FF FF,FF FF FF 00 00 FF FF FF,[],190=0.0/exp 0.0 VALUE_OK
MATCH,4534,0x0CF00400,61444,134963.0,118617.582,0.298,FF FF FF 00 00 FF FF FF,FF FF FF 00 00 FF FF FF,[],190=0.0/exp 0.0 VALUE_OK
MATCH,4535,0x0CF00400,61444,134968.0,118622.582,0.292,FF FF FF 00 00 FF FF FF,FF FF FF 00 00 FF FF FF,[],190=0.0/exp 0.0 VALUE_OK
MATCH,4536,0x0CF00400,61444,134973.0,118627.581,0.286,FF FF FF 00 00 FF FF FF,FF FF FF 00 00 FF FF FF,[],190=0.0/exp 0.0 VALUE_OK
MATCH,4537,0x0CF00400,61444,134978.0,118632.581,0.28,FF FF FF 00 00 FF FF FF,FF FF FF 00 00 FF FF FF,[],190=0.0/exp 0.0 VALUE_OK
MATCH,4538,0x0CF00400,61444,134983.0,118637.581,0.274,FF FF FF 00 00 FF FF FF,FF FF FF 00 00 FF FF FF,[],190=0.0/exp 0.0 VALUE_OK
MATCH,4539,0x0CF00400,61444,134988.0,118642.58,0.268,FF FF FF 00 00 FF FF FF,FF FF FF 00 00 FF FF FF,[],190=0.0/exp 0.0 VALUE_OK
MATCH,4540,0x0CF00400,61444,134993.0,118647.58,0.262,FF FF FF 00 00 FF FF FF,FF FF FF 00 00 FF FF FF,[],190=0.0/exp 0.0 VALUE_OK
MATCH,4541,0x0CF00400,61444,134998.0,118652.575,0.252,FF FF FF 00 00 FF FF FF,FF FF FF 00 00 FF FF FF,[],190=0.0/exp 0.0 VALUE_OK
MATCH,4542,0x0CF00400,61444,135003.0,118657.579,0.251,FF FF FF 00 00 FF FF FF,FF FF FF 00 00 FF FF FF,[],190=0.0/exp 0.0 VALUE_OK
MATCH,4543,0x0CF00400,61444,135008.0,118662.574,0.241,FF FF FF 00 00 FF FF FF,FF FF FF 00 00 FF FF FF,[],190=0.0/exp 0.0 VALUE_OK
MATCH,4544,0x0CF00400,61444,135013.0,118667.574,0.236,FF FF FF 00 00 FF FF FF,FF FF FF 00 00 FF FF FF,[],190=0.0/exp 0.0 VALUE_OK
MATCH,4545,0x0CF00400,61444,135018.0,118672.573,0.231,FF FF FF 00 00 FF FF FF,FF FF FF 00 00 FF FF FF,[],190=0.0/exp 0.0 VALUE_OK
MATCH,4546,0x0CF00400,61444,135023.0,118677.573,0.226,FF FF FF 00 00 FF FF FF,FF FF FF 00 00 FF FF FF,[],190=0.0/exp 0.0 VALUE_OK
MATCH,4547,0x0CF00400,61444,135028.0,118682.572,0.22,FF FF FF 00 00 FF FF FF,FF FF FF 00 00 FF FF FF,[],190=0.0/exp 0.0 VALUE_OK
MATCH,4548,0x0CF00400,61444,135033.0,118687.568,0.212,FF FF FF 00 00 FF FF FF,FF FF FF 00 00 FF FF FF,[],190=0.0/exp 0.0 VALUE_OK
MATCH,4549,0x0CF00400,61444,135038.0,118692.567,0.207,FF FF FF 00 00 FF FF FF,FF FF FF 00 00 FF FF FF,[],190=0.0/exp 0.0 VALUE_OK
MATCH,4550,0x0CF00400,61444,135043.0,118697.571,0.207,FF FF FF 00 00 FF FF FF,FF FF FF 00 00 FF FF FF,[],190=0.0/exp 0.0 VALUE_OK
MATCH,4551,0x0CF00400,61444,135048.0,118702.571,0.202,FF FF FF 00 00 FF FF FF,FF FF FF 00 00 FF FF FF,[],190=0.0/exp 0.0 VALUE_OK
MATCH,4552,0x0CF00400,61444,135053.0,118707.57,0.197,FF FF FF 00 00 FF FF FF,FF FF FF 00 00 FF FF FF,[],190=0.0/exp 0.0 VALUE_OK
MATCH,4553,0x0CF00400,61444,135058.0,118712.566,0.189,FF FF FF 00 00 FF FF FF,FF FF FF 00 00 FF FF FF,[],190=0.0/exp 0.0 VALUE_OK
MATCH,4554,0x0CF00400,61444,135063.0,118717.565,0.185,FF FF FF 00 00 FF FF FF,FF FF FF 00 00 FF FF FF,[],190=0.0/exp 0.0 VALUE_OK
MATCH,4555,0x0CF00400,61444,135068.0,118722.565,0.181,FF FF FF 00 00 FF FF FF,FF FF FF 00 00 FF FF FF,[],190=0.0/exp 0.0 VALUE_OK
MATCH,4556,0x0CF00400,61444,135073.0,118727.564,0.176,FF FF FF 00 00 FF FF FF,FF FF FF 00 00 FF FF FF,[],190=0.0/exp 0.0 VALUE_OK
MATCH,4557,0x0CF00400,61444,135078.0,118732.564,0.173,FF FF FF 00 00 FF FF FF,FF FF FF 00 00 FF FF FF,[],190=0.0/exp 0.0 VALUE_OK
MATCH,4558,0x0CF00400,61444,135083.0,118737.564,0.169,FF FF FF 00 00 FF FF FF,FF FF FF 00 00 FF FF FF,[],190=0.0/exp 0.0 VALUE_OK
MATCH,4559,0x0CF00400,61444,135088.0,118742.563,0.165,FF FF FF 00 00 FF FF FF,FF FF FF 00 00 FF FF FF,[],190=0.0/exp 0.0 VALUE_OK
MATCH,4560,0x0CF00400,61444,135093.0,118747.562,0.161,FF FF FF 00 00 FF FF FF,FF FF FF 00 00 FF FF FF,[],190=0.0/exp 0.0 VALUE_OK
MATCH,4561,0x0CF00400,61444,135098.0,118752.562,0.157,FF FF FF 00 00 FF FF FF,FF FF FF 00 00 FF FF FF,[],190=0.0/exp 0.0 VALUE_OK
MATCH,4562,0x0CF00400,61444,135103.0,118757.561,0.153,FF FF FF 00 00 FF FF FF,FF FF FF 00 00 FF FF FF,[],190=0.0/exp 0.0 VALUE_OK
MATCH,4563,0x0CF00400,61444,135108.0,118762.561,0.15,FF FF FF 00 00 FF FF FF,FF FF FF 00 00 FF FF FF,[],190=0.0/exp 0.0 VALUE_OK
MATCH,4564,0x0CF00400,61444,135113.0,118767.561,0.147,FF FF FF 00 00 FF FF FF,FF FF FF 00 00 FF FF FF,[],190=0.0/exp 0.0 VALUE_OK
MATCH,4565,0x0CF00400,61444,135118.0,118772.56,0.143,FF FF FF 00 00 FF FF FF,FF FF FF 00 00 FF FF FF,[],190=0.0/exp 0.0 VALUE_OK
MATCH,4566,0x0CF00400,61444,135123.0,118777.56,0.14,FF FF FF 00 00 FF FF FF,FF FF FF 00 00 FF FF FF,[],190=0.0/exp 0.0 VALUE_OK
MATCH,4567,0x0CF00400,61444,135128.0,118782.559,0.137,FF FF FF 00 00 FF FF FF,FF FF FF 00 00 FF FF FF,[],190=0.0/exp 0.0 VALUE_OK
MATCH,4568,0x0CF00400,61444,135133.0,118787.559,0.134,FF FF FF 00 00 FF FF FF,FF FF FF 00 00 FF FF FF,[],190=0.0/exp 0.0 VALUE_OK
MATCH,4569,0x0CF00400,61444,135138.0,118792.558,0.13,FF FF FF 00 00 FF FF FF,FF FF FF 00 00 FF FF FF,[],190=0.0/exp 0.0 VALUE_OK
MATCH,4570,0x0CF00400,61444,135143.0,118797.558,0.128,FF FF FF 00 00 FF FF FF,FF FF FF 00 00 FF FF FF,[],190=0.0/exp 0.0 VALUE_OK
MATCH,4571,0x0CF00400,61444,135148.0,118802.557,0.124,FF FF FF 00 00 FF FF FF,FF FF FF 00 00 FF FF FF,[],190=0.0/exp 0.0 VALUE_OK
MATCH,4572,0x0CF00400,61444,135153.0,118807.557,0.122,FF FF FF 00 00 FF FF FF,FF FF FF 00 00 FF FF FF,[],190=0.0/exp 0.0 VALUE_OK
MATCH,4573,0x0CF00400,61444,135158.0,118812.549,0.111,FF FF FF 00 00 FF FF FF,FF FF FF 00 00 FF FF FF,[],190=0.0/exp 0.0 VALUE_OK
MATCH,4574,0x0CF00400,61444,135163.0,118817.552,0.112,FF FF FF 00 00 FF FF FF,FF FF FF 00 00 FF FF FF,[],190=0.0/exp 0.0 VALUE_OK
MATCH,4575,0x0CF00400,61444,135168.0,118822.551,0.109,FF FF FF 00 00 FF FF FF,FF FF FF 00 00 FF FF FF,[],190=0.0/exp 0.0 VALUE_OK
MATCH,4576,0x0CF00400,61444,135173.0,118827.551,0.107,FF FF FF 00 00 FF FF FF,FF FF FF 00 00 FF FF FF,[],190=0.0/exp 0.0 VALUE_OK
MATCH,4577,0x0CF00400,61444,135178.0,118832.551,0.104,FF FF FF 00 00 FF FF FF,FF FF FF 00 00 FF FF FF,[],190=0.0/exp 0.0 VALUE_OK
MATCH,4578,0x0CF00400,61444,135183.0,118837.546,0.097,FF FF FF 00 00 FF FF FF,FF FF FF 00 00 FF FF FF,[],190=0.0/exp 0.0 VALUE_OK
MATCH,4579,0x0CF00400,61444,135188.0,118842.545,0.094,FF FF FF 00 00 FF FF FF,FF FF FF 00 00 FF FF FF,[],190=0.0/exp 0.0 VALUE_OK
MATCH,4580,0x0CF00400,61444,135193.0,118847.545,0.092,FF FF FF 00 00 FF FF FF,FF FF FF 00 00 FF FF FF,[],190=0.0/exp 0.0 VALUE_OK
MATCH,4581,0x0CF00400,61444,135198.0,118852.544,0.09,FF FF FF 00 00 FF FF FF,FF FF FF 00 00 FF FF FF,[],190=0.0/exp 0.0 VALUE_OK
MATCH,4582,0x0CF00400,61444,135203.0,118857.544,0.088,FF FF FF 00 00 FF FF FF,FF FF FF 00 00 FF FF FF,[],190=0.0/exp 0.0 VALUE_OK
MATCH,4583,0x0CF00400,61444,135208.0,118862.548,0.09,FF FF FF 00 00 FF FF FF,FF FF FF 00 00 FF FF FF,[],190=0.0/exp 0.0 VALUE_OK
MATCH,4584,0x0CF00400,61444,135213.0,118867.547,0.087,FF FF FF 00 00 FF FF FF,FF FF FF 00 00 FF FF FF,[],190=0.0/exp 0.0 VALUE_OK
MATCH,4585,0x0CF00400,61444,135218.0,118872.543,0.082,FF FF FF 00 00 FF FF FF,FF FF FF 00 00 FF FF FF,[],190=0.0/exp 0.0 VALUE_OK
MATCH,4586,0x0CF00400,61444,135223.0,118877.542,0.079,FF FF FF 00 00 FF FF FF,FF FF FF 00 00 FF FF FF,[],190=0.0/exp 0.0 VALUE_OK
MATCH,4587,0x0CF00400,61444,135228.0,118882.542,0.077,FF FF FF 00 00 FF FF FF,FF FF FF 00 00 FF FF FF,[],190=0.0/exp 0.0 VALUE_OK
MATCH,4588,0x0CF00400,61444,135233.0,118887.541,0.075,FF FF FF 00 00 FF FF FF,FF FF FF 00 00 FF FF FF,[],190=0.0/exp 0.0 VALUE_OK
MATCH,4589,0x0CF00400,61444,135238.0,118892.541,0.073,FF FF FF 00 00 FF FF FF,FF FF FF 00 00 FF FF FF,[],190=0.0/exp 0.0 VALUE_OK
MATCH,4590,0x0CF00400,61444,135243.0,118897.541,0.072,FF FF FF 00 00 FF FF FF,FF FF FF 00 00 FF FF FF,[],190=0.0/exp 0.0 VALUE_OK
MATCH,4591,0x0CF00400,61444,135248.0,118902.54,0.069,FF FF FF 00 00 FF FF FF,FF FF FF 00 00 FF FF FF,[],190=0.0/exp 0.0 VALUE_OK
MATCH,4592,0x0CF00400,61444,135253.0,118907.539,0.067,FF FF FF 00 00 FF FF FF,FF FF FF 00 00 FF FF FF,[],190=0.0/exp 0.0 VALUE_OK
MATCH,4593,0x0CF00400,61444,135258.0,118912.539,0.066,FF FF FF 00 00 FF FF FF,FF FF FF 00 00 FF FF FF,[],190=0.0/exp 0.0 VALUE_OK
MATCH,4594,0x0CF00400,61444,135263.0,118917.539,0.064,FF FF FF 00 00 FF FF FF,FF FF FF 00 00 FF FF FF,[],190=0.0/exp 0.0 VALUE_OK
MATCH,4595,0x0CF00400,61444,135268.0,118922.538,0.062,FF FF FF 00 00 FF FF FF,FF FF FF 00 00 FF FF FF,[],190=0.0/exp 0.0 VALUE_OK
MATCH,4596,0x0CF00400,61444,135273.0,118927.538,0.061,FF FF FF 00 00 FF FF FF,FF FF FF 00 00 FF FF FF,[],190=0.0/exp 0.0 VALUE_OK
MATCH,4597,0x0CF00400,61444,135278.0,118932.537,0.059,FF FF FF 00 00 FF FF FF,FF FF FF 00 00 FF FF FF,[],190=0.0/exp 0.0 VALUE_OK
MATCH,4598,0x0CF00400,61444,135283.0,118937.533,0.053,FF FF FF 00 00 FF FF FF,FF FF FF 00 00 FF FF FF,[],190=0.0/exp 0.0 VALUE_OK
MATCH,4599,0x0CF00400,61444,135288.0,118942.532,0.051,FF FF FF 00 00 FF FF FF,FF FF FF 00 00 FF FF FF,[],190=0.0/exp 0.0 VALUE_OK
MATCH,4600,0x0CF00400,61444,135293.0,118947.532,0.05,FF FF FF 00 00 FF FF FF,FF FF FF 00 00 FF FF FF,[],190=0.0/exp 0.0 VALUE_OK
MATCH,4601,0x0CF00400,61444,135298.0,118952.531,0.048,FF FF FF 00 00 FF FF FF,FF FF FF 00 00 FF FF FF,[],190=0.0/exp 0.0 VALUE_OK
MATCH,4602,0x0CF00400,61444,135303.0,118957.531,0.047,FF FF FF 00 00 FF FF FF,FF FF FF 00 00 FF FF FF,[],190=0.0/exp 0.0 VALUE_OK
MATCH,4603,0x0CF00400,61444,135308.0,118962.53,0.045,FF FF FF 00 00 FF FF FF,FF FF FF 00 00 FF FF FF,[],190=0.0/exp 0.0 VALUE_OK
MATCH,4604,0x0CF00400,61444,135313.0,118967.53,0.044,FF FF FF 00 00 FF FF FF,FF FF FF 00 00 FF FF FF,[],190=0.0/exp 0.0 VALUE_OK
MATCH,4605,0x0CF00400,61444,135318.0,118972.529,0.043,FF FF FF 00 00 FF FF FF,FF FF FF 00 00 FF FF FF,[],190=0.0/exp 0.0 VALUE_OK
MATCH,4606,0x0CF00400,61444,135323.0,118977.529,0.042,FF FF FF 00 00 FF FF FF,FF FF FF 00 00 FF FF FF,[],190=0.0/exp 0.0 VALUE_OK
MATCH,4607,0x0CF00400,61444,135328.0,118982.528,0.04,FF FF FF 00 00 FF FF FF,FF FF FF 00 00 FF FF FF,[],190=0.0/exp 0.0 VALUE_OK
MATCH,4608,0x0CF00400,61444,135333.0,118987.528,0.039,FF FF FF 00 00 FF FF FF,FF FF FF 00 00 FF FF FF,[],190=0.0/exp 0.0 VALUE_OK
MATCH,4609,0x0CF00400,61444,135338.0,118992.527,0.037,FF FF FF 00 00 FF FF FF,FF FF FF 00 00 FF FF FF,[],190=0.0/exp 0.0 VALUE_OK
MATCH,4610,0x0CF00400,61444,135343.0,118997.527,0.037,FF FF FF 00 00 FF FF FF,FF FF FF 00 00 FF FF FF,[],190=0.0/exp 0.0 VALUE_OK
MATCH,4611,0x0CF00400,61444,135348.0,119002.527,0.036,FF FF FF 00 00 FF FF FF,FF FF FF 00 00 FF FF FF,[],190=0.0/exp 0.0 VALUE_OK
MATCH,4612,0x0CF00400,61444,135353.0,119007.526,0.034,FF FF FF 00 00 FF FF FF,FF FF FF 00 00 FF FF FF,[],190=0.0/exp 0.0 VALUE_OK
MATCH,4613,0x0CF00400,61444,135358.0,119012.526,0.033,FF FF FF 00 00 FF FF FF,FF FF FF 00 00 FF FF FF,[],190=0.0/exp 0.0 VALUE_OK
MATCH,4614,0x0CF00400,61444,135363.0,119017.525,0.032,FF FF FF 00 00 FF FF FF,FF FF FF 00 00 FF FF FF,[],190=0.0/exp 0.0 VALUE_OK
MATCH,4615,0x0CF00400,61444,135368.0,119022.525,0.031,FF FF FF 00 00 FF FF FF,FF FF FF 00 00 FF FF FF,[],190=0.0/exp 0.0 VALUE_OK
MATCH,4616,0x0CF00400,61444,135373.0,119027.524,0.03,FF FF FF 00 00 FF FF FF,FF FF FF 00 00 FF FF FF,[],190=0.0/exp 0.0 VALUE_OK
MATCH,4617,0x0CF00400,61444,135378.0,119032.52,0.025,FF FF FF 00 00 FF FF FF,FF FF FF 00 00 FF FF FF,[],190=0.0/exp 0.0 VALUE_OK
MATCH,4618,0x0CF00400,61444,135383.0,119037.519,0.023,FF FF FF 00 00 FF FF FF,FF FF FF 00 00 FF FF FF,[],190=0.0/exp 0.0 VALUE_OK
MATCH,4619,0x0CF00400,61444,135388.0,119042.519,0.023,FF FF FF 00 00 FF FF FF,FF FF FF 00 00 FF FF FF,[],190=0.0/exp 0.0 VALUE_OK
MATCH,4620,0x0CF00400,61444,135393.0,119047.518,0.022,FF FF FF 00 00 FF FF FF,FF FF FF 00 00 FF FF FF,[],190=0.0/exp 0.0 VALUE_OK
MATCH,4621,0x0CF00400,61444,135398.0,119052.518,0.021,FF FF FF 00 00 FF FF FF,FF FF FF 00 00 FF FF FF,[],190=0.0/exp 0.0 VALUE_OK
MATCH,4622,0x0CF00400,61444,135403.0,119057.517,0.02,FF FF FF 00 00 FF FF FF,FF FF FF 00 00 FF FF FF,[],190=0.0/exp 0.0 VALUE_OK
MATCH,4623,0x0CF00400,61444,135408.0,119062.513,0.015,FF FF FF 00 00 FF FF FF,FF FF FF 00 00 FF FF FF,[],190=0.0/exp 0.0 VALUE_OK
MATCH,4624,0x0CF00400,61444,135413.0,119067.517,0.019,FF FF FF 00 00 FF FF FF,FF FF FF 00 00 FF FF FF,[],190=0.0/exp 0.0 VALUE_OK
MATCH,4625,0x0CF00400,61444,135418.0,119072.517,0.019,FF FF FF 00 00 FF FF FF,FF FF FF 00 00 FF FF FF,[],190=0.0/exp 0.0 VALUE_OK
MATCH,4626,0x0CF00400,61444,135423.0,119077.513,0.014,FF FF FF 00 00 FF FF FF,FF FF FF 00 00 FF FF FF,[],190=0.0/exp 0.0 VALUE_OK
MATCH,4627,0x0CF00400,61444,135428.0,119082.512,0.013,FF FF FF 00 00 FF FF FF,FF FF FF 00 00 FF FF FF,[],190=0.0/exp 0.0 VALUE_OK
MATCH,4628,0x0CF00400,61444,135433.0,119087.512,0.013,FF FF FF 00 00 FF FF FF,FF FF FF 00 00 FF FF FF,[],190=0.0/exp 0.0 VALUE_OK
MATCH,4629,0x0CF00400,61444,135438.0,119092.511,0.011,FF FF FF 00 00 FF FF FF,FF FF FF 00 00 FF FF FF,[],190=0.0/exp 0.0 VALUE_OK
MATCH,4630,0x0CF00400,61444,135443.0,119097.511,0.011,FF FF FF 00 00 FF FF FF,FF FF FF 00 00 FF FF FF,[],190=0.0/exp 0.0 VALUE_OK
MATCH,4631,0x0CF00400,61444,135448.0,119102.511,0.011,FF FF FF 00 00 FF FF FF,FF FF FF 00 00 FF FF FF,[],190=0.0/exp 0.0 VALUE_OK
MATCH,4632,0x0CF00400,61444,135453.0,119107.51,0.01,FF FF FF 00 00 FF FF FF,FF FF FF 00 00 FF FF FF,[],190=0.0/exp 0.0 VALUE_OK
MATCH,4633,0x0CF00400,61444,135458.0,119112.509,0.009,FF FF FF 00 00 FF FF FF,FF FF FF 00 00 FF FF FF,[],190=0.0/exp 0.0 VALUE_OK
MATCH,4634,0x0CF00400,61444,135463.0,119117.509,0.008,FF FF FF 00 00 FF FF FF,FF FF FF 00 00 FF FF FF,[],190=0.0/exp 0.0 VALUE_OK
MATCH,4635,0x0CF00400,61444,135468.0,119122.508,0.007,FF FF FF 00 00 FF FF FF,FF FF FF 00 00 FF FF FF,[],190=0.0/exp 0.0 VALUE_OK
MATCH,4636,0x0CF00400,61444,135473.0,119127.508,0.007,FF FF FF 00 00 FF FF FF,FF FF FF 00 00 FF FF FF,[],190=0.0/exp 0.0 VALUE_OK
MATCH,4637,0x0CF00400,61444,135478.0,119132.507,0.006,FF FF FF 00 00 FF FF FF,FF FF FF 00 00 FF FF FF,[],190=0.0/exp 0.0 VALUE_OK
MATCH,4638,0x0CF00400,61444,135483.0,119137.507,0.006,FF FF FF 00 00 FF FF FF,FF FF FF 00 00 FF FF FF,[],190=0.0/exp 0.0 VALUE_OK
MATCH,4639,0x0CF00400,61444,135488.0,119142.506,0.005,FF FF FF 00 00 FF FF FF,FF FF FF 00 00 FF FF FF,[],190=0.0/exp 0.0 VALUE_OK
MATCH,4640,0x0CF00400,61444,135493.0,119147.506,0.005,FF FF FF 00 00 FF FF FF,FF FF FF 00 00 FF FF FF,[],190=0.0/exp 0.0 VALUE_OK
MATCH,4641,0x0CF00400,61444,135498.0,119152.506,0.005,FF FF FF 00 00 FF FF FF,FF FF FF 00 00 FF FF FF,[],190=0.0/exp 0.0 VALUE_OK
MATCH,4642,0x0CF00400,61444,135503.0,119157.505,0.003,FF FF FF 00 00 FF FF FF,FF FF FF 00 00 FF FF FF,[],190=0.0/exp 0.0 VALUE_OK
MATCH,4643,0x0CF00400,61444,135508.0,119162.505,0.003,FF FF FF 00 00 FF FF FF,FF FF FF 00 00 FF FF FF,[],190=0.0/exp 0.0 VALUE_OK
MATCH,4644,0x0CF00400,61444,135513.0,119167.504,0.002,FF FF FF 00 00 FF FF FF,FF FF FF 00 00 FF FF FF,[],190=0.0/exp 0.0 VALUE_OK
MATCH,4645,0x0CF00400,61444,135518.0,119172.504,0.002,FF FF FF 00 00 FF FF FF,FF FF FF 00 00 FF FF FF,[],190=0.0/exp 0.0 VALUE_OK
MATCH,4646,0x0CF00400,61444,135523.0,119177.504,0.002,FF FF FF 00 00 FF FF FF,FF FF FF 00 00 FF FF FF,[],190=0.0/exp 0.0 VALUE_OK
MATCH,4647,0x0CF00400,61444,135528.0,119182.503,0.001,FF FF FF 00 00 FF FF FF,FF FF FF 00 00 FF FF FF,[],190=0.0/exp 0.0 VALUE_OK
MATCH,4648,0x0CF00400,61444,135533.0,119187.494,-0.008,FF FF FF 00 00 FF FF FF,FF FF FF 00 00 FF FF FF,[],190=0.0/exp 0.0 VALUE_OK
MATCH,4649,0x0CF00400,61444,135538.0,119192.498,-0.004,FF FF FF 00 00 FF FF FF,FF FF FF 00 00 FF FF FF,[],190=0.0/exp 0.0 VALUE_OK
MATCH,4650,0x0CF00400,61444,135543.0,119197.497,-0.005,FF FF FF 00 00 FF FF FF,FF FF FF 00 00 FF FF FF,[],190=0.0/exp 0.0 VALUE_OK
MATCH,4651,0x0CF00400,61444,135548.0,119202.497,-0.005,FF FF FF 00 00 FF FF FF,FF FF FF 00 00 FF FF FF,[],190=0.0/exp 0.0 VALUE_OK
MATCH,4652,0x0CF00400,61444,135553.0,119207.496,-0.005,FF FF FF 00 00 FF FF FF,FF FF FF 00 00 FF FF FF,[],190=0.0/exp 0.0 VALUE_OK
MATCH,4653,0x0CF00400,61444,135558.0,119212.496,-0.005,FF FF FF 00 00 FF FF FF,FF FF FF 00 00 FF FF FF,[],190=0.0/exp 0.0 VALUE_OK
MATCH,4654,0x0CF00400,61444,135563.0,119217.495,-0.006,FF FF FF 00 00 FF FF FF,FF FF FF 00 00 FF FF FF,[],190=0.0/exp 0.0 VALUE_OK
MATCH,4655,0x0CF00400,61444,135568.0,119222.495,-0.006,FF FF FF 00 00 FF FF FF,FF FF FF 00 00 FF FF FF,[],190=0.0/exp 0.0 VALUE_OK
MATCH,4656,0x0CF00400,61444,135573.0,119227.491,-0.01,FF FF FF 00 00 FF FF FF,FF FF FF 00 00 FF FF FF,[],190=0.0/exp 0.0 VALUE_OK
MATCH,4657,0x0CF00400,61444,135578.0,119232.49,-0.011,FF FF FF 00 00 FF FF FF,FF FF FF 00 00 FF FF FF,[],190=0.0/exp 0.0 VALUE_OK
MATCH,4658,0x0CF00400,61444,135583.0,119237.49,-0.011,FF FF FF 00 00 FF FF FF,FF FF FF 00 00 FF FF FF,[],190=0.0/exp 0.0 VALUE_OK
MATCH,4659,0x0CF00400,61444,135588.0,119242.489,-0.011,FF FF FF 00 00 FF FF FF,FF FF FF 00 00 FF FF FF,[],190=0.0/exp 0.0 VALUE_OK
MATCH,4660,0x0CF00400,61444,135593.0,119247.489,-0.011,FF FF FF 00 00 FF FF FF,FF FF FF 00 00 FF FF FF,[],190=0.0/exp 0.0 VALUE_OK
MATCH,4661,0x0CF00400,61444,135598.0,119252.489,-0.011,FF FF FF 00 00 FF FF FF,FF FF FF 00 00 FF FF FF,[],190=0.0/exp 0.0 VALUE_OK
MATCH,4662,0x0CF00400,61444,135603.0,119257.488,-0.012,FF FF FF 00 00 FF FF FF,FF FF FF 00 00 FF FF FF,[],190=0.0/exp 0.0 VALUE_OK
MATCH,4663,0x0CF00400,61444,135608.0,119262.491,-0.008,FF FF FF 00 00 FF FF FF,FF FF FF 00 00 FF FF FF,[],190=0.0/exp 0.0 VALUE_OK
MATCH,4664,0x0CF00400,61444,135613.0,119267.491,-0.008,FF FF FF 00 00 FF FF FF,FF FF FF 00 00 FF FF FF,[],190=0.0/exp 0.0 VALUE_OK
MATCH,4665,0x0CF00400,61444,135618.0,119272.487,-0.012,FF FF FF 00 00 FF FF FF,FF FF FF 00 00 FF FF FF,[],190=0.0/exp 0.0 VALUE_OK
MATCH,4666,0x0CF00400,61444,135623.0,119277.486,-0.013,FF FF FF 00 00 FF FF FF,FF FF FF 00 00 FF FF FF,[],190=0.0/exp 0.0 VALUE_OK
MATCH,4667,0x0CF00400,61444,135628.0,119282.486,-0.013,FF FF FF 00 00 FF FF FF,FF FF FF 00 00 FF FF FF,[],190=0.0/exp 0.0 VALUE_OK
MATCH,4668,0x0CF00400,61444,135633.0,119287.485,-0.013,FF FF FF 00 00 FF FF FF,FF FF FF 00 00 FF FF FF,[],190=0.0/exp 0.0 VALUE_OK
MATCH,4669,0x0CF00400,61444,135638.0,119292.484,-0.014,FF FF FF 00 00 FF FF FF,FF FF FF 00 00 FF FF FF,[],190=0.0/exp 0.0 VALUE_OK
MATCH,4670,0x0CF00400,61444,135643.0,119297.484,-0.014,FF FF FF 00 00 FF FF FF,FF FF FF 00 00 FF FF FF,[],190=0.0/exp 0.0 VALUE_OK
MATCH,4671,0x0CF00400,61444,135648.0,119302.484,-0.014,FF FF FF 00 00 FF FF FF,FF FF FF 00 00 FF FF FF,[],190=0.0/exp 0.0 VALUE_OK
MATCH,4672,0x0CF00400,61444,135653.0,119307.483,-0.014,FF FF FF 00 00 FF FF FF,FF FF FF 00 00 FF FF FF,[],190=0.0/exp 0.0 VALUE_OK
MATCH,4673,0x0CF00400,61444,135658.0,119312.479,-0.018,FF FF FF 00 00 FF FF FF,FF FF FF 00 00 FF FF FF,[],190=0.0/exp 0.0 VALUE_OK
MATCH,4674,0x0CF00400,61444,135663.0,119317.478,-0.019,FF FF FF 00 00 FF FF FF,FF FF FF 00 00 FF FF FF,[],190=0.0/exp 0.0 VALUE_OK
MATCH,4675,0x0CF00400,61444,135668.0,119322.478,-0.018,FF FF FF 00 00 FF FF FF,FF FF FF 00 00 FF FF FF,[],190=0.0/exp 0.0 VALUE_OK
MATCH,4676,0x0CF00400,61444,135673.0,119327.477,-0.019,FF FF FF 00 00 FF FF FF,FF FF FF 00 00 FF FF FF,[],190=0.0/exp 0.0 VALUE_OK
MATCH,4677,0x0CF00400,61444,135678.0,119332.477,-0.019,FF FF FF 00 00 FF FF FF,FF FF FF 00 00 FF FF FF,[],190=0.0/exp 0.0 VALUE_OK
MATCH,4678,0x0CF00400,61444,135683.0,119337.476,-0.019,FF FF FF 00 00 FF FF FF,FF FF FF 00 00 FF FF FF,[],190=0.0/exp 0.0 VALUE_OK
MATCH,4679,0x0CF00400,61444,135688.0,119342.476,-0.019,FF FF FF 00 00 FF FF FF,FF FF FF 00 00 FF FF FF,[],190=0.0/exp 0.0 VALUE_OK
MATCH,4680,0x0CF00400,61444,135693.0,119347.476,-0.018,FF FF FF 00 00 FF FF FF,FF FF FF 00 00 FF FF FF,[],190=0.0/exp 0.0 VALUE_OK
MATCH,4681,0x0CF00400,61444,135698.0,119352.475,-0.019,FF FF FF 00 00 FF FF FF,FF FF FF 00 00 FF FF FF,[],190=0.0/exp 0.0 VALUE_OK
MATCH,4682,0x0CF00400,61444,135703.0,119357.475,-0.019,FF FF FF 00 00 FF FF FF,FF FF FF 00 00 FF FF FF,[],190=0.0/exp 0.0 VALUE_OK
MATCH,4683,0x0CF00400,61444,135708.0,119362.474,-0.019,FF FF FF 00 00 FF FF FF,FF FF FF 00 00 FF FF FF,[],190=0.0/exp 0.0 VALUE_OK
MATCH,4684,0x0CF00400,61444,135713.0,119367.473,-0.02,FF FF FF 00 00 FF FF FF,FF FF FF 00 00 FF FF FF,[],190=0.0/exp 0.0 VALUE_OK
MATCH,4685,0x0CF00400,61444,135718.0,119372.473,-0.019,FF FF FF 00 00 FF FF FF,FF FF FF 00 00 FF FF FF,[],190=0.0/exp 0.0 VALUE_OK
MATCH,4686,0x0CF00400,61444,135723.0,119377.473,-0.019,FF FF FF 00 00 FF FF FF,FF FF FF 00 00 FF FF FF,[],190=0.0/exp 0.0 VALUE_OK
MATCH,4687,0x0CF00400,61444,135728.0,119382.472,-0.02,FF FF FF 00 00 FF FF FF,FF FF FF 00 00 FF FF FF,[],190=0.0/exp 0.0 VALUE_OK
MATCH,4688,0x0CF00400,61444,135733.0,119387.472,-0.019,FF FF FF 00 00 FF FF FF,FF FF FF 00 00 FF FF FF,[],190=0.0/exp 0.0 VALUE_OK
MATCH,4689,0x0CF00400,61444,135738.0,119392.471,-0.02,FF FF FF 00 00 FF FF FF,FF FF FF 00 00 FF FF FF,[],190=0.0/exp 0.0 VALUE_OK
MATCH,4690,0x0CF00400,61444,135743.0,119397.471,-0.02,FF FF FF 00 00 FF FF FF,FF FF FF 00 00 FF FF FF,[],190=0.0/exp 0.0 VALUE_OK
MATCH,4691,0x0CF00400,61444,135748.0,119402.47,-0.02,FF FF FF 00 00 FF FF FF,FF FF FF 00 00 FF FF FF,[],190=0.0/exp 0.0 VALUE_OK
MATCH,4692,0x0CF00400,61444,135753.0,119407.47,-0.02,FF FF FF 00 00 FF FF FF,FF FF FF 00 00 FF FF FF,[],190=0.0/exp 0.0 VALUE_OK
MATCH,4693,0x0CF00400,61444,135758.0,119412.469,-0.02,FF FF FF 00 00 FF FF FF,FF FF FF 00 00 FF FF FF,[],190=0.0/exp 0.0 VALUE_OK
MATCH,4694,0x0CF00400,61444,135763.0,119417.469,-0.02,FF FF FF 00 00 FF FF FF,FF FF FF 00 00 FF FF FF,[],190=0.0/exp 0.0 VALUE_OK
MATCH,4695,0x0CF00400,61444,135768.0,119422.469,-0.02,FF FF FF 00 00 FF FF FF,FF FF FF 00 00 FF FF FF,[],190=0.0/exp 0.0 VALUE_OK
MATCH,4696,0x0CF00400,61444,135773.0,119427.468,-0.02,FF FF FF 00 00 FF FF FF,FF FF FF 00 00 FF FF FF,[],190=0.0/exp 0.0 VALUE_OK
MATCH,4697,0x0CF00400,61444,135778.0,119432.464,-0.024,FF FF FF 00 00 FF FF FF,FF FF FF 00 00 FF FF FF,[],190=0.0/exp 0.0 VALUE_OK
MATCH,4698,0x0CF00400,61444,135783.0,119437.459,-0.028,FF FF FF 00 00 FF FF FF,FF FF FF 00 00 FF FF FF,[],190=0.0/exp 0.0 VALUE_OK
MATCH,4699,0x0CF00400,61444,135788.0,119442.462,-0.025,FF FF FF 00 00 FF FF FF,FF FF FF 00 00 FF FF FF,[],190=0.0/exp 0.0 VALUE_OK
MATCH,4700,0x0CF00400,61444,135793.0,119447.462,-0.024,FF FF FF 00 00 FF FF FF,FF FF FF 00 00 FF FF FF,[],190=0.0/exp 0.0 VALUE_OK
MATCH,4701,0x0CF00400,61444,135798.0,119452.462,-0.024,FF FF FF 00 00 FF FF FF,FF FF FF 00 00 FF FF FF,[],190=0.0/exp 0.0 VALUE_OK
MATCH,4702,0x0CF00400,61444,135803.0,119457.461,-0.024,FF FF FF 00 00 FF FF FF,FF FF FF 00 00 FF FF FF,[],190=0.0/exp 0.0 VALUE_OK
MATCH,4703,0x0CF00400,61444,135808.0,119462.461,-0.024,FF FF FF 00 00 FF FF FF,FF FF FF 00 00 FF FF FF,[],190=0.0/exp 0.0 VALUE_OK
MATCH,4704,0x0CF00400,61444,135813.0,119467.46,-0.024,FF FF FF 00 00 FF FF FF,FF FF FF 00 00 FF FF FF,[],190=0.0/exp 0.0 VALUE_OK
MATCH,4705,0x0CF00400,61444,135818.0,119472.46,-0.024,FF FF FF 00 00 FF FF FF,FF FF FF 00 00 FF FF FF,[],190=0.0/exp 0.0 VALUE_OK
MATCH,4706,0x0CF00400,61444,135823.0,119477.459,-0.024,FF FF FF 00 00 FF FF FF,FF FF FF 00 00 FF FF FF,[],190=0.0/exp 0.0 VALUE_OK
MATCH,4707,0x0CF00400,61444,135828.0,119482.459,-0.024,FF FF FF 00 00 FF FF FF,FF FF FF 00 00 FF FF FF,[],190=0.0/exp 0.0 VALUE_OK
MATCH,4708,0x0CF00400,61444,135833.0,119487.458,-0.024,FF FF FF 00 00 FF FF FF,FF FF FF 00 00 FF FF FF,[],190=0.0/exp 0.0 VALUE_OK
MATCH,4709,0x0CF00400,61444,135838.0,119492.458,-0.024,FF FF FF 00 00 FF FF FF,FF FF FF 00 00 FF FF FF,[],190=0.0/exp 0.0 VALUE_OK
MATCH,4710,0x0CF00400,61444,135843.0,119497.457,-0.024,FF FF FF 00 00 FF FF FF,FF FF FF 00 00 FF FF FF,[],190=0.0/exp 0.0 VALUE_OK
MATCH,4711,0x0CF00400,61444,135848.0,119502.457,-0.024,FF FF FF 00 00 FF FF FF,FF FF FF 00 00 FF FF FF,[],190=0.0/exp 0.0 VALUE_OK
MATCH,4712,0x0CF00400,61444,135853.0,119507.456,-0.024,FF FF FF 00 00 FF FF FF,FF FF FF 00 00 FF FF FF,[],190=0.0/exp 0.0 VALUE_OK
MATCH,4713,0x0CF00400,61444,135858.0,119512.452,-0.028,FF FF FF 00 00 FF FF FF,FF FF FF 00 00 FF FF FF,[],190=0.0/exp 0.0 VALUE_OK
MATCH,4714,0x0CF00400,61444,135863.0,119517.451,-0.028,FF FF FF 00 00 FF FF FF,FF FF FF 00 00 FF FF FF,[],190=0.0/exp 0.0 VALUE_OK
MATCH,4715,0x0CF00400,61444,135868.0,119522.451,-0.028,FF FF FF 00 00 FF FF FF,FF FF FF 00 00 FF FF FF,[],190=0.0/exp 0.0 VALUE_OK
MATCH,4716,0x0CF00400,61444,135873.0,119527.451,-0.027,FF FF FF 00 00 FF FF FF,FF FF FF 00 00 FF FF FF,[],190=0.0/exp 0.0 VALUE_OK
MATCH,4717,0x0CF00400,61444,135878.0,119532.45,-0.028,FF FF FF 00 00 FF FF FF,FF FF FF 00 00 FF FF FF,[],190=0.0/exp 0.0 VALUE_OK
MATCH,4718,0x0CF00400,61444,135883.0,119537.45,-0.027,FF FF FF 00 00 FF FF FF,FF FF FF 00 00 FF FF FF,[],190=0.0/exp 0.0 VALUE_OK
MATCH,4719,0x0CF00400,61444,135888.0,119542.449,-0.028,FF FF FF 00 00 FF FF FF,FF FF FF 00 00 FF FF FF,[],190=0.0/exp 0.0 VALUE_OK
MATCH,4720,0x0CF00400,61444,135893.0,119547.449,-0.027,FF FF FF 00 00 FF FF FF,FF FF FF 00 00 FF FF FF,[],190=0.0/exp 0.0 VALUE_OK
MATCH,4721,0x0CF00400,61444,135898.0,119552.449,-0.027,FF FF FF 00 00 FF FF FF,FF FF FF 00 00 FF FF FF,[],190=0.0/exp 0.0 VALUE_OK
MATCH,4722,0x0CF00400,61444,135903.0,119557.448,-0.027,FF FF FF 00 00 FF FF FF,FF FF FF 00 00 FF FF FF,[],190=0.0/exp 0.0 VALUE_OK
MATCH,4723,0x0CF00400,61444,135908.0,119562.443,-0.031,FF FF FF 00 00 FF FF FF,FF FF FF 00 00 FF FF FF,[],190=0.0/exp 0.0 VALUE_OK
MATCH,4724,0x0CF00400,61444,135913.0,119567.444,-0.03,FF FF FF 00 00 FF FF FF,FF FF FF 00 00 FF FF FF,[],190=0.0/exp 0.0 VALUE_OK
MATCH,4725,0x0CF00400,61444,135918.0,119572.443,-0.03,FF FF FF 00 00 FF FF FF,FF FF FF 00 00 FF FF FF,[],190=0.0/exp 0.0 VALUE_OK
MATCH,4726,0x0CF00400,61444,135923.0,119577.443,-0.03,FF FF FF 00 00 FF FF FF,FF FF FF 00 00 FF FF FF,[],190=0.0/exp 0.0 VALUE_OK
MATCH,4727,0x0CF00400,61444,135928.0,119582.442,-0.03,FF FF FF 00 00 FF FF FF,FF FF FF 00 00 FF FF FF,[],190=0.0/exp 0.0 VALUE_OK
MATCH,4728,0x0CF00400,61444,135933.0,119587.442,-0.029,FF FF FF 00 00 FF FF FF,FF FF FF 00 00 FF FF FF,[],190=0.0/exp 0.0 VALUE_OK
MATCH,4729,0x0CF00400,61444,135938.0,119592.441,-0.03,FF FF FF 00 00 FF FF FF,FF FF FF 00 00 FF FF FF,[],190=0.0/exp 0.0 VALUE_OK
MATCH,4730,0x0CF00400,61444,135943.0,119597.442,-0.028,FF FF FF 00 00 FF FF FF,FF FF FF 00 00 FF FF FF,[],190=0.0/exp 0.0 VALUE_OK
MATCH,4731,0x0CF00400,61444,135948.0,119602.441,-0.029,FF FF FF 00 00 FF FF FF,FF FF FF 00 00 FF FF FF,[],190=0.0/exp 0.0 VALUE_OK
MATCH,4732,0x0CF00400,61444,135953.0,119607.44,-0.029,FF FF FF 00 00 FF FF FF,FF FF FF 00 00 FF FF FF,[],190=0.0/exp 0.0 VALUE_OK
MATCH,4733,0x0CF00400,61444,135958.0,119612.44,-0.029,FF FF FF 00 00 FF FF FF,FF FF FF 00 00 FF FF FF,[],190=0.0/exp 0.0 VALUE_OK
MATCH,4734,0x0CF00400,61444,135963.0,119617.439,-0.029,FF FF FF 00 00 FF FF FF,FF FF FF 00 00 FF FF FF,[],190=0.0/exp 0.0 VALUE_OK
MATCH,4735,0x0CF00400,61444,135968.0,119622.439,-0.028,FF FF FF 00 00 FF FF FF,FF FF FF 00 00 FF FF FF,[],190=0.0/exp 0.0 VALUE_OK
MATCH,4736,0x0CF00400,61444,135973.0,119627.439,-0.028,FF FF FF 00 00 FF FF FF,FF FF FF 00 00 FF FF FF,[],190=0.0/exp 0.0 VALUE_OK
MATCH,4737,0x0CF00400,61444,135978.0,119632.438,-0.028,FF FF FF 00 00 FF FF FF,FF FF FF 00 00 FF FF FF,[],190=0.0/exp 0.0 VALUE_OK
MATCH,4738,0x0CF00400,61444,135983.0,119637.433,-0.033,FF FF FF 00 00 FF FF FF,FF FF FF 00 00 FF FF FF,[],190=0.0/exp 0.0 VALUE_OK
MATCH,4739,0x0CF00400,61444,135988.0,119642.433,-0.032,FF FF FF 00 00 FF FF FF,FF FF FF 00 00 FF FF FF,[],190=0.0/exp 0.0 VALUE_OK
MATCH,4740,0x0CF00400,61444,135993.0,119647.433,-0.031,FF FF FF 00 00 FF FF FF,FF FF FF 00 00 FF FF FF,[],190=0.0/exp 0.0 VALUE_OK
MATCH,4741,0x0CF00400,61444,135998.0,119652.432,-0.032,FF FF FF 00 00 FF FF FF,FF FF FF 00 00 FF FF FF,[],190=0.0/exp 0.0 VALUE_OK
MATCH,4742,0x0CF00400,61444,136003.0,119657.432,-0.031,FF FF FF 00 00 FF FF FF,FF FF FF 00 00 FF FF FF,[],190=0.0/exp 0.0 VALUE_OK
MATCH,4743,0x0CF00400,61444,136008.0,119662.435,-0.028,FF FF FF 00 00 FF FF FF,FF FF FF 00 00 FF FF FF,[],190=0.0/exp 0.0 VALUE_OK
MATCH,4744,0x0CF00400,61444,136013.0,119667.435,-0.027,FF FF FF 00 00 FF FF FF,FF FF FF 00 00 FF FF FF,[],190=0.0/exp 0.0 VALUE_OK
MATCH,4745,0x0CF00400,61444,136018.0,119672.43,-0.031,FF FF FF 00 00 FF FF FF,FF FF FF 00 00 FF FF FF,[],190=0.0/exp 0.0 VALUE_OK
MATCH,4746,0x0CF00400,61444,136023.0,119677.43,-0.031,FF FF FF 00 00 FF FF FF,FF FF FF 00 00 FF FF FF,[],190=0.0/exp 0.0 VALUE_OK
MATCH,4747,0x0CF00400,61444,136028.0,119682.429,-0.031,FF FF FF 00 00 FF FF FF,FF FF FF 00 00 FF FF FF,[],190=0.0/exp 0.0 VALUE_OK
MATCH,4748,0x0CF00400,61444,136033.0,119687.425,-0.035,FF FF FF 00 00 FF FF FF,FF FF FF 00 00 FF FF FF,[],190=0.0/exp 0.0 VALUE_OK
MATCH,4749,0x0CF00400,61444,136038.0,119692.429,-0.03,FF FF FF 00 00 FF FF FF,FF FF FF 00 00 FF FF FF,[],190=0.0/exp 0.0 VALUE_OK
MATCH,4750,0x0CF00400,61444,136043.0,119697.428,-0.03,FF FF FF 00 00 FF FF FF,FF FF FF 00 00 FF FF FF,[],190=0.0/exp 0.0 VALUE_OK
MATCH,4751,0x0CF00400,61444,136048.0,119702.427,-0.031,FF FF FF 00 00 FF FF FF,FF FF FF 00 00 FF FF FF,[],190=0.0/exp 0.0 VALUE_OK
MATCH,4752,0x0CF00400,61444,136053.0,119707.423,-0.034,FF FF FF 00 00 FF FF FF,FF FF FF 00 00 FF FF FF,[],190=0.0/exp 0.0 VALUE_OK
MATCH,4753,0x0CF00400,61444,136058.0,119712.423,-0.033,FF FF FF 00 00 FF FF FF,FF FF FF 00 00 FF FF FF,[],190=0.0/exp 0.0 VALUE_OK
MATCH,4754,0x0CF00400,61444,136063.0,119717.422,-0.034,FF FF FF 00 00 FF FF FF,FF FF FF 00 00 FF FF FF,[],190=0.0/exp 0.0 VALUE_OK
MATCH,4755,0x0CF00400,61444,136068.0,119722.421,-0.034,FF FF FF 00 00 FF FF FF,FF FF FF 00 00 FF FF FF,[],190=0.0/exp 0.0 VALUE_OK
MATCH,4756,0x0CF00400,61444,136073.0,119727.421,-0.033,FF FF FF 00 00 FF FF FF,FF FF FF 00 00 FF FF FF,[],190=0.0/exp 0.0 VALUE_OK
MATCH,4757,0x0CF00400,61444,136078.0,119732.42,-0.034,FF FF FF 00 00 FF FF FF,FF FF FF 00 00 FF FF FF,[],190=0.0/exp 0.0 VALUE_OK
MATCH,4758,0x0CF00400,61444,136083.0,119737.42,-0.033,FF FF FF 00 00 FF FF FF,FF FF FF 00 00 FF FF FF,[],190=0.0/exp 0.0 VALUE_OK
MATCH,4759,0x0CF00400,61444,136088.0,119742.42,-0.032,FF FF FF 00 00 FF FF FF,FF FF FF 00 00 FF FF FF,[],190=0.0/exp 0.0 VALUE_OK
MATCH,4760,0x0CF00400,61444,136093.0,119747.419,-0.033,FF FF FF 00 00 FF FF FF,FF FF FF 00 00 FF FF FF,[],190=0.0/exp 0.0 VALUE_OK
MATCH,4761,0x0CF00400,61444,136098.0,119752.419,-0.032,FF FF FF 00 00 FF FF FF,FF FF FF 00 00 FF FF FF,[],190=0.0/exp 0.0 VALUE_OK
MATCH,4762,0x0CF00400,61444,136103.0,119757.418,-0.032,FF FF FF 00 00 FF FF FF,FF FF FF 00 00 FF FF FF,[],190=0.0/exp 0.0 VALUE_OK
MATCH,4763,0x0CF00400,61444,136108.0,119762.418,-0.032,FF FF FF 00 00 FF FF FF,FF FF FF 00 00 FF FF FF,[],190=0.0/exp 0.0 VALUE_OK
MATCH,4764,0x0CF00400,61444,136113.0,119767.417,-0.032,FF FF FF 00 00 FF FF FF,FF FF FF 00 00 FF FF FF,[],190=0.0/exp 0.0 VALUE_OK
MATCH,4765,0x0CF00400,61444,136118.0,119772.417,-0.031,FF FF FF 00 00 FF FF FF,FF FF FF 00 00 FF FF FF,[],190=0.0/exp 0.0 VALUE_OK
MATCH,4766,0x0CF00400,61444,136123.0,119777.416,-0.032,FF FF FF 00 00 FF FF FF,FF FF FF 00 00 FF FF FF,[],190=0.0/exp 0.0 VALUE_OK
MATCH,4767,0x0CF00400,61444,136128.0,119782.416,-0.031,FF FF FF 00 00 FF FF FF,FF FF FF 00 00 FF FF FF,[],190=0.0/exp 0.0 VALUE_OK
MATCH,4768,0x0CF00400,61444,136133.0,119787.415,-0.032,FF FF FF 00 00 FF FF FF,FF FF FF 00 00 FF FF FF,[],190=0.0/exp 0.0 VALUE_OK
MATCH,4769,0x0CF00400,61444,136138.0,119792.415,-0.031,FF FF FF 00 00 FF FF FF,FF FF FF 00 00 FF FF FF,[],190=0.0/exp 0.0 VALUE_OK
MATCH,4770,0x0CF00400,61444,136143.0,119797.415,-0.03,FF FF FF 00 00 FF FF FF,FF FF FF 00 00 FF FF FF,[],190=0.0/exp 0.0 VALUE_OK
MATCH,4771,0x0CF00400,61444,136148.0,119802.414,-0.031,FF FF FF 00 00 FF FF FF,FF FF FF 00 00 FF FF FF,[],190=0.0/exp 0.0 VALUE_OK
MATCH,4772,0x0CF00400,61444,136153.0,119807.413,-0.031,FF FF FF 00 00 FF FF FF,FF FF FF 00 00 FF FF FF,[],190=0.0/exp 0.0 VALUE_OK
MATCH,4773,0x0CF00400,61444,136158.0,119812.409,-0.034,FF FF FF 00 00 FF FF FF,FF FF FF 00 00 FF FF FF,[],190=0.0/exp 0.0 VALUE_OK
MATCH,4774,0x0CF00400,61444,136163.0,119817.409,-0.034,FF FF FF 00 00 FF FF FF,FF FF FF 00 00 FF FF FF,[],190=0.0/exp 0.0 VALUE_OK
MATCH,4775,0x0CF00400,61444,136168.0,119822.408,-0.034,FF FF FF 00 00 FF FF FF,FF FF FF 00 00 FF FF FF,[],190=0.0/exp 0.0 VALUE_OK
MATCH,4776,0x0CF00400,61444,136173.0,119827.408,-0.033,FF FF FF 00 00 FF FF FF,FF FF FF 00 00 FF FF FF,[],190=0.0/exp 0.0 VALUE_OK
MATCH,4777,0x0CF00400,61444,136178.0,119832.407,-0.034,FF FF FF 00 00 FF FF FF,FF FF FF 00 00 FF FF FF,[],190=0.0/exp 0.0 VALUE_OK
MATCH,4778,0x0CF00400,61444,136183.0,119837.407,-0.033,FF FF FF 00 00 FF FF FF,FF FF FF 00 00 FF FF FF,[],190=0.0/exp 0.0 VALUE_OK
MATCH,4779,0x0CF00400,61444,136188.0,119842.407,-0.032,FF FF FF 00 00 FF FF FF,FF FF FF 00 00 FF FF FF,[],190=0.0/exp 0.0 VALUE_OK
MATCH,4780,0x0CF00400,61444,136193.0,119847.406,-0.033,FF FF FF 00 00 FF FF FF,FF FF FF 00 00 FF FF FF,[],190=0.0/exp 0.0 VALUE_OK
MATCH,4781,0x0CF00400,61444,136198.0,119852.405,-0.033,FF FF FF 00 00 FF FF FF,FF FF FF 00 00 FF FF FF,[],190=0.0/exp 0.0 VALUE_OK
MATCH,4782,0x0CF00400,61444,136203.0,119857.405,-0.032,FF FF FF 00 00 FF FF FF,FF FF FF 00 00 FF FF FF,[],190=0.0/exp 0.0 VALUE_OK
MATCH,4783,0x0CF00400,61444,136208.0,119862.404,-0.033,FF FF FF 00 00 FF FF FF,FF FF FF 00 00 FF FF FF,[],190=0.0/exp 0.0 VALUE_OK
MATCH,4784,0x0CF00400,61444,136213.0,119867.404,-0.032,FF FF FF 00 00 FF FF FF,FF FF FF 00 00 FF FF FF,[],190=0.0/exp 0.0 VALUE_OK
MATCH,4785,0x0CF00400,61444,136218.0,119872.403,-0.033,FF FF FF 00 00 FF FF FF,FF FF FF 00 00 FF FF FF,[],190=0.0/exp 0.0 VALUE_OK
MATCH,4786,0x0CF00400,61444,136223.0,119877.403,-0.032,FF FF FF 00 00 FF FF FF,FF FF FF 00 00 FF FF FF,[],190=0.0/exp 0.0 VALUE_OK
MATCH,4787,0x0CF00400,61444,136228.0,119882.402,-0.032,FF FF FF 00 00 FF FF FF,FF FF FF 00 00 FF FF FF,[],190=0.0/exp 0.0 VALUE_OK
MATCH,4788,0x0CF00400,61444,136233.0,119887.402,-0.032,FF FF FF 00 00 FF FF FF,FF FF FF 00 00 FF FF FF,[],190=0.0/exp 0.0 VALUE_OK
MATCH,4789,0x0CF00400,61444,136238.0,119892.402,-0.031,FF FF FF 00 00 FF FF FF,FF FF FF 00 00 FF FF FF,[],190=0.0/exp 0.0 VALUE_OK
MATCH,4790,0x0CF00400,61444,136243.0,119897.401,-0.031,FF FF FF 00 00 FF FF FF,FF FF FF 00 00 FF FF FF,[],190=0.0/exp 0.0 VALUE_OK
MATCH,4791,0x0CF00400,61444,136248.0,119902.401,-0.031,FF FF FF 00 00 FF FF FF,FF FF FF 00 00 FF FF FF,[],190=0.0/exp 0.0 VALUE_OK
MATCH,4792,0x0CF00400,61444,136253.0,119907.4,-0.031,FF FF FF 00 00 FF FF FF,FF FF FF 00 00 FF FF FF,[],190=0.0/exp 0.0 VALUE_OK
MATCH,4793,0x0CF00400,61444,136258.0,119912.396,-0.034,FF FF FF 00 00 FF FF FF,FF FF FF 00 00 FF FF FF,[],190=0.0/exp 0.0 VALUE_OK
MATCH,4794,0x0CF00400,61444,136263.0,119917.395,-0.035,FF FF FF 00 00 FF FF FF,FF FF FF 00 00 FF FF FF,[],190=0.0/exp 0.0 VALUE_OK
MATCH,4795,0x0CF00400,61444,136268.0,119922.395,-0.034,FF FF FF 00 00 FF FF FF,FF FF FF 00 00 FF FF FF,[],190=0.0/exp 0.0 VALUE_OK
MATCH,4796,0x0CF00400,61444,136273.0,119927.395,-0.033,FF FF FF 00 00 FF FF FF,FF FF FF 00 00 FF FF FF,[],190=0.0/exp 0.0 VALUE_OK
MATCH,4797,0x0CF00400,61444,136278.0,119932.394,-0.034,FF FF FF 00 00 FF FF FF,FF FF FF 00 00 FF FF FF,[],190=0.0/exp 0.0 VALUE_OK
MATCH,4798,0x0CF00400,61444,136283.0,119937.389,-0.038,FF FF FF 00 00 FF FF FF,FF FF FF 00 00 FF FF FF,[],190=0.0/exp 0.0 VALUE_OK
MATCH,4799,0x0CF00400,61444,136288.0,119942.393,-0.033,FF FF FF 00 00 FF FF FF,FF FF FF 00 00 FF FF FF,[],190=0.0/exp 0.0 VALUE_OK
MATCH,4800,0x0CF00400,61444,136293.0,119947.388,-0.038,FF FF FF 00 00 FF FF FF,FF FF FF 00 00 FF FF FF,[],190=0.0/exp 0.0 VALUE_OK
MATCH,4801,0x0CF00400,61444,136298.0,119952.388,-0.037,FF FF FF 00 00 FF FF FF,FF FF FF 00 00 FF FF FF,[],190=0.0/exp 0.0 VALUE_OK
MATCH,4802,0x0CF00400,61444,136303.0,119957.391,-0.033,FF FF FF 00 00 FF FF FF,FF FF FF 00 00 FF FF FF,[],190=0.0/exp 0.0 VALUE_OK
MATCH,4803,0x0CF00400,61444,136308.0,119962.391,-0.032,FF FF FF 00 00 FF FF FF,FF FF FF 00 00 FF FF FF,[],190=0.0/exp 0.0 VALUE_OK
MATCH,4804,0x0CF00400,61444,136313.0,119967.391,-0.032,FF FF FF 00 00 FF FF FF,FF FF FF 00 00 FF FF FF,[],190=0.0/exp 0.0 VALUE_OK
MATCH,4805,0x0CF00400,61444,136318.0,119972.39,-0.032,FF FF FF 00 00 FF FF FF,FF FF FF 00 00 FF FF FF,[],190=0.0/exp 0.0 VALUE_OK
MATCH,4806,0x0CF00400,61444,136323.0,119977.39,-0.032,FF FF FF 00 00 FF FF FF,FF FF FF 00 00 FF FF FF,[],190=0.0/exp 0.0 VALUE_OK
MATCH,4807,0x0CF00400,61444,136328.0,119982.389,-0.032,FF FF FF 00 00 FF FF FF,FF FF FF 00 00 FF FF FF,[],190=0.0/exp 0.0 VALUE_OK
MATCH,4808,0x0CF00400,61444,136333.0,119987.389,-0.031,FF FF FF 00 00 FF FF FF,FF FF FF 00 00 FF FF FF,[],190=0.0/exp 0.0 VALUE_OK
MATCH,4809,0x0CF00400,61444,136338.0,119992.384,-0.036,FF FF FF 00 00 FF FF FF,FF FF FF 00 00 FF FF FF,[],190=0.0/exp 0.0 VALUE_OK
MATCH,4810,0x0CF00400,61444,136343.0,119997.384,-0.035,FF FF FF 00 00 FF FF FF,FF FF FF 00 00 FF FF FF,[],190=0.0/exp 0.0 VALUE_OK
MATCH,4811,0x0CF00400,61444,136348.0,120002.383,-0.035,FF FF FF 00 00 FF FF FF,FF FF FF 00 00 FF FF FF,[],190=0.0/exp 0.0 VALUE_OK
MATCH,4812,0x0CF00400,61444,136353.0,120007.383,-0.035,FF FF FF 00 00 FF FF FF,FF FF FF 00 00 FF FF FF,[],190=0.0/exp 0.0 VALUE_OK
MATCH,4813,0x0CF00400,61444,136358.0,120012.382,-0.035,FF FF FF 00 00 FF FF FF,FF FF FF 00 00 FF FF FF,[],190=0.0/exp 0.0 VALUE_OK
MATCH,4814,0x0CF00400,61444,136363.0,120017.382,-0.034,FF FF FF 00 00 FF FF FF,FF FF FF 00 00 FF FF FF,[],190=0.0/exp 0.0 VALUE_OK
MATCH,4815,0x0CF00400,61444,136368.0,120022.381,-0.034,FF FF FF 00 00 FF FF FF,FF FF FF 00 00 FF FF FF,[],190=0.0/exp 0.0 VALUE_OK
MATCH,4816,0x0CF00400,61444,136373.0,120027.381,-0.034,FF FF FF 00 00 FF FF FF,FF FF FF 00 00 FF FF FF,[],190=0.0/exp 0.0 VALUE_OK
MATCH,4817,0x0CF00400,61444,136378.0,120032.381,-0.033,FF FF FF 00 00 FF FF FF,FF FF FF 00 00 FF FF FF,[],190=0.0/exp 0.0 VALUE_OK
MATCH,4818,0x0CF00400,61444,136383.0,120037.38,-0.033,FF FF FF 00 00 FF FF FF,FF FF FF 00 00 FF FF FF,[],190=0.0/exp 0.0 VALUE_OK
MATCH,4819,0x0CF00400,61444,136388.0,120042.38,-0.033,FF FF FF 00 00 FF FF FF,FF FF FF 00 00 FF FF FF,[],190=0.0/exp 0.0 VALUE_OK
MATCH,4820,0x0CF00400,61444,136393.0,120047.379,-0.033,FF FF FF 00 00 FF FF FF,FF FF FF 00 00 FF FF FF,[],190=0.0/exp 0.0 VALUE_OK
MATCH,4821,0x0CF00400,61444,136398.0,120052.379,-0.032,FF FF FF 00 00 FF FF FF,FF FF FF 00 00 FF FF FF,[],190=0.0/exp 0.0 VALUE_OK
MATCH,4822,0x0CF00400,61444,136403.0,120057.379,-0.032,FF FF FF 00 00 FF FF FF,FF FF FF 00 00 FF FF FF,[],190=0.0/exp 0.0 VALUE_OK
MATCH,4823,0x0CF00400,61444,136408.0,120062.375,-0.035,FF FF FF 00 00 FF FF FF,FF FF FF 00 00 FF FF FF,[],190=0.0/exp 0.0 VALUE_OK
MATCH,4824,0x0CF00400,61444,136413.0,120067.374,-0.035,FF FF FF 00 00 FF FF FF,FF FF FF 00 00 FF FF FF,[],190=0.0/exp 0.0 VALUE_OK
MATCH,4825,0x0CF00400,61444,136418.0,120072.374,-0.035,FF FF FF 00 00 FF FF FF,FF FF FF 00 00 FF FF FF,[],190=0.0/exp 0.0 VALUE_OK
MATCH,4826,0x0CF00400,61444,136423.0,120077.373,-0.035,FF FF FF 00 00 FF FF FF,FF FF FF 00 00 FF FF FF,[],190=0.0/exp 0.0 VALUE_OK
MATCH,4827,0x0CF00400,61444,136428.0,120082.373,-0.034,FF FF FF 00 00 FF FF FF,FF FF FF 00 00 FF FF FF,[],190=0.0/exp 0.0 VALUE_OK
MATCH,4828,0x0CF00400,61444,136433.0,120087.372,-0.035,FF FF FF 00 00 FF FF FF,FF FF FF 00 00 FF FF FF,[],190=0.0/exp 0.0 VALUE_OK
MATCH,4829,0x0CF00400,61444,136438.0,120092.372,-0.034,FF FF FF 00 00 FF FF FF,FF FF FF 00 00 FF FF FF,[],190=0.0/exp 0.0 VALUE_OK
MATCH,4830,0x0CF00400,61444,136443.0,120097.371,-0.034,FF FF FF 00 00 FF FF FF,FF FF FF 00 00 FF FF FF,[],190=0.0/exp 0.0 VALUE_OK
MATCH,4831,0x0CF00400,61444,136448.0,120102.371,-0.034,FF FF FF 00 00 FF FF FF,FF FF FF 00 00 FF FF FF,[],190=0.0/exp 0.0 VALUE_OK
MATCH,4832,0x0CF00400,61444,136453.0,120107.37,-0.034,FF FF FF 00 00 FF FF FF,FF FF FF 00 00 FF FF FF,[],190=0.0/exp 0.0 VALUE_OK
MATCH,4833,0x0CF00400,61444,136458.0,120112.37,-0.033,FF FF FF 00 00 FF FF FF,FF FF FF 00 00 FF FF FF,[],190=0.0/exp 0.0 VALUE_OK
MATCH,4834,0x0CF00400,61444,136463.0,120117.366,-0.037,FF FF FF 00 00 FF FF FF,FF FF FF 00 00 FF FF FF,[],190=0.0/exp 0.0 VALUE_OK
MATCH,4835,0x0CF00400,61444,136468.0,120122.365,-0.037,FF FF FF 00 00 FF FF FF,FF FF FF 00 00 FF FF FF,[],190=0.0/exp 0.0 VALUE_OK
MATCH,4836,0x0CF00400,61444,136473.0,120127.365,-0.036,FF FF FF 00 00 FF FF FF,FF FF FF 00 00 FF FF FF,[],190=0.0/exp 0.0 VALUE_OK
MATCH,4837,0x0CF00400,61444,136478.0,120132.364,-0.036,FF FF FF 00 00 FF FF FF,FF FF FF 00 00 FF FF FF,[],190=0.0/exp 0.0 VALUE_OK
MATCH,4838,0x0CF00400,61444,136483.0,120137.364,-0.036,FF FF FF 00 00 FF FF FF,FF FF FF 00 00 FF FF FF,[],190=0.0/exp 0.0 VALUE_OK
MATCH,4839,0x0CF00400,61444,136488.0,120142.364,-0.035,FF FF FF 00 00 FF FF FF,FF FF FF 00 00 FF FF FF,[],190=0.0/exp 0.0 VALUE_OK
MATCH,4840,0x0CF00400,61444,136493.0,120147.363,-0.035,FF FF FF 00 00 FF FF FF,FF FF FF 00 00 FF FF FF,[],190=0.0/exp 0.0 VALUE_OK
MATCH,4841,0x0CF00400,61444,136498.0,120152.362,-0.036,FF FF FF 00 00 FF FF FF,FF FF FF 00 00 FF FF FF,[],190=0.0/exp 0.0 VALUE_OK
MATCH,4842,0x0CF00400,61444,136503.0,120157.362,-0.035,FF FF FF 00 00 FF FF FF,FF FF FF 00 00 FF FF FF,[],190=0.0/exp 0.0 VALUE_OK
MATCH,4843,0x0CF00400,61444,136508.0,120162.362,-0.034,FF FF FF 00 00 FF FF FF,FF FF FF 00 00 FF FF FF,[],190=0.0/exp 0.0 VALUE_OK
MATCH,4844,0x0CF00400,61444,136513.0,120167.361,-0.034,FF FF FF 00 00 FF FF FF,FF FF FF 00 00 FF FF FF,[],190=0.0/exp 0.0 VALUE_OK
MATCH,4845,0x0CF00400,61444,136518.0,120172.36,-0.035,FF FF FF 00 00 FF FF FF,FF FF FF 00 00 FF FF FF,[],190=0.0/exp 0.0 VALUE_OK
MATCH,4846,0x0CF00400,61444,136523.0,120177.36,-0.034,FF FF FF 00 00 FF FF FF,FF FF FF 00 00 FF FF FF,[],190=0.0/exp 0.0 VALUE_OK
MATCH,4847,0x0CF00400,61444,136528.0,120182.359,-0.034,FF FF FF 00 00 FF FF FF,FF FF FF 00 00 FF FF FF,[],190=0.0/exp 0.0 VALUE_OK
MATCH,4848,0x0CF00400,61444,136533.0,120187.355,-0.038,FF FF FF 00 00 FF FF FF,FF FF FF 00 00 FF FF FF,[],190=0.0/exp 0.0 VALUE_OK
MATCH,4849,0x0CF00400,61444,136538.0,120192.355,-0.037,FF FF FF 00 00 FF FF FF,FF FF FF 00 00 FF FF FF,[],190=0.0/exp 0.0 VALUE_OK
MATCH,4850,0x0CF00400,61444,136543.0,120197.354,-0.037,FF FF FF 00 00 FF FF FF,FF FF FF 00 00 FF FF FF,[],190=0.0/exp 0.0 VALUE_OK
MATCH,4851,0x0CF00400,61444,136548.0,120202.354,-0.036,FF FF FF 00 00 FF FF FF,FF FF FF 00 00 FF FF FF,[],190=0.0/exp 0.0 VALUE_OK
MATCH,4852,0x0CF00400,61444,136553.0,120207.353,-0.037,FF FF FF 00 00 FF FF FF,FF FF FF 00 00 FF FF FF,[],190=0.0/exp 0.0 VALUE_OK
MATCH,4853,0x0CF00400,61444,136558.0,120212.353,-0.036,FF FF FF 00 00 FF FF FF,FF FF FF 00 00 FF FF FF,[],190=0.0/exp 0.0 VALUE_OK
MATCH,4854,0x0CF00400,61444,136563.0,120217.352,-0.036,FF FF FF 00 00 FF FF FF,FF FF FF 00 00 FF FF FF,[],190=0.0/exp 0.0 VALUE_OK
MATCH,4855,0x0CF00400,61444,136568.0,120222.352,-0.036,FF FF FF 00 00 FF FF FF,FF FF FF 00 00 FF FF FF,[],190=0.0/exp 0.0 VALUE_OK
MATCH,4856,0x0CF00400,61444,136573.0,120227.351,-0.036,FF FF FF 00 00 FF FF FF,FF FF FF 00 00 FF FF FF,[],190=0.0/exp 0.0 VALUE_OK
MATCH,4857,0x0CF00400,61444,136578.0,120232.351,-0.035,FF FF FF 00 00 FF FF FF,FF FF FF 00 00 FF FF FF,[],190=0.0/exp 0.0 VALUE_OK
MATCH,4858,0x0CF00400,61444,136583.0,120237.35,-0.035,FF FF FF 00 00 FF FF FF,FF FF FF 00 00 FF FF FF,[],190=0.0/exp 0.0 VALUE_OK
MATCH,4859,0x0CF00400,61444,136588.0,120242.35,-0.035,FF FF FF 00 00 FF FF FF,FF FF FF 00 00 FF FF FF,[],190=0.0/exp 0.0 VALUE_OK
MATCH,4860,0x0CF00400,61444,136593.0,120247.35,-0.034,FF FF FF 00 00 FF FF FF,FF FF FF 00 00 FF FF FF,[],190=0.0/exp 0.0 VALUE_OK
MATCH,4861,0x0CF00400,61444,136598.0,120252.349,-0.034,FF FF FF 00 00 FF FF FF,FF FF FF 00 00 FF FF FF,[],190=0.0/exp 0.0 VALUE_OK
MATCH,4862,0x0CF00400,61444,136603.0,120257.349,-0.034,FF FF FF 00 00 FF FF FF,FF FF FF 00 00 FF FF FF,[],190=0.0/exp 0.0 VALUE_OK
MATCH,4863,0x0CF00400,61444,136608.0,120262.348,-0.034,FF FF FF 00 00 FF FF FF,FF FF FF 00 00 FF FF FF,[],190=0.0/exp 0.0 VALUE_OK
MATCH,4864,0x0CF00400,61444,136613.0,120267.348,-0.033,FF FF FF 00 00 FF FF FF,FF FF FF 00 00 FF FF FF,[],190=0.0/exp 0.0 VALUE_OK
MATCH,4865,0x0CF00400,61444,136618.0,120272.347,-0.034,FF FF FF 00 00 FF FF FF,FF FF FF 00 00 FF FF FF,[],190=0.0/exp 0.0 VALUE_OK
MATCH,4866,0x0CF00400,61444,136623.0,120277.347,-0.033,FF FF FF 00 00 FF FF FF,FF FF FF 00 00 FF FF FF,[],190=0.0/exp 0.0 VALUE_OK
MATCH,4867,0x0CF00400,61444,136628.0,120282.346,-0.033,FF FF FF 00 00 FF FF FF,FF FF FF 00 00 FF FF FF,[],190=0.0/exp 0.0 VALUE_OK
MATCH,4868,0x0CF00400,61444,136633.0,120287.346,-0.033,FF FF FF 00 00 FF FF FF,FF FF FF 00 00 FF FF FF,[],190=0.0/exp 0.0 VALUE_OK
MATCH,4869,0x0CF00400,61444,136638.0,120292.345,-0.033,FF FF FF 00 00 FF FF FF,FF FF FF 00 00 FF FF FF,[],190=0.0/exp 0.0 VALUE_OK
MATCH,4870,0x0CF00400,61444,136643.0,120297.345,-0.032,FF FF FF 00 00 FF FF FF,FF FF FF 00 00 FF FF FF,[],190=0.0/exp 0.0 VALUE_OK
MATCH,4871,0x0CF00400,61444,136648.0,120302.344,-0.033,FF FF FF 00 00 FF FF FF,FF FF FF 00 00 FF FF FF,[],190=0.0/exp 0.0 VALUE_OK
MATCH,4872,0x0CF00400,61444,136653.0,120307.344,-0.032,FF FF FF 00 00 FF FF FF,FF FF FF 00 00 FF FF FF,[],190=0.0/exp 0.0 VALUE_OK
MATCH,4873,0x0CF00400,61444,136658.0,120312.335,-0.04,FF FF FF 00 00 FF FF FF,FF FF FF 00 00 FF FF FF,[],190=0.0/exp 0.0 VALUE_OK
MATCH,4874,0x0CF00400,61444,136663.0,120317.339,-0.036,FF FF FF 00 00 FF FF FF,FF FF FF 00 00 FF FF FF,[],190=0.0/exp 0.0 VALUE_OK
MATCH,4875,0x0CF00400,61444,136668.0,120322.338,-0.036,FF FF FF 00 00 FF FF FF,FF FF FF 00 00 FF FF FF,[],190=0.0/exp 0.0 VALUE_OK
MATCH,4876,0x0CF00400,61444,136673.0,120327.338,-0.035,FF FF FF 00 00 FF FF FF,FF FF FF 00 00 FF FF FF,[],190=0.0/exp 0.0 VALUE_OK
MATCH,4877,0x0CF00400,61444,136678.0,120332.337,-0.035,FF FF FF 00 00 FF FF FF,FF FF FF 00 00 FF FF FF,[],190=0.0/exp 0.0 VALUE_OK
MATCH,4878,0x0CF00400,61444,136683.0,120337.337,-0.035,FF FF FF 00 00 FF FF FF,FF FF FF 00 00 FF FF FF,[],190=0.0/exp 0.0 VALUE_OK
MATCH,4879,0x0CF00400,61444,136688.0,120342.337,-0.034,FF FF FF 00 00 FF FF FF,FF FF FF 00 00 FF FF FF,[],190=0.0/exp 0.0 VALUE_OK
MATCH,4880,0x0CF00400,61444,136693.0,120347.332,-0.038,FF FF FF 00 00 FF FF FF,FF FF FF 00 00 FF FF FF,[],190=0.0/exp 0.0 VALUE_OK
MATCH,4881,0x0CF00400,61444,136698.0,120352.332,-0.038,FF FF FF 00 00 FF FF FF,FF FF FF 00 00 FF FF FF,[],190=0.0/exp 0.0 VALUE_OK
MATCH,4882,0x0CF00400,61444,136703.0,120357.335,-0.034,FF FF FF 00 00 FF FF FF,FF FF FF 00 00 FF FF FF,[],190=0.0/exp 0.0 VALUE_OK
MATCH,4883,0x0CF00400,61444,136708.0,120362.335,-0.033,FF FF FF 00 00 FF FF FF,FF FF FF 00 00 FF FF FF,[],190=0.0/exp 0.0 VALUE_OK
MATCH,4884,0x0CF00400,61444,136713.0,120367.334,-0.034,FF FF FF 00 00 FF FF FF,FF FF FF 00 00 FF FF FF,[],190=0.0/exp 0.0 VALUE_OK
MATCH,4885,0x0CF00400,61444,136718.0,120372.334,-0.033,FF FF FF 00 00 FF FF FF,FF FF FF 00 00 FF FF FF,[],190=0.0/exp 0.0 VALUE_OK
MATCH,4886,0x0CF00400,61444,136723.0,120377.333,-0.033,FF FF FF 00 00 FF FF FF,FF FF FF 00 00 FF FF FF,[],190=0.0/exp 0.0 VALUE_OK
MATCH,4887,0x0CF00400,61444,136728.0,120382.333,-0.033,FF FF FF 00 00 FF FF FF,FF FF FF 00 00 FF FF FF,[],190=0.0/exp 0.0 VALUE_OK
MATCH,4888,0x0CF00400,61444,136733.0,120387.333,-0.032,FF FF FF 00 00 FF FF FF,FF FF FF 00 00 FF FF FF,[],190=0.0/exp 0.0 VALUE_OK
MATCH,4889,0x0CF00400,61444,136738.0,120392.328,-0.036,FF FF FF 00 00 FF FF FF,FF FF FF 00 00 FF FF FF,[],190=0.0/exp 0.0 VALUE_OK
MATCH,4890,0x0CF00400,61444,136743.0,120397.327,-0.037,FF FF FF 00 00 FF FF FF,FF FF FF 00 00 FF FF FF,[],190=0.0/exp 0.0 VALUE_OK
MATCH,4891,0x0CF00400,61444,136748.0,120402.327,-0.036,FF FF FF 00 00 FF FF FF,FF FF FF 00 00 FF FF FF,[],190=0.0/exp 0.0 VALUE_OK
MATCH,4892,0x0CF00400,61444,136753.0,120407.327,-0.035,FF FF FF 00 00 FF FF FF,FF FF FF 00 00 FF FF FF,[],190=0.0/exp 0.0 VALUE_OK
MATCH,4893,0x0CF00400,61444,136758.0,120412.326,-0.035,FF FF FF 00 00 FF FF FF,FF FF FF 00 00 FF FF FF,[],190=0.0/exp 0.0 VALUE_OK
MATCH,4894,0x0CF00400,61444,136763.0,120417.326,-0.035,FF FF FF 00 00 FF FF FF,FF FF FF 00 00 FF FF FF,[],190=0.0/exp 0.0 VALUE_OK
MATCH,4895,0x0CF00400,61444,136768.0,120422.325,-0.035,FF FF FF 00 00 FF FF FF,FF FF FF 00 00 FF FF FF,[],190=0.0/exp 0.0 VALUE_OK
MATCH,4896,0x0CF00400,61444,136773.0,120427.325,-0.034,FF FF FF 00 00 FF FF FF,FF FF FF 00 00 FF FF FF,[],190=0.0/exp 0.0 VALUE_OK
MATCH,4897,0x0CF00400,61444,136778.0,120432.324,-0.035,FF FF FF 00 00 FF FF FF,FF FF FF 00 00 FF FF FF,[],190=0.0/exp 0.0 VALUE_OK
MATCH,4898,0x0CF00400,61444,136783.0,120437.32,-0.038,FF FF FF 00 00 FF FF FF,FF FF FF 00 00 FF FF FF,[],190=0.0/exp 0.0 VALUE_OK
MATCH,4899,0x0CF00400,61444,136788.0,120442.32,-0.037,FF FF FF 00 00 FF FF FF,FF FF FF 00 00 FF FF FF,[],190=0.0/exp 0.0 VALUE_OK
MATCH,4900,0x0CF00400,61444,136793.0,120447.319,-0.037,FF FF FF 00 00 FF FF FF,FF FF FF 00 00 FF FF FF,[],190=0.0/exp 0.0 VALUE_OK
MATCH,4901,0x0CF00400,61444,136798.0,120452.318,-0.038,FF FF FF 00 00 FF FF FF,FF FF FF 00 00 FF FF FF,[],190=0.0/exp 0.0 VALUE_OK
MATCH,4902,0x0CF00400,61444,136803.0,120457.318,-0.037,FF FF FF 00 00 FF FF FF,FF FF FF 00 00 FF FF FF,[],190=0.0/exp 0.0 VALUE_OK
MATCH,4903,0x0CF00400,61444,136808.0,120462.321,-0.033,FF FF FF 00 00 FF FF FF,FF FF FF 00 00 FF FF FF,[],190=0.0/exp 0.0 VALUE_OK
MATCH,4904,0x0CF00400,61444,136813.0,120467.321,-0.032,FF FF FF 00 00 FF FF FF,FF FF FF 00 00 FF FF FF,[],190=0.0/exp 0.0 VALUE_OK
MATCH,4905,0x0CF00400,61444,136818.0,120472.317,-0.036,FF FF FF 00 00 FF FF FF,FF FF FF 00 00 FF FF FF,[],190=0.0/exp 0.0 VALUE_OK
MATCH,4906,0x0CF00400,61444,136823.0,120477.316,-0.036,FF FF FF 00 00 FF FF FF,FF FF FF 00 00 FF FF FF,[],190=0.0/exp 0.0 VALUE_OK
MATCH,4907,0x0CF00400,61444,136828.0,120482.316,-0.035,FF FF FF 00 00 FF FF FF,FF FF FF 00 00 FF FF FF,[],190=0.0/exp 0.0 VALUE_OK
MATCH,4908,0x0CF00400,61444,136833.0,120487.315,-0.036,FF FF FF 00 00 FF FF FF,FF FF FF 00 00 FF FF FF,[],190=0.0/exp 0.0 VALUE_OK
MATCH,4909,0x0CF00400,61444,136838.0,120492.315,-0.035,FF FF FF 00 00 FF FF FF,FF FF FF 00 00 FF FF FF,[],190=0.0/exp 0.0 VALUE_OK
MATCH,4910,0x0CF00400,61444,136843.0,120497.314,-0.035,FF FF FF 00 00 FF FF FF,FF FF FF 00 00 FF FF FF,[],190=0.0/exp 0.0 VALUE_OK
MATCH,4911,0x0CF00400,61444,136848.0,120502.314,-0.035,FF FF FF 00 00 FF FF FF,FF FF FF 00 00 FF FF FF,[],190=0.0/exp 0.0 VALUE_OK
MATCH,4912,0x0CF00400,61444,136853.0,120507.313,-0.035,FF FF FF 00 00 FF FF FF,FF FF FF 00 00 FF FF FF,[],190=0.0/exp 0.0 VALUE_OK
MATCH,4913,0x0CF00400,61444,136858.0,120512.313,-0.034,FF FF FF 00 00 FF FF FF,FF FF FF 00 00 FF FF FF,[],190=0.0/exp 0.0 VALUE_OK
MATCH,4914,0x0CF00400,61444,136863.0,120517.313,-0.033,FF FF FF 00 00 FF FF FF,FF FF FF 00 00 FF FF FF,[],190=0.0/exp 0.0 VALUE_OK
MATCH,4915,0x0CF00400,61444,136868.0,120522.312,-0.034,FF FF FF 00 00 FF FF FF,FF FF FF 00 00 FF FF FF,[],190=0.0/exp 0.0 VALUE_OK
MATCH,4916,0x0CF00400,61444,136873.0,120527.311,-0.034,FF FF FF 00 00 FF FF FF,FF FF FF 00 00 FF FF FF,[],190=0.0/exp 0.0 VALUE_OK
MATCH,4917,0x0CF00400,61444,136878.0,120532.311,-0.033,FF FF FF 00 00 FF FF FF,FF FF FF 00 00 FF FF FF,[],190=0.0/exp 0.0 VALUE_OK
MATCH,4918,0x0CF00400,61444,136883.0,120537.31,-0.034,FF FF FF 00 00 FF FF FF,FF FF FF 00 00 FF FF FF,[],190=0.0/exp 0.0 VALUE_OK
MATCH,4919,0x0CF00400,61444,136888.0,120542.31,-0.033,FF FF FF 00 00 FF FF FF,FF FF FF 00 00 FF FF FF,[],190=0.0/exp 0.0 VALUE_OK
MATCH,4920,0x0CF00400,61444,136893.0,120547.309,-0.033,FF FF FF 00 00 FF FF FF,FF FF FF 00 00 FF FF FF,[],190=0.0/exp 0.0 VALUE_OK
MATCH,4921,0x0CF00400,61444,136898.0,120552.306,-0.036,FF FF FF 00 00 FF FF FF,FF FF FF 00 00 FF FF FF,[],190=0.0/exp 0.0 VALUE_OK
MATCH,4922,0x0CF00400,61444,136903.0,120557.31,-0.031,FF FF FF 00 00 FF FF FF,FF FF FF 00 00 FF FF FF,[],190=0.0/exp 0.0 VALUE_OK
MATCH,4923,0x0CF00400,61444,136908.0,120562.305,-0.035,FF FF FF 00 00 FF FF FF,FF FF FF 00 00 FF FF FF,[],190=0.0/exp 0.0 VALUE_OK
MATCH,4924,0x0CF00400,61444,136913.0,120567.309,-0.031,FF FF FF 00 00 FF FF FF,FF FF FF 00 00 FF FF FF,[],190=0.0/exp 0.0 VALUE_OK
MATCH,4925,0x0CF00400,61444,136918.0,120572.308,-0.031,FF FF FF 00 00 FF FF FF,FF FF FF 00 00 FF FF FF,[],190=0.0/exp 0.0 VALUE_OK
MATCH,4926,0x0CF00400,61444,136923.0,120577.308,-0.031,FF FF FF 00 00 FF FF FF,FF FF FF 00 00 FF FF FF,[],190=0.0/exp 0.0 VALUE_OK
MATCH,4927,0x0CF00400,61444,136928.0,120582.307,-0.031,FF FF FF 00 00 FF FF FF,FF FF FF 00 00 FF FF FF,[],190=0.0/exp 0.0 VALUE_OK
MATCH,4928,0x0CF00400,61444,136933.0,120587.307,-0.03,FF FF FF 00 00 FF FF FF,FF FF FF 00 00 FF FF FF,[],190=0.0/exp 0.0 VALUE_OK
MATCH,4929,0x0CF00400,61444,136938.0,120592.307,-0.03,FF FF FF 00 00 FF FF FF,FF FF FF 00 00 FF FF FF,[],190=0.0/exp 0.0 VALUE_OK
MATCH,4930,0x0CF00400,61444,136943.0,120597.306,-0.03,FF FF FF 00 00 FF FF FF,FF FF FF 00 00 FF FF FF,[],190=0.0/exp 0.0 VALUE_OK
MATCH,4931,0x0CF00400,61444,136948.0,120602.305,-0.03,FF FF FF 00 00 FF FF FF,FF FF FF 00 00 FF FF FF,[],190=0.0/exp 0.0 VALUE_OK
MATCH,4932,0x0CF00400,61444,136953.0,120607.305,-0.03,FF FF FF 00 00 FF FF FF,FF FF FF 00 00 FF FF FF,[],190=0.0/exp 0.0 VALUE_OK
MATCH,4933,0x0CF00400,61444,136958.0,120612.304,-0.03,FF FF FF 00 00 FF FF FF,FF FF FF 00 00 FF FF FF,[],190=0.0/exp 0.0 VALUE_OK
MATCH,4934,0x0CF00400,61444,136963.0,120617.304,-0.03,FF FF FF 00 00 FF FF FF,FF FF FF 00 00 FF FF FF,[],190=0.0/exp 0.0 VALUE_OK
MATCH,4935,0x0CF00400,61444,136968.0,120622.304,-0.029,FF FF FF 00 00 FF FF FF,FF FF FF 00 00 FF FF FF,[],190=0.0/exp 0.0 VALUE_OK
MATCH,4936,0x0CF00400,61444,136973.0,120627.299,-0.033,FF FF FF 00 00 FF FF FF,FF FF FF 00 00 FF FF FF,[],190=0.0/exp 0.0 VALUE_OK
MATCH,4937,0x0CF00400,61444,136978.0,120632.299,-0.033,FF FF FF 00 00 FF FF FF,FF FF FF 00 00 FF FF FF,[],190=0.0/exp 0.0 VALUE_OK
MATCH,4938,0x0CF00400,61444,136983.0,120637.298,-0.033,FF FF FF 00 00 FF FF FF,FF FF FF 00 00 FF FF FF,[],190=0.0/exp 0.0 VALUE_OK
MATCH,4939,0x0CF00400,61444,136988.0,120642.298,-0.032,FF FF FF 00 00 FF FF FF,FF FF FF 00 00 FF FF FF,[],190=0.0/exp 0.0 VALUE_OK
MATCH,4940,0x0CF00400,61444,136993.0,120647.297,-0.033,FF FF FF 00 00 FF FF FF,FF FF FF 00 00 FF FF FF,[],190=0.0/exp 0.0 VALUE_OK
MATCH,4941,0x0CF00400,61444,136998.0,120652.297,-0.032,FF FF FF 00 00 FF FF FF,FF FF FF 00 00 FF FF FF,[],190=0.0/exp 0.0 VALUE_OK
MATCH,4942,0x0CF00400,61444,137003.0,120657.296,-0.033,FF FF FF 00 00 FF FF FF,FF FF FF 00 00 FF FF FF,[],190=0.0/exp 0.0 VALUE_OK
MATCH,4943,0x0CF00400,61444,137008.0,120662.296,-0.032,FF FF FF 00 00 FF FF FF,FF FF FF 00 00 FF FF FF,[],190=0.0/exp 0.0 VALUE_OK
MATCH,4944,0x0CF00400,61444,137013.0,120667.295,-0.032,FF FF FF 00 00 FF FF FF,FF FF FF 00 00 FF FF FF,[],190=0.0/exp 0.0 VALUE_OK
MATCH,4945,0x0CF00400,61444,137018.0,120672.295,-0.032,FF FF FF 00 00 FF FF FF,FF FF FF 00 00 FF FF FF,[],190=0.0/exp 0.0 VALUE_OK
MATCH,4946,0x0CF00400,61444,137023.0,120677.295,-0.031,FF FF FF 00 00 FF FF FF,FF FF FF 00 00 FF FF FF,[],190=0.0/exp 0.0 VALUE_OK
MATCH,4947,0x0CF00400,61444,137028.0,120682.294,-0.031,FF FF FF 00 00 FF FF FF,FF FF FF 00 00 FF FF FF,[],190=0.0/exp 0.0 VALUE_OK
MATCH,4948,0x0CF00400,61444,137033.0,120687.29,-0.035,FF FF FF 00 00 FF FF FF,FF FF FF 00 00 FF FF FF,[],190=0.0/exp 0.0 VALUE_OK
MATCH,4949,0x0CF00400,61444,137038.0,120692.293,-0.031,FF FF FF 00 00 FF FF FF,FF FF FF 00 00 FF FF FF,[],190=0.0/exp 0.0 VALUE_OK
MATCH,4950,0x0CF00400,61444,137043.0,120697.293,-0.03,FF FF FF 00 00 FF FF FF,FF FF FF 00 00 FF FF FF,[],190=0.0/exp 0.0 VALUE_OK
MATCH,4951,0x0CF00400,61444,137048.0,120702.292,-0.031,FF FF FF 00 00 FF FF FF,FF FF FF 00 00 FF FF FF,[],190=0.0/exp 0.0 VALUE_OK
MATCH,4952,0x0CF00400,61444,137053.0,120707.292,-0.03,FF FF FF 00 00 FF FF FF,FF FF FF 00 00 FF FF FF,[],190=0.0/exp 0.0 VALUE_OK
MATCH,4953,0x0CF00400,61444,137058.0,120712.291,-0.031,FF FF FF 00 00 FF FF FF,FF FF FF 00 00 FF FF FF,[],190=0.0/exp 0.0 VALUE_OK
MATCH,4954,0x0CF00400,61444,137063.0,120717.287,-0.034,FF FF FF 00 00 FF FF FF,FF FF FF 00 00 FF FF FF,[],190=0.0/exp 0.0 VALUE_OK
MATCH,4955,0x0CF00400,61444,137068.0,120722.286,-0.034,FF FF FF 00 00 FF FF FF,FF FF FF 00 00 FF FF FF,[],190=0.0/exp 0.0 VALUE_OK
MATCH,4956,0x0CF00400,61444,137073.0,120727.286,-0.034,FF FF FF 00 00 FF FF FF,FF FF FF 00 00 FF FF FF,[],190=0.0/exp 0.0 VALUE_OK
MATCH,4957,0x0CF00400,61444,137078.0,120732.285,-0.034,FF FF FF 00 00 FF FF FF,FF FF FF 00 00 FF FF FF,[],190=0.0/exp 0.0 VALUE_OK
MATCH,4958,0x0CF00400,61444,137083.0,120737.285,-0.033,FF FF FF 00 00 FF FF FF,FF FF FF 00 00 FF FF FF,[],190=0.0/exp 0.0 VALUE_OK
MATCH,4959,0x0CF00400,61444,137088.0,120742.284,-0.034,FF FF FF 00 00 FF FF FF,FF FF FF 00 00 FF FF FF,[],190=0.0/exp 0.0 VALUE_OK
MATCH,4960,0x0CF00400,61444,137093.0,120747.284,-0.033,FF FF FF 00 00 FF FF FF,FF FF FF 00 00 FF FF FF,[],190=0.0/exp 0.0 VALUE_OK
MATCH,4961,0x0CF00400,61444,137098.0,120752.284,-0.032,FF FF FF 00 00 FF FF FF,FF FF FF 00 00 FF FF FF,[],190=0.0/exp 0.0 VALUE_OK
MATCH,4962,0x0CF00400,61444,137103.0,120757.283,-0.033,FF FF FF 00 00 FF FF FF,FF FF FF 00 00 FF FF FF,[],190=0.0/exp 0.0 VALUE_OK
MATCH,4963,0x0CF00400,61444,137108.0,120762.282,-0.033,FF FF FF 00 00 FF FF FF,FF FF FF 00 00 FF FF FF,[],190=0.0/exp 0.0 VALUE_OK
MATCH,4964,0x0CF00400,61444,137113.0,120767.282,-0.032,FF FF FF 00 00 FF FF FF,FF FF FF 00 00 FF FF FF,[],190=0.0/exp 0.0 VALUE_OK
MATCH,4965,0x0CF00400,61444,137118.0,120772.282,-0.032,FF FF FF 00 00 FF FF FF,FF FF FF 00 00 FF FF FF,[],190=0.0/exp 0.0 VALUE_OK
MATCH,4966,0x0CF00400,61444,137123.0,120777.281,-0.032,FF FF FF 00 00 FF FF FF,FF FF FF 00 00 FF FF FF,[],190=0.0/exp 0.0 VALUE_OK
MATCH,4967,0x0CF00400,61444,137128.0,120782.281,-0.031,FF FF FF 00 00 FF FF FF,FF FF FF 00 00 FF FF FF,[],190=0.0/exp 0.0 VALUE_OK
MATCH,4968,0x0CF00400,61444,137133.0,120787.28,-0.032,FF FF FF 00 00 FF FF FF,FF FF FF 00 00 FF FF FF,[],190=0.0/exp 0.0 VALUE_OK
MATCH,4969,0x0CF00400,61444,137138.0,120792.28,-0.031,FF FF FF 00 00 FF FF FF,FF FF FF 00 00 FF FF FF,[],190=0.0/exp 0.0 VALUE_OK
MATCH,4970,0x0CF00400,61444,137143.0,120797.28,-0.031,FF FF FF 00 00 FF FF FF,FF FF FF 00 00 FF FF FF,[],190=0.0/exp 0.0 VALUE_OK
MATCH,4971,0x0CF00400,61444,137148.0,120802.279,-0.031,FF FF FF 00 00 FF FF FF,FF FF FF 00 00 FF FF FF,[],190=0.0/exp 0.0 VALUE_OK
MATCH,4972,0x0CF00400,61444,137153.0,120807.279,-0.03,FF FF FF 00 00 FF FF FF,FF FF FF 00 00 FF FF FF,[],190=0.0/exp 0.0 VALUE_OK
MATCH,4973,0x0CF00400,61444,137158.0,120812.274,-0.035,FF FF FF 00 00 FF FF FF,FF FF FF 00 00 FF FF FF,[],190=0.0/exp 0.0 VALUE_OK
MATCH,4974,0x0CF00400,61444,137163.0,120817.277,-0.031,FF FF FF 00 00 FF FF FF,FF FF FF 00 00 FF FF FF,[],190=0.0/exp 0.0 VALUE_OK
MATCH,4975,0x0CF00400,61444,137168.0,120822.277,-0.03,FF FF FF 00 00 FF FF FF,FF FF FF 00 00 FF FF FF,[],190=0.0/exp 0.0 VALUE_OK
MATCH,4976,0x0CF00400,61444,137173.0,120827.276,-0.031,FF FF FF 00 00 FF FF FF,FF FF FF 00 00 FF FF FF,[],190=0.0/exp 0.0 VALUE_OK
MATCH,4977,0x0CF00400,61444,137178.0,120832.276,-0.03,FF FF FF 00 00 FF FF FF,FF FF FF 00 00 FF FF FF,[],190=0.0/exp 0.0 VALUE_OK
MATCH,4978,0x0CF00400,61444,137183.0,120837.275,-0.031,FF FF FF 00 00 FF FF FF,FF FF FF 00 00 FF FF FF,[],190=0.0/exp 0.0 VALUE_OK
MATCH,4979,0x0CF00400,61444,137188.0,120842.275,-0.03,FF FF FF 00 00 FF FF FF,FF FF FF 00 00 FF FF FF,[],190=0.0/exp 0.0 VALUE_OK
MATCH,4980,0x0CF00400,61444,137193.0,120847.274,-0.03,FF FF FF 00 00 FF FF FF,FF FF FF 00 00 FF FF FF,[],190=0.0/exp 0.0 VALUE_OK
MATCH,4981,0x0CF00400,61444,137198.0,120852.274,-0.03,FF FF FF 00 00 FF FF FF,FF FF FF 00 00 FF FF FF,[],190=0.0/exp 0.0 VALUE_OK
MATCH,4982,0x0CF00400,61444,137203.0,120857.274,-0.029,FF FF FF 00 00 FF FF FF,FF FF FF 00 00 FF FF FF,[],190=0.0/exp 0.0 VALUE_OK
MATCH,4983,0x0CF00400,61444,137208.0,120862.273,-0.03,FF FF FF 00 00 FF FF FF,FF FF FF 00 00 FF FF FF,[],190=0.0/exp 0.0 VALUE_OK
MATCH,4984,0x0CF00400,61444,137213.0,120867.273,-0.029,FF FF FF 00 00 FF FF FF,FF FF FF 00 00 FF FF FF,[],190=0.0/exp 0.0 VALUE_OK
MATCH,4985,0x0CF00400,61444,137218.0,120872.272,-0.029,FF FF FF 00 00 FF FF FF,FF FF FF 00 00 FF FF FF,[],190=0.0/exp 0.0 VALUE_OK
MATCH,4986,0x0CF00400,61444,137223.0,120877.272,-0.029,FF FF FF 00 00 FF FF FF,FF FF FF 00 00 FF FF FF,[],190=0.0/exp 0.0 VALUE_OK
MATCH,4987,0x0CF00400,61444,137228.0,120882.271,-0.029,FF FF FF 00 00 FF FF FF,FF FF FF 00 00 FF FF FF,[],190=0.0/exp 0.0 VALUE_OK
MATCH,4988,0x0CF00400,61444,137233.0,120887.271,-0.029,FF FF FF 00 00 FF FF FF,FF FF FF 00 00 FF FF FF,[],190=0.0/exp 0.0 VALUE_OK
MATCH,4989,0x0CF00400,61444,137238.0,120892.271,-0.028,FF FF FF 00 00 FF FF FF,FF FF FF 00 00 FF FF FF,[],190=0.0/exp 0.0 VALUE_OK
MATCH,4990,0x0CF00400,61444,137243.0,120897.27,-0.028,FF FF FF 00 00 FF FF FF,FF FF FF 00 00 FF FF FF,[],190=0.0/exp 0.0 VALUE_OK
MATCH,4991,0x0CF00400,61444,137248.0,120902.266,-0.032,FF FF FF 00 00 FF FF FF,FF FF FF 00 00 FF FF FF,[],190=0.0/exp 0.0 VALUE_OK
MATCH,4992,0x0CF00400,61444,137253.0,120907.265,-0.032,FF FF FF 00 00 FF FF FF,FF FF FF 00 00 FF FF FF,[],190=0.0/exp 0.0 VALUE_OK
MATCH,4993,0x0CF00400,61444,137258.0,120912.264,-0.033,FF FF FF 00 00 FF FF FF,FF FF FF 00 00 FF FF FF,[],190=0.0/exp 0.0 VALUE_OK
MATCH,4994,0x0CF00400,61444,137263.0,120917.264,-0.032,FF FF FF 00 00 FF FF FF,FF FF FF 00 00 FF FF FF,[],190=0.0/exp 0.0 VALUE_OK
MATCH,4995,0x0CF00400,61444,137268.0,120922.263,-0.032,FF FF FF 00 00 FF FF FF,FF FF FF 00 00 FF FF FF,[],190=0.0/exp 0.0 VALUE_OK
MATCH,4996,0x0CF00400,61444,137273.0,120927.263,-0.032,FF FF FF 00 00 FF FF FF,FF FF FF 00 00 FF FF FF,[],190=0.0/exp 0.0 VALUE_OK
MATCH,4997,0x0CF00400,61444,137278.0,120932.263,-0.031,FF FF FF 00 00 FF FF FF,FF FF FF 00 00 FF FF FF,[],190=0.0/exp 0.0 VALUE_OK
MATCH,4998,0x0CF00400,61444,137283.0,120937.258,-0.035,FF FF FF 00 00 FF FF FF,FF FF FF 00 00 FF FF FF,[],190=0.0/exp 0.0 VALUE_OK
MATCH,4999,0x0CF00400,61444,137288.0,120942.262,-0.031,FF FF FF 00 00 FF FF FF,FF FF FF 00 00 FF FF FF,[],190=0.0/exp 0.0 VALUE_OK
MATCH,5000,0x0CF00400,61444,137293.0,120947.261,-0.031,FF FF FF 00 00 FF FF FF,FF FF FF 00 00 FF FF FF,[],190=0.0/exp 0.0 VALUE_OK
MATCH,5001,0x0CF00400,61444,137298.0,120952.261,-0.03,FF FF FF 00 00 FF FF FF,FF FF FF 00 00 FF FF FF,[],190=0.0/exp 0.0 VALUE_OK
MATCH,5002,0x0CF00400,61444,137303.0,120957.248,-0.043,FF FF FF 00 00 FF FF FF,FF FF FF 00 00 FF FF FF,[],190=0.0/exp 0.0 VALUE_OK
MATCH,5003,0x0CF00400,61444,137308.0,120962.26,-0.03,FF FF FF 00 00 FF FF FF,FF FF FF 00 00 FF FF FF,[],190=0.0/exp 0.0 VALUE_OK
MATCH,5004,0x0CF00400,61444,137313.0,120967.259,-0.03,FF FF FF 00 00 FF FF FF,FF FF FF 00 00 FF FF FF,[],190=0.0/exp 0.0 VALUE_OK
MATCH,5005,0x0CF00400,61444,137318.0,120972.259,-0.03,FF FF FF 00 00 FF FF FF,FF FF FF 00 00 FF FF FF,[],190=0.0/exp 0.0 VALUE_OK
MATCH,5006,0x0CF00400,61444,137323.0,120977.259,-0.029,FF FF FF 00 00 FF FF FF,FF FF FF 00 00 FF FF FF,[],190=0.0/exp 0.0 VALUE_OK
MATCH,5007,0x0CF00400,61444,137328.0,120982.258,-0.03,FF FF FF 00 00 FF FF FF,FF FF FF 00 00 FF FF FF,[],190=0.0/exp 0.0 VALUE_OK
MATCH,5008,0x0CF00400,61444,137333.0,120987.257,-0.03,FF FF FF 00 00 FF FF FF,FF FF FF 00 00 FF FF FF,[],190=0.0/exp 0.0 VALUE_OK
MATCH,5009,0x0CF00400,61444,137338.0,120992.253,-0.033,FF FF FF 00 00 FF FF FF,FF FF FF 00 00 FF FF FF,[],190=0.0/exp 0.0 VALUE_OK
MATCH,5010,0x0CF00400,61444,137343.0,120997.253,-0.033,FF FF FF 00 00 FF FF FF,FF FF FF 00 00 FF FF FF,[],190=0.0/exp 0.0 VALUE_OK
MATCH,5011,0x0CF00400,61444,137348.0,121002.252,-0.033,FF FF FF 00 00 FF FF FF,FF FF FF 00 00 FF FF FF,[],190=0.0/exp 0.0 VALUE_OK
MATCH,5012,0x0CF00400,61444,137353.0,121007.252,-0.032,FF FF FF 00 00 FF FF FF,FF FF FF 00 00 FF FF FF,[],190=0.0/exp 0.0 VALUE_OK
MATCH,5013,0x0CF00400,61444,137358.0,121012.251,-0.033,FF FF FF 00 00 FF FF FF,FF FF FF 00 00 FF FF FF,[],190=0.0/exp 0.0 VALUE_OK
MATCH,5014,0x0CF00400,61444,137363.0,121017.251,-0.032,FF FF FF 00 00 FF FF FF,FF FF FF 00 00 FF FF FF,[],190=0.0/exp 0.0 VALUE_OK
MATCH,5015,0x0CF00400,61444,137368.0,121022.251,-0.032,FF FF FF 00 00 FF FF FF,FF FF FF 00 00 FF FF FF,[],190=0.0/exp 0.0 VALUE_OK
MATCH,5016,0x0CF00400,61444,137373.0,121027.25,-0.032,FF FF FF 00 00 FF FF FF,FF FF FF 00 00 FF FF FF,[],190=0.0/exp 0.0 VALUE_OK
MATCH,5017,0x0CF00400,61444,137378.0,121032.249,-0.032,FF FF FF 00 00 FF FF FF,FF FF FF 00 00 FF FF FF,[],190=0.0/exp 0.0 VALUE_OK
MATCH,5018,0x0CF00400,61444,137383.0,121037.249,-0.032,FF FF FF 00 00 FF FF FF,FF FF FF 00 00 FF FF FF,[],190=0.0/exp 0.0 VALUE_OK
MATCH,5019,0x0CF00400,61444,137388.0,121042.249,-0.031,FF FF FF 00 00 FF FF FF,FF FF FF 00 00 FF FF FF,[],190=0.0/exp 0.0 VALUE_OK
MATCH,5020,0x0CF00400,61444,137393.0,121047.249,-0.03,FF FF FF 00 00 FF FF FF,FF FF FF 00 00 FF FF FF,[],190=0.0/exp 0.0 VALUE_OK
MATCH,5021,0x0CF00400,61444,137398.0,121052.248,-0.031,FF FF FF 00 00 FF FF FF,FF FF FF 00 00 FF FF FF,[],190=0.0/exp 0.0 VALUE_OK
MATCH,5022,0x0CF00400,61444,137403.0,121057.236,-0.042,FF FF FF 00 00 FF FF FF,FF FF FF 00 00 FF FF FF,[],190=0.0/exp 0.0 VALUE_OK
MATCH,5023,0x0CF00400,61444,137408.0,121062.232,-0.045,FF FF FF 00 00 FF FF FF,FF FF FF 00 00 FF FF FF,[],190=0.0/exp 0.0 VALUE_OK
MATCH,5024,0x0CF00400,61444,137413.0,121067.235,-0.041,FF FF FF 00 00 FF FF FF,FF FF FF 00 00 FF FF FF,[],190=0.0/exp 0.0 VALUE_OK
MATCH,5025,0x0CF00400,61444,137418.0,121072.235,-0.041,FF FF FF 00 00 FF FF FF,FF FF FF 00 00 FF FF FF,[],190=0.0/exp 0.0 VALUE_OK
MATCH,5026,0x0CF00400,61444,137423.0,121077.23,-0.045,FF FF FF 00 00 FF FF FF,FF FF FF 00 00 FF FF FF,[],190=0.0/exp 0.0 VALUE_OK
MATCH,5027,0x0CF00400,61444,137428.0,121082.23,-0.044,FF FF FF 00 00 FF FF FF,FF FF FF 00 00 FF FF FF,[],190=0.0/exp 0.0 VALUE_OK
MATCH,5028,0x0CF00400,61444,137433.0,121087.229,-0.044,FF FF FF 00 00 FF FF FF,FF FF FF 00 00 FF FF FF,[],190=0.0/exp 0.0 VALUE_OK
MATCH,5029,0x0CF00400,61444,137438.0,121092.229,-0.043,FF FF FF 00 00 FF FF FF,FF FF FF 00 00 FF FF FF,[],190=0.0/exp 0.0 VALUE_OK
MATCH,5030,0x0CF00400,61444,137443.0,121097.228,-0.043,FF FF FF 00 00 FF FF FF,FF FF FF 00 00 FF FF FF,[],190=0.0/exp 0.0 VALUE_OK
MATCH,5031,0x0CF00400,61444,137448.0,121102.228,-0.042,FF FF FF 00 00 FF FF FF,FF FF FF 00 00 FF FF FF,[],190=0.0/exp 0.0 VALUE_OK
MATCH,5032,0x0CF00400,61444,137453.0,121107.227,-0.043,FF FF FF 00 00 FF FF FF,FF FF FF 00 00 FF FF FF,[],190=0.0/exp 0.0 VALUE_OK
MATCH,5033,0x0CF00400,61444,137458.0,121112.227,-0.042,FF FF FF 00 00 FF FF FF,FF FF FF 00 00 FF FF FF,[],190=0.0/exp 0.0 VALUE_OK
MATCH,5034,0x0CF00400,61444,137463.0,121117.226,-0.042,FF FF FF 00 00 FF FF FF,FF FF FF 00 00 FF FF FF,[],190=0.0/exp 0.0 VALUE_OK
MATCH,5035,0x0CF00400,61444,137468.0,121122.226,-0.041,FF FF FF 00 00 FF FF FF,FF FF FF 00 00 FF FF FF,[],190=0.0/exp 0.0 VALUE_OK
MATCH,5036,0x0CF00400,61444,137473.0,121127.225,-0.041,FF FF FF 00 00 FF FF FF,FF FF FF 00 00 FF FF FF,[],190=0.0/exp 0.0 VALUE_OK
MATCH,5037,0x0CF00400,61444,137478.0,121132.225,-0.04,FF FF FF 00 00 FF FF FF,FF FF FF 00 00 FF FF FF,[],190=0.0/exp 0.0 VALUE_OK
MATCH,5038,0x0CF00400,61444,137483.0,121137.225,-0.04,FF FF FF 00 00 FF FF FF,FF FF FF 00 00 FF FF FF,[],190=0.0/exp 0.0 VALUE_OK
MATCH,5039,0x0CF00400,61444,137488.0,121142.224,-0.04,FF FF FF 00 00 FF FF FF,FF FF FF 00 00 FF FF FF,[],190=0.0/exp 0.0 VALUE_OK
MATCH,5040,0x0CF00400,61444,137493.0,121147.224,-0.039,FF FF FF 00 00 FF FF FF,FF FF FF 00 00 FF FF FF,[],190=0.0/exp 0.0 VALUE_OK
MATCH,5041,0x0CF00400,61444,137498.0,121152.223,-0.039,FF FF FF 00 00 FF FF FF,FF FF FF 00 00 FF FF FF,[],190=0.0/exp 0.0 VALUE_OK
MATCH,5042,0x0CF00400,61444,137503.0,121157.223,-0.038,FF FF FF 00 00 FF FF FF,FF FF FF 00 00 FF FF FF,[],190=0.0/exp 0.0 VALUE_OK
MATCH,5043,0x0CF00400,61444,137508.0,121162.222,-0.039,FF FF FF 00 00 FF FF FF,FF FF FF 00 00 FF FF FF,[],190=0.0/exp 0.0 VALUE_OK
MATCH,5044,0x0CF00400,61444,137513.0,121167.222,-0.038,FF FF FF 00 00 FF FF FF,FF FF FF 00 00 FF FF FF,[],190=0.0/exp 0.0 VALUE_OK
MATCH,5045,0x0CF00400,61444,137518.0,121172.221,-0.038,FF FF FF 00 00 FF FF FF,FF FF FF 00 00 FF FF FF,[],190=0.0/exp 0.0 VALUE_OK
MATCH,5046,0x0CF00400,61444,137523.0,121177.221,-0.037,FF FF FF 00 00 FF FF FF,FF FF FF 00 00 FF FF FF,[],190=0.0/exp 0.0 VALUE_OK
MATCH,5047,0x0CF00400,61444,137528.0,121182.22,-0.038,FF FF FF 00 00 FF FF FF,FF FF FF 00 00 FF FF FF,[],190=0.0/exp 0.0 VALUE_OK
MATCH,5048,0x0CF00400,61444,137533.0,121187.212,-0.045,FF FF FF 00 00 FF FF FF,FF FF FF 00 00 FF FF FF,[],190=0.0/exp 0.0 VALUE_OK
MATCH,5049,0x0CF00400,61444,137538.0,121192.215,-0.041,FF FF FF 00 00 FF FF FF,FF FF FF 00 00 FF FF FF,[],190=0.0/exp 0.0 VALUE_OK
MATCH,5050,0x0CF00400,61444,137543.0,121197.215,-0.04,FF FF FF 00 00 FF FF FF,FF FF FF 00 00 FF FF FF,[],190=0.0/exp 0.0 VALUE_OK
MATCH,5051,0x0CF00400,61444,137548.0,121202.215,-0.039,FF FF FF 00 00 FF FF FF,FF FF FF 00 00 FF FF FF,[],190=0.0/exp 0.0 VALUE_OK
MATCH,5052,0x0CF00400,61444,137553.0,121207.214,-0.04,FF FF FF 00 00 FF FF FF,FF FF FF 00 00 FF FF FF,[],190=0.0/exp 0.0 VALUE_OK
MATCH,5053,0x0CF00400,61444,137558.0,121212.213,-0.04,FF FF FF 00 00 FF FF FF,FF FF FF 00 00 FF FF FF,[],190=0.0/exp 0.0 VALUE_OK
MATCH,5054,0x0CF00400,61444,137563.0,121217.213,-0.039,FF FF FF 00 00 FF FF FF,FF FF FF 00 00 FF FF FF,[],190=0.0/exp 0.0 VALUE_OK
MATCH,5055,0x0CF00400,61444,137568.0,121222.213,-0.038,FF FF FF 00 00 FF FF FF,FF FF FF 00 00 FF FF FF,[],190=0.0/exp 0.0 VALUE_OK
MATCH,5056,0x0CF00400,61444,137573.0,121227.208,-0.042,FF FF FF 00 00 FF FF FF,FF FF FF 00 00 FF FF FF,[],190=0.0/exp 0.0 VALUE_OK
MATCH,5057,0x0CF00400,61444,137578.0,121232.208,-0.042,FF FF FF 00 00 FF FF FF,FF FF FF 00 00 FF FF FF,[],190=0.0/exp 0.0 VALUE_OK
MATCH,5058,0x0CF00400,61444,137583.0,121237.207,-0.042,FF FF FF 00 00 FF FF FF,FF FF FF 00 00 FF FF FF,[],190=0.0/exp 0.0 VALUE_OK
MATCH,5059,0x0CF00400,61444,137588.0,121242.207,-0.041,FF FF FF 00 00 FF FF FF,FF FF FF 00 00 FF FF FF,[],190=0.0/exp 0.0 VALUE_OK
MATCH,5060,0x0CF00400,61444,137593.0,121247.207,-0.04,FF FF FF 00 00 FF FF FF,FF FF FF 00 00 FF FF FF,[],190=0.0/exp 0.0 VALUE_OK
MATCH,5061,0x0CF00400,61444,137598.0,121252.206,-0.04,FF FF FF 00 00 FF FF FF,FF FF FF 00 00 FF FF FF,[],190=0.0/exp 0.0 VALUE_OK
MATCH,5062,0x0CF00400,61444,137603.0,121257.205,-0.04,FF FF FF 00 00 FF FF FF,FF FF FF 00 00 FF FF FF,[],190=0.0/exp 0.0 VALUE_OK
MATCH,5063,0x0CF00400,61444,137608.0,121262.209,-0.036,FF FF FF 00 00 FF FF FF,FF FF FF 00 00 FF FF FF,[],190=0.0/exp 0.0 VALUE_OK
MATCH,5064,0x0CF00400,61444,137613.0,121267.208,-0.036,FF FF FF 00 00 FF FF FF,FF FF FF 00 00 FF FF FF,[],190=0.0/exp 0.0 VALUE_OK
MATCH,5065,0x0CF00400,61444,137618.0,121272.204,-0.039,FF FF FF 00 00 FF FF FF,FF FF FF 00 00 FF FF FF,[],190=0.0/exp 0.0 VALUE_OK
MATCH,5066,0x0CF00400,61444,137623.0,121277.203,-0.039,FF FF FF 00 00 FF FF FF,FF FF FF 00 00 FF FF FF,[],190=0.0/exp 0.0 VALUE_OK
MATCH,5067,0x0CF00400,61444,137628.0,121282.203,-0.039,FF FF FF 00 00 FF FF FF,FF FF FF 00 00 FF FF FF,[],190=0.0/exp 0.0 VALUE_OK
MATCH,5068,0x0CF00400,61444,137633.0,121287.202,-0.039,FF FF FF 00 00 FF FF FF,FF FF FF 00 00 FF FF FF,[],190=0.0/exp 0.0 VALUE_OK
MATCH,5069,0x0CF00400,61444,137638.0,121292.203,-0.037,FF FF FF 00 00 FF FF FF,FF FF FF 00 00 FF FF FF,[],190=0.0/exp 0.0 VALUE_OK
MATCH,5070,0x0CF00400,61444,137643.0,121297.202,-0.037,FF FF FF 00 00 FF FF FF,FF FF FF 00 00 FF FF FF,[],190=0.0/exp 0.0 VALUE_OK
MATCH,5071,0x0CF00400,61444,137648.0,121302.201,-0.038,FF FF FF 00 00 FF FF FF,FF FF FF 00 00 FF FF FF,[],190=0.0/exp 0.0 VALUE_OK
MATCH,5072,0x0CF00400,61444,137653.0,121307.201,-0.037,FF FF FF 00 00 FF FF FF,FF FF FF 00 00 FF FF FF,[],190=0.0/exp 0.0 VALUE_OK
MATCH,5073,0x0CF00400,61444,137658.0,121312.196,-0.041,FF FF FF 00 00 FF FF FF,FF FF FF 00 00 FF FF FF,[],190=0.0/exp 0.0 VALUE_OK
MATCH,5074,0x0CF00400,61444,137663.0,121317.2,-0.036,FF FF FF 00 00 FF FF FF,FF FF FF 00 00 FF FF FF,[],190=0.0/exp 0.0 VALUE_OK
MATCH,5075,0x0CF00400,61444,137668.0,121322.199,-0.037,FF FF FF 00 00 FF FF FF,FF FF FF 00 00 FF FF FF,[],190=0.0/exp 0.0 VALUE_OK
MATCH,5076,0x0CF00400,61444,137673.0,121327.199,-0.036,FF FF FF 00 00 FF FF FF,FF FF FF 00 00 FF FF FF,[],190=0.0/exp 0.0 VALUE_OK
MATCH,5077,0x0CF00400,61444,137678.0,121332.198,-0.036,FF FF FF 00 00 FF FF FF,FF FF FF 00 00 FF FF FF,[],190=0.0/exp 0.0 VALUE_OK
MATCH,5078,0x0CF00400,61444,137683.0,121337.198,-0.035,FF FF FF 00 00 FF FF FF,FF FF FF 00 00 FF FF FF,[],190=0.0/exp 0.0 VALUE_OK
MATCH,5079,0x0CF00400,61444,137688.0,121342.197,-0.036,FF FF FF 00 00 FF FF FF,FF FF FF 00 00 FF FF FF,[],190=0.0/exp 0.0 VALUE_OK
MATCH,5080,0x0CF00400,61444,137693.0,121347.197,-0.035,FF FF FF 00 00 FF FF FF,FF FF FF 00 00 FF FF FF,[],190=0.0/exp 0.0 VALUE_OK
MATCH,5081,0x0CF00400,61444,137698.0,121352.196,-0.035,FF FF FF 00 00 FF FF FF,FF FF FF 00 00 FF FF FF,[],190=0.0/exp 0.0 VALUE_OK
MATCH,5082,0x0CF00400,61444,137703.0,121357.196,-0.035,FF FF FF 00 00 FF FF FF,FF FF FF 00 00 FF FF FF,[],190=0.0/exp 0.0 VALUE_OK
MATCH,5083,0x0CF00400,61444,137708.0,121362.195,-0.035,FF FF FF 00 00 FF FF FF,FF FF FF 00 00 FF FF FF,[],190=0.0/exp 0.0 VALUE_OK
MATCH,5084,0x0CF00400,61444,137713.0,121367.195,-0.034,FF FF FF 00 00 FF FF FF,FF FF FF 00 00 FF FF FF,[],190=0.0/exp 0.0 VALUE_OK
MATCH,5085,0x0CF00400,61444,137718.0,121372.195,-0.034,FF FF FF 00 00 FF FF FF,FF FF FF 00 00 FF FF FF,[],190=0.0/exp 0.0 VALUE_OK
MATCH,5086,0x0CF00400,61444,137723.0,121377.19,-0.038,FF FF FF 00 00 FF FF FF,FF FF FF 00 00 FF FF FF,[],190=0.0/exp 0.0 VALUE_OK
MATCH,5087,0x0CF00400,61444,137728.0,121382.19,-0.037,FF FF FF 00 00 FF FF FF,FF FF FF 00 00 FF FF FF,[],190=0.0/exp 0.0 VALUE_OK
MATCH,5088,0x0CF00400,61444,137733.0,121387.189,-0.037,FF FF FF 00 00 FF FF FF,FF FF FF 00 00 FF FF FF,[],190=0.0/exp 0.0 VALUE_OK
MATCH,5089,0x0CF00400,61444,137738.0,121392.189,-0.037,FF FF FF 00 00 FF FF FF,FF FF FF 00 00 FF FF FF,[],190=0.0/exp 0.0 VALUE_OK
MATCH,5090,0x0CF00400,61444,137743.0,121397.188,-0.037,FF FF FF 00 00 FF FF FF,FF FF FF 00 00 FF FF FF,[],190=0.0/exp 0.0 VALUE_OK
MATCH,5091,0x0CF00400,61444,137748.0,121402.188,-0.036,FF FF FF 00 00 FF FF FF,FF FF FF 00 00 FF FF FF,[],190=0.0/exp 0.0 VALUE_OK
MATCH,5092,0x0CF00400,61444,137753.0,121407.187,-0.036,FF FF FF 00 00 FF FF FF,FF FF FF 00 00 FF FF FF,[],190=0.0/exp 0.0 VALUE_OK
MATCH,5093,0x0CF00400,61444,137758.0,121412.187,-0.036,FF FF FF 00 00 FF FF FF,FF FF FF 00 00 FF FF FF,[],190=0.0/exp 0.0 VALUE_OK
MATCH,5094,0x0CF00400,61444,137763.0,121417.187,-0.035,FF FF FF 00 00 FF FF FF,FF FF FF 00 00 FF FF FF,[],190=0.0/exp 0.0 VALUE_OK
MATCH,5095,0x0CF00400,61444,137768.0,121422.186,-0.035,FF FF FF 00 00 FF FF FF,FF FF FF 00 00 FF FF FF,[],190=0.0/exp 0.0 VALUE_OK
MATCH,5096,0x0CF00400,61444,137773.0,121427.186,-0.035,FF FF FF 00 00 FF FF FF,FF FF FF 00 00 FF FF FF,[],190=0.0/exp 0.0 VALUE_OK
MATCH,5097,0x0CF00400,61444,137778.0,121432.185,-0.035,FF FF FF 00 00 FF FF FF,FF FF FF 00 00 FF FF FF,[],190=0.0/exp 0.0 VALUE_OK
MATCH,5098,0x0CF00400,61444,137783.0,121437.18,-0.039,FF FF FF 00 00 FF FF FF,FF FF FF 00 00 FF FF FF,[],190=0.0/exp 0.0 VALUE_OK
MATCH,5099,0x0CF00400,61444,137788.0,121442.18,-0.038,FF FF FF 00 00 FF FF FF,FF FF FF 00 00 FF FF FF,[],190=0.0/exp 0.0 VALUE_OK
MATCH,5100,0x0CF00400,61444,137793.0,121447.18,-0.038,FF FF FF 00 00 FF FF FF,FF FF FF 00 00 FF FF FF,[],190=0.0/exp 0.0 VALUE_OK
MATCH,5101,0x0CF00400,61444,137798.0,121452.179,-0.038,FF FF FF 00 00 FF FF FF,FF FF FF 00 00 FF FF FF,[],190=0.0/exp 0.0 VALUE_OK
MATCH,5102,0x0CF00400,61444,137803.0,121457.179,-0.037,FF FF FF 00 00 FF FF FF,FF FF FF 00 00 FF FF FF,[],190=0.0/exp 0.0 VALUE_OK
MATCH,5103,0x0CF00400,61444,137808.0,121462.178,-0.037,FF FF FF 00 00 FF FF FF,FF FF FF 00 00 FF FF FF,[],190=0.0/exp 0.0 VALUE_OK
MATCH,5104,0x0CF00400,61444,137813.0,121467.178,-0.037,FF FF FF 00 00 FF FF FF,FF FF FF 00 00 FF FF FF,[],190=0.0/exp 0.0 VALUE_OK
MATCH,5105,0x0CF00400,61444,137818.0,121472.177,-0.037,FF FF FF 00 00 FF FF FF,FF FF FF 00 00 FF FF FF,[],190=0.0/exp 0.0 VALUE_OK
MATCH,5106,0x0CF00400,61444,137823.0,121477.177,-0.036,FF FF FF 00 00 FF FF FF,FF FF FF 00 00 FF FF FF,[],190=0.0/exp 0.0 VALUE_OK
MATCH,5107,0x0CF00400,61444,137828.0,121482.176,-0.036,FF FF FF 00 00 FF FF FF,FF FF FF 00 00 FF FF FF,[],190=0.0/exp 0.0 VALUE_OK
MATCH,5108,0x0CF00400,61444,137833.0,121487.176,-0.036,FF FF FF 00 00 FF FF FF,FF FF FF 00 00 FF FF FF,[],190=0.0/exp 0.0 VALUE_OK
MATCH,5109,0x0CF00400,61444,137838.0,121492.175,-0.036,FF FF FF 00 00 FF FF FF,FF FF FF 00 00 FF FF FF,[],190=0.0/exp 0.0 VALUE_OK
MATCH,5110,0x0CF00400,61444,137843.0,121497.175,-0.035,FF FF FF 00 00 FF FF FF,FF FF FF 00 00 FF FF FF,[],190=0.0/exp 0.0 VALUE_OK
MATCH,5111,0x0CF00400,61444,137848.0,121502.175,-0.035,FF FF FF 00 00 FF FF FF,FF FF FF 00 00 FF FF FF,[],190=0.0/exp 0.0 VALUE_OK
MATCH,5112,0x0CF00400,61444,137853.0,121507.174,-0.035,FF FF FF 00 00 FF FF FF,FF FF FF 00 00 FF FF FF,[],190=0.0/exp 0.0 VALUE_OK
MATCH,5113,0x0CF00400,61444,137858.0,121512.174,-0.034,FF FF FF 00 00 FF FF FF,FF FF FF 00 00 FF FF FF,[],190=0.0/exp 0.0 VALUE_OK
MATCH,5114,0x0CF00400,61444,137863.0,121517.173,-0.034,FF FF FF 00 00 FF FF FF,FF FF FF 00 00 FF FF FF,[],190=0.0/exp 0.0 VALUE_OK
MATCH,5115,0x0CF00400,61444,137868.0,121522.173,-0.034,FF FF FF 00 00 FF FF FF,FF FF FF 00 00 FF FF FF,[],190=0.0/exp 0.0 VALUE_OK
MATCH,5116,0x0CF00400,61444,137873.0,121527.172,-0.034,FF FF FF 00 00 FF FF FF,FF FF FF 00 00 FF FF FF,[],190=0.0/exp 0.0 VALUE_OK
MATCH,5117,0x0CF00400,61444,137878.0,121532.168,-0.037,FF FF FF 00 00 FF FF FF,FF FF FF 00 00 FF FF FF,[],190=0.0/exp 0.0 VALUE_OK
MATCH,5118,0x0CF00400,61444,137883.0,121537.168,-0.037,FF FF FF 00 00 FF FF FF,FF FF FF 00 00 FF FF FF,[],190=0.0/exp 0.0 VALUE_OK
MATCH,5119,0x0CF00400,61444,137888.0,121542.168,-0.036,FF FF FF 00 00 FF FF FF,FF FF FF 00 00 FF FF FF,[],190=0.0/exp 0.0 VALUE_OK
MATCH,5120,0x0CF00400,61444,137893.0,121547.167,-0.036,FF FF FF 00 00 FF FF FF,FF FF FF 00 00 FF FF FF,[],190=0.0/exp 0.0 VALUE_OK
MATCH,5121,0x0CF00400,61444,137898.0,121552.167,-0.036,FF FF FF 00 00 FF FF FF,FF FF FF 00 00 FF FF FF,[],190=0.0/exp 0.0 VALUE_OK
MATCH,5122,0x0CF00400,61444,137903.0,121557.166,-0.036,FF FF FF 00 00 FF FF FF,FF FF FF 00 00 FF FF FF,[],190=0.0/exp 0.0 VALUE_OK
MATCH,5123,0x0CF00400,61444,137908.0,121562.162,-0.039,FF FF FF 00 00 FF FF FF,FF FF FF 00 00 FF FF FF,[],190=0.0/exp 0.0 VALUE_OK
MATCH,5124,0x0CF00400,61444,137913.0,121567.169,-0.031,FF FF FF 00 00 FF FF FF,FF FF FF 00 00 FF FF FF,[],190=0.0/exp 0.0 VALUE_OK
MATCH,5125,0x0CF00400,61444,137918.0,121572.169,-0.031,FF FF FF 00 00 FF FF FF,FF FF FF 00 00 FF FF FF,[],190=0.0/exp 0.0 VALUE_OK
MATCH,5126,0x0CF00400,61444,137923.0,121577.168,-0.031,FF FF FF 00 00 FF FF FF,FF FF FF 00 00 FF FF FF,[],190=0.0/exp 0.0 VALUE_OK
MATCH,5127,0x0CF00400,61444,137928.0,121582.168,-0.03,FF FF FF 00 00 FF FF FF,FF FF FF 00 00 FF FF FF,[],190=0.0/exp 0.0 VALUE_OK
MATCH,5128,0x0CF00400,61444,137933.0,121587.164,-0.034,FF FF FF 00 00 FF FF FF,FF FF FF 00 00 FF FF FF,[],190=0.0/exp 0.0 VALUE_OK
MATCH,5129,0x0CF00400,61444,137938.0,121592.163,-0.034,FF FF FF 00 00 FF FF FF,FF FF FF 00 00 FF FF FF,[],190=0.0/exp 0.0 VALUE_OK
MATCH,5130,0x0CF00400,61444,137943.0,121597.163,-0.033,FF FF FF 00 00 FF FF FF,FF FF FF 00 00 FF FF FF,[],190=0.0/exp 0.0 VALUE_OK
MATCH,5131,0x0CF00400,61444,137948.0,121602.162,-0.034,FF FF FF 00 00 FF FF FF,FF FF FF 00 00 FF FF FF,[],190=0.0/exp 0.0 VALUE_OK
MATCH,5132,0x0CF00400,61444,137953.0,121607.162,-0.033,FF FF FF 00 00 FF FF FF,FF FF FF 00 00 FF FF FF,[],190=0.0/exp 0.0 VALUE_OK
MATCH,5133,0x0CF00400,61444,137958.0,121612.161,-0.033,FF FF FF 00 00 FF FF FF,FF FF FF 00 00 FF FF FF,[],190=0.0/exp 0.0 VALUE_OK
MATCH,5134,0x0CF00400,61444,137963.0,121617.161,-0.033,FF FF FF 00 00 FF FF FF,FF FF FF 00 00 FF FF FF,[],190=0.0/exp 0.0 VALUE_OK
MATCH,5135,0x0CF00400,61444,137968.0,121622.16,-0.033,FF FF FF 00 00 FF FF FF,FF FF FF 00 00 FF FF FF,[],190=0.0/exp 0.0 VALUE_OK
MATCH,5136,0x0CF00400,61444,137973.0,121627.16,-0.032,FF FF FF 00 00 FF FF FF,FF FF FF 00 00 FF FF FF,[],190=0.0/exp 0.0 VALUE_OK
MATCH,5137,0x0CF00400,61444,137978.0,121632.159,-0.033,FF FF FF 00 00 FF FF FF,FF FF FF 00 00 FF FF FF,[],190=0.0/exp 0.0 VALUE_OK
MATCH,5138,0x0CF00400,61444,137983.0,121637.159,-0.032,FF FF FF 00 00 FF FF FF,FF FF FF 00 00 FF FF FF,[],190=0.0/exp 0.0 VALUE_OK
MATCH,5139,0x0CF00400,61444,137988.0,121642.159,-0.032,FF FF FF 00 00 FF FF FF,FF FF FF 00 00 FF FF FF,[],190=0.0/exp 0.0 VALUE_OK
MATCH,5140,0x0CF00400,61444,137993.0,121647.158,-0.032,FF FF FF 00 00 FF FF FF,FF FF FF 00 00 FF FF FF,[],190=0.0/exp 0.0 VALUE_OK
MATCH,5141,0x0CF00400,61444,137998.0,121652.157,-0.032,FF FF FF 00 00 FF FF FF,FF FF FF 00 00 FF FF FF,[],190=0.0/exp 0.0 VALUE_OK
MATCH,5142,0x0CF00400,61444,138003.0,121657.157,-0.032,FF FF FF 00 00 FF FF FF,FF FF FF 00 00 FF FF FF,[],190=0.0/exp 0.0 VALUE_OK
MATCH,5143,0x0CF00400,61444,138008.0,121662.157,-0.031,FF FF FF 00 00 FF FF FF,FF FF FF 00 00 FF FF FF,[],190=0.0/exp 0.0 VALUE_OK
MATCH,5144,0x0CF00400,61444,138013.0,121667.156,-0.031,FF FF FF 00 00 FF FF FF,FF FF FF 00 00 FF FF FF,[],190=0.0/exp 0.0 VALUE_OK
MATCH,5145,0x0CF00400,61444,138018.0,121672.156,-0.031,FF FF FF 00 00 FF FF FF,FF FF FF 00 00 FF FF FF,[],190=0.0/exp 0.0 VALUE_OK
MATCH,5146,0x0CF00400,61444,138023.0,121677.151,-0.035,FF FF FF 00 00 FF FF FF,FF FF FF 00 00 FF FF FF,[],190=0.0/exp 0.0 VALUE_OK
MATCH,5147,0x0CF00400,61444,138028.0,121682.151,-0.034,FF FF FF 00 00 FF FF FF,FF FF FF 00 00 FF FF FF,[],190=0.0/exp 0.0 VALUE_OK
MATCH,5148,0x0CF00400,61444,138033.0,121687.146,-0.039,FF FF FF 00 00 FF FF FF,FF FF FF 00 00 FF FF FF,[],190=0.0/exp 0.0 VALUE_OK
MATCH,5149,0x0CF00400,61444,138038.0,121692.15,-0.034,FF FF FF 00 00 FF FF FF,FF FF FF 00 00 FF FF FF,[],190=0.0/exp 0.0 VALUE_OK
MATCH,5150,0x0CF00400,61444,138043.0,121697.149,-0.034,FF FF FF 00 00 FF FF FF,FF FF FF 00 00 FF FF FF,[],190=0.0/exp 0.0 VALUE_OK
MATCH,5151,0x0CF00400,61444,138048.0,121702.149,-0.034,FF FF FF 00 00 FF FF FF,FF FF FF 00 00 FF FF FF,[],190=0.0/exp 0.0 VALUE_OK
MATCH,5152,0x0CF00400,61444,138053.0,121707.148,-0.034,FF FF FF 00 00 FF FF FF,FF FF FF 00 00 FF FF FF,[],190=0.0/exp 0.0 VALUE_OK
MATCH,5153,0x0CF00400,61444,138058.0,121712.148,-0.033,FF FF FF 00 00 FF FF FF,FF FF FF 00 00 FF FF FF,[],190=0.0/exp 0.0 VALUE_OK
MATCH,5154,0x0CF00400,61444,138063.0,121717.147,-0.034,FF FF FF 00 00 FF FF FF,FF FF FF 00 00 FF FF FF,[],190=0.0/exp 0.0 VALUE_OK
MATCH,5155,0x0CF00400,61444,138068.0,121722.147,-0.033,FF FF FF 00 00 FF FF FF,FF FF FF 00 00 FF FF FF,[],190=0.0/exp 0.0 VALUE_OK
MATCH,5156,0x0CF00400,61444,138073.0,121727.146,-0.033,FF FF FF 00 00 FF FF FF,FF FF FF 00 00 FF FF FF,[],190=0.0/exp 0.0 VALUE_OK
MATCH,5157,0x0CF00400,61444,138078.0,121732.146,-0.033,FF FF FF 00 00 FF FF FF,FF FF FF 00 00 FF FF FF,[],190=0.0/exp 0.0 VALUE_OK
MATCH,5158,0x0CF00400,61444,138083.0,121737.146,-0.032,FF FF FF 00 00 FF FF FF,FF FF FF 00 00 FF FF FF,[],190=0.0/exp 0.0 VALUE_OK
MATCH,5159,0x0CF00400,61444,138088.0,121742.145,-0.032,FF FF FF 00 00 FF FF FF,FF FF FF 00 00 FF FF FF,[],190=0.0/exp 0.0 VALUE_OK
MATCH,5160,0x0CF00400,61444,138093.0,121747.145,-0.032,FF FF FF 00 00 FF FF FF,FF FF FF 00 00 FF FF FF,[],190=0.0/exp 0.0 VALUE_OK
MATCH,5161,0x0CF00400,61444,138098.0,121752.144,-0.032,FF FF FF 00 00 FF FF FF,FF FF FF 00 00 FF FF FF,[],190=0.0/exp 0.0 VALUE_OK
MATCH,5162,0x0CF00400,61444,138103.0,121757.144,-0.031,FF FF FF 00 00 FF FF FF,FF FF FF 00 00 FF FF FF,[],190=0.0/exp 0.0 VALUE_OK
MATCH,5163,0x0CF00400,61444,138108.0,121762.143,-0.032,FF FF FF 00 00 FF FF FF,FF FF FF 00 00 FF FF FF,[],190=0.0/exp 0.0 VALUE_OK
MATCH,5164,0x0CF00400,61444,138113.0,121767.143,-0.031,FF FF FF 00 00 FF FF FF,FF FF FF 00 00 FF FF FF,[],190=0.0/exp 0.0 VALUE_OK
MATCH,5165,0x0CF00400,61444,138118.0,121772.142,-0.031,FF FF FF 00 00 FF FF FF,FF FF FF 00 00 FF FF FF,[],190=0.0/exp 0.0 VALUE_OK
MATCH,5166,0x0CF00400,61444,138123.0,121777.138,-0.035,FF FF FF 00 00 FF FF FF,FF FF FF 00 00 FF FF FF,[],190=0.0/exp 0.0 VALUE_OK
MATCH,5167,0x0CF00400,61444,138128.0,121782.137,-0.035,FF FF FF 00 00 FF FF FF,FF FF FF 00 00 FF FF FF,[],190=0.0/exp 0.0 VALUE_OK
MATCH,5168,0x0CF00400,61444,138133.0,121787.137,-0.034,FF FF FF 00 00 FF FF FF,FF FF FF 00 00 FF FF FF,[],190=0.0/exp 0.0 VALUE_OK
MATCH,5169,0x0CF00400,61444,138138.0,121792.136,-0.035,FF FF FF 00 00 FF FF FF,FF FF FF 00 00 FF FF FF,[],190=0.0/exp 0.0 VALUE_OK
MATCH,5170,0x0CF00400,61444,138143.0,121797.136,-0.034,FF FF FF 00 00 FF FF FF,FF FF FF 00 00 FF FF FF,[],190=0.0/exp 0.0 VALUE_OK
MATCH,5171,0x0CF00400,61444,138148.0,121802.135,-0.034,FF FF FF 00 00 FF FF FF,FF FF FF 00 00 FF FF FF,[],190=0.0/exp 0.0 VALUE_OK
MATCH,5172,0x0CF00400,61444,138153.0,121807.135,-0.034,FF FF FF 00 00 FF FF FF,FF FF FF 00 00 FF FF FF,[],190=0.0/exp 0.0 VALUE_OK
MATCH,5173,0x0CF00400,61444,138158.0,121812.131,-0.037,FF FF FF 00 00 FF FF FF,FF FF FF 00 00 FF FF FF,[],190=0.0/exp 0.0 VALUE_OK
MATCH,5174,0x0CF00400,61444,138163.0,121817.138,-0.029,FF FF FF 00 00 FF FF FF,FF FF FF 00 00 FF FF FF,[],190=0.0/exp 0.0 VALUE_OK
MATCH,5175,0x0CF00400,61444,138168.0,121822.138,-0.029,FF FF FF 00 00 FF FF FF,FF FF FF 00 00 FF FF FF,[],190=0.0/exp 0.0 VALUE_OK
MATCH,5176,0x0CF00400,61444,138173.0,121827.137,-0.029,FF FF FF 00 00 FF FF FF,FF FF FF 00 00 FF FF FF,[],190=0.0/exp 0.0 VALUE_OK
MATCH,5177,0x0CF00400,61444,138178.0,121832.137,-0.029,FF FF FF 00 00 FF FF FF,FF FF FF 00 00 FF FF FF,[],190=0.0/exp 0.0 VALUE_OK
MATCH,5178,0x0CF00400,61444,138183.0,121837.136,-0.029,FF FF FF 00 00 FF FF FF,FF FF FF 00 00 FF FF FF,[],190=0.0/exp 0.0 VALUE_OK
MATCH,5179,0x0CF00400,61444,138188.0,121842.136,-0.028,FF FF FF 00 00 FF FF FF,FF FF FF 00 00 FF FF FF,[],190=0.0/exp 0.0 VALUE_OK
MATCH,5180,0x0CF00400,61444,138193.0,121847.135,-0.029,FF FF FF 00 00 FF FF FF,FF FF FF 00 00 FF FF FF,[],190=0.0/exp 0.0 VALUE_OK
MATCH,5181,0x0CF00400,61444,138198.0,121852.131,-0.032,FF FF FF 00 00 FF FF FF,FF FF FF 00 00 FF FF FF,[],190=0.0/exp 0.0 VALUE_OK
MATCH,5182,0x0CF00400,61444,138203.0,121857.134,-0.029,FF FF FF 00 00 FF FF FF,FF FF FF 00 00 FF FF FF,[],190=0.0/exp 0.0 VALUE_OK
MATCH,5183,0x0CF00400,61444,138208.0,121862.13,-0.032,FF FF FF 00 00 FF FF FF,FF FF FF 00 00 FF FF FF,[],190=0.0/exp 0.0 VALUE_OK
MATCH,5184,0x0CF00400,61444,138213.0,121867.129,-0.032,FF FF FF 00 00 FF FF FF,FF FF FF 00 00 FF FF FF,[],190=0.0/exp 0.0 VALUE_OK
MATCH,5185,0x0CF00400,61444,138218.0,121872.129,-0.032,FF FF FF 00 00 FF FF FF,FF FF FF 00 00 FF FF FF,[],190=0.0/exp 0.0 VALUE_OK
MATCH,5186,0x0CF00400,61444,138223.0,121877.128,-0.032,FF FF FF 00 00 FF FF FF,FF FF FF 00 00 FF FF FF,[],190=0.0/exp 0.0 VALUE_OK
MATCH,5187,0x0CF00400,61444,138228.0,121882.128,-0.031,FF FF FF 00 00 FF FF FF,FF FF FF 00 00 FF FF FF,[],190=0.0/exp 0.0 VALUE_OK
MATCH,5188,0x0CF00400,61444,138233.0,121887.128,-0.031,FF FF FF 00 00 FF FF FF,FF FF FF 00 00 FF FF FF,[],190=0.0/exp 0.0 VALUE_OK
MATCH,5189,0x0CF00400,61444,138238.0,121892.127,-0.031,FF FF FF 00 00 FF FF FF,FF FF FF 00 00 FF FF FF,[],190=0.0/exp 0.0 VALUE_OK
MATCH,5190,0x0CF00400,61444,138243.0,121897.127,-0.031,FF FF FF 00 00 FF FF FF,FF FF FF 00 00 FF FF FF,[],190=0.0/exp 0.0 VALUE_OK
MATCH,5191,0x0CF00400,61444,138248.0,121902.126,-0.031,FF FF FF 00 00 FF FF FF,FF FF FF 00 00 FF FF FF,[],190=0.0/exp 0.0 VALUE_OK
MATCH,5192,0x0CF00400,61444,138253.0,121907.126,-0.03,FF FF FF 00 00 FF FF FF,FF FF FF 00 00 FF FF FF,[],190=0.0/exp 0.0 VALUE_OK
MATCH,5193,0x0CF00400,61444,138258.0,121912.126,-0.03,FF FF FF 00 00 FF FF FF,FF FF FF 00 00 FF FF FF,[],190=0.0/exp 0.0 VALUE_OK
MATCH,5194,0x0CF00400,61444,138263.0,121917.125,-0.03,FF FF FF 00 00 FF FF FF,FF FF FF 00 00 FF FF FF,[],190=0.0/exp 0.0 VALUE_OK
MATCH,5195,0x0CF00400,61444,138268.0,121922.124,-0.031,FF FF FF 00 00 FF FF FF,FF FF FF 00 00 FF FF FF,[],190=0.0/exp 0.0 VALUE_OK
MATCH,5196,0x0CF00400,61444,138273.0,121927.124,-0.03,FF FF FF 00 00 FF FF FF,FF FF FF 00 00 FF FF FF,[],190=0.0/exp 0.0 VALUE_OK
MATCH,5197,0x0CF00400,61444,138278.0,121932.123,-0.03,FF FF FF 00 00 FF FF FF,FF FF FF 00 00 FF FF FF,[],190=0.0/exp 0.0 VALUE_OK
MATCH,5198,0x0CF00400,61444,138283.0,121937.115,-0.038,FF FF FF 00 00 FF FF FF,FF FF FF 00 00 FF FF FF,[],190=0.0/exp 0.0 VALUE_OK
MATCH,5199,0x0CF00400,61444,138288.0,121942.119,-0.033,FF FF FF 00 00 FF FF FF,FF FF FF 00 00 FF FF FF,[],190=0.0/exp 0.0 VALUE_OK
MATCH,5200,0x0CF00400,61444,138293.0,121947.118,-0.033,FF FF FF 00 00 FF FF FF,FF FF FF 00 00 FF FF FF,[],190=0.0/exp 0.0 VALUE_OK
MATCH,5201,0x0CF00400,61444,138298.0,121952.117,-0.034,FF FF FF 00 00 FF FF FF,FF FF FF 00 00 FF FF FF,[],190=0.0/exp 0.0 VALUE_OK
MATCH,5202,0x0CF00400,61444,138303.0,121957.105,-0.045,FF FF FF 00 00 FF FF FF,FF FF FF 00 00 FF FF FF,[],190=0.0/exp 0.0 VALUE_OK
MATCH,5203,0x0CF00400,61444,138308.0,121962.117,-0.032,FF FF FF 00 00 FF FF FF,FF FF FF 00 00 FF FF FF,[],190=0.0/exp 0.0 VALUE_OK
MATCH,5204,0x0CF00400,61444,138313.0,121967.116,-0.032,FF FF FF 00 00 FF FF FF,FF FF FF 00 00 FF FF FF,[],190=0.0/exp 0.0 VALUE_OK
MATCH,5205,0x0CF00400,61444,138318.0,121972.116,-0.032,FF FF FF 00 00 FF FF FF,FF FF FF 00 00 FF FF FF,[],190=0.0/exp 0.0 VALUE_OK
MATCH,5206,0x0CF00400,61444,138323.0,121977.115,-0.032,FF FF FF 00 00 FF FF FF,FF FF FF 00 00 FF FF FF,[],190=0.0/exp 0.0 VALUE_OK
MATCH,5207,0x0CF00400,61444,138328.0,121982.115,-0.032,FF FF FF 00 00 FF FF FF,FF FF FF 00 00 FF FF FF,[],190=0.0/exp 0.0 VALUE_OK
MATCH,5208,0x0CF00400,61444,138333.0,121987.114,-0.032,FF FF FF 00 00 FF FF FF,FF FF FF 00 00 FF FF FF,[],190=0.0/exp 0.0 VALUE_OK
MATCH,5209,0x0CF00400,61444,138338.0,121992.114,-0.031,FF FF FF 00 00 FF FF FF,FF FF FF 00 00 FF FF FF,[],190=0.0/exp 0.0 VALUE_OK
MATCH,5210,0x0CF00400,61444,138343.0,121997.113,-0.032,FF FF FF 00 00 FF FF FF,FF FF FF 00 00 FF FF FF,[],190=0.0/exp 0.0 VALUE_OK
MATCH,5211,0x0CF00400,61444,138348.0,122002.113,-0.031,FF FF FF 00 00 FF FF FF,FF FF FF 00 00 FF FF FF,[],190=0.0/exp 0.0 VALUE_OK
MATCH,5212,0x0CF00400,61444,138353.0,122007.112,-0.031,FF FF FF 00 00 FF FF FF,FF FF FF 00 00 FF FF FF,[],190=0.0/exp 0.0 VALUE_OK
MATCH,5213,0x0CF00400,61444,138358.0,122012.112,-0.031,FF FF FF 00 00 FF FF FF,FF FF FF 00 00 FF FF FF,[],190=0.0/exp 0.0 VALUE_OK
MATCH,5214,0x0CF00400,61444,138363.0,122017.112,-0.03,FF FF FF 00 00 FF FF FF,FF FF FF 00 00 FF FF FF,[],190=0.0/exp 0.0 VALUE_OK
MATCH,5215,0x0CF00400,61444,138368.0,122022.111,-0.031,FF FF FF 00 00 FF FF FF,FF FF FF 00 00 FF FF FF,[],190=0.0/exp 0.0 VALUE_OK
MATCH,5216,0x0CF00400,61444,138373.0,122027.112,-0.029,FF FF FF 00 00 FF FF FF,FF FF FF 00 00 FF FF FF,[],190=0.0/exp 0.0 VALUE_OK
MATCH,5217,0x0CF00400,61444,138378.0,122032.107,-0.033,FF FF FF 00 00 FF FF FF,FF FF FF 00 00 FF FF FF,[],190=0.0/exp 0.0 VALUE_OK
MATCH,5218,0x0CF00400,61444,138383.0,122037.107,-0.033,FF FF FF 00 00 FF FF FF,FF FF FF 00 00 FF FF FF,[],190=0.0/exp 0.0 VALUE_OK
MATCH,5219,0x0CF00400,61444,138388.0,122042.106,-0.033,FF FF FF 00 00 FF FF FF,FF FF FF 00 00 FF FF FF,[],190=0.0/exp 0.0 VALUE_OK
MATCH,5220,0x0CF00400,61444,138393.0,122047.106,-0.032,FF FF FF 00 00 FF FF FF,FF FF FF 00 00 FF FF FF,[],190=0.0/exp 0.0 VALUE_OK
MATCH,5221,0x0CF00400,61444,138398.0,122052.105,-0.033,FF FF FF 00 00 FF FF FF,FF FF FF 00 00 FF FF FF,[],190=0.0/exp 0.0 VALUE_OK
MATCH,5222,0x0CF00400,61444,138403.0,122057.093,-0.044,FF FF FF 00 00 FF FF FF,FF FF FF 00 00 FF FF FF,[],190=0.0/exp 0.0 VALUE_OK
MATCH,5223,0x0CF00400,61444,138408.0,122062.088,-0.048,FF FF FF 00 00 FF FF FF,FF FF FF 00 00 FF FF FF,[],190=0.0/exp 0.0 VALUE_OK
MATCH,5224,0x0CF00400,61444,138413.0,122067.092,-0.043,FF FF FF 00 00 FF FF FF,FF FF FF 00 00 FF FF FF,[],190=0.0/exp 0.0 VALUE_OK
MATCH,5225,0x0CF00400,61444,138418.0,122072.091,-0.043,FF FF FF 00 00 FF FF FF,FF FF FF 00 00 FF FF FF,[],190=0.0/exp 0.0 VALUE_OK
MATCH,5226,0x0CF00400,61444,138423.0,122077.091,-0.042,FF FF FF 00 00 FF FF FF,FF FF FF 00 00 FF FF FF,[],190=0.0/exp 0.0 VALUE_OK
MATCH,5227,0x0CF00400,61444,138428.0,122082.091,-0.042,FF FF FF 00 00 FF FF FF,FF FF FF 00 00 FF FF FF,[],190=0.0/exp 0.0 VALUE_OK
MATCH,5228,0x0CF00400,61444,138433.0,122087.09,-0.042,FF FF FF 00 00 FF FF FF,FF FF FF 00 00 FF FF FF,[],190=0.0/exp 0.0 VALUE_OK
MATCH,5229,0x0CF00400,61444,138438.0,122092.089,-0.042,FF FF FF 00 00 FF FF FF,FF FF FF 00 00 FF FF FF,[],190=0.0/exp 0.0 VALUE_OK
MATCH,5230,0x0CF00400,61444,138443.0,122097.089,-0.041,FF FF FF 00 00 FF FF FF,FF FF FF 00 00 FF FF FF,[],190=0.0/exp 0.0 VALUE_OK
MATCH,5231,0x0CF00400,61444,138448.0,122102.088,-0.041,FF FF FF 00 00 FF FF FF,FF FF FF 00 00 FF FF FF,[],190=0.0/exp 0.0 VALUE_OK
MATCH,5232,0x0CF00400,61444,138453.0,122107.088,-0.04,FF FF FF 00 00 FF FF FF,FF FF FF 00 00 FF FF FF,[],190=0.0/exp 0.0 VALUE_OK
MATCH,5233,0x0CF00400,61444,138458.0,122112.088,-0.04,FF FF FF 00 00 FF FF FF,FF FF FF 00 00 FF FF FF,[],190=0.0/exp 0.0 VALUE_OK
MATCH,5234,0x0CF00400,61444,138463.0,122117.083,-0.044,FF FF FF 00 00 FF FF FF,FF FF FF 00 00 FF FF FF,[],190=0.0/exp 0.0 VALUE_OK
MATCH,5235,0x0CF00400,61444,138468.0,122122.083,-0.043,FF FF FF 00 00 FF FF FF,FF FF FF 00 00 FF FF FF,[],190=0.0/exp 0.0 VALUE_OK
MATCH,5236,0x0CF00400,61444,138473.0,122127.082,-0.043,FF FF FF 00 00 FF FF FF,FF FF FF 00 00 FF FF FF,[],190=0.0/exp 0.0 VALUE_OK
MATCH,5237,0x0CF00400,61444,138478.0,122132.082,-0.042,FF FF FF 00 00 FF FF FF,FF FF FF 00 00 FF FF FF,[],190=0.0/exp 0.0 VALUE_OK
MATCH,5238,0x0CF00400,61444,138483.0,122137.081,-0.042,FF FF FF 00 00 FF FF FF,FF FF FF 00 00 FF FF FF,[],190=0.0/exp 0.0 VALUE_OK
MATCH,5239,0x0CF00400,61444,138488.0,122142.081,-0.042,FF FF FF 00 00 FF FF FF,FF FF FF 00 00 FF FF FF,[],190=0.0/exp 0.0 VALUE_OK
MATCH,5240,0x0CF00400,61444,138493.0,122147.08,-0.042,FF FF FF 00 00 FF FF FF,FF FF FF 00 00 FF FF FF,[],190=0.0/exp 0.0 VALUE_OK
MATCH,5241,0x0CF00400,61444,138498.0,122152.08,-0.041,FF FF FF 00 00 FF FF FF,FF FF FF 00 00 FF FF FF,[],190=0.0/exp 0.0 VALUE_OK
MATCH,5242,0x0CF00400,61444,138503.0,122157.079,-0.041,FF FF FF 00 00 FF FF FF,FF FF FF 00 00 FF FF FF,[],190=0.0/exp 0.0 VALUE_OK
MATCH,5243,0x0CF00400,61444,138508.0,122162.079,-0.04,FF FF FF 00 00 FF FF FF,FF FF FF 00 00 FF FF FF,[],190=0.0/exp 0.0 VALUE_OK
MATCH,5244,0x0CF00400,61444,138513.0,122167.079,-0.039,FF FF FF 00 00 FF FF FF,FF FF FF 00 00 FF FF FF,[],190=0.0/exp 0.0 VALUE_OK
MATCH,5245,0x0CF00400,61444,138518.0,122172.078,-0.04,FF FF FF 00 00 FF FF FF,FF FF FF 00 00 FF FF FF,[],190=0.0/exp 0.0 VALUE_OK
MATCH,5246,0x0CF00400,61444,138523.0,122177.078,-0.039,FF FF FF 00 00 FF FF FF,FF FF FF 00 00 FF FF FF,[],190=0.0/exp 0.0 VALUE_OK
MATCH,5247,0x0CF00400,61444,138528.0,122182.077,-0.039,FF FF FF 00 00 FF FF FF,FF FF FF 00 00 FF FF FF,[],190=0.0/exp 0.0 VALUE_OK
MATCH,5248,0x0CF00400,61444,138533.0,122187.073,-0.042,FF FF FF 00 00 FF FF FF,FF FF FF 00 00 FF FF FF,[],190=0.0/exp 0.0 VALUE_OK
MATCH,5249,0x0CF00400,61444,138538.0,122192.072,-0.042,FF FF FF 00 00 FF FF FF,FF FF FF 00 00 FF FF FF,[],190=0.0/exp 0.0 VALUE_OK
MATCH,5250,0x0CF00400,61444,138543.0,122197.072,-0.042,FF FF FF 00 00 FF FF FF,FF FF FF 00 00 FF FF FF,[],190=0.0/exp 0.0 VALUE_OK
MATCH,5251,0x0CF00400,61444,138548.0,122202.072,-0.041,FF FF FF 00 00 FF FF FF,FF FF FF 00 00 FF FF FF,[],190=0.0/exp 0.0 VALUE_OK
MATCH,5252,0x0CF00400,61444,138553.0,122207.071,-0.041,FF FF FF 00 00 FF FF FF,FF FF FF 00 00 FF FF FF,[],190=0.0/exp 0.0 VALUE_OK
MATCH,5253,0x0CF00400,61444,138558.0,122212.07,-0.041,FF FF FF 00 00 FF FF FF,FF FF FF 00 00 FF FF FF,[],190=0.0/exp 0.0 VALUE_OK
MATCH,5254,0x0CF00400,61444,138563.0,122217.07,-0.04,FF FF FF 00 00 FF FF FF,FF FF FF 00 00 FF FF FF,[],190=0.0/exp 0.0 VALUE_OK
MATCH,5255,0x0CF00400,61444,138568.0,122222.069,-0.041,FF FF FF 00 00 FF FF FF,FF FF FF 00 00 FF FF FF,[],190=0.0/exp 0.0 VALUE_OK
MATCH,5256,0x0CF00400,61444,138573.0,122227.069,-0.04,FF FF FF 00 00 FF FF FF,FF FF FF 00 00 FF FF FF,[],190=0.0/exp 0.0 VALUE_OK
MATCH,5257,0x0CF00400,61444,138578.0,122232.069,-0.039,FF FF FF 00 00 FF FF FF,FF FF FF 00 00 FF FF FF,[],190=0.0/exp 0.0 VALUE_OK
MATCH,5258,0x0CF00400,61444,138583.0,122237.068,-0.039,FF FF FF 00 00 FF FF FF,FF FF FF 00 00 FF FF FF,[],190=0.0/exp 0.0 VALUE_OK
MATCH,5259,0x0CF00400,61444,138588.0,122242.067,-0.039,FF FF FF 00 00 FF FF FF,FF FF FF 00 00 FF FF FF,[],190=0.0/exp 0.0 VALUE_OK
MATCH,5260,0x0CF00400,61444,138593.0,122247.067,-0.039,FF FF FF 00 00 FF FF FF,FF FF FF 00 00 FF FF FF,[],190=0.0/exp 0.0 VALUE_OK
MATCH,5261,0x0CF00400,61444,138598.0,122252.067,-0.038,FF FF FF 00 00 FF FF FF,FF FF FF 00 00 FF FF FF,[],190=0.0/exp 0.0 VALUE_OK
MATCH,5262,0x0CF00400,61444,138603.0,122257.066,-0.038,FF FF FF 00 00 FF FF FF,FF FF FF 00 00 FF FF FF,[],190=0.0/exp 0.0 VALUE_OK
MATCH,5263,0x0CF00400,61444,138608.0,122262.066,-0.037,FF FF FF 00 00 FF FF FF,FF FF FF 00 00 FF FF FF,[],190=0.0/exp 0.0 VALUE_OK
MATCH,5264,0x0CF00400,61444,138613.0,122267.065,-0.038,FF FF FF 00 00 FF FF FF,FF FF FF 00 00 FF FF FF,[],190=0.0/exp 0.0 VALUE_OK
MATCH,5265,0x0CF00400,61444,138618.0,122272.065,-0.037,FF FF FF 00 00 FF FF FF,FF FF FF 00 00 FF FF FF,[],190=0.0/exp 0.0 VALUE_OK
MATCH,5266,0x0CF00400,61444,138623.0,122277.064,-0.037,FF FF FF 00 00 FF FF FF,FF FF FF 00 00 FF FF FF,[],190=0.0/exp 0.0 VALUE_OK
MATCH,5267,0x0CF00400,61444,138628.0,122282.064,-0.036,FF FF FF 00 00 FF FF FF,FF FF FF 00 00 FF FF FF,[],190=0.0/exp 0.0 VALUE_OK
MATCH,5268,0x0CF00400,61444,138633.0,122287.063,-0.037,FF FF FF 00 00 FF FF FF,FF FF FF 00 00 FF FF FF,[],190=0.0/exp 0.0 VALUE_OK
MATCH,5269,0x0CF00400,61444,138638.0,122292.063,-0.036,FF FF FF 00 00 FF FF FF,FF FF FF 00 00 FF FF FF,[],190=0.0/exp 0.0 VALUE_OK
MATCH,5270,0x0CF00400,61444,138643.0,122297.062,-0.036,FF FF FF 00 00 FF FF FF,FF FF FF 00 00 FF FF FF,[],190=0.0/exp 0.0 VALUE_OK
MATCH,5271,0x0CF00400,61444,138648.0,122302.062,-0.035,FF FF FF 00 00 FF FF FF,FF FF FF 00 00 FF FF FF,[],190=0.0/exp 0.0 VALUE_OK
MATCH,5272,0x0CF00400,61444,138653.0,122307.062,-0.035,FF FF FF 00 00 FF FF FF,FF FF FF 00 00 FF FF FF,[],190=0.0/exp 0.0 VALUE_OK
MATCH,5273,0x0CF00400,61444,138658.0,122312.057,-0.039,FF FF FF 00 00 FF FF FF,FF FF FF 00 00 FF FF FF,[],190=0.0/exp 0.0 VALUE_OK
MATCH,5274,0x0CF00400,61444,138663.0,122317.061,-0.034,FF FF FF 00 00 FF FF FF,FF FF FF 00 00 FF FF FF,[],190=0.0/exp 0.0 VALUE_OK
MATCH,5275,0x0CF00400,61444,138668.0,122322.06,-0.035,FF FF FF 00 00 FF FF FF,FF FF FF 00 00 FF FF FF,[],190=0.0/exp 0.0 VALUE_OK
MATCH,5276,0x0CF00400,61444,138673.0,122327.06,-0.034,FF FF FF 00 00 FF FF FF,FF FF FF 00 00 FF FF FF,[],190=0.0/exp 0.0 VALUE_OK
MATCH,5277,0x0CF00400,61444,138678.0,122332.055,-0.038,FF FF FF 00 00 FF FF FF,FF FF FF 00 00 FF FF FF,[],190=0.0/exp 0.0 VALUE_OK
MATCH,5278,0x0CF00400,61444,138683.0,122337.055,-0.037,FF FF FF 00 00 FF FF FF,FF FF FF 00 00 FF FF FF,[],190=0.0/exp 0.0 VALUE_OK
MATCH,5279,0x0CF00400,61444,138688.0,122342.054,-0.038,FF FF FF 00 00 FF FF FF,FF FF FF 00 00 FF FF FF,[],190=0.0/exp 0.0 VALUE_OK
MATCH,5280,0x0CF00400,61444,138693.0,122347.054,-0.037,FF FF FF 00 00 FF FF FF,FF FF FF 00 00 FF FF FF,[],190=0.0/exp 0.0 VALUE_OK
MATCH,5281,0x0CF00400,61444,138698.0,122352.054,-0.036,FF FF FF 00 00 FF FF FF,FF FF FF 00 00 FF FF FF,[],190=0.0/exp 0.0 VALUE_OK
MATCH,5282,0x0CF00400,61444,138703.0,122357.053,-0.036,FF FF FF 00 00 FF FF FF,FF FF FF 00 00 FF FF FF,[],190=0.0/exp 0.0 VALUE_OK
MATCH,5283,0x0CF00400,61444,138708.0,122362.052,-0.037,FF FF FF 00 00 FF FF FF,FF FF FF 00 00 FF FF FF,[],190=0.0/exp 0.0 VALUE_OK
MATCH,5284,0x0CF00400,61444,138713.0,122367.052,-0.036,FF FF FF 00 00 FF FF FF,FF FF FF 00 00 FF FF FF,[],190=0.0/exp 0.0 VALUE_OK
MATCH,5285,0x0CF00400,61444,138718.0,122372.051,-0.036,FF FF FF 00 00 FF FF FF,FF FF FF 00 00 FF FF FF,[],190=0.0/exp 0.0 VALUE_OK
MATCH,5286,0x0CF00400,61444,138723.0,122377.051,-0.036,FF FF FF 00 00 FF FF FF,FF FF FF 00 00 FF FF FF,[],190=0.0/exp 0.0 VALUE_OK
MATCH,5287,0x0CF00400,61444,138728.0,122382.05,-0.036,FF FF FF 00 00 FF FF FF,FF FF FF 00 00 FF FF FF,[],190=0.0/exp 0.0 VALUE_OK
MATCH,5288,0x0CF00400,61444,138733.0,122387.05,-0.035,FF FF FF 00 00 FF FF FF,FF FF FF 00 00 FF FF FF,[],190=0.0/exp 0.0 VALUE_OK
MATCH,5289,0x0CF00400,61444,138738.0,122392.049,-0.035,FF FF FF 00 00 FF FF FF,FF FF FF 00 00 FF FF FF,[],190=0.0/exp 0.0 VALUE_OK
MATCH,5290,0x0CF00400,61444,138743.0,122397.049,-0.035,FF FF FF 00 00 FF FF FF,FF FF FF 00 00 FF FF FF,[],190=0.0/exp 0.0 VALUE_OK
MATCH,5291,0x0CF00400,61444,138748.0,122402.049,-0.034,FF FF FF 00 00 FF FF FF,FF FF FF 00 00 FF FF FF,[],190=0.0/exp 0.0 VALUE_OK
MATCH,5292,0x0CF00400,61444,138753.0,122407.048,-0.034,FF FF FF 00 00 FF FF FF,FF FF FF 00 00 FF FF FF,[],190=0.0/exp 0.0 VALUE_OK
MATCH,5293,0x0CF00400,61444,138758.0,122412.048,-0.034,FF FF FF 00 00 FF FF FF,FF FF FF 00 00 FF FF FF,[],190=0.0/exp 0.0 VALUE_OK
MATCH,5294,0x0CF00400,61444,138763.0,122417.043,-0.038,FF FF FF 00 00 FF FF FF,FF FF FF 00 00 FF FF FF,[],190=0.0/exp 0.0 VALUE_OK
MATCH,5295,0x0CF00400,61444,138768.0,122422.043,-0.037,FF FF FF 00 00 FF FF FF,FF FF FF 00 00 FF FF FF,[],190=0.0/exp 0.0 VALUE_OK
MATCH,5296,0x0CF00400,61444,138773.0,122427.042,-0.037,FF FF FF 00 00 FF FF FF,FF FF FF 00 00 FF FF FF,[],190=0.0/exp 0.0 VALUE_OK
MATCH,5297,0x0CF00400,61444,138778.0,122432.042,-0.037,FF FF FF 00 00 FF FF FF,FF FF FF 00 00 FF FF FF,[],190=0.0/exp 0.0 VALUE_OK
MATCH,5298,0x0CF00400,61444,138783.0,122437.037,-0.041,FF FF FF 00 00 FF FF FF,FF FF FF 00 00 FF FF FF,[],190=0.0/exp 0.0 VALUE_OK
MATCH,5299,0x0CF00400,61444,138788.0,122442.041,-0.036,FF FF FF 00 00 FF FF FF,FF FF FF 00 00 FF FF FF,[],190=0.0/exp 0.0 VALUE_OK
MATCH,5300,0x0CF00400,61444,138793.0,122447.04,-0.036,FF FF FF 00 00 FF FF FF,FF FF FF 00 00 FF FF FF,[],190=0.0/exp 0.0 VALUE_OK
MATCH,5301,0x0CF00400,61444,138798.0,122452.04,-0.036,FF FF FF 00 00 FF FF FF,FF FF FF 00 00 FF FF FF,[],190=0.0/exp 0.0 VALUE_OK
MATCH,5302,0x0CF00400,61444,138803.0,122457.039,-0.036,FF FF FF 00 00 FF FF FF,FF FF FF 00 00 FF FF FF,[],190=0.0/exp 0.0 VALUE_OK
MATCH,5303,0x0CF00400,61444,138808.0,122462.039,-0.035,FF FF FF 00 00 FF FF FF,FF FF FF 00 00 FF FF FF,[],190=0.0/exp 0.0 VALUE_OK
MATCH,5304,0x0CF00400,61444,138813.0,122467.038,-0.036,FF FF FF 00 00 FF FF FF,FF FF FF 00 00 FF FF FF,[],190=0.0/exp 0.0 VALUE_OK
MATCH,5305,0x0CF00400,61444,138818.0,122472.038,-0.035,FF FF FF 00 00 FF FF FF,FF FF FF 00 00 FF FF FF,[],190=0.0/exp 0.0 VALUE_OK
MATCH,5306,0x0CF00400,61444,138823.0,122477.038,-0.034,FF FF FF 00 00 FF FF FF,FF FF FF 00 00 FF FF FF,[],190=0.0/exp 0.0 VALUE_OK
MATCH,5307,0x0CF00400,61444,138828.0,122482.037,-0.034,FF FF FF 00 00 FF FF FF,FF FF FF 00 00 FF FF FF,[],190=0.0/exp 0.0 VALUE_OK
MATCH,5308,0x0CF00400,61444,138833.0,122487.037,-0.034,FF FF FF 00 00 FF FF FF,FF FF FF 00 00 FF FF FF,[],190=0.0/exp 0.0 VALUE_OK
MATCH,5309,0x0CF00400,61444,138838.0,122492.032,-0.038,FF FF FF 00 00 FF FF FF,FF FF FF 00 00 FF FF FF,[],190=0.0/exp 0.0 VALUE_OK
MATCH,5310,0x0CF00400,61444,138843.0,122497.032,-0.037,FF FF FF 00 00 FF FF FF,FF FF FF 00 00 FF FF FF,[],190=0.0/exp 0.0 VALUE_OK
MATCH,5311,0x0CF00400,61444,138848.0,122502.031,-0.038,FF FF FF 00 00 FF FF FF,FF FF FF 00 00 FF FF FF,[],190=0.0/exp 0.0 VALUE_OK
MATCH,5312,0x0CF00400,61444,138853.0,122507.031,-0.037,FF FF FF 00 00 FF FF FF,FF FF FF 00 00 FF FF FF,[],190=0.0/exp 0.0 VALUE_OK
MATCH,5313,0x0CF00400,61444,138858.0,122512.031,-0.036,FF FF FF 00 00 FF FF FF,FF FF FF 00 00 FF FF FF,[],190=0.0/exp 0.0 VALUE_OK
MATCH,5314,0x0CF00400,61444,138863.0,122517.03,-0.036,FF FF FF 00 00 FF FF FF,FF FF FF 00 00 FF FF FF,[],190=0.0/exp 0.0 VALUE_OK
MATCH,5315,0x0CF00400,61444,138868.0,122522.03,-0.036,FF FF FF 00 00 FF FF FF,FF FF FF 00 00 FF FF FF,[],190=0.0/exp 0.0 VALUE_OK
MATCH,5316,0x0CF00400,61444,138873.0,122527.03,-0.035,FF FF FF 00 00 FF FF FF,FF FF FF 00 00 FF FF FF,[],190=0.0/exp 0.0 VALUE_OK
MATCH,5317,0x0CF00400,61444,138878.0,122532.029,-0.035,FF FF FF 00 00 FF FF FF,FF FF FF 00 00 FF FF FF,[],190=0.0/exp 0.0 VALUE_OK
MATCH,5318,0x0CF00400,61444,138883.0,122537.029,-0.035,FF FF FF 00 00 FF FF FF,FF FF FF 00 00 FF FF FF,[],190=0.0/exp 0.0 VALUE_OK
MATCH,5319,0x0CF00400,61444,138888.0,122542.029,-0.034,FF FF FF 00 00 FF FF FF,FF FF FF 00 00 FF FF FF,[],190=0.0/exp 0.0 VALUE_OK
MATCH,5320,0x0CF00400,61444,138893.0,122547.028,-0.034,FF FF FF 00 00 FF FF FF,FF FF FF 00 00 FF FF FF,[],190=0.0/exp 0.0 VALUE_OK
MATCH,5321,0x0CF00400,61444,138898.0,122552.028,-0.033,FF FF FF 00 00 FF FF FF,FF FF FF 00 00 FF FF FF,[],190=0.0/exp 0.0 VALUE_OK
MATCH,5322,0x0CF00400,61444,138903.0,122557.027,-0.034,FF FF FF 00 00 FF FF FF,FF FF FF 00 00 FF FF FF,[],190=0.0/exp 0.0 VALUE_OK
MATCH,5323,0x0CF00400,61444,138908.0,122562.023,-0.037,FF FF FF 00 00 FF FF FF,FF FF FF 00 00 FF FF FF,[],190=0.0/exp 0.0 VALUE_OK
MATCH,5324,0x0CF00400,61444,138913.0,122567.026,-0.033,FF FF FF 00 00 FF FF FF,FF FF FF 00 00 FF FF FF,[],190=0.0/exp 0.0 VALUE_OK
MATCH,5325,0x0CF00400,61444,138918.0,122572.026,-0.033,FF FF FF 00 00 FF FF FF,FF FF FF 00 00 FF FF FF,[],190=0.0/exp 0.0 VALUE_OK
MATCH,5326,0x0CF00400,61444,138923.0,122577.025,-0.033,FF FF FF 00 00 FF FF FF,FF FF FF 00 00 FF FF FF,[],190=0.0/exp 0.0 VALUE_OK
MATCH,5327,0x0CF00400,61444,138928.0,122582.025,-0.032,FF FF FF 00 00 FF FF FF,FF FF FF 00 00 FF FF FF,[],190=0.0/exp 0.0 VALUE_OK
MATCH,5328,0x0CF00400,61444,138933.0,122587.024,-0.033,FF FF FF 00 00 FF FF FF,FF FF FF 00 00 FF FF FF,[],190=0.0/exp 0.0 VALUE_OK
MATCH,5329,0x0CF00400,61444,138938.0,122592.024,-0.032,FF FF FF 00 00 FF FF FF,FF FF FF 00 00 FF FF FF,[],190=0.0/exp 0.0 VALUE_OK
MATCH,5330,0x0CF00400,61444,138943.0,122597.023,-0.032,FF FF FF 00 00 FF FF FF,FF FF FF 00 00 FF FF FF,[],190=0.0/exp 0.0 VALUE_OK
MATCH,5331,0x0CF00400,61444,138948.0,122602.023,-0.032,FF FF FF 00 00 FF FF FF,FF FF FF 00 00 FF FF FF,[],190=0.0/exp 0.0 VALUE_OK
MATCH,5332,0x0CF00400,61444,138953.0,122607.022,-0.032,FF FF FF 00 00 FF FF FF,FF FF FF 00 00 FF FF FF,[],190=0.0/exp 0.0 VALUE_OK
MATCH,5333,0x0CF00400,61444,138958.0,122612.022,-0.032,FF FF FF 00 00 FF FF FF,FF FF FF 00 00 FF FF FF,[],190=0.0/exp 0.0 VALUE_OK
MATCH,5334,0x0CF00400,61444,138963.0,122617.021,-0.032,FF FF FF 00 00 FF FF FF,FF FF FF 00 00 FF FF FF,[],190=0.0/exp 0.0 VALUE_OK
MATCH,5335,0x0CF00400,61444,138968.0,122622.021,-0.031,FF FF FF 00 00 FF FF FF,FF FF FF 00 00 FF FF FF,[],190=0.0/exp 0.0 VALUE_OK
MATCH,5336,0x0CF00400,61444,138973.0,122627.017,-0.035,FF FF FF 00 00 FF FF FF,FF FF FF 00 00 FF FF FF,[],190=0.0/exp 0.0 VALUE_OK
MATCH,5337,0x0CF00400,61444,138978.0,122632.016,-0.035,FF FF FF 00 00 FF FF FF,FF FF FF 00 00 FF FF FF,[],190=0.0/exp 0.0 VALUE_OK
MATCH,5338,0x0CF00400,61444,138983.0,122637.016,-0.034,FF FF FF 00 00 FF FF FF,FF FF FF 00 00 FF FF FF,[],190=0.0/exp 0.0 VALUE_OK
MATCH,5339,0x0CF00400,61444,138988.0,122642.015,-0.035,FF FF FF 00 00 FF FF FF,FF FF FF 00 00 FF FF FF,[],190=0.0/exp 0.0 VALUE_OK
MATCH,5340,0x0CF00400,61444,138993.0,122647.015,-0.034,FF FF FF 00 00 FF FF FF,FF FF FF 00 00 FF FF FF,[],190=0.0/exp 0.0 VALUE_OK
MATCH,5341,0x0CF00400,61444,138998.0,122652.014,-0.034,FF FF FF 00 00 FF FF FF,FF FF FF 00 00 FF FF FF,[],190=0.0/exp 0.0 VALUE_OK
MATCH,5342,0x0CF00400,61444,139003.0,122657.014,-0.034,FF FF FF 00 00 FF FF FF,FF FF FF 00 00 FF FF FF,[],190=0.0/exp 0.0 VALUE_OK
MATCH,5343,0x0CF00400,61444,139008.0,122662.013,-0.034,FF FF FF 00 00 FF FF FF,FF FF FF 00 00 FF FF FF,[],190=0.0/exp 0.0 VALUE_OK
MATCH,5344,0x0CF00400,61444,139013.0,122667.013,-0.033,FF FF FF 00 00 FF FF FF,FF FF FF 00 00 FF FF FF,[],190=0.0/exp 0.0 VALUE_OK
MATCH,5345,0x0CF00400,61444,139018.0,122672.013,-0.033,FF FF FF 00 00 FF FF FF,FF FF FF 00 00 FF FF FF,[],190=0.0/exp 0.0 VALUE_OK
MATCH,5346,0x0CF00400,61444,139023.0,122677.012,-0.033,FF FF FF 00 00 FF FF FF,FF FF FF 00 00 FF FF FF,[],190=0.0/exp 0.0 VALUE_OK
MATCH,5347,0x0CF00400,61444,139028.0,122682.012,-0.032,FF FF FF 00 00 FF FF FF,FF FF FF 00 00 FF FF FF,[],190=0.0/exp 0.0 VALUE_OK
MATCH,5348,0x0CF00400,61444,139033.0,122687.007,-0.037,FF FF FF 00 00 FF FF FF,FF FF FF 00 00 FF FF FF,[],190=0.0/exp 0.0 VALUE_OK
MATCH,5349,0x0CF00400,61444,139038.0,122692.01,-0.033,FF FF FF 00 00 FF FF FF,FF FF FF 00 00 FF FF FF,[],190=0.0/exp 0.0 VALUE_OK
MATCH,5350,0x0CF00400,61444,139043.0,122697.01,-0.032,FF FF FF 00 00 FF FF FF,FF FF FF 00 00 FF FF FF,[],190=0.0/exp 0.0 VALUE_OK
MATCH,5351,0x0CF00400,61444,139048.0,122702.01,-0.032,FF FF FF 00 00 FF FF FF,FF FF FF 00 00 FF FF FF,[],190=0.0/exp 0.0 VALUE_OK
MATCH,5352,0x0CF00400,61444,139053.0,122707.009,-0.032,FF FF FF 00 00 FF FF FF,FF FF FF 00 00 FF FF FF,[],190=0.0/exp 0.0 VALUE_OK
MATCH,5353,0x0CF00400,61444,139058.0,122712.009,-0.031,FF FF FF 00 00 FF FF FF,FF FF FF 00 00 FF FF FF,[],190=0.0/exp 0.0 VALUE_OK
MATCH,5354,0x0CF00400,61444,139063.0,122717.008,-0.032,FF FF FF 00 00 FF FF FF,FF FF FF 00 00 FF FF FF,[],190=0.0/exp 0.0 VALUE_OK
MATCH,5355,0x0CF00400,61444,139068.0,122722.008,-0.031,FF FF FF 00 00 FF FF FF,FF FF FF 00 00 FF FF FF,[],190=0.0/exp 0.0 VALUE_OK
MATCH,5356,0x0CF00400,61444,139073.0,122727.007,-0.031,FF FF FF 00 00 FF FF FF,FF FF FF 00 00 FF FF FF,[],190=0.0/exp 0.0 VALUE_OK
MATCH,5357,0x0CF00400,61444,139078.0,122732.007,-0.031,FF FF FF 00 00 FF FF FF,FF FF FF 00 00 FF FF FF,[],190=0.0/exp 0.0 VALUE_OK
MATCH,5358,0x0CF00400,61444,139083.0,122737.007,-0.03,FF FF FF 00 00 FF FF FF,FF FF FF 00 00 FF FF FF,[],190=0.0/exp 0.0 VALUE_OK
MATCH,5359,0x0CF00400,61444,139088.0,122742.006,-0.031,FF FF FF 00 00 FF FF FF,FF FF FF 00 00 FF FF FF,[],190=0.0/exp 0.0 VALUE_OK
MATCH,5360,0x0CF00400,61444,139093.0,122747.005,-0.031,FF FF FF 00 00 FF FF FF,FF FF FF 00 00 FF FF FF,[],190=0.0/exp 0.0 VALUE_OK
MATCH,5361,0x0CF00400,61444,139098.0,122752.005,-0.03,FF FF FF 00 00 FF FF FF,FF FF FF 00 00 FF FF FF,[],190=0.0/exp 0.0 VALUE_OK
MATCH,5362,0x0CF00400,61444,139103.0,122757.005,-0.03,FF FF FF 00 00 FF FF FF,FF FF FF 00 00 FF FF FF,[],190=0.0/exp 0.0 VALUE_OK
MATCH,5363,0x0CF00400,61444,139108.0,122762.004,-0.03,FF FF FF 00 00 FF FF FF,FF FF FF 00 00 FF FF FF,[],190=0.0/exp 0.0 VALUE_OK
MATCH,5364,0x0CF00400,61444,139113.0,122767.004,-0.03,FF FF FF 00 00 FF FF FF,FF FF FF 00 00 FF FF FF,[],190=0.0/exp 0.0 VALUE_OK
MATCH,5365,0x0CF00400,61444,139118.0,122772.003,-0.03,FF FF FF 00 00 FF FF FF,FF FF FF 00 00 FF FF FF,[],190=0.0/exp 0.0 VALUE_OK
MATCH,5366,0x0CF00400,61444,139123.0,122777.003,-0.029,FF FF FF 00 00 FF FF FF,FF FF FF 00 00 FF FF FF,[],190=0.0/exp 0.0 VALUE_OK
MATCH,5367,0x0CF00400,61444,139128.0,122782.002,-0.03,FF FF FF 00 00 FF FF FF,FF FF FF 00 00 FF FF FF,[],190=0.0/exp 0.0 VALUE_OK
MATCH,5368,0x0CF00400,61444,139133.0,122787.002,-0.029,FF FF FF 00 00 FF FF FF,FF FF FF 00 00 FF FF FF,[],190=0.0/exp 0.0 VALUE_OK
MATCH,5369,0x0CF00400,61444,139138.0,122792.001,-0.03,FF FF FF 00 00 FF FF FF,FF FF FF 00 00 FF FF FF,[],190=0.0/exp 0.0 VALUE_OK
MATCH,5370,0x0CF00400,61444,139143.0,122797.001,-0.029,FF FF FF 00 00 FF FF FF,FF FF FF 00 00 FF FF FF,[],190=0.0/exp 0.0 VALUE_OK
MATCH,5371,0x0CF00400,61444,139148.0,122801.996,-0.033,FF FF FF 00 00 FF FF FF,FF FF FF 00 00 FF FF FF,[],190=0.0/exp 0.0 VALUE_OK
MATCH,5372,0x0CF00400,61444,139153.0,122806.996,-0.033,FF FF FF 00 00 FF FF FF,FF FF FF 00 00 FF FF FF,[],190=0.0/exp 0.0 VALUE_OK
MATCH,5373,0x0CF00400,61444,139158.0,122811.991,-0.037,FF FF FF 00 00 FF FF FF,FF FF FF 00 00 FF FF FF,[],190=0.0/exp 0.0 VALUE_OK
MATCH,5374,0x0CF00400,61444,139163.0,122816.987,-0.04,FF FF FF 00 00 FF FF FF,FF FF FF 00 00 FF FF FF,[],190=0.0/exp 0.0 VALUE_OK
MATCH,5375,0x0CF00400,61444,139168.0,122821.987,-0.04,FF FF FF 00 00 FF FF FF,FF FF FF 00 00 FF FF FF,[],190=0.0/exp 0.0 VALUE_OK
MATCH,5376,0x0CF00400,61444,139173.0,122826.982,-0.044,FF FF FF 00 00 FF FF FF,FF FF FF 00 00 FF FF FF,[],190=0.0/exp 0.0 VALUE_OK
MATCH,5377,0x0CF00400,61444,139178.0,122831.982,-0.043,FF FF FF 00 00 FF FF FF,FF FF FF 00 00 FF FF FF,[],190=0.0/exp 0.0 VALUE_OK
MATCH,5378,0x0CF00400,61444,139183.0,122836.981,-0.043,FF FF FF 00 00 FF FF FF,FF FF FF 00 00 FF FF FF,[],190=0.0/exp 0.0 VALUE_OK
MATCH,5379,0x0CF00400,61444,139188.0,122841.981,-0.042,FF FF FF 00 00 FF FF FF,FF FF FF 00 00 FF FF FF,[],190=0.0/exp 0.0 VALUE_OK
MATCH,5380,0x0CF00400,61444,139193.0,122846.98,-0.042,FF FF FF 00 00 FF FF FF,FF FF FF 00 00 FF FF FF,[],190=0.0/exp 0.0 VALUE_OK
MATCH,5381,0x0CF00400,61444,139198.0,122851.98,-0.041,FF FF FF 00 00 FF FF FF,FF FF FF 00 00 FF FF FF,[],190=0.0/exp 0.0 VALUE_OK
MATCH,5382,0x0CF00400,61444,139203.0,122856.979,-0.042,FF FF FF 00 00 FF FF FF,FF FF FF 00 00 FF FF FF,[],190=0.0/exp 0.0 VALUE_OK
MATCH,5383,0x0CF00400,61444,139208.0,122861.983,-0.037,FF FF FF 00 00 FF FF FF,FF FF FF 00 00 FF FF FF,[],190=0.0/exp 0.0 VALUE_OK
MATCH,5384,0x0CF00400,61444,139213.0,122866.982,-0.037,FF FF FF 00 00 FF FF FF,FF FF FF 00 00 FF FF FF,[],190=0.0/exp 0.0 VALUE_OK
MATCH,5385,0x0CF00400,61444,139218.0,122871.978,-0.04,FF FF FF 00 00 FF FF FF,FF FF FF 00 00 FF FF FF,[],190=0.0/exp 0.0 VALUE_OK
MATCH,5386,0x0CF00400,61444,139223.0,122876.977,-0.04,FF FF FF 00 00 FF FF FF,FF FF FF 00 00 FF FF FF,[],190=0.0/exp 0.0 VALUE_OK
MATCH,5387,0x0CF00400,61444,139228.0,122881.977,-0.04,FF FF FF 00 00 FF FF FF,FF FF FF 00 00 FF FF FF,[],190=0.0/exp 0.0 VALUE_OK
MATCH,5388,0x0CF00400,61444,139233.0,122886.976,-0.04,FF FF FF 00 00 FF FF FF,FF FF FF 00 00 FF FF FF,[],190=0.0/exp 0.0 VALUE_OK
MATCH,5389,0x0CF00400,61444,139238.0,122891.976,-0.039,FF FF FF 00 00 FF FF FF,FF FF FF 00 00 FF FF FF,[],190=0.0/exp 0.0 VALUE_OK
MATCH,5390,0x0CF00400,61444,139243.0,122896.976,-0.038,FF FF FF 00 00 FF FF FF,FF FF FF 00 00 FF FF FF,[],190=0.0/exp 0.0 VALUE_OK
MATCH,5391,0x0CF00400,61444,139248.0,122901.975,-0.039,FF FF FF 00 00 FF FF FF,FF FF FF 00 00 FF FF FF,[],190=0.0/exp 0.0 VALUE_OK
MATCH,5392,0x0CF00400,61444,139253.0,122906.975,-0.038,FF FF FF 00 00 FF FF FF,FF FF FF 00 00 FF FF FF,[],190=0.0/exp 0.0 VALUE_OK
MATCH,5393,0x0CF00400,61444,139258.0,122911.974,-0.038,FF FF FF 00 00 FF FF FF,FF FF FF 00 00 FF FF FF,[],190=0.0/exp 0.0 VALUE_OK
MATCH,5394,0x0CF00400,61444,139263.0,122916.974,-0.037,FF FF FF 00 00 FF FF FF,FF FF FF 00 00 FF FF FF,[],190=0.0/exp 0.0 VALUE_OK
MATCH,5395,0x0CF00400,61444,139268.0,122921.973,-0.038,FF FF FF 00 00 FF FF FF,FF FF FF 00 00 FF FF FF,[],190=0.0/exp 0.0 VALUE_OK
MATCH,5396,0x0CF00400,61444,139273.0,122926.973,-0.037,FF FF FF 00 00 FF FF FF,FF FF FF 00 00 FF FF FF,[],190=0.0/exp 0.0 VALUE_OK
MATCH,5397,0x0CF00400,61444,139278.0,122931.972,-0.037,FF FF FF 00 00 FF FF FF,FF FF FF 00 00 FF FF FF,[],190=0.0/exp 0.0 VALUE_OK
MATCH,5398,0x0CF00400,61444,139283.0,122936.968,-0.04,FF FF FF 00 00 FF FF FF,FF FF FF 00 00 FF FF FF,[],190=0.0/exp 0.0 VALUE_OK
MATCH,5399,0x0CF00400,61444,139288.0,122941.968,-0.039,FF FF FF 00 00 FF FF FF,FF FF FF 00 00 FF FF FF,[],190=0.0/exp 0.0 VALUE_OK
MATCH,5400,0x0CF00400,61444,139293.0,122946.967,-0.04,FF FF FF 00 00 FF FF FF,FF FF FF 00 00 FF FF FF,[],190=0.0/exp 0.0 VALUE_OK
MATCH,5401,0x0CF00400,61444,139298.0,122951.966,-0.04,FF FF FF 00 00 FF FF FF,FF FF FF 00 00 FF FF FF,[],190=0.0/exp 0.0 VALUE_OK
MATCH,5402,0x0CF00400,61444,139303.0,122956.966,-0.039,FF FF FF 00 00 FF FF FF,FF FF FF 00 00 FF FF FF,[],190=0.0/exp 0.0 VALUE_OK
MATCH,5403,0x0CF00400,61444,139308.0,122961.965,-0.039,FF FF FF 00 00 FF FF FF,FF FF FF 00 00 FF FF FF,[],190=0.0/exp 0.0 VALUE_OK
MATCH,5404,0x0CF00400,61444,139313.0,122966.965,-0.039,FF FF FF 00 00 FF FF FF,FF FF FF 00 00 FF FF FF,[],190=0.0/exp 0.0 VALUE_OK
MATCH,5405,0x0CF00400,61444,139318.0,122971.964,-0.039,FF FF FF 00 00 FF FF FF,FF FF FF 00 00 FF FF FF,[],190=0.0/exp 0.0 VALUE_OK
MATCH,5406,0x0CF00400,61444,139323.0,122976.964,-0.038,FF FF FF 00 00 FF FF FF,FF FF FF 00 00 FF FF FF,[],190=0.0/exp 0.0 VALUE_OK
MATCH,5407,0x0CF00400,61444,139328.0,122981.964,-0.037,FF FF FF 00 00 FF FF FF,FF FF FF 00 00 FF FF FF,[],190=0.0/exp 0.0 VALUE_OK
MATCH,5408,0x0CF00400,61444,139333.0,122986.963,-0.037,FF FF FF 00 00 FF FF FF,FF FF FF 00 00 FF FF FF,[],190=0.0/exp 0.0 VALUE_OK
MATCH,5409,0x0CF00400,61444,139338.0,122991.963,-0.037,FF FF FF 00 00 FF FF FF,FF FF FF 00 00 FF FF FF,[],190=0.0/exp 0.0 VALUE_OK
MATCH,5410,0x0CF00400,61444,139343.0,122996.962,-0.037,FF FF FF 00 00 FF FF FF,FF FF FF 00 00 FF FF FF,[],190=0.0/exp 0.0 VALUE_OK
MATCH,5411,0x0CF00400,61444,139348.0,123001.962,-0.036,FF FF FF 00 00 FF FF FF,FF FF FF 00 00 FF FF FF,[],190=0.0/exp 0.0 VALUE_OK
MATCH,5412,0x0CF00400,61444,139353.0,123006.961,-0.037,FF FF FF 00 00 FF FF FF,FF FF FF 00 00 FF FF FF,[],190=0.0/exp 0.0 VALUE_OK
MATCH,5413,0x0CF00400,61444,139358.0,123011.962,-0.035,FF FF FF 00 00 FF FF FF,FF FF FF 00 00 FF FF FF,[],190=0.0/exp 0.0 VALUE_OK
MATCH,5414,0x0CF00400,61444,139363.0,123016.961,-0.035,FF FF FF 00 00 FF FF FF,FF FF FF 00 00 FF FF FF,[],190=0.0/exp 0.0 VALUE_OK
MATCH,5415,0x0CF00400,61444,139368.0,123021.961,-0.034,FF FF FF 00 00 FF FF FF,FF FF FF 00 00 FF FF FF,[],190=0.0/exp 0.0 VALUE_OK
MATCH,5416,0x0CF00400,61444,139373.0,123026.96,-0.035,FF FF FF 00 00 FF FF FF,FF FF FF 00 00 FF FF FF,[],190=0.0/exp 0.0 VALUE_OK
MATCH,5417,0x0CF00400,61444,139378.0,123031.956,-0.038,FF FF FF 00 00 FF FF FF,FF FF FF 00 00 FF FF FF,[],190=0.0/exp 0.0 VALUE_OK
MATCH,5418,0x0CF00400,61444,139383.0,123036.955,-0.038,FF FF FF 00 00 FF FF FF,FF FF FF 00 00 FF FF FF,[],190=0.0/exp 0.0 VALUE_OK
MATCH,5419,0x0CF00400,61444,139388.0,123041.955,-0.037,FF FF FF 00 00 FF FF FF,FF FF FF 00 00 FF FF FF,[],190=0.0/exp 0.0 VALUE_OK
MATCH,5420,0x0CF00400,61444,139393.0,123046.955,-0.037,FF FF FF 00 00 FF FF FF,FF FF FF 00 00 FF FF FF,[],190=0.0/exp 0.0 VALUE_OK
MATCH,5421,0x0CF00400,61444,139398.0,123051.954,-0.037,FF FF FF 00 00 FF FF FF,FF FF FF 00 00 FF FF FF,[],190=0.0/exp 0.0 VALUE_OK
MATCH,5422,0x0CF00400,61444,139403.0,123056.954,-0.036,FF FF FF 00 00 FF FF FF,FF FF FF 00 00 FF FF FF,[],190=0.0/exp 0.0 VALUE_OK
MATCH,5423,0x0CF00400,61444,139408.0,123061.949,-0.041,FF FF FF 00 00 FF FF FF,FF FF FF 00 00 FF FF FF,[],190=0.0/exp 0.0 VALUE_OK
MATCH,5424,0x0CF00400,61444,139413.0,123066.957,-0.032,FF FF FF 00 00 FF FF FF,FF FF FF 00 00 FF FF FF,[],190=0.0/exp 0.0 VALUE_OK
MATCH,5425,0x0CF00400,61444,139418.0,123071.956,-0.032,FF FF FF 00 00 FF FF FF,FF FF FF 00 00 FF FF FF,[],190=0.0/exp 0.0 VALUE_OK
MATCH,5426,0x0CF00400,61444,139423.0,123076.956,-0.031,FF FF FF 00 00 FF FF FF,FF FF FF 00 00 FF FF FF,[],190=0.0/exp 0.0 VALUE_OK
MATCH,5427,0x0CF00400,61444,139428.0,123081.955,-0.032,FF FF FF 00 00 FF FF FF,FF FF FF 00 00 FF FF FF,[],190=0.0/exp 0.0 VALUE_OK
MATCH,5428,0x0CF00400,61444,139433.0,123086.955,-0.031,FF FF FF 00 00 FF FF FF,FF FF FF 00 00 FF FF FF,[],190=0.0/exp 0.0 VALUE_OK
MATCH,5429,0x0CF00400,61444,139438.0,123091.954,-0.032,FF FF FF 00 00 FF FF FF,FF FF FF 00 00 FF FF FF,[],190=0.0/exp 0.0 VALUE_OK
MATCH,5430,0x0CF00400,61444,139443.0,123096.954,-0.031,FF FF FF 00 00 FF FF FF,FF FF FF 00 00 FF FF FF,[],190=0.0/exp 0.0 VALUE_OK
MATCH,5431,0x0CF00400,61444,139448.0,123101.953,-0.031,FF FF FF 00 00 FF FF FF,FF FF FF 00 00 FF FF FF,[],190=0.0/exp 0.0 VALUE_OK
MATCH,5432,0x0CF00400,61444,139453.0,123106.949,-0.035,FF FF FF 00 00 FF FF FF,FF FF FF 00 00 FF FF FF,[],190=0.0/exp 0.0 VALUE_OK
MATCH,5433,0x0CF00400,61444,139458.0,123111.949,-0.034,FF FF FF 00 00 FF FF FF,FF FF FF 00 00 FF FF FF,[],190=0.0/exp 0.0 VALUE_OK
MATCH,5434,0x0CF00400,61444,139463.0,123116.948,-0.034,FF FF FF 00 00 FF FF FF,FF FF FF 00 00 FF FF FF,[],190=0.0/exp 0.0 VALUE_OK
MATCH,5435,0x0CF00400,61444,139468.0,123121.948,-0.034,FF FF FF 00 00 FF FF FF,FF FF FF 00 00 FF FF FF,[],190=0.0/exp 0.0 VALUE_OK
MATCH,5436,0x0CF00400,61444,139473.0,123126.947,-0.034,FF FF FF 00 00 FF FF FF,FF FF FF 00 00 FF FF FF,[],190=0.0/exp 0.0 VALUE_OK
MATCH,5437,0x0CF00400,61444,139478.0,123131.946,-0.034,FF FF FF 00 00 FF FF FF,FF FF FF 00 00 FF FF FF,[],190=0.0/exp 0.0 VALUE_OK
MATCH,5438,0x0CF00400,61444,139483.0,123136.946,-0.034,FF FF FF 00 00 FF FF FF,FF FF FF 00 00 FF FF FF,[],190=0.0/exp 0.0 VALUE_OK
MATCH,5439,0x0CF00400,61444,139488.0,123141.946,-0.033,FF FF FF 00 00 FF FF FF,FF FF FF 00 00 FF FF FF,[],190=0.0/exp 0.0 VALUE_OK
MATCH,5440,0x0CF00400,61444,139493.0,123146.945,-0.033,FF FF FF 00 00 FF FF FF,FF FF FF 00 00 FF FF FF,[],190=0.0/exp 0.0 VALUE_OK
MATCH,5441,0x0CF00400,61444,139498.0,123151.945,-0.033,FF FF FF 00 00 FF FF FF,FF FF FF 00 00 FF FF FF,[],190=0.0/exp 0.0 VALUE_OK
MATCH,5442,0x0CF00400,61444,139503.0,123156.944,-0.033,FF FF FF 00 00 FF FF FF,FF FF FF 00 00 FF FF FF,[],190=0.0/exp 0.0 VALUE_OK
MATCH,5443,0x0CF00400,61444,139508.0,123161.944,-0.032,FF FF FF 00 00 FF FF FF,FF FF FF 00 00 FF FF FF,[],190=0.0/exp 0.0 VALUE_OK
MATCH,5444,0x0CF00400,61444,139513.0,123166.943,-0.033,FF FF FF 00 00 FF FF FF,FF FF FF 00 00 FF FF FF,[],190=0.0/exp 0.0 VALUE_OK
MATCH,5445,0x0CF00400,61444,139518.0,123171.943,-0.032,FF FF FF 00 00 FF FF FF,FF FF FF 00 00 FF FF FF,[],190=0.0/exp 0.0 VALUE_OK
MATCH,5446,0x0CF00400,61444,139523.0,123176.942,-0.032,FF FF FF 00 00 FF FF FF,FF FF FF 00 00 FF FF FF,[],190=0.0/exp 0.0 VALUE_OK
MATCH,5447,0x0CF00400,61444,139528.0,123181.942,-0.032,FF FF FF 00 00 FF FF FF,FF FF FF 00 00 FF FF FF,[],190=0.0/exp 0.0 VALUE_OK
MATCH,5448,0x0CF00400,61444,139533.0,123186.938,-0.035,FF FF FF 00 00 FF FF FF,FF FF FF 00 00 FF FF FF,[],190=0.0/exp 0.0 VALUE_OK
MATCH,5449,0x0CF00400,61444,139538.0,123191.941,-0.031,FF FF FF 00 00 FF FF FF,FF FF FF 00 00 FF FF FF,[],190=0.0/exp 0.0 VALUE_OK
MATCH,5450,0x0CF00400,61444,139543.0,123196.94,-0.032,FF FF FF 00 00 FF FF FF,FF FF FF 00 00 FF FF FF,[],190=0.0/exp 0.0 VALUE_OK
MATCH,5451,0x0CF00400,61444,139548.0,123201.94,-0.031,FF FF FF 00 00 FF FF FF,FF FF FF 00 00 FF FF FF,[],190=0.0/exp 0.0 VALUE_OK
MATCH,5452,0x0CF00400,61444,139553.0,123206.939,-0.031,FF FF FF 00 00 FF FF FF,FF FF FF 00 00 FF FF FF,[],190=0.0/exp 0.0 VALUE_OK
MATCH,5453,0x0CF00400,61444,139558.0,123211.939,-0.031,FF FF FF 00 00 FF FF FF,FF FF FF 00 00 FF FF FF,[],190=0.0/exp 0.0 VALUE_OK
MATCH,5454,0x0CF00400,61444,139563.0,123216.939,-0.03,FF FF FF 00 00 FF FF FF,FF FF FF 00 00 FF FF FF,[],190=0.0/exp 0.0 VALUE_OK
MATCH,5455,0x0CF00400,61444,139568.0,123221.938,-0.031,FF FF FF 00 00 FF FF FF,FF FF FF 00 00 FF FF FF,[],190=0.0/exp 0.0 VALUE_OK
MATCH,5456,0x0CF00400,61444,139573.0,123226.938,-0.03,FF FF FF 00 00 FF FF FF,FF FF FF 00 00 FF FF FF,[],190=0.0/exp 0.0 VALUE_OK
MATCH,5457,0x0CF00400,61444,139578.0,123231.937,-0.03,FF FF FF 00 00 FF FF FF,FF FF FF 00 00 FF FF FF,[],190=0.0/exp 0.0 VALUE_OK
MATCH,5458,0x0CF00400,61444,139583.0,123236.937,-0.03,FF FF FF 00 00 FF FF FF,FF FF FF 00 00 FF FF FF,[],190=0.0/exp 0.0 VALUE_OK
MATCH,5459,0x0CF00400,61444,139588.0,123241.936,-0.03,FF FF FF 00 00 FF FF FF,FF FF FF 00 00 FF FF FF,[],190=0.0/exp 0.0 VALUE_OK
MATCH,5460,0x0CF00400,61444,139593.0,123246.936,-0.03,FF FF FF 00 00 FF FF FF,FF FF FF 00 00 FF FF FF,[],190=0.0/exp 0.0 VALUE_OK
MATCH,5461,0x0CF00400,61444,139598.0,123251.931,-0.034,FF FF FF 00 00 FF FF FF,FF FF FF 00 00 FF FF FF,[],190=0.0/exp 0.0 VALUE_OK
MATCH,5462,0x0CF00400,61444,139603.0,123256.935,-0.029,FF FF FF 00 00 FF FF FF,FF FF FF 00 00 FF FF FF,[],190=0.0/exp 0.0 VALUE_OK
MATCH,5463,0x0CF00400,61444,139608.0,123261.934,-0.03,FF FF FF 00 00 FF FF FF,FF FF FF 00 00 FF FF FF,[],190=0.0/exp 0.0 VALUE_OK
MATCH,5464,0x0CF00400,61444,139613.0,123266.934,-0.029,FF FF FF 00 00 FF FF FF,FF FF FF 00 00 FF FF FF,[],190=0.0/exp 0.0 VALUE_OK
MATCH,5465,0x0CF00400,61444,139618.0,123271.933,-0.03,FF FF FF 00 00 FF FF FF,FF FF FF 00 00 FF FF FF,[],190=0.0/exp 0.0 VALUE_OK
MATCH,5466,0x0CF00400,61444,139623.0,123276.933,-0.029,FF FF FF 00 00 FF FF FF,FF FF FF 00 00 FF FF FF,[],190=0.0/exp 0.0 VALUE_OK
MATCH,5467,0x0CF00400,61444,139628.0,123281.928,-0.033,FF FF FF 00 00 FF FF FF,FF FF FF 00 00 FF FF FF,[],190=0.0/exp 0.0 VALUE_OK
MATCH,5468,0x0CF00400,61444,139633.0,123286.928,-0.033,FF FF FF 00 00 FF FF FF,FF FF FF 00 00 FF FF FF,[],190=0.0/exp 0.0 VALUE_OK
MATCH,5469,0x0CF00400,61444,139638.0,123291.928,-0.032,FF FF FF 00 00 FF FF FF,FF FF FF 00 00 FF FF FF,[],190=0.0/exp 0.0 VALUE_OK
MATCH,5470,0x0CF00400,61444,139643.0,123296.927,-0.032,FF FF FF 00 00 FF FF FF,FF FF FF 00 00 FF FF FF,[],190=0.0/exp 0.0 VALUE_OK
MATCH,5471,0x0CF00400,61444,139648.0,123301.927,-0.032,FF FF FF 00 00 FF FF FF,FF FF FF 00 00 FF FF FF,[],190=0.0/exp 0.0 VALUE_OK
MATCH,5472,0x0CF00400,61444,139653.0,123306.926,-0.032,FF FF FF 00 00 FF FF FF,FF FF FF 00 00 FF FF FF,[],190=0.0/exp 0.0 VALUE_OK
MATCH,5473,0x0CF00400,61444,139658.0,123311.922,-0.036,FF FF FF 00 00 FF FF FF,FF FF FF 00 00 FF FF FF,[],190=0.0/exp 0.0 VALUE_OK
MATCH,5474,0x0CF00400,61444,139663.0,123316.913,-0.044,FF FF FF 00 00 FF FF FF,FF FF FF 00 00 FF FF FF,[],190=0.0/exp 0.0 VALUE_OK
MATCH,5475,0x0CF00400,61444,139668.0,123321.913,-0.043,FF FF FF 00 00 FF FF FF,FF FF FF 00 00 FF FF FF,[],190=0.0/exp 0.0 VALUE_OK
MATCH,5476,0x0CF00400,61444,139673.0,123326.913,-0.042,FF FF FF 00 00 FF FF FF,FF FF FF 00 00 FF FF FF,[],190=0.0/exp 0.0 VALUE_OK
MATCH,5477,0x0CF00400,61444,139678.0,123331.912,-0.042,FF FF FF 00 00 FF FF FF,FF FF FF 00 00 FF FF FF,[],190=0.0/exp 0.0 VALUE_OK
MATCH,5478,0x0CF00400,61444,139683.0,123336.912,-0.041,FF FF FF 00 00 FF FF FF,FF FF FF 00 00 FF FF FF,[],190=0.0/exp 0.0 VALUE_OK
MATCH,5479,0x0CF00400,61444,139688.0,123341.911,-0.042,FF FF FF 00 00 FF FF FF,FF FF FF 00 00 FF FF FF,[],190=0.0/exp 0.0 VALUE_OK
MATCH,5480,0x0CF00400,61444,139693.0,123346.91,-0.042,FF FF FF 00 00 FF FF FF,FF FF FF 00 00 FF FF FF,[],190=0.0/exp 0.0 VALUE_OK
MATCH,5481,0x0CF00400,61444,139698.0,123351.91,-0.041,FF FF FF 00 00 FF FF FF,FF FF FF 00 00 FF FF FF,[],190=0.0/exp 0.0 VALUE_OK
MATCH,5482,0x0CF00400,61444,139703.0,123356.909,-0.041,FF FF FF 00 00 FF FF FF,FF FF FF 00 00 FF FF FF,[],190=0.0/exp 0.0 VALUE_OK
MATCH,5483,0x0CF00400,61444,139708.0,123361.909,-0.04,FF FF FF 00 00 FF FF FF,FF FF FF 00 00 FF FF FF,[],190=0.0/exp 0.0 VALUE_OK
MATCH,5484,0x0CF00400,61444,139713.0,123366.909,-0.039,FF FF FF 00 00 FF FF FF,FF FF FF 00 00 FF FF FF,[],190=0.0/exp 0.0 VALUE_OK
MATCH,5485,0x0CF00400,61444,139718.0,123371.908,-0.04,FF FF FF 00 00 FF FF FF,FF FF FF 00 00 FF FF FF,[],190=0.0/exp 0.0 VALUE_OK
MATCH,5486,0x0CF00400,61444,139723.0,123376.908,-0.039,FF FF FF 00 00 FF FF FF,FF FF FF 00 00 FF FF FF,[],190=0.0/exp 0.0 VALUE_OK
MATCH,5487,0x0CF00400,61444,139728.0,123381.907,-0.039,FF FF FF 00 00 FF FF FF,FF FF FF 00 00 FF FF FF,[],190=0.0/exp 0.0 VALUE_OK
MATCH,5488,0x0CF00400,61444,139733.0,123386.907,-0.038,FF FF FF 00 00 FF FF FF,FF FF FF 00 00 FF FF FF,[],190=0.0/exp 0.0 VALUE_OK
MATCH,5489,0x0CF00400,61444,139738.0,123391.906,-0.039,FF FF FF 00 00 FF FF FF,FF FF FF 00 00 FF FF FF,[],190=0.0/exp 0.0 VALUE_OK
MATCH,5490,0x0CF00400,61444,139743.0,123396.906,-0.038,FF FF FF 00 00 FF FF FF,FF FF FF 00 00 FF FF FF,[],190=0.0/exp 0.0 VALUE_OK
MATCH,5491,0x0CF00400,61444,139748.0,123401.905,-0.038,FF FF FF 00 00 FF FF FF,FF FF FF 00 00 FF FF FF,[],190=0.0/exp 0.0 VALUE_OK
MATCH,5492,0x0CF00400,61444,139753.0,123406.905,-0.037,FF FF FF 00 00 FF FF FF,FF FF FF 00 00 FF FF FF,[],190=0.0/exp 0.0 VALUE_OK
MATCH,5493,0x0CF00400,61444,139758.0,123411.904,-0.038,FF FF FF 00 00 FF FF FF,FF FF FF 00 00 FF FF FF,[],190=0.0/exp 0.0 VALUE_OK
MATCH,5494,0x0CF00400,61444,139763.0,123416.904,-0.037,FF FF FF 00 00 FF FF FF,FF FF FF 00 00 FF FF FF,[],190=0.0/exp 0.0 VALUE_OK
MATCH,5495,0x0CF00400,61444,139768.0,123421.903,-0.037,FF FF FF 00 00 FF FF FF,FF FF FF 00 00 FF FF FF,[],190=0.0/exp 0.0 VALUE_OK
MATCH,5496,0x0CF00400,61444,139773.0,123426.903,-0.036,FF FF FF 00 00 FF FF FF,FF FF FF 00 00 FF FF FF,[],190=0.0/exp 0.0 VALUE_OK
MATCH,5497,0x0CF00400,61444,139778.0,123431.899,-0.04,FF FF FF 00 00 FF FF FF,FF FF FF 00 00 FF FF FF,[],190=0.0/exp 0.0 VALUE_OK
MATCH,5498,0x0CF00400,61444,139783.0,123436.922,-0.016,FF FF FF B0 36 FF FF FF,FF FF FF B0 36 FF FF FF,[],190=1750.0/exp 1750.0 VALUE_OK
MATCH,5499,0x0CF00400,61444,139788.0,123441.994,0.057,FF FF FF E7 36 FF FF FF,FF FF FF E7 36 FF FF FF,[],190=1756.875/exp 1756.8722 VALUE_OK
MATCH,5500,0x0CF00400,61444,139793.0,123446.973,0.034,FF FF FF 1E 37 FF FF FF,FF FF FF 1E 37 FF FF FF,[],190=1763.75/exp 1763.7443 VALUE_OK
MATCH,5501,0x0CF00400,61444,139798.0,123451.993,0.054,FF FF FF 55 37 FF FF FF,FF FF FF 55 37 FF FF FF,[],190=1770.625/exp 1770.6162 VALUE_OK
MATCH,5502,0x0CF00400,61444,139803.0,123456.968,0.028,FF FF FF 8C 37 FF FF FF,FF FF FF 8C 37 FF FF FF,[],190=1777.5/exp 1777.4878 VALUE_OK
MATCH,5503,0x0CF00400,61444,139808.0,123461.992,0.051,FF FF FF C3 37 FF FF FF,FF FF FF C3 37 FF FF FF,[],190=1784.375/exp 1784.359 VALUE_OK
MATCH,5504,0x0CF00400,61444,139813.0,123466.959,0.017,FF FF FF FA 37 FF FF FF,FF FF FF FA 37 FF FF FF,[],190=1791.25/exp 1791.2296 VALUE_OK
MATCH,5505,0x0CF00400,61444,139818.0,123471.975,0.033,FF FF FF 31 38 FF FF FF,FF FF FF 31 38 FF FF FF,[],190=1798.125/exp 1798.0996 VALUE_OK
MATCH,5506,0x0CF00400,61444,139823.0,123476.962,0.019,FF FF FF 68 38 FF FF FF,FF FF FF 68 38 FF FF FF,[],190=1805.0/exp 1804.9688 VALUE_OK
MATCH,5507,0x0CF00400,61444,139828.0,123481.994,0.051,FF FF FF 9F 38 FF FF FF,FF FF FF 9F 38 FF FF FF,[],190=1811.875/exp 1811.8372 VALUE_OK
MATCH,5508,0x0CF00400,61444,139833.0,123486.949,0.005,FF FF FF D6 38 FF FF FF,FF FF FF D6 38 FF FF FF,[],190=1818.75/exp 1818.7047 VALUE_OK
MATCH,5509,0x0CF00400,61444,139838.0,123491.965,0.021,FF FF FF 0D 39 FF FF FF,FF FF FF 0D 39 FF FF FF,[],190=1825.625/exp 1825.5711 VALUE_OK
MATCH,5510,0x0CF00400,61444,139843.0,123496.984,0.039,FF FF FF 43 39 FF FF FF,FF FF FF 43 39 FF FF FF,[],190=1832.375/exp 1832.4363 VALUE_OK
MATCH,5511,0x0CF00400,61444,139848.0,123501.956,0.01,FF FF FF 7A 39 FF FF FF,FF FF FF 7A 39 FF FF FF,[],190=1839.25/exp 1839.3002 VALUE_OK
MATCH,5512,0x0CF00400,61444,139853.0,123506.988,0.042,FF FF FF B1 39 FF FF FF,FF FF FF B1 39 FF FF FF,[],190=1846.125/exp 1846.1628 VALUE_OK
MATCH,5513,0x0CF00400,61444,139858.0,123511.984,0.037,FF FF FF E8 39 FF FF FF,FF FF FF E8 39 FF FF FF,[],190=1853.0/exp 1853.0239 VALUE_OK
MATCH,5514,0x0CF00400,61444,139863.0,123516.952,0.005,FF FF FF 1F 3A FF FF FF,FF FF FF 1F 3A FF FF FF,[],190=1859.875/exp 1859.8834 VALUE_OK
MATCH,5515,0x0CF00400,61444,139868.0,123521.959,0.012,FF FF FF 56 3A FF FF FF,FF FF FF 56 3A FF FF FF,[],190=1866.75/exp 1866.7412 VALUE_OK
MATCH,5516,0x0CF00400,61444,139873.0,123526.983,0.035,FF FF FF 8D 3A FF FF FF,FF FF FF 8D 3A FF FF FF,[],190=1873.625/exp 1873.5972 VALUE_OK
MATCH,5517,0x0CF00400,61444,139878.0,123531.962,0.014,FF FF FF C4 3A FF FF FF,FF FF FF C4 3A FF FF FF,[],190=1880.5/exp 1880.4513 VALUE_OK
MATCH,5518,0x0CF00400,61444,139883.0,123536.974,0.025,FF FF FF FA 3A FF FF FF,FF FF FF FA 3A FF FF FF,[],190=1887.25/exp 1887.3034 VALUE_OK
MATCH,5519,0x0CF00400,61444,139888.0,123541.941,-0.008,FF FF FF 31 3B FF FF FF,FF FF FF 31 3B FF FF FF,[],190=1894.125/exp 1894.1534 VALUE_OK
MATCH,5520,0x0CF00400,61444,139893.0,123546.961,0.012,FF FF FF 68 3B FF FF FF,FF FF FF 68 3B FF FF FF,[],190=1901.0/exp 1901.0011 VALUE_OK
MATCH,5521,0x0CF00400,61444,139898.0,123551.988,0.039,FF FF FF 9F 3B FF FF FF,FF FF FF 9F 3B FF FF FF,[],190=1907.875/exp 1907.8466 VALUE_OK
MATCH,5522,0x0CF00400,61444,139903.0,123556.952,0.002,FF FF FF D6 3B FF FF FF,FF FF FF D6 3B FF FF FF,[],190=1914.75/exp 1914.6895 VALUE_OK
MATCH,5523,0x0CF00400,61444,139908.0,123561.959,0.009,FF FF FF 0C 3C FF FF FF,FF FF FF 0C 3C FF FF FF,[],190=1921.5/exp 1921.53 VALUE_OK
MATCH,5524,0x0CF00400,61444,139913.0,123566.947,-0.003,FF FF FF 43 3C FF FF FF,FF FF FF 43 3C FF FF FF,[],190=1928.375/exp 1928.3678 VALUE_OK
MATCH,5525,0x0CF00400,61444,139918.0,123571.962,0.012,FF FF FF 7A 3C FF FF FF,FF FF FF 7A 3C FF FF FF,[],190=1935.25/exp 1935.2028 VALUE_OK
MATCH,5526,0x0CF00400,61444,139923.0,123576.954,0.004,FF FF FF B0 3C FF FF FF,FF FF FF B0 3C FF FF FF,[],190=1942.0/exp 1942.035 VALUE_OK
MATCH,5527,0x0CF00400,61444,139928.0,123581.97,0.019,FF FF FF E7 3C FF FF FF,FF FF FF E7 3C FF FF FF,[],190=1948.875/exp 1948.8643 VALUE_OK
MATCH,5528,0x0CF00400,61444,139933.0,123586.953,0.002,FF FF FF 1E 3D FF FF FF,FF FF FF 1E 3D FF FF FF,[],190=1955.75/exp 1955.6904 VALUE_OK
MATCH,5529,0x0CF00400,61444,139938.0,123591.981,0.03,FF FF FF 54 3D FF FF FF,FF FF FF 54 3D FF FF FF,[],190=1962.5/exp 1962.5134 VALUE_OK
MATCH,5530,0x0CF00400,61444,139943.0,123596.968,0.016,FF FF FF 8B 3D FF FF FF,FF FF FF 8B 3D FF FF FF,[],190=1969.375/exp 1969.3332 VALUE_OK
MATCH,5531,0x0CF00400,61444,139948.0,123601.984,0.032,FF FF FF C1 3D FF FF FF,FF FF FF C1 3D FF FF FF,[],190=1976.125/exp 1976.1495 VALUE_OK
MATCH,5532,0x0CF00400,61444,139953.0,123606.96,0.007,FF FF FF F8 3D FF FF FF,FF FF FF F8 3D FF FF FF,[],190=1983.0/exp 1982.9623 VALUE_OK
MATCH,5533,0x0CF00400,61444,139958.0,123611.967,0.014,FF FF FF 2E 3E FF FF FF,FF FF FF 2E 3E FF FF FF,[],190=1989.75/exp 1989.7716 VALUE_OK
MATCH,5534,0x0CF00400,61444,139963.0,123616.934,-0.019,FF FF FF 65 3E FF FF FF,FF FF FF 65 3E FF FF FF,[],190=1996.625/exp 1996.5772 VALUE_OK
MATCH,5535,0x0CF00400,61444,139968.0,123621.962,0.009,FF FF FF 9B 3E FF FF FF,FF FF FF 9B 3E FF FF FF,[],190=2003.375/exp 2003.3789 VALUE_OK
MATCH,5536,0x0CF00400,61444,139973.0,123626.974,0.021,FF FF FF D1 3E FF FF FF,FF FF FF D1 3E FF FF FF,[],190=2010.125/exp 2010.1768 VALUE_OK
MATCH,5537,0x0CF00400,61444,139978.0,123631.953,-0.0,FF FF FF 08 3F FF FF FF,FF FF FF 08 3F FF FF FF,[],190=2017.0/exp 2016.9706 VALUE_OK
MATCH,5538,0x0CF00400,61444,139983.0,123636.968,0.015,FF FF FF 3E 3F FF FF FF,FF FF FF 3E 3F FF FF FF,[],190=2023.75/exp 2023.7603 VALUE_OK
MATCH,5539,0x0CF00400,61444,139988.0,123641.94,-0.013,FF FF FF 74 3F FF FF FF,FF FF FF 74 3F FF FF FF,[],190=2030.5/exp 2030.5458 VALUE_OK
MATCH,5540,0x0CF00400,61444,139993.0,123646.956,0.003,FF FF FF AB 3F FF FF FF,FF FF FF AB 3F FF FF FF,[],190=2037.375/exp 2037.327 VALUE_OK
MATCH,5541,0x0CF00400,61444,139998.0,123651.975,0.022,FF FF FF E1 3F FF FF FF,FF FF FF E1 3F FF FF FF,[],190=2044.125/exp 2044.1037 VALUE_OK
MATCH,5542,0x0CF00400,61444,140003.0,123656.943,-0.011,FF FF FF 17 40 FF FF FF,FF FF FF 17 40 FF FF FF,[],190=2050.875/exp 2050.8759 VALUE_OK
MATCH,5543,0x0CF00400,61444,140008.0,123661.97,0.017,FF FF FF 4D 40 FF FF FF,FF FF FF 4D 40 FF FF FF,[],190=2057.625/exp 2057.6435 VALUE_OK
MATCH,5544,0x0CF00400,61444,140013.0,123666.95,-0.004,FF FF FF 83 40 FF FF FF,FF FF FF 83 40 FF FF FF,[],190=2064.375/exp 2064.4063 VALUE_OK
MATCH,5545,0x0CF00400,61444,140018.0,123671.969,0.015,FF FF FF B9 40 FF FF FF,FF FF FF B9 40 FF FF FF,[],190=2071.125/exp 2071.1643 VALUE_OK
MATCH,5546,0x0CF00400,61444,140023.0,123676.941,-0.013,FF FF FF EF 40 FF FF FF,FF FF FF EF 40 FF FF FF,[],190=2077.875/exp 2077.9173 VALUE_OK
MATCH,5547,0x0CF00400,61444,140028.0,123681.964,0.01,FF FF FF 25 41 FF FF FF,FF FF FF 25 41 FF FF FF,[],190=2084.625/exp 2084.6653 VALUE_OK
MATCH,5548,0x0CF00400,61444,140033.0,123686.936,-0.018,FF FF FF 5B 41 FF FF FF,FF FF FF 5B 41 FF FF FF,[],190=2091.375/exp 2091.4081 VALUE_OK
MATCH,5549,0x0CF00400,61444,140038.0,123691.967,0.013,FF FF FF 91 41 FF FF FF,FF FF FF 91 41 FF FF FF,[],190=2098.125/exp 2098.1456 VALUE_OK
MATCH,5550,0x0CF00400,61444,140043.0,123696.951,-0.003,FF FF FF C7 41 FF FF FF,FF FF FF C7 41 FF FF FF,[],190=2104.875/exp 2104.8778 VALUE_OK
MATCH,5551,0x0CF00400,61444,140048.0,123701.939,-0.015,FF FF FF FD 41 FF FF FF,FF FF FF FD 41 FF FF FF,[],190=2111.625/exp 2111.6045 VALUE_OK
MATCH,5552,0x0CF00400,61444,140053.0,123706.958,0.004,FF FF FF 33 42 FF FF FF,FF FF FF 33 42 FF FF FF,[],190=2118.375/exp 2118.3256 VALUE_OK
MATCH,5553,0x0CF00400,61444,140058.0,123711.954,0.0,FF FF FF 68 42 FF FF FF,FF FF FF 68 42 FF FF FF,[],190=2125.0/exp 2125.041 VALUE_OK
MATCH,5554,0x0CF00400,61444,140063.0,123716.933,-0.021,FF FF FF 9E 42 FF FF FF,FF FF FF 9E 42 FF FF FF,[],190=2131.75/exp 2131.7507 VALUE_OK
MATCH,5555,0x0CF00400,61444,140068.0,123721.969,0.016,FF FF FF D4 42 FF FF FF,FF FF FF D4 42 FF FF FF,[],190=2138.5/exp 2138.4544 VALUE_OK
MATCH,5556,0x0CF00400,61444,140073.0,123726.948,-0.006,FF FF FF 09 43 FF FF FF,FF FF FF 09 43 FF FF FF,[],190=2145.125/exp 2145.1522 VALUE_OK
MATCH,5557,0x0CF00400,61444,140078.0,123731.936,-0.017,FF FF FF 3F 43 FF FF FF,FF FF FF 3F 43 FF FF FF,[],190=2151.875/exp 2151.8439 VALUE_OK
MATCH,5558,0x0CF00400,61444,140083.0,123736.915,-0.038,FF FF FF 74 43 FF FF FF,FF FF FF 74 43 FF FF FF,[],190=2158.5/exp 2158.5294 VALUE_OK
MATCH,5559,0x0CF00400,61444,140088.0,123741.947,-0.005,FF FF FF AA 43 FF FF FF,FF FF FF AA 43 FF FF FF,[],190=2165.25/exp 2165.2086 VALUE_OK
MATCH,5560,0x0CF00400,61444,140093.0,123746.938,-0.014,FF FF FF DF 43 FF FF FF,FF FF FF DF 43 FF FF FF,[],190=2171.875/exp 2171.8814 VALUE_OK
MATCH,5561,0x0CF00400,61444,140098.0,123751.91,-0.042,FF FF FF 14 44 FF FF FF,FF FF FF 14 44 FF FF FF,[],190=2178.5/exp 2178.5476 VALUE_OK
MATCH,5562,0x0CF00400,61444,140103.0,123756.949,-0.002,FF FF FF 4A 44 FF FF FF,FF FF FF 4A 44 FF FF FF,[],190=2185.25/exp 2185.2073 VALUE_OK
MATCH,5563,0x0CF00400,61444,140108.0,123761.929,-0.022,FF FF FF 7F 44 FF FF FF,FF FF FF 7F 44 FF FF FF,[],190=2191.875/exp 2191.8603 VALUE_OK
MATCH,5564,0x0CF00400,61444,140113.0,123766.956,0.005,FF FF FF B4 44 FF FF FF,FF FF FF B4 44 FF FF FF,[],190=2198.5/exp 2198.5064 VALUE_OK
MATCH,5565,0x0CF00400,61444,140118.0,123771.928,-0.023,FF FF FF E9 44 FF FF FF,FF FF FF E9 44 FF FF FF,[],190=2205.125/exp 2205.1456 VALUE_OK
MATCH,5566,0x0CF00400,61444,140123.0,123776.947,-0.003,FF FF FF 1E 45 FF FF FF,FF FF FF 1E 45 FF FF FF,[],190=2211.75/exp 2211.7778 VALUE_OK
MATCH,5567,0x0CF00400,61444,140128.0,123781.923,-0.027,FF FF FF 53 45 FF FF FF,FF FF FF 53 45 FF FF FF,[],190=2218.375/exp 2218.4029 VALUE_OK
MATCH,5568,0x0CF00400,61444,140133.0,123786.951,0.001,FF FF FF 88 45 FF FF FF,FF FF FF 88 45 FF FF FF,[],190=2225.0/exp 2225.0208 VALUE_OK
MATCH,5569,0x0CF00400,61444,140138.0,123791.926,-0.024,FF FF FF BD 45 FF FF FF,FF FF FF BD 45 FF FF FF,[],190=2231.625/exp 2231.6313 VALUE_OK
MATCH,5570,0x0CF00400,61444,140143.0,123796.945,-0.004,FF FF FF F2 45 FF FF FF,FF FF FF F2 45 FF FF FF,[],190=2238.25/exp 2238.2344 VALUE_OK
MATCH,5571,0x0CF00400,61444,140148.0,123801.917,-0.032,FF FF FF 27 46 FF FF FF,FF FF FF 27 46 FF FF FF,[],190=2244.875/exp 2244.83 VALUE_OK
MATCH,5572,0x0CF00400,61444,140153.0,123806.941,-0.007,FF FF FF 5B 46 FF FF FF,FF FF FF 5B 46 FF FF FF,[],190=2251.375/exp 2251.418 VALUE_OK
MATCH,5573,0x0CF00400,61444,140158.0,123811.916,-0.032,FF FF FF 90 46 FF FF FF,FF FF FF 90 46 FF FF FF,[],190=2258.0/exp 2257.9982 VALUE_OK
MATCH,5574,0x0CF00400,61444,140163.0,123816.948,0.0,FF FF FF C5 46 FF FF FF,FF FF FF C5 46 FF FF FF,[],190=2264.625/exp 2264.5706 VALUE_OK
MATCH,5575,0x0CF00400,61444,140168.0,123821.923,-0.025,FF FF FF F9 46 FF FF FF,FF FF FF F9 46 FF FF FF,[],190=2271.125/exp 2271.135 VALUE_OK
MATCH,5576,0x0CF00400,61444,140173.0,123826.947,-0.0,FF FF FF 2E 47 FF FF FF,FF FF FF 2E 47 FF FF FF,[],190=2277.75/exp 2277.6914 VALUE_OK
MATCH,5577,0x0CF00400,61444,140178.0,123831.918,-0.029,FF FF FF 62 47 FF FF FF,FF FF FF 62 47 FF FF FF,[],190=2284.25/exp 2284.2397 VALUE_OK
MATCH,5578,0x0CF00400,61444,140183.0,123836.942,-0.005,FF FF FF 96 47 FF FF FF,FF FF FF 96 47 FF FF FF,[],190=2290.75/exp 2290.7797 VALUE_OK
MATCH,5579,0x0CF00400,61444,140188.0,123841.925,-0.022,FF FF FF CA 47 FF FF FF,FF FF FF CA 47 FF FF FF,[],190=2297.25/exp 2297.3114 VALUE_OK
MATCH,5580,0x0CF00400,61444,140193.0,123846.949,0.003,FF FF FF FF 47 FF FF FF,FF FF FF FF 47 FF FF FF,[],190=2303.875/exp 2303.8347 VALUE_OK
MATCH,5581,0x0CF00400,61444,140198.0,123851.916,-0.03,FF FF FF 33 48 FF FF FF,FF FF FF 33 48 FF FF FF,[],190=2310.375/exp 2310.3494 VALUE_OK
MATCH,5582,0x0CF00400,61444,140203.0,123856.936,-0.01,FF FF FF 67 48 FF FF FF,FF FF FF 67 48 FF FF FF,[],190=2316.875/exp 2316.8555 VALUE_OK
MATCH,5583,0x0CF00400,61444,140208.0,123861.911,-0.034,FF FF FF 9B 48 FF FF FF,FF FF FF 9B 48 FF FF FF,[],190=2323.375/exp 2323.3528 VALUE_OK
MATCH,5584,0x0CF00400,61444,140213.0,123866.935,-0.01,FF FF FF CF 48 FF FF FF,FF FF FF CF 48 FF FF FF,[],190=2329.875/exp 2329.8413 VALUE_OK
MATCH,5585,0x0CF00400,61444,140218.0,123871.91,-0.034,FF FF FF 03 49 FF FF FF,FF FF FF 03 49 FF FF FF,[],190=2336.375/exp 2336.3209 VALUE_OK
MATCH,5586,0x0CF00400,61444,140223.0,123876.93,-0.014,FF FF FF 36 49 FF FF FF,FF FF FF 36 49 FF FF FF,[],190=2342.75/exp 2342.7914 VALUE_OK
MATCH,5587,0x0CF00400,61444,140228.0,123881.906,-0.038,FF FF FF 6A 49 FF FF FF,FF FF FF 6A 49 FF FF FF,[],190=2349.25/exp 2349.2527 VALUE_OK
MATCH,5588,0x0CF00400,61444,140233.0,123886.933,-0.01,FF FF FF 9E 49 FF FF FF,FF FF FF 9E 49 FF FF FF,[],190=2355.75/exp 2355.7048 VALUE_OK
MATCH,5589,0x0CF00400,61444,140238.0,123891.909,-0.034,FF FF FF D1 49 FF FF FF,FF FF FF D1 49 FF FF FF,[],190=2362.125/exp 2362.1476 VALUE_OK
MATCH,5590,0x0CF00400,61444,140243.0,123896.932,-0.01,FF FF FF 05 4A FF FF FF,FF FF FF 05 4A FF FF FF,[],190=2368.625/exp 2368.581 VALUE_OK
MATCH,5591,0x0CF00400,61444,140248.0,123901.9,-0.042,FF FF FF 38 4A FF FF FF,FF FF FF 38 4A FF FF FF,[],190=2375.0/exp 2375.0048 VALUE_OK
MATCH,5592,0x0CF00400,61444,140253.0,123906.927,-0.014,FF FF FF 6B 4A FF FF FF,FF FF FF 6B 4A FF FF FF,[],190=2381.375/exp 2381.4189 VALUE_OK
MATCH,5593,0x0CF00400,61444,140258.0,123911.907,-0.034,FF FF FF 9F 4A FF FF FF,FF FF FF 9F 4A FF FF FF,[],190=2387.875/exp 2387.8234 VALUE_OK
MATCH,5594,0x0CF00400,61444,140263.0,123916.927,-0.013,FF FF FF D2 4A FF FF FF,FF FF FF D2 4A FF FF FF,[],190=2394.25/exp 2394.218 VALUE_OK
MATCH,5595,0x0CF00400,61444,140268.0,123921.91,-0.03,FF FF FF 05 4B FF FF FF,FF FF FF 05 4B FF FF FF,[],190=2400.625/exp 2400.6026 VALUE_OK
MATCH,5596,0x0CF00400,61444,140273.0,123926.922,-0.017,FF FF FF 38 4B FF FF FF,FF FF FF 38 4B FF FF FF,[],190=2407.0/exp 2406.9772 VALUE_OK
MATCH,5597,0x0CF00400,61444,140278.0,123931.901,-0.038,FF FF FF 6B 4B FF FF FF,FF FF FF 6B 4B FF FF FF,[],190=2413.375/exp 2413.3417 VALUE_OK
MATCH,5598,0x0CF00400,61444,140283.0,123936.92,-0.018,FF FF FF 9E 4B FF FF FF,FF FF FF 9E 4B FF FF FF,[],190=2419.75/exp 2419.696 VALUE_OK
MATCH,5599,0x0CF00400,61444,140288.0,123941.9,-0.038,FF FF FF D0 4B FF FF FF,FF FF FF D0 4B FF FF FF,[],190=2426.0/exp 2426.0399 VALUE_OK
MATCH,5600,0x0CF00400,61444,140293.0,123946.923,-0.014,FF FF FF 03 4C FF FF FF,FF FF FF 03 4C FF FF FF,[],190=2432.375/exp 2432.3735 VALUE_OK
MATCH,5601,0x0CF00400,61444,140298.0,123951.907,-0.03,FF FF FF 36 4C FF FF FF,FF FF FF 36 4C FF FF FF,[],190=2438.75/exp 2438.6964 VALUE_OK
MATCH,5602,0x0CF00400,61444,140303.0,123956.887,-0.049,FF FF FF 68 4C FF FF FF,FF FF FF 68 4C FF FF FF,[],190=2445.0/exp 2445.0088 VALUE_OK
MATCH,5603,0x0CF00400,61444,140308.0,123961.922,-0.013,FF FF FF 9A 4C FF FF FF,FF FF FF 9A 4C FF FF FF,[],190=2451.25/exp 2451.3105 VALUE_OK
MATCH,5604,0x0CF00400,61444,140313.0,123966.906,-0.029,FF FF FF CD 4C FF FF FF,FF FF FF CD 4C FF FF FF,[],190=2457.625/exp 2457.6013 VALUE_OK
MATCH,5605,0x0CF00400,61444,140318.0,123971.901,-0.033,FF FF FF FF 4C FF FF FF,FF FF FF FF 4C FF FF FF,[],190=2463.875/exp 2463.8812 VALUE_OK
MATCH,5606,0x0CF00400,61444,140323.0,123976.921,-0.013,FF FF FF 31 4D FF FF FF,FF FF FF 31 4D FF FF FF,[],190=2470.125/exp 2470.1501 VALUE_OK
MATCH,5607,0x0CF00400,61444,140328.0,123981.905,-0.028,FF FF FF 63 4D FF FF FF,FF FF FF 63 4D FF FF FF,[],190=2476.375/exp 2476.4079 VALUE_OK
MATCH,5608,0x0CF00400,61444,140333.0,123986.896,-0.037,FF FF FF 95 4D FF FF FF,FF FF FF 95 4D FF FF FF,[],190=2482.625/exp 2482.6545 VALUE_OK
MATCH,5609,0x0CF00400,61444,140338.0,123991.879,-0.053,FF FF FF C7 4D FF FF FF,FF FF FF C7 4D FF FF FF,[],190=2488.875/exp 2488.8898 VALUE_OK
MATCH,5610,0x0CF00400,61444,140343.0,123996.916,-0.015,FF FF FF F9 4D FF FF FF,FF FF FF F9 4D FF FF FF,[],190=2495.125/exp 2495.1138 VALUE_OK
MATCH,5611,0x0CF00400,61444,140348.0,124001.895,-0.036,FF FF FF 2B 4E FF FF FF,FF FF FF 2B 4E FF FF FF,[],190=2501.375/exp 2501.3262 VALUE_OK
MATCH,5612,0x0CF00400,61444,140353.0,124006.875,-0.055,FF FF FF 5C 4E FF FF FF,FF FF FF 5C 4E FF FF FF,[],190=2507.5/exp 2507.527 VALUE_OK
MATCH,5613,0x0CF00400,61444,140358.0,124011.922,-0.007,FF FF FF 8E 4E FF FF FF,FF FF FF 8E 4E FF FF FF,[],190=2513.75/exp 2513.7162 VALUE_OK
MATCH,5614,0x0CF00400,61444,140363.0,124016.898,-0.031,FF FF FF BF 4E FF FF FF,FF FF FF BF 4E FF FF FF,[],190=2519.875/exp 2519.8935 VALUE_OK
MATCH,5615,0x0CF00400,61444,140368.0,124021.894,-0.034,FF FF FF F0 4E FF FF FF,FF FF FF F0 4E FF FF FF,[],190=2526.0/exp 2526.0591 VALUE_OK
MATCH,5616,0x0CF00400,61444,140373.0,124026.909,-0.018,FF FF FF 22 4F FF FF FF,FF FF FF 22 4F FF FF FF,[],190=2532.25/exp 2532.2126 VALUE_OK
MATCH,5617,0x0CF00400,61444,140378.0,124031.901,-0.026,FF FF FF 53 4F FF FF FF,FF FF FF 53 4F FF FF FF,[],190=2538.375/exp 2538.3541 VALUE_OK
MATCH,5618,0x0CF00400,61444,140383.0,124036.892,-0.034,FF FF FF 84 4F FF FF FF,FF FF FF 84 4F FF FF FF,[],190=2544.5/exp 2544.4834 VALUE_OK
MATCH,5619,0x0CF00400,61444,140388.0,124041.92,-0.006,FF FF FF B5 4F FF FF FF,FF FF FF B5 4F FF FF FF,[],190=2550.625/exp 2550.6004 VALUE_OK
MATCH,5620,0x0CF00400,61444,140393.0,124046.903,-0.023,FF FF FF E6 4F FF FF FF,FF FF FF E6 4F FF FF FF,[],190=2556.75/exp 2556.7052 VALUE_OK
MATCH,5621,0x0CF00400,61444,140398.0,124051.879,-0.046,FF FF FF 16 50 FF FF FF,FF FF FF 16 50 FF FF FF,[],190=2562.75/exp 2562.7974 VALUE_OK
MATCH,5622,0x0CF00400,61444,140403.0,124056.907,-0.017,FF FF FF 47 50 FF FF FF,FF FF FF 47 50 FF FF FF,[],190=2568.875/exp 2568.8772 VALUE_OK
MATCH,5623,0x0CF00400,61444,140408.0,124061.898,-0.026,FF FF FF 78 50 FF FF FF,FF FF FF 78 50 FF FF FF,[],190=2575.0/exp 2574.9443 VALUE_OK
MATCH,5624,0x0CF00400,61444,140413.0,124066.889,-0.034,FF FF FF A8 50 FF FF FF,FF FF FF A8 50 FF FF FF,[],190=2581.0/exp 2580.9987 VALUE_OK
MATCH,5625,0x0CF00400,61444,140418.0,124071.877,-0.046,FF FF FF D8 50 FF FF FF,FF FF FF D8 50 FF FF FF,[],190=2587.0/exp 2587.0403 VALUE_OK
MATCH,5626,0x0CF00400,61444,140423.0,124076.913,-0.009,FF FF FF 09 51 FF FF FF,FF FF FF 09 51 FF FF FF,[],190=2593.125/exp 2593.0689 VALUE_OK
MATCH,5627,0x0CF00400,61444,140428.0,124081.9,-0.022,FF FF FF 39 51 FF FF FF,FF FF FF 39 51 FF FF FF,[],190=2599.125/exp 2599.0846 VALUE_OK
MATCH,5628,0x0CF00400,61444,140433.0,124086.891,-0.03,FF FF FF 69 51 FF FF FF,FF FF FF 69 51 FF FF FF,[],190=2605.125/exp 2605.0872 VALUE_OK
MATCH,5629,0x0CF00400,61444,140438.0,124091.883,-0.038,FF FF FF 99 51 FF FF FF,FF FF FF 99 51 FF FF FF,[],190=2611.125/exp 2611.0766 VALUE_OK
MATCH,5630,0x0CF00400,61444,140443.0,124096.871,-0.049,FF FF FF C8 51 FF FF FF,FF FF FF C8 51 FF FF FF,[],190=2617.0/exp 2617.0527 VALUE_OK
MATCH,5631,0x0CF00400,61444,140448.0,124101.906,-0.013,FF FF FF F8 51 FF FF FF,FF FF FF F8 51 FF FF FF,[],190=2623.0/exp 2623.0154 VALUE_OK
MATCH,5632,0x0CF00400,61444,140453.0,124106.878,-0.041,FF FF FF 28 52 FF FF FF,FF FF FF 28 52 FF FF FF,[],190=2629.0/exp 2628.9647 VALUE_OK
MATCH,5633,0x0CF00400,61444,140458.0,124111.909,-0.009,FF FF FF 57 52 FF FF FF,FF FF FF 57 52 FF FF FF,[],190=2634.875/exp 2634.9004 VALUE_OK
MATCH,5634,0x0CF00400,61444,140463.0,124116.889,-0.029,FF FF FF 87 52 FF FF FF,FF FF FF 87 52 FF FF FF,[],190=2640.875/exp 2640.8225 VALUE_OK
MATCH,5635,0x0CF00400,61444,140468.0,124121.904,-0.013,FF FF FF B6 52 FF FF FF,FF FF FF B6 52 FF FF FF,[],190=2646.75/exp 2646.7308 VALUE_OK
MATCH,5636,0x0CF00400,61444,140473.0,124126.884,-0.033,FF FF FF E5 52 FF FF FF,FF FF FF E5 52 FF FF FF,[],190=2652.625/exp 2652.6253 VALUE_OK
MATCH,5637,0x0CF00400,61444,140478.0,124131.899,-0.017,FF FF FF 14 53 FF FF FF,FF FF FF 14 53 FF FF FF,[],190=2658.5/exp 2658.5059 VALUE_OK
MATCH,5638,0x0CF00400,61444,140483.0,124136.879,-0.037,FF FF FF 43 53 FF FF FF,FF FF FF 43 53 FF FF FF,[],190=2664.375/exp 2664.3725 VALUE_OK
MATCH,5639,0x0CF00400,61444,140488.0,124141.898,-0.017,FF FF FF 72 53 FF FF FF,FF FF FF 72 53 FF FF FF,[],190=2670.25/exp 2670.225 VALUE_OK
MATCH,5640,0x0CF00400,61444,140493.0,124146.878,-0.037,FF FF FF A1 53 FF FF FF,FF FF FF A1 53 FF FF FF,[],190=2676.125/exp 2676.0633 VALUE_OK
MATCH,5641,0x0CF00400,61444,140498.0,124151.897,-0.017,FF FF FF CF 53 FF FF FF,FF FF FF CF 53 FF FF FF,[],190=2681.875/exp 2681.8873 VALUE_OK
MATCH,5642,0x0CF00400,61444,140503.0,124156.881,-0.033,FF FF FF FE 53 FF FF FF,FF FF FF FE 53 FF FF FF,[],190=2687.75/exp 2687.6969 VALUE_OK
MATCH,5643,0x0CF00400,61444,140508.0,124161.889,-0.024,FF FF FF 2C 54 FF FF FF,FF FF FF 2C 54 FF FF FF,[],190=2693.5/exp 2693.4921 VALUE_OK
MATCH,5644,0x0CF00400,61444,140513.0,124166.864,-0.049,FF FF FF 5A 54 FF FF FF,FF FF FF 5A 54 FF FF FF,[],190=2699.25/exp 2699.2727 VALUE_OK
MATCH,5645,0x0CF00400,61444,140518.0,124171.888,-0.024,FF FF FF 88 54 FF FF FF,FF FF FF 88 54 FF FF FF,[],190=2705.0/exp 2705.0387 VALUE_OK
MATCH,5646,0x0CF00400,61444,140523.0,124176.871,-0.04,FF FF FF B6 54 FF FF FF,FF FF FF B6 54 FF FF FF,[],190=2710.75/exp 2710.7899 VALUE_OK
MATCH,5647,0x0CF00400,61444,140528.0,124181.895,-0.015,FF FF FF E4 54 FF FF FF,FF FF FF E4 54 FF FF FF,[],190=2716.5/exp 2716.5264 VALUE_OK
MATCH,5648,0x0CF00400,61444,140533.0,124186.862,-0.048,FF FF FF 12 55 FF FF FF,FF FF FF 12 55 FF FF FF,[],190=2722.25/exp 2722.2479 VALUE_OK
MATCH,5649,0x0CF00400,61444,140538.0,124191.898,-0.011,FF FF FF 40 55 FF FF FF,FF FF FF 40 55 FF FF FF,[],190=2728.0/exp 2727.9545 VALUE_OK
MATCH,5650,0x0CF00400,61444,140543.0,124196.87,-0.039,FF FF FF 6D 55 FF FF FF,FF FF FF 6D 55 FF FF FF,[],190=2733.625/exp 2733.6459 VALUE_OK
MATCH,5651,0x0CF00400,61444,140548.0,124201.893,-0.015,FF FF FF 9B 55 FF FF FF,FF FF FF 9B 55 FF FF FF,[],190=2739.375/exp 2739.3222 VALUE_OK
MATCH,5652,0x0CF00400,61444,140553.0,124206.868,-0.04,FF FF FF C8 55 FF FF FF,FF FF FF C8 55 FF FF FF,[],190=2745.0/exp 2744.9832 VALUE_OK
MATCH,5653,0x0CF00400,61444,140558.0,124211.892,-0.015,FF FF FF F5 55 FF FF FF,FF FF FF F5 55 FF FF FF,[],190=2750.625/exp 2750.6289 VALUE_OK
MATCH,5654,0x0CF00400,61444,140563.0,124216.863,-0.044,FF FF FF 22 56 FF FF FF,FF FF FF 22 56 FF FF FF,[],190=2756.25/exp 2756.2592 VALUE_OK
MATCH,5655,0x0CF00400,61444,140568.0,124221.883,-0.023,FF FF FF 4F 56 FF FF FF,FF FF FF 4F 56 FF FF FF,[],190=2761.875/exp 2761.8739 VALUE_OK
MATCH,5656,0x0CF00400,61444,140573.0,124226.858,-0.047,FF FF FF 7C 56 FF FF FF,FF FF FF 7C 56 FF FF FF,[],190=2767.5/exp 2767.4731 VALUE_OK
MATCH,5657,0x0CF00400,61444,140578.0,124231.894,-0.01,FF FF FF A8 56 FF FF FF,FF FF FF A8 56 FF FF FF,[],190=2773.0/exp 2773.0565 VALUE_OK
MATCH,5658,0x0CF00400,61444,140583.0,124236.857,-0.047,FF FF FF D5 56 FF FF FF,FF FF FF D5 56 FF FF FF,[],190=2778.625/exp 2778.6242 VALUE_OK
MATCH,5659,0x0CF00400,61444,140588.0,124241.881,-0.022,FF FF FF 01 57 FF FF FF,FF FF FF 01 57 FF FF FF,[],190=2784.125/exp 2784.176 VALUE_OK
MATCH,5660,0x0CF00400,61444,140593.0,124246.853,-0.05,FF FF FF 2E 57 FF FF FF,FF FF FF 2E 57 FF FF FF,[],190=2789.75/exp 2789.7119 VALUE_OK
MATCH,5661,0x0CF00400,61444,140598.0,124251.876,-0.026,FF FF FF 5A 57 FF FF FF,FF FF FF 5A 57 FF FF FF,[],190=2795.25/exp 2795.2317 VALUE_OK
MATCH,5662,0x0CF00400,61444,140603.0,124256.868,-0.033,FF FF FF 86 57 FF FF FF,FF FF FF 86 57 FF FF FF,[],190=2800.75/exp 2800.7354 VALUE_OK
MATCH,5663,0x0CF00400,61444,140608.0,124261.883,-0.018,FF FF FF B2 57 FF FF FF,FF FF FF B2 57 FF FF FF,[],190=2806.25/exp 2806.2229 VALUE_OK
MATCH,5664,0x0CF00400,61444,140613.0,124266.855,-0.045,FF FF FF DE 57 FF FF FF,FF FF FF DE 57 FF FF FF,[],190=2811.75/exp 2811.6941 VALUE_OK
MATCH,5665,0x0CF00400,61444,140618.0,124271.875,-0.024,FF FF FF 09 58 FF FF FF,FF FF FF 09 58 FF FF FF,[],190=2817.125/exp 2817.149 VALUE_OK
MATCH,5666,0x0CF00400,61444,140623.0,124276.846,-0.053,FF FF FF 35 58 FF FF FF,FF FF FF 35 58 FF FF FF,[],190=2822.625/exp 2822.5873 VALUE_OK
MATCH,5667,0x0CF00400,61444,140628.0,124281.873,-0.025,FF FF FF 60 58 FF FF FF,FF FF FF 60 58 FF FF FF,[],190=2828.0/exp 2828.0092 VALUE_OK
MATCH,5668,0x0CF00400,61444,140633.0,124286.849,-0.048,FF FF FF 8B 58 FF FF FF,FF FF FF 8B 58 FF FF FF,[],190=2833.375/exp 2833.4144 VALUE_OK
MATCH,5669,0x0CF00400,61444,140638.0,124291.88,-0.016,FF FF FF B6 58 FF FF FF,FF FF FF B6 58 FF FF FF,[],190=2838.75/exp 2838.8029 VALUE_OK
MATCH,5670,0x0CF00400,61444,140643.0,124296.852,-0.044,FF FF FF E1 58 FF FF FF,FF FF FF E1 58 FF FF FF,[],190=2844.125/exp 2844.1746 VALUE_OK
MATCH,5671,0x0CF00400,61444,140648.0,124301.875,-0.02,FF FF FF 0C 59 FF FF FF,FF FF FF 0C 59 FF FF FF,[],190=2849.5/exp 2849.5295 VALUE_OK
MATCH,5672,0x0CF00400,61444,140653.0,124306.851,-0.044,FF FF FF 37 59 FF FF FF,FF FF FF 37 59 FF FF FF,[],190=2854.875/exp 2854.8674 VALUE_OK
MATCH,5673,0x0CF00400,61444,140658.0,124311.87,-0.024,FF FF FF 62 59 FF FF FF,FF FF FF 62 59 FF FF FF,[],190=2860.25/exp 2860.1882 VALUE_OK
MATCH,5674,0x0CF00400,61444,140663.0,124316.858,-0.035,FF FF FF 8C 59 FF FF FF,FF FF FF 8C 59 FF FF FF,[],190=2865.5/exp 2865.492 VALUE_OK
MATCH,5675,0x0CF00400,61444,140668.0,124321.834,-0.059,FF FF FF B6 59 FF FF FF,FF FF FF B6 59 FF FF FF,[],190=2870.75/exp 2870.7785 VALUE_OK
MATCH,5676,0x0CF00400,61444,140673.0,124326.861,-0.03,FF FF FF E0 59 FF FF FF,FF FF FF E0 59 FF FF FF,[],190=2876.0/exp 2876.0478 VALUE_OK
MATCH,5677,0x0CF00400,61444,140678.0,124331.829,-0.062,FF FF FF 0A 5A FF FF FF,FF FF FF 0A 5A FF FF FF,[],190=2881.25/exp 2881.2996 VALUE_OK
MATCH,5678,0x0CF00400,61444,140683.0,124336.856,-0.034,FF FF FF 34 5A FF FF FF,FF FF FF 34 5A FF FF FF,[],190=2886.5/exp 2886.5341 VALUE_OK
MATCH,5679,0x0CF00400,61444,140688.0,124341.828,-0.061,FF FF FF 5E 5A FF FF FF,FF FF FF 5E 5A FF FF FF,[],190=2891.75/exp 2891.751 VALUE_OK
MATCH,5680,0x0CF00400,61444,140693.0,124346.855,-0.033,FF FF FF 88 5A FF FF FF,FF FF FF 88 5A FF FF FF,[],190=2897.0/exp 2896.9503 VALUE_OK
MATCH,5681,0x0CF00400,61444,140698.0,124351.831,-0.056,FF FF FF B1 5A FF FF FF,FF FF FF B1 5A FF FF FF,[],190=2902.125/exp 2902.1319 VALUE_OK
MATCH,5682,0x0CF00400,61444,140703.0,124356.854,-0.032,FF FF FF DA 5A FF FF FF,FF FF FF DA 5A FF FF FF,[],190=2907.25/exp 2907.2958 VALUE_OK
MATCH,5683,0x0CF00400,61444,140708.0,124361.83,-0.055,FF FF FF 04 5B FF FF FF,FF FF FF 04 5B FF FF FF,[],190=2912.5/exp 2912.4418 VALUE_OK
MATCH,5684,0x0CF00400,61444,140713.0,124366.845,-0.039,FF FF FF 2D 5B FF FF FF,FF FF FF 2D 5B FF FF FF,[],190=2917.625/exp 2917.5698 VALUE_OK
MATCH,5685,0x0CF00400,61444,140718.0,124371.829,-0.054,FF FF FF 55 5B FF FF FF,FF FF FF 55 5B FF FF FF,[],190=2922.625/exp 2922.6799 VALUE_OK
MATCH,5686,0x0CF00400,61444,140723.0,124376.853,-0.029,FF FF FF 7E 5B FF FF FF,FF FF FF 7E 5B FF FF FF,[],190=2927.75/exp 2927.7719 VALUE_OK
MATCH,5687,0x0CF00400,61444,140728.0,124381.828,-0.054,FF FF FF A7 5B FF FF FF,FF FF FF A7 5B FF FF FF,[],190=2932.875/exp 2932.8457 VALUE_OK
MATCH,5688,0x0CF00400,61444,140733.0,124386.851,-0.03,FF FF FF CF 5B FF FF FF,FF FF FF CF 5B FF FF FF,[],190=2937.875/exp 2937.9013 VALUE_OK
MATCH,5689,0x0CF00400,61444,140738.0,124391.823,-0.057,FF FF FF F8 5B FF FF FF,FF FF FF F8 5B FF FF FF,[],190=2943.0/exp 2942.9386 VALUE_OK
MATCH,5690,0x0CF00400,61444,140743.0,124396.851,-0.028,FF FF FF 20 5C FF FF FF,FF FF FF 20 5C FF FF FF,[],190=2948.0/exp 2947.9574 VALUE_OK
MATCH,5691,0x0CF00400,61444,140748.0,124401.818,-0.06,FF FF FF 48 5C FF FF FF,FF FF FF 48 5C FF FF FF,[],190=2953.0/exp 2952.9578 VALUE_OK
MATCH,5692,0x0CF00400,61444,140753.0,124406.842,-0.035,FF FF FF 70 5C FF FF FF,FF FF FF 70 5C FF FF FF,[],190=2958.0/exp 2957.9397 VALUE_OK
MATCH,5693,0x0CF00400,61444,140758.0,124411.821,-0.055,FF FF FF 97 5C FF FF FF,FF FF FF 97 5C FF FF FF,[],190=2962.875/exp 2962.9029 VALUE_OK
MATCH,5694,0x0CF00400,61444,140763.0,124416.849,-0.026,FF FF FF BF 5C FF FF FF,FF FF FF BF 5C FF FF FF,[],190=2967.875/exp 2967.8474 VALUE_OK
MATCH,5695,0x0CF00400,61444,140768.0,124421.824,-0.051,FF FF FF E6 5C FF FF FF,FF FF FF E6 5C FF FF FF,[],190=2972.75/exp 2972.7731 VALUE_OK
MATCH,5696,0x0CF00400,61444,140773.0,124426.84,-0.034,FF FF FF 0D 5D FF FF FF,FF FF FF 0D 5D FF FF FF,[],190=2977.625/exp 2977.68 VALUE_OK
MATCH,5697,0x0CF00400,61444,140778.0,124431.819,-0.054,FF FF FF 35 5D FF FF FF,FF FF FF 35 5D FF FF FF,[],190=2982.625/exp 2982.5679 VALUE_OK
MATCH,5698,0x0CF00400,61444,140783.0,124436.855,-0.017,FF FF FF 5B 5D FF FF FF,FF FF FF 5B 5D FF FF FF,[],190=2987.375/exp 2987.4369 VALUE_OK
MATCH,5699,0x0CF00400,61444,140788.0,124441.854,-0.018,FF FF FF 82 5D FF FF FF,FF FF FF 82 5D FF FF FF,[],190=2992.25/exp 2992.2867 VALUE_OK
MATCH,5700,0x0CF00400,61444,140793.0,124446.898,0.027,FF FF FF A9 5D FF FF FF,FF FF FF A9 5D FF FF FF,[],190=2997.125/exp 2997.1174 VALUE_OK
MATCH,5701,0x0CF00400,61444,140798.0,124451.897,0.025,FF FF FF CF 5D FF FF FF,FF FF FF CF 5D FF FF FF,[],190=3001.875/exp 3001.9289 VALUE_OK
MATCH,5702,0x0CF00400,61444,140803.0,124456.893,0.021,FF FF FF F6 5D FF FF FF,FF FF FF F6 5D FF FF FF,[],190=3006.75/exp 3006.721 VALUE_OK
MATCH,5703,0x0CF00400,61444,140808.0,124461.888,0.015,FF FF FF 1C 5E FF FF FF,FF FF FF 1C 5E FF FF FF,[],190=3011.5/exp 3011.4938 VALUE_OK
MATCH,5704,0x0CF00400,61444,140813.0,124466.888,0.015,FF FF FF 42 5E FF FF FF,FF FF FF 42 5E FF FF FF,[],190=3016.25/exp 3016.2471 VALUE_OK
MATCH,5705,0x0CF00400,61444,140818.0,124471.888,0.015,FF FF FF 68 5E FF FF FF,FF FF FF 68 5E FF FF FF,[],190=3021.0/exp 3020.9809 VALUE_OK
MATCH,5706,0x0CF00400,61444,140823.0,124476.883,0.009,FF FF FF 8E 5E FF FF FF,FF FF FF 8E 5E FF FF FF,[],190=3025.75/exp 3025.6951 VALUE_OK
MATCH,5707,0x0CF00400,61444,140828.0,124481.887,0.013,FF FF FF B3 5E FF FF FF,FF FF FF B3 5E FF FF FF,[],190=3030.375/exp 3030.3896 VALUE_OK
MATCH,5708,0x0CF00400,61444,140833.0,124486.882,0.008,FF FF FF D9 5E FF FF FF,FF FF FF D9 5E FF FF FF,[],190=3035.125/exp 3035.0644 VALUE_OK
MATCH,5709,0x0CF00400,61444,140838.0,124491.891,0.017,FF FF FF FE 5E FF FF FF,FF FF FF FE 5E FF FF FF,[],190=3039.75/exp 3039.7193 VALUE_OK
MATCH,5710,0x0CF00400,61444,140843.0,124496.882,0.007,FF FF FF 23 5F FF FF FF,FF FF FF 23 5F FF FF FF,[],190=3044.375/exp 3044.3544 VALUE_OK
MATCH,5711,0x0CF00400,61444,140848.0,124501.882,0.007,FF FF FF 48 5F FF FF FF,FF FF FF 48 5F FF FF FF,[],190=3049.0/exp 3048.9695 VALUE_OK
MATCH,5712,0x0CF00400,61444,140853.0,124506.881,0.006,FF FF FF 6D 5F FF FF FF,FF FF FF 6D 5F FF FF FF,[],190=3053.625/exp 3053.5646 VALUE_OK
MATCH,5713,0x0CF00400,61444,140858.0,124511.885,0.01,FF FF FF 91 5F FF FF FF,FF FF FF 91 5F FF FF FF,[],190=3058.125/exp 3058.1396 VALUE_OK
MATCH,5714,0x0CF00400,61444,140863.0,124516.881,0.006,FF FF FF B6 5F FF FF FF,FF FF FF B6 5F FF FF FF,[],190=3062.75/exp 3062.6944 VALUE_OK
MATCH,5715,0x0CF00400,61444,140868.0,124521.884,0.009,FF FF FF DA 5F FF FF FF,FF FF FF DA 5F FF FF FF,[],190=3067.25/exp 3067.2289 VALUE_OK
MATCH,5716,0x0CF00400,61444,140873.0,124526.891,0.015,FF FF FF FE 5F FF FF FF,FF FF FF FE 5F FF FF FF,[],190=3071.75/exp 3071.7432 VALUE_OK
MATCH,5717,0x0CF00400,61444,140878.0,124531.879,0.003,FF FF FF 22 60 FF FF FF,FF FF FF 22 60 FF FF FF,[],190=3076.25/exp 3076.237 VALUE_OK
MATCH,5718,0x0CF00400,61444,140883.0,124536.882,0.006,FF FF FF 46 60 FF FF FF,FF FF FF 46 60 FF FF FF,[],190=3080.75/exp 3080.7104 VALUE_OK
MATCH,5719,0x0CF00400,61444,140888.0,124541.882,0.006,FF FF FF 69 60 FF FF FF,FF FF FF 69 60 FF FF FF,[],190=3085.125/exp 3085.1633 VALUE_OK
MATCH,5720,0x0CF00400,61444,140893.0,124546.838,-0.038,FF FF FF 8D 60 FF FF FF,FF FF FF 8D 60 FF FF FF,[],190=3089.625/exp 3089.5956 VALUE_OK
MATCH,5721,0x0CF00400,61444,140898.0,124551.845,-0.03,FF FF FF B0 60 FF FF FF,FF FF FF B0 60 FF FF FF,[],190=3094.0/exp 3094.0073 VALUE_OK
MATCH,5722,0x0CF00400,61444,140903.0,124556.853,-0.022,FF FF FF D3 60 FF FF FF,FF FF FF D3 60 FF FF FF,[],190=3098.375/exp 3098.3982 VALUE_OK
MATCH,5723,0x0CF00400,61444,140908.0,124561.856,-0.018,FF FF FF F6 60 FF FF FF,FF FF FF F6 60 FF FF FF,[],190=3102.75/exp 3102.7683 VALUE_OK
MATCH,5724,0x0CF00400,61444,140913.0,124566.836,-0.038,FF FF FF 19 61 FF FF FF,FF FF FF 19 61 FF FF FF,[],190=3107.125/exp 3107.1176 VALUE_OK
MATCH,5725,0x0CF00400,61444,140918.0,124571.831,-0.042,FF FF FF 3C 61 FF FF FF,FF FF FF 3C 61 FF FF FF,[],190=3111.5/exp 3111.4459 VALUE_OK
MATCH,5726,0x0CF00400,61444,140923.0,124576.839,-0.033,FF FF FF 5E 61 FF FF FF,FF FF FF 5E 61 FF FF FF,[],190=3115.75/exp 3115.7532 VALUE_OK
MATCH,5727,0x0CF00400,61444,140928.0,124581.834,-0.038,FF FF FF 80 61 FF FF FF,FF FF FF 80 61 FF FF FF,[],190=3120.0/exp 3120.0395 VALUE_OK
MATCH,5728,0x0CF00400,61444,140933.0,124586.834,-0.037,FF FF FF A2 61 FF FF FF,FF FF FF A2 61 FF FF FF,[],190=3124.25/exp 3124.3046 VALUE_OK
MATCH,5729,0x0CF00400,61444,140938.0,124591.834,-0.036,FF FF FF C4 61 FF FF FF,FF FF FF C4 61 FF FF FF,[],190=3128.5/exp 3128.5486 VALUE_OK
MATCH,5730,0x0CF00400,61444,140943.0,124596.829,-0.04,FF FF FF E6 61 FF FF FF,FF FF FF E6 61 FF FF FF,[],190=3132.75/exp 3132.7713 VALUE_OK
MATCH,5731,0x0CF00400,61444,140948.0,124601.816,-0.053,FF FF FF 08 62 FF FF FF,FF FF FF 08 62 FF FF FF,[],190=3137.0/exp 3136.9726 VALUE_OK
MATCH,5732,0x0CF00400,61444,140953.0,124606.816,-0.052,FF FF FF 29 62 FF FF FF,FF FF FF 29 62 FF FF FF,[],190=3141.125/exp 3141.1526 VALUE_OK
MATCH,5733,0x0CF00400,61444,140958.0,124611.816,-0.051,FF FF FF 4A 62 FF FF FF,FF FF FF 4A 62 FF FF FF,[],190=3145.25/exp 3145.3111 VALUE_OK
MATCH,5734,0x0CF00400,61444,140963.0,124616.823,-0.043,FF FF FF 6C 62 FF FF FF,FF FF FF 6C 62 FF FF FF,[],190=3149.5/exp 3149.4482 VALUE_OK
MATCH,5735,0x0CF00400,61444,140968.0,124621.823,-0.042,FF FF FF 8D 62 FF FF FF,FF FF FF 8D 62 FF FF FF,[],190=3153.625/exp 3153.5636 VALUE_OK
MATCH,5736,0x0CF00400,61444,140973.0,124626.818,-0.046,FF FF FF AD 62 FF FF FF,FF FF FF AD 62 FF FF FF,[],190=3157.625/exp 3157.6574 VALUE_OK
MATCH,5737,0x0CF00400,61444,140978.0,124631.822,-0.041,FF FF FF CE 62 FF FF FF,FF FF FF CE 62 FF FF FF,[],190=3161.75/exp 3161.7294 VALUE_OK
MATCH,5738,0x0CF00400,61444,140983.0,124636.821,-0.041,FF FF FF EE 62 FF FF FF,FF FF FF EE 62 FF FF FF,[],190=3165.75/exp 3165.7797 VALUE_OK
MATCH,5739,0x0CF00400,61444,140988.0,124641.813,-0.048,FF FF FF 0E 63 FF FF FF,FF FF FF 0E 63 FF FF FF,[],190=3169.75/exp 3169.8082 VALUE_OK
MATCH,5740,0x0CF00400,61444,140993.0,124646.872,0.012,FF FF FF 2F 63 FF FF FF,FF FF FF 2F 63 FF FF FF,[],190=3173.875/exp 3173.8148 VALUE_OK
MATCH,5741,0x0CF00400,61444,140998.0,124651.82,-0.041,FF FF FF 4E 63 FF FF FF,FF FF FF 4E 63 FF FF FF,[],190=3177.75/exp 3177.7994 VALUE_OK
MATCH,5742,0x0CF00400,61444,141003.0,124656.827,-0.033,FF FF FF 6E 63 FF FF FF,FF FF FF 6E 63 FF FF FF,[],190=3181.75/exp 3181.762 VALUE_OK
MATCH,5743,0x0CF00400,61444,141008.0,124661.839,-0.02,FF FF FF 8E 63 FF FF FF,FF FF FF 8E 63 FF FF FF,[],190=3185.75/exp 3185.7025 VALUE_OK
MATCH,5744,0x0CF00400,61444,141013.0,124666.851,-0.008,FF FF FF AD 63 FF FF FF,FF FF FF AD 63 FF FF FF,[],190=3189.625/exp 3189.6209 VALUE_OK
UNLOGGED,,0x0CF00400,61444,,124671.85,,,FF FF FF CC 63 FF FF FF,[],
MATCH,5746,0x0CF00400,61444,141023.0,124676.85,-0.009,FF FF FF EB 63 FF FF FF,FF FF FF EB 63 FF FF FF,[],190=3197.375/exp 3197.391 VALUE_OK
MATCH,5747,0x0CF00400,61444,141028.0,124681.845,-0.013,FF FF FF 0A 64 FF FF FF,FF FF FF 0A 64 FF FF FF,[],190=3201.25/exp 3201.2426 VALUE_OK
MATCH,5748,0x0CF00400,61444,141033.0,124686.845,-0.013,FF FF FF 29 64 FF FF FF,FF FF FF 29 64 FF FF FF,[],190=3205.125/exp 3205.0718 VALUE_OK
MATCH,5749,0x0CF00400,61444,141038.0,124691.812,-0.046,FF FF FF 47 64 FF FF FF,FF FF FF 47 64 FF FF FF,[],190=3208.875/exp 3208.8786 VALUE_OK
MATCH,5750,0x0CF00400,61444,141043.0,124696.812,-0.045,FF FF FF 65 64 FF FF FF,FF FF FF 65 64 FF FF FF,[],190=3212.625/exp 3212.6629 VALUE_OK
MATCH,5751,0x0CF00400,61444,141048.0,124701.819,-0.037,FF FF FF 83 64 FF FF FF,FF FF FF 83 64 FF FF FF,[],190=3216.375/exp 3216.4246 VALUE_OK
MATCH,5752,0x0CF00400,61444,141053.0,124706.811,-0.044,FF FF FF A1 64 FF FF FF,FF FF FF A1 64 FF FF FF,[],190=3220.125/exp 3220.1637 VALUE_OK
MATCH,5753,0x0CF00400,61444,141058.0,124711.814,-0.04,FF FF FF BF 64 FF FF FF,FF FF FF BF 64 FF FF FF,[],190=3223.875/exp 3223.8802 VALUE_OK
MATCH,5754,0x0CF00400,61444,141063.0,124716.814,-0.04,FF FF FF DD 64 FF FF FF,FF FF FF DD 64 FF FF FF,[],190=3227.625/exp 3227.5739 VALUE_OK
MATCH,5755,0x0CF00400,61444,141068.0,124721.818,-0.035,FF FF FF FA 64 FF FF FF,FF FF FF FA 64 FF FF FF,[],190=3231.25/exp 3231.2448 VALUE_OK
MATCH,5756,0x0CF00400,61444,141073.0,124726.813,-0.039,FF FF FF 17 65 FF FF FF,FF FF FF 17 65 FF FF FF,[],190=3234.875/exp 3234.8929 VALUE_OK
MATCH,5757,0x0CF00400,61444,141078.0,124731.808,-0.043,FF FF FF 34 65 FF FF FF,FF FF FF 34 65 FF FF FF,[],190=3238.5/exp 3238.5181 VALUE_OK
MATCH,5758,0x0CF00400,61444,141083.0,124736.8,-0.05,FF FF FF 51 65 FF FF FF,FF FF FF 51 65 FF FF FF,[],190=3242.125/exp 3242.1203 VALUE_OK
MATCH,5759,0x0CF00400,61444,141088.0,124741.855,0.006,FF FF FF 6E 65 FF FF FF,FF FF FF 6E 65 FF FF FF,[],190=3245.75/exp 3245.6995 VALUE_OK
MATCH,5760,0x0CF00400,61444,141093.0,124746.851,0.001,FF FF FF 8A 65 FF FF FF,FF FF FF 8A 65 FF FF FF,[],190=3249.25/exp 3249.2557 VALUE_OK
MATCH,5761,0x0CF00400,61444,141098.0,124751.85,0.0,FF FF FF A6 65 FF FF FF,FF FF FF A6 65 FF FF FF,[],190=3252.75/exp 3252.7887 VALUE_OK
MATCH,5762,0x0CF00400,61444,141103.0,124756.854,0.004,FF FF FF C2 65 FF FF FF,FF FF FF C2 65 FF FF FF,[],190=3256.25/exp 3256.2985 VALUE_OK
MATCH,5763,0x0CF00400,61444,141108.0,124761.858,0.008,FF FF FF DE 65 FF FF FF,FF FF FF DE 65 FF FF FF,[],190=3259.75/exp 3259.7852 VALUE_OK
MATCH,5764,0x0CF00400,61444,141113.0,124766.853,0.003,FF FF FF FA 65 FF FF FF,FF FF FF FA 65 FF FF FF,[],190=3263.25/exp 3263.2485 VALUE_OK
MATCH,5765,0x0CF00400,61444,141118.0,124771.845,-0.005,FF FF FF 16 66 FF FF FF,FF FF FF 16 66 FF FF FF,[],190=3266.75/exp 3266.6885 VALUE_OK
MATCH,5766,0x0CF00400,61444,141123.0,124776.852,0.002,FF FF FF 31 66 FF FF FF,FF FF FF 31 66 FF FF FF,[],190=3270.125/exp 3270.1052 VALUE_OK
MATCH,5767,0x0CF00400,61444,141128.0,124781.796,-0.054,FF FF FF 4C 66 FF FF FF,FF FF FF 4C 66 FF FF FF,[],190=3273.5/exp 3273.4983 VALUE_OK
MATCH,5768,0x0CF00400,61444,141133.0,124786.803,-0.046,FF FF FF 67 66 FF FF FF,FF FF FF 67 66 FF FF FF,[],190=3276.875/exp 3276.868 VALUE_OK
MATCH,5769,0x0CF00400,61444,141138.0,124791.815,-0.033,FF FF FF 82 66 FF FF FF,FF FF FF 82 66 FF FF FF,[],190=3280.25/exp 3280.2142 VALUE_OK
MATCH,5770,0x0CF00400,61444,141143.0,124796.802,-0.045,FF FF FF 9C 66 FF FF FF,FF FF FF 9C 66 FF FF FF,[],190=3283.5/exp 3283.5367 VALUE_OK
MATCH,5771,0x0CF00400,61444,141148.0,124801.798,-0.048,FF FF FF B7 66 FF FF FF,FF FF FF B7 66 FF FF FF,[],190=3286.875/exp 3286.8356 VALUE_OK
MATCH,5772,0x0CF00400,61444,141153.0,124806.85,0.005,FF FF FF D1 66 FF FF FF,FF FF FF D1 66 FF FF FF,[],190=3290.125/exp 3290.1108 VALUE_OK
MATCH,5773,0x0CF00400,61444,141158.0,124811.789,-0.056,FF FF FF EB 66 FF FF FF,FF FF FF EB 66 FF FF FF,[],190=3293.375/exp 3293.3622 VALUE_OK
MATCH,5774,0x0CF00400,61444,141163.0,124816.828,-0.016,FF FF FF 05 67 FF FF FF,FF FF FF 05 67 FF FF FF,[],190=3296.625/exp 3296.5899 VALUE_OK
MATCH,5775,0x0CF00400,61444,141168.0,124821.828,-0.016,FF FF FF 1E 67 FF FF FF,FF FF FF 1E 67 FF FF FF,[],190=3299.75/exp 3299.7936 VALUE_OK
MATCH,5776,0x0CF00400,61444,141173.0,124826.815,-0.029,FF FF FF 38 67 FF FF FF,FF FF FF 38 67 FF FF FF,[],190=3303.0/exp 3302.9735 VALUE_OK
MATCH,5777,0x0CF00400,61444,141178.0,124831.811,-0.032,FF FF FF 51 67 FF FF FF,FF FF FF 51 67 FF FF FF,[],190=3306.125/exp 3306.1295 VALUE_OK
MATCH,5778,0x0CF00400,61444,141183.0,124836.815,-0.027,FF FF FF 6A 67 FF FF FF,FF FF FF 6A 67 FF FF FF,[],190=3309.25/exp 3309.2614 VALUE_OK
MATCH,5779,0x0CF00400,61444,141188.0,124841.83,-0.012,FF FF FF 83 67 FF FF FF,FF FF FF 83 67 FF FF FF,[],190=3312.375/exp 3312.3693 VALUE_OK
MATCH,5780,0x0CF00400,61444,141193.0,124846.822,-0.02,FF FF FF 9C 67 FF FF FF,FF FF FF 9C 67 FF FF FF,[],190=3315.5/exp 3315.4531 VALUE_OK
MATCH,5781,0x0CF00400,61444,141198.0,124851.817,-0.024,FF FF FF B4 67 FF FF FF,FF FF FF B4 67 FF FF FF,[],190=3318.5/exp 3318.5128 VALUE_OK
MATCH,5782,0x0CF00400,61444,141203.0,124856.809,-0.032,FF FF FF CC 67 FF FF FF,FF FF FF CC 67 FF FF FF,[],190=3321.5/exp 3321.5483 VALUE_OK
MATCH,5783,0x0CF00400,61444,141208.0,124861.8,-0.04,FF FF FF E4 67 FF FF FF,FF FF FF E4 67 FF FF FF,[],190=3324.5/exp 3324.5595 VALUE_OK
MATCH,5784,0x0CF00400,61444,141213.0,124866.8,-0.039,FF FF FF FC 67 FF FF FF,FF FF FF FC 67 FF FF FF,[],190=3327.5/exp 3327.5465 VALUE_OK
MATCH,5785,0x0CF00400,61444,141218.0,124871.784,-0.055,FF FF FF 14 68 FF FF FF,FF FF FF 14 68 FF FF FF,[],190=3330.5/exp 3330.5091 VALUE_OK
MATCH,5786,0x0CF00400,61444,141223.0,124876.839,0.002,FF FF FF 2C 68 FF FF FF,FF FF FF 2C 68 FF FF FF,[],190=3333.5/exp 3333.4473 VALUE_OK
MATCH,5787,0x0CF00400,61444,141228.0,124881.83,-0.008,FF FF FF 43 68 FF FF FF,FF FF FF 43 68 FF FF FF,[],190=3336.375/exp 3336.3612 VALUE_OK
MATCH,5788,0x0CF00400,61444,141233.0,124886.83,-0.007,FF FF FF 5A 68 FF FF FF,FF FF FF 5A 68 FF FF FF,[],190=3339.25/exp 3339.2506 VALUE_OK
MATCH,5789,0x0CF00400,61444,141238.0,124891.841,0.004,FF FF FF 71 68 FF FF FF,FF FF FF 71 68 FF FF FF,[],190=3342.125/exp 3342.1154 VALUE_OK
MATCH,5790,0x0CF00400,61444,141243.0,124896.829,-0.008,FF FF FF 88 68 FF FF FF,FF FF FF 88 68 FF FF FF,[],190=3345.0/exp 3344.9557 VALUE_OK
MATCH,5791,0x0CF00400,61444,141248.0,124901.824,-0.013,FF FF FF 9E 68 FF FF FF,FF FF FF 9E 68 FF FF FF,[],190=3347.75/exp 3347.7715 VALUE_OK
MATCH,5792,0x0CF00400,61444,141253.0,124906.816,-0.021,FF FF FF B5 68 FF FF FF,FF FF FF B5 68 FF FF FF,[],190=3350.625/exp 3350.5625 VALUE_OK
MATCH,5793,0x0CF00400,61444,141258.0,124911.816,-0.02,FF FF FF CB 68 FF FF FF,FF FF FF CB 68 FF FF FF,[],190=3353.375/exp 3353.3289 VALUE_OK
MATCH,5794,0x0CF00400,61444,141263.0,124916.803,-0.033,FF FF FF E1 68 FF FF FF,FF FF FF E1 68 FF FF FF,[],190=3356.125/exp 3356.0706 VALUE_OK
MATCH,5795,0x0CF00400,61444,141268.0,124921.799,-0.036,FF FF FF F6 68 FF FF FF,FF FF FF F6 68 FF FF FF,[],190=3358.75/exp 3358.7875 VALUE_OK
MATCH,5796,0x0CF00400,61444,141273.0,124926.79,-0.045,FF FF FF 0C 69 FF FF FF,FF FF FF 0C 69 FF FF FF,[],190=3361.5/exp 3361.4796 VALUE_OK
MATCH,5797,0x0CF00400,61444,141278.0,124931.778,-0.056,FF FF FF 21 69 FF FF FF,FF FF FF 21 69 FF FF FF,[],190=3364.125/exp 3364.1468 VALUE_OK
MATCH,5798,0x0CF00400,61444,141283.0,124936.777,-0.056,FF FF FF 36 69 FF FF FF,FF FF FF 36 69 FF FF FF,[],190=3366.75/exp 3366.7892 VALUE_OK
MATCH,5799,0x0CF00400,61444,141288.0,124941.789,-0.043,FF FF FF 4B 69 FF FF FF,FF FF FF 4B 69 FF FF FF,[],190=3369.375/exp 3369.4066 VALUE_OK
MATCH,5800,0x0CF00400,61444,141293.0,124946.789,-0.042,FF FF FF 60 69 FF FF FF,FF FF FF 60 69 FF FF FF,[],190=3372.0/exp 3371.999 VALUE_OK
MATCH,5801,0x0CF00400,61444,141298.0,124951.776,-0.054,FF FF FF 75 69 FF FF FF,FF FF FF 75 69 FF FF FF,[],190=3374.625/exp 3374.5665 VALUE_OK
MATCH,5802,0x0CF00400,61444,141303.0,124956.775,-0.054,FF FF FF 89 69 FF FF FF,FF FF FF 89 69 FF FF FF,[],190=3377.125/exp 3377.1089 VALUE_OK
MATCH,5803,0x0CF00400,61444,141308.0,124961.831,0.003,FF FF FF 9D 69 FF FF FF,FF FF FF 9D 69 FF FF FF,[],190=3379.625/exp 3379.6261 VALUE_OK
MATCH,5804,0x0CF00400,61444,141313.0,124966.819,-0.009,FF FF FF B1 69 FF FF FF,FF FF FF B1 69 FF FF FF,[],190=3382.125/exp 3382.1183 VALUE_OK
MATCH,5805,0x0CF00400,61444,141318.0,124971.81,-0.018,FF FF FF C5 69 FF FF FF,FF FF FF C5 69 FF FF FF,[],190=3384.625/exp 3384.5853 VALUE_OK
MATCH,5806,0x0CF00400,61444,141323.0,124976.81,-0.017,FF FF FF D8 69 FF FF FF,FF FF FF D8 69 FF FF FF,[],190=3387.0/exp 3387.0271 VALUE_OK
MATCH,5807,0x0CF00400,61444,141328.0,124981.798,-0.029,FF FF FF EC 69 FF FF FF,FF FF FF EC 69 FF FF FF,[],190=3389.5/exp 3389.4436 VALUE_OK
MATCH,5808,0x0CF00400,61444,141333.0,124986.794,-0.032,FF FF FF FF 69 FF FF FF,FF FF FF FF 69 FF FF FF,[],190=3391.875/exp 3391.8348 VALUE_OK
MATCH,5809,0x0CF00400,61444,141338.0,124991.777,-0.049,FF FF FF 12 6A FF FF FF,FF FF FF 12 6A FF FF FF,[],190=3394.25/exp 3394.2008 VALUE_OK
MATCH,5810,0x0CF00400,61444,141343.0,124996.773,-0.052,FF FF FF 24 6A FF FF FF,FF FF FF 24 6A FF FF FF,[],190=3396.5/exp 3396.5413 VALUE_OK
MATCH,5811,0x0CF00400,61444,141348.0,125001.768,-0.056,FF FF FF 37 6A FF FF FF,FF FF FF 37 6A FF FF FF,[],190=3398.875/exp 3398.8565 VALUE_OK
MATCH,5812,0x0CF00400,61444,141353.0,125006.82,-0.003,FF FF FF 49 6A FF FF FF,FF FF FF 49 6A FF FF FF,[],190=3401.125/exp 3401.1463 VALUE_OK
MATCH,5813,0x0CF00400,61444,141358.0,125011.811,-0.011,FF FF FF 5B 6A FF FF FF,FF FF FF 5B 6A FF FF FF,[],190=3403.375/exp 3403.4106 VALUE_OK
MATCH,5814,0x0CF00400,61444,141363.0,125016.803,-0.019,FF FF FF 6D 6A FF FF FF,FF FF FF 6D 6A FF FF FF,[],190=3405.625/exp 3405.6494 VALUE_OK
MATCH,5815,0x0CF00400,61444,141368.0,125021.802,-0.02,FF FF FF 7F 6A FF FF FF,FF FF FF 7F 6A FF FF FF,[],190=3407.875/exp 3407.8626 VALUE_OK
MATCH,5816,0x0CF00400,61444,141373.0,125026.802,-0.019,FF FF FF 90 6A FF FF FF,FF FF FF 90 6A FF FF FF,[],190=3410.0/exp 3410.0503 VALUE_OK
MATCH,5817,0x0CF00400,61444,141378.0,125031.789,-0.032,FF FF FF A2 6A FF FF FF,FF FF FF A2 6A FF FF FF,[],190=3412.25/exp 3412.2124 VALUE_OK
MATCH,5818,0x0CF00400,61444,141383.0,125036.789,-0.031,FF FF FF B3 6A FF FF FF,FF FF FF B3 6A FF FF FF,[],190=3414.375/exp 3414.3489 VALUE_OK
MATCH,5819,0x0CF00400,61444,141388.0,125041.772,-0.048,FF FF FF C4 6A FF FF FF,FF FF FF C4 6A FF FF FF,[],190=3416.5/exp 3416.4597 VALUE_OK
MATCH,5820,0x0CF00400,61444,141393.0,125046.772,-0.047,FF FF FF D4 6A FF FF FF,FF FF FF D4 6A FF FF FF,[],190=3418.5/exp 3418.5448 VALUE_OK
MATCH,5821,0x0CF00400,61444,141398.0,125051.759,-0.059,FF FF FF E5 6A FF FF FF,FF FF FF E5 6A FF FF FF,[],190=3420.625/exp 3420.6042 VALUE_OK
MATCH,5822,0x0CF00400,61444,141403.0,125056.764,-0.053,FF FF FF F5 6A FF FF FF,FF FF FF F5 6A FF FF FF,[],190=3422.625/exp 3422.6378 VALUE_OK
MATCH,5823,0x0CF00400,61444,141408.0,125061.767,-0.049,FF FF FF 05 6B FF FF FF,FF FF FF 05 6B FF FF FF,[],190=3424.625/exp 3424.6456 VALUE_OK
MATCH,5824,0x0CF00400,61444,141413.0,125066.798,-0.017,FF FF FF 15 6B FF FF FF,FF FF FF 15 6B FF FF FF,[],190=3426.625/exp 3426.6276 VALUE_OK
MATCH,5825,0x0CF00400,61444,141418.0,125071.806,-0.008,FF FF FF 25 6B FF FF FF,FF FF FF 25 6B FF FF FF,[],190=3428.625/exp 3428.5837 VALUE_OK
MATCH,5826,0x0CF00400,61444,141423.0,125076.753,-0.061,FF FF FF 34 6B FF FF FF,FF FF FF 34 6B FF FF FF,[],190=3430.5/exp 3430.5139 VALUE_OK
MATCH,5827,0x0CF00400,61444,141428.0,125081.765,-0.048,FF FF FF 43 6B FF FF FF,FF FF FF 43 6B FF FF FF,[],190=3432.375/exp 3432.4183 VALUE_OK
MATCH,5828,0x0CF00400,61444,141433.0,125086.768,-0.044,FF FF FF 52 6B FF FF FF,FF FF FF 52 6B FF FF FF,[],190=3434.25/exp 3434.2967 VALUE_OK
MATCH,5829,0x0CF00400,61444,141438.0,125091.772,-0.039,FF FF FF 61 6B FF FF FF,FF FF FF 61 6B FF FF FF,[],190=3436.125/exp 3436.1491 VALUE_OK
MATCH,5830,0x0CF00400,61444,141443.0,125096.779,-0.031,FF FF FF 70 6B FF FF FF,FF FF FF 70 6B FF FF FF,[],190=3438.0/exp 3437.9755 VALUE_OK
MATCH,5831,0x0CF00400,61444,141448.0,125101.787,-0.023,FF FF FF 7E 6B FF FF FF,FF FF FF 7E 6B FF FF FF,[],190=3439.75/exp 3439.7759 VALUE_OK
MATCH,5832,0x0CF00400,61444,141453.0,125106.787,-0.022,FF FF FF 8C 6B FF FF FF,FF FF FF 8C 6B FF FF FF,[],190=3441.5/exp 3441.5502 VALUE_OK
MATCH,5833,0x0CF00400,61444,141458.0,125111.794,-0.015,FF FF FF 9A 6B FF FF FF,FF FF FF 9A 6B FF FF FF,[],190=3443.25/exp 3443.2984 VALUE_OK
MATCH,5834,0x0CF00400,61444,141463.0,125116.797,-0.012,FF FF FF A8 6B FF FF FF,FF FF FF A8 6B FF FF FF,[],190=3445.0/exp 3445.0205 VALUE_OK
MATCH,5835,0x0CF00400,61444,141468.0,125121.749,-0.059,FF FF FF B6 6B FF FF FF,FF FF FF B6 6B FF FF FF,[],190=3446.75/exp 3446.7165 VALUE_OK
MATCH,5836,0x0CF00400,61444,141473.0,125126.752,-0.055,FF FF FF C3 6B FF FF FF,FF FF FF C3 6B FF FF FF,[],190=3448.375/exp 3448.3863 VALUE_OK
MATCH,5837,0x0CF00400,61444,141478.0,125131.764,-0.042,FF FF FF D0 6B FF FF FF,FF FF FF D0 6B FF FF FF,[],190=3450.0/exp 3450.03 VALUE_OK
MATCH,5838,0x0CF00400,61444,141483.0,125136.768,-0.037,FF FF FF DD 6B FF FF FF,FF FF FF DD 6B FF FF FF,[],190=3451.625/exp 3451.6474 VALUE_OK
MATCH,5839,0x0CF00400,61444,141488.0,125141.767,-0.037,FF FF FF EA 6B FF FF FF,FF FF FF EA 6B FF FF FF,[],190=3453.25/exp 3453.2385 VALUE_OK
MATCH,5840,0x0CF00400,61444,141493.0,125146.771,-0.033,FF FF FF F6 6B FF FF FF,FF FF FF F6 6B FF FF FF,[],190=3454.75/exp 3454.8034 VALUE_OK
MATCH,5841,0x0CF00400,61444,141498.0,125151.77,-0.033,FF FF FF 03 6C FF FF FF,FF FF FF 03 6C FF FF FF,[],190=3456.375/exp 3456.342 VALUE_OK
MATCH,5842,0x0CF00400,61444,141503.0,125156.77,-0.032,FF FF FF 0F 6C FF FF FF,FF FF FF 0F 6C FF FF FF,[],190=3457.875/exp 3457.8543 VALUE_OK
MATCH,5843,0x0CF00400,61444,141508.0,125161.781,-0.021,FF FF FF 1B 6C FF FF FF,FF FF FF 1B 6C FF FF FF,[],190=3459.375/exp 3459.3403 VALUE_OK
MATCH,5844,0x0CF00400,61444,141513.0,125166.781,-0.02,FF FF FF 26 6C FF FF FF,FF FF FF 26 6C FF FF FF,[],190=3460.75/exp 3460.7999 VALUE_OK
MATCH,5845,0x0CF00400,61444,141518.0,125171.788,-0.013,FF FF FF 32 6C FF FF FF,FF FF FF 32 6C FF FF FF,[],190=3462.25/exp 3462.2331 VALUE_OK
MATCH,5846,0x0CF00400,61444,141523.0,125176.736,-0.065,FF FF FF 3D 6C FF FF FF,FF FF FF 3D 6C FF FF FF,[],190=3463.625/exp 3463.6399 VALUE_OK
MATCH,5847,0x0CF00400,61444,141528.0,125181.739,-0.06,FF FF FF 48 6C FF FF FF,FF FF FF 48 6C FF FF FF,[],190=3465.0/exp 3465.0203 VALUE_OK
MATCH,5848,0x0CF00400,61444,141533.0,125186.743,-0.055,FF FF FF 53 6C FF FF FF,FF FF FF 53 6C FF FF FF,[],190=3466.375/exp 3466.3742 VALUE_OK
MATCH,5849,0x0CF00400,61444,141538.0,125191.77,-0.027,FF FF FF 5E 6C FF FF FF,FF FF FF 5E 6C FF FF FF,[],190=3467.75/exp 3467.7017 VALUE_OK
MATCH,5850,0x0CF00400,61444,141543.0,125196.774,-0.023,FF FF FF 68 6C FF FF FF,FF FF FF 68 6C FF FF FF,[],190=3469.0/exp 3469.0027 VALUE_OK
MATCH,5851,0x0CF00400,61444,141548.0,125201.782,-0.014,FF FF FF 72 6C FF FF FF,FF FF FF 72 6C FF FF FF,[],190=3470.25/exp 3470.2772 VALUE_OK
MATCH,5852,0x0CF00400,61444,141553.0,125206.737,-0.059,FF FF FF 7C 6C FF FF FF,FF FF FF 7C 6C FF FF FF,[],190=3471.5/exp 3471.5251 VALUE_OK
MATCH,5853,0x0CF00400,61444,141558.0,125211.741,-0.054,FF FF FF 86 6C FF FF FF,FF FF FF 86 6C FF FF FF,[],190=3472.75/exp 3472.7465 VALUE_OK
MATCH,5854,0x0CF00400,61444,141563.0,125216.744,-0.05,FF FF FF 90 6C FF FF FF,FF FF FF 90 6C FF FF FF,[],190=3474.0/exp 3473.9413 VALUE_OK
MATCH,5855,0x0CF00400,61444,141568.0,125221.748,-0.045,FF FF FF 99 6C FF FF FF,FF FF FF 99 6C FF FF FF,[],190=3475.125/exp 3475.1096 VALUE_OK
MATCH,5856,0x0CF00400,61444,141573.0,125226.751,-0.041,FF FF FF A2 6C FF FF FF,FF FF FF A2 6C FF FF FF,[],190=3476.25/exp 3476.2512 VALUE_OK
MATCH,5857,0x0CF00400,61444,141578.0,125231.759,-0.032,FF FF FF AB 6C FF FF FF,FF FF FF AB 6C FF FF FF,[],190=3477.375/exp 3477.3662 VALUE_OK
MATCH,5858,0x0CF00400,61444,141583.0,125236.767,-0.023,FF FF FF B4 6C FF FF FF,FF FF FF B4 6C FF FF FF,[],190=3478.5/exp 3478.4546 VALUE_OK
MATCH,5859,0x0CF00400,61444,141588.0,125241.77,-0.02,FF FF FF BC 6C FF FF FF,FF FF FF BC 6C FF FF FF,[],190=3479.5/exp 3479.5163 VALUE_OK
MATCH,5860,0x0CF00400,61444,141593.0,125246.769,-0.02,FF FF FF C4 6C FF FF FF,FF FF FF C4 6C FF FF FF,[],190=3480.5/exp 3480.5514 VALUE_OK
MATCH,5861,0x0CF00400,61444,141598.0,125251.777,-0.012,FF FF FF CC 6C FF FF FF,FF FF FF CC 6C FF FF FF,[],190=3481.5/exp 3481.5597 VALUE_OK
MATCH,5862,0x0CF00400,61444,141603.0,125256.721,-0.068,FF FF FF D4 6C FF FF FF,FF FF FF D4 6C FF FF FF,[],190=3482.5/exp 3482.5414 VALUE_OK
MATCH,5863,0x0CF00400,61444,141608.0,125261.732,-0.055,FF FF FF DC 6C FF FF FF,FF FF FF DC 6C FF FF FF,[],190=3483.5/exp 3483.4963 VALUE_OK
MATCH,5864,0x0CF00400,61444,141613.0,125266.732,-0.054,FF FF FF E3 6C FF FF FF,FF FF FF E3 6C FF FF FF,[],190=3484.375/exp 3484.4246 VALUE_OK
MATCH,5865,0x0CF00400,61444,141618.0,125271.739,-0.046,FF FF FF EB 6C FF FF FF,FF FF FF EB 6C FF FF FF,[],190=3485.375/exp 3485.326 VALUE_OK
MATCH,5866,0x0CF00400,61444,141623.0,125276.739,-0.045,FF FF FF F2 6C FF FF FF,FF FF FF F2 6C FF FF FF,[],190=3486.25/exp 3486.2007 VALUE_OK
MATCH,5867,0x0CF00400,61444,141628.0,125281.742,-0.041,FF FF FF F8 6C FF FF FF,FF FF FF F8 6C FF FF FF,[],190=3487.0/exp 3487.0487 VALUE_OK
MATCH,5868,0x0CF00400,61444,141633.0,125286.75,-0.032,FF FF FF FF 6C FF FF FF,FF FF FF FF 6C FF FF FF,[],190=3487.875/exp 3487.8698 VALUE_OK
MATCH,5869,0x0CF00400,61444,141638.0,125291.757,-0.025,FF FF FF 05 6D FF FF FF,FF FF FF 05 6D FF FF FF,[],190=3488.625/exp 3488.6641 VALUE_OK
MATCH,5870,0x0CF00400,61444,141643.0,125296.757,-0.024,FF FF FF 0B 6D FF FF FF,FF FF FF 0B 6D FF FF FF,[],190=3489.375/exp 3489.4317 VALUE_OK
MATCH,5871,0x0CF00400,61444,141648.0,125301.757,-0.024,FF FF FF 11 6D FF FF FF,FF FF FF 11 6D FF FF FF,[],190=3490.125/exp 3490.1724 VALUE_OK
MATCH,5872,0x0CF00400,61444,141653.0,125306.764,-0.016,FF FF FF 17 6D FF FF FF,FF FF FF 17 6D FF FF FF,[],190=3490.875/exp 3490.8862 VALUE_OK
MATCH,5873,0x0CF00400,61444,141658.0,125311.768,-0.012,FF FF FF 1D 6D FF FF FF,FF FF FF 1D 6D FF FF FF,[],190=3491.625/exp 3491.5733 VALUE_OK
MATCH,5874,0x0CF00400,61444,141663.0,125316.739,-0.041,FF FF FF 22 6D FF FF FF,FF FF FF 22 6D FF FF FF,[],190=3492.25/exp 3492.2334 VALUE_OK
MATCH,5875,0x0CF00400,61444,141668.0,125321.75,-0.029,FF FF FF 27 6D FF FF FF,FF FF FF 27 6D FF FF FF,[],190=3492.875/exp 3492.8667 VALUE_OK
MATCH,5876,0x0CF00400,61444,141673.0,125326.75,-0.028,FF FF FF 2C 6D FF FF FF,FF FF FF 2C 6D FF FF FF,[],190=3493.5/exp 3493.4732 VALUE_OK
MATCH,5877,0x0CF00400,61444,141678.0,125331.758,-0.02,FF FF FF 30 6D FF FF FF,FF FF FF 30 6D FF FF FF,[],190=3494.0/exp 3494.0527 VALUE_OK
MATCH,5878,0x0CF00400,61444,141683.0,125336.757,-0.02,FF FF FF 35 6D FF FF FF,FF FF FF 35 6D FF FF FF,[],190=3494.625/exp 3494.6053 VALUE_OK
MATCH,5879,0x0CF00400,61444,141688.0,125341.761,-0.016,FF FF FF 39 6D FF FF FF,FF FF FF 39 6D FF FF FF,[],190=3495.125/exp 3495.1311 VALUE_OK
MATCH,5880,0x0CF00400,61444,141693.0,125346.716,-0.061,FF FF FF 3D 6D FF FF FF,FF FF FF 3D 6D FF FF FF,[],190=3495.625/exp 3495.6299 VALUE_OK
MATCH,5881,0x0CF00400,61444,141698.0,125351.72,-0.056,FF FF FF 41 6D FF FF FF,FF FF FF 41 6D FF FF FF,[],190=3496.125/exp 3496.1018 VALUE_OK
MATCH,5882,0x0CF00400,61444,141703.0,125356.723,-0.051,FF FF FF 44 6D FF FF FF,FF FF FF 44 6D FF FF FF,[],190=3496.5/exp 3496.5468 VALUE_OK
MATCH,5883,0x0CF00400,61444,141708.0,125361.723,-0.05,FF FF FF 48 6D FF FF FF,FF FF FF 48 6D FF FF FF,[],190=3497.0/exp 3496.9648 VALUE_OK
MATCH,5884,0x0CF00400,61444,141713.0,125366.726,-0.046,FF FF FF 4B 6D FF FF FF,FF FF FF 4B 6D FF FF FF,[],190=3497.375/exp 3497.3559 VALUE_OK
MATCH,5885,0x0CF00400,61444,141718.0,125371.734,-0.037,FF FF FF 4E 6D FF FF FF,FF FF FF 4E 6D FF FF FF,[],190=3497.75/exp 3497.7201 VALUE_OK
MATCH,5886,0x0CF00400,61444,141723.0,125376.746,-0.025,FF FF FF 50 6D FF FF FF,FF FF FF 50 6D FF FF FF,[],190=3498.0/exp 3498.0573 VALUE_OK
MATCH,5887,0x0CF00400,61444,141728.0,125381.741,-0.029,FF FF FF 53 6D FF FF FF,FF FF FF 53 6D FF FF FF,[],190=3498.375/exp 3498.3675 VALUE_OK
MATCH,5888,0x0CF00400,61444,141733.0,125386.744,-0.026,FF FF FF 55 6D FF FF FF,FF FF FF 55 6D FF FF FF,[],190=3498.625/exp 3498.6508 VALUE_OK
MATCH,5889,0x0CF00400,61444,141738.0,125391.752,-0.017,FF FF FF 57 6D FF FF FF,FF FF FF 57 6D FF FF FF,[],190=3498.875/exp 3498.9071 VALUE_OK
MATCH,5890,0x0CF00400,61444,141743.0,125396.755,-0.014,FF FF FF 59 6D FF FF FF,FF FF FF 59 6D FF FF FF,[],190=3499.125/exp 3499.1365 VALUE_OK
MATCH,5891,0x0CF00400,61444,141748.0,125401.703,-0.065,FF FF FF 5B 6D FF FF FF,FF FF FF 5B 6D FF FF FF,[],190=3499.375/exp 3499.3389 VALUE_OK
MATCH,5892,0x0CF00400,61444,141753.0,125406.71,-0.057,FF FF FF 5C 6D FF FF FF,FF FF FF 5C 6D FF FF FF,[],190=3499.5/exp 3499.5143 VALUE_OK
MATCH,5893,0x0CF00400,61444,141758.0,125411.714,-0.052,FF FF FF 5D 6D FF FF FF,FF FF FF 5D 6D FF FF FF,[],190=3499.625/exp 3499.6627 VALUE_OK
MATCH,5894,0x0CF00400,61444,141763.0,125416.718,-0.047,FF FF FF 5E 6D FF FF FF,FF FF FF 5E 6D FF FF FF,[],190=3499.75/exp 3499.7841 VALUE_OK
MATCH,5895,0x0CF00400,61444,141768.0,125421.725,-0.039,FF FF FF 5F 6D FF FF FF,FF FF FF 5F 6D FF FF FF,[],190=3499.875/exp 3499.8786 VALUE_OK
MATCH,5896,0x0CF00400,61444,141773.0,125426.733,-0.03,FF FF FF 60 6D FF FF FF,FF FF FF 60 6D FF FF FF,[],190=3500.0/exp 3499.946 VALUE_OK
MATCH,5897,0x0CF00400,61444,141778.0,125431.736,-0.027,FF FF FF 60 6D FF FF FF,FF FF FF 60 6D FF FF FF,[],190=3500.0/exp 3499.9865 VALUE_OK
MATCH,5898,0x0CF00400,61444,141783.0,125436.696,-0.066,FF FF FF 60 6D FF FF FF,FF FF FF 60 6D FF FF FF,[],190=3500.0/exp 3500.0 VALUE_OK
MATCH,5899,0x0CF00400,61444,141788.0,125441.723,-0.038,FF FF FF 60 6D FF FF FF,FF FF FF 60 6D FF FF FF,[],190=3500.0/exp 3499.9865 VALUE_OK
MATCH,5900,0x0CF00400,61444,141793.0,125446.735,-0.025,FF FF FF 60 6D FF FF FF,FF FF FF 60 6D FF FF FF,[],190=3500.0/exp 3499.946 VALUE_OK
MATCH,5901,0x0CF00400,61444,141798.0,125451.746,-0.014,FF FF FF 5F 6D FF FF FF,FF FF FF 5F 6D FF FF FF,[],190=3499.875/exp 3499.8786 VALUE_OK
MATCH,5902,0x0CF00400,61444,141803.0,125456.698,-0.061,FF FF FF 5E 6D FF FF FF,FF FF FF 5E 6D FF FF FF,[],190=3499.75/exp 3499.7841 VALUE_OK
MATCH,5903,0x0CF00400,61444,141808.0,125461.709,-0.049,FF FF FF 5D 6D FF FF FF,FF FF FF 5D 6D FF FF FF,[],190=3499.625/exp 3499.6627 VALUE_OK
MATCH,5904,0x0CF00400,61444,141813.0,125466.725,-0.032,FF FF FF 5C 6D FF FF FF,FF FF FF 5C 6D FF FF FF,[],190=3499.5/exp 3499.5143 VALUE_OK
MATCH,5905,0x0CF00400,61444,141818.0,125471.733,-0.023,FF FF FF 5B 6D FF FF FF,FF FF FF 5B 6D FF FF FF,[],190=3499.375/exp 3499.3389 VALUE_OK
MATCH,5906,0x0CF00400,61444,141823.0,125476.745,-0.011,FF FF FF 59 6D FF FF FF,FF FF FF 59 6D FF FF FF,[],190=3499.125/exp 3499.1365 VALUE_OK
MATCH,5907,0x0CF00400,61444,141828.0,125481.697,-0.059,FF FF FF 57 6D FF FF FF,FF FF FF 57 6D FF FF FF,[],190=3498.875/exp 3498.9071 VALUE_OK
MATCH,5908,0x0CF00400,61444,141833.0,125486.708,-0.047,FF FF FF 55 6D FF FF FF,FF FF FF 55 6D FF FF FF,[],190=3498.625/exp 3498.6508 VALUE_OK
MATCH,5909,0x0CF00400,61444,141838.0,125491.719,-0.035,FF FF FF 53 6D FF FF FF,FF FF FF 53 6D FF FF FF,[],190=3498.375/exp 3498.3675 VALUE_OK
MATCH,5910,0x0CF00400,61444,141843.0,125496.739,-0.014,FF FF FF 50 6D FF FF FF,FF FF FF 50 6D FF FF FF,[],190=3498.0/exp 3498.0573 VALUE_OK
MATCH,5911,0x0CF00400,61444,141848.0,125501.687,-0.066,FF FF FF 4E 6D FF FF FF,FF FF FF 4E 6D FF FF FF,[],190=3497.75/exp 3497.7201 VALUE_OK
MATCH,5912,0x0CF00400,61444,141853.0,125506.698,-0.053,FF FF FF 4B 6D FF FF FF,FF FF FF 4B 6D FF FF FF,[],190=3497.375/exp 3497.3559 VALUE_OK
MATCH,5913,0x0CF00400,61444,141858.0,125511.71,-0.04,FF FF FF 48 6D FF FF FF,FF FF FF 48 6D FF FF FF,[],190=3497.0/exp 3496.9648 VALUE_OK
MATCH,5914,0x0CF00400,61444,141863.0,125516.725,-0.024,FF FF FF 44 6D FF FF FF,FF FF FF 44 6D FF FF FF,[],190=3496.5/exp 3496.5468 VALUE_OK
MATCH,5915,0x0CF00400,61444,141868.0,125521.737,-0.012,FF FF FF 41 6D FF FF FF,FF FF FF 41 6D FF FF FF,[],190=3496.125/exp 3496.1018 VALUE_OK
MATCH,5916,0x0CF00400,61444,141873.0,125526.696,-0.053,FF FF FF 3D 6D FF FF FF,FF FF FF 3D 6D FF FF FF,[],190=3495.625/exp 3495.6299 VALUE_OK
MATCH,5917,0x0CF00400,61444,141878.0,125531.7,-0.048,FF FF FF 39 6D FF FF FF,FF FF FF 39 6D FF FF FF,[],190=3495.125/exp 3495.1311 VALUE_OK
MATCH,5918,0x0CF00400,61444,141883.0,125536.711,-0.036,FF FF FF 35 6D FF FF FF,FF FF FF 35 6D FF FF FF,[],190=3494.625/exp 3494.6053 VALUE_OK
MATCH,5919,0x0CF00400,61444,141888.0,125541.727,-0.019,FF FF FF 30 6D FF FF FF,FF FF FF 30 6D FF FF FF,[],190=3494.0/exp 3494.0527 VALUE_OK
MATCH,5920,0x0CF00400,61444,141893.0,125546.734,-0.012,FF FF FF 2C 6D FF FF FF,FF FF FF 2C 6D FF FF FF,[],190=3493.5/exp 3493.4732 VALUE_OK
UNLOGGED,,0x0CF00400,61444,,125551.69,,,FF FF FF 27 6D FF FF FF,[],
MATCH,5922,0x0CF00400,61444,141903.0,125556.697,-0.048,FF FF FF 22 6D FF FF FF,FF FF FF 22 6D FF FF FF,[],190=3492.25/exp 3492.2334 VALUE_OK
MATCH,5923,0x0CF00400,61444,141908.0,125561.713,-0.031,FF FF FF 1D 6D FF FF FF,FF FF FF 1D 6D FF FF FF,[],190=3491.625/exp 3491.5733 VALUE_OK
MATCH,5924,0x0CF00400,61444,141913.0,125566.697,-0.047,FF FF FF 17 6D FF FF FF,FF FF FF 17 6D FF FF FF,[],190=3490.875/exp 3490.8862 VALUE_OK
MATCH,5925,0x0CF00400,61444,141918.0,125571.704,-0.039,FF FF FF 11 6D FF FF FF,FF FF FF 11 6D FF FF FF,[],190=3490.125/exp 3490.1724 VALUE_OK
MATCH,5926,0x0CF00400,61444,141923.0,125576.72,-0.022,FF FF FF 0B 6D FF FF FF,FF FF FF 0B 6D FF FF FF,[],190=3489.375/exp 3489.4317 VALUE_OK
MATCH,5927,0x0CF00400,61444,141928.0,125581.735,-0.007,FF FF FF 05 6D FF FF FF,FF FF FF 05 6D FF FF FF,[],190=3488.625/exp 3488.6641 VALUE_OK
MATCH,5928,0x0CF00400,61444,141933.0,125586.683,-0.059,FF FF FF FF 6C FF FF FF,FF FF FF FF 6C FF FF FF,[],190=3487.875/exp 3487.8698 VALUE_OK
MATCH,5929,0x0CF00400,61444,141938.0,125591.695,-0.045,FF FF FF F8 6C FF FF FF,FF FF FF F8 6C FF FF FF,[],190=3487.0/exp 3487.0487 VALUE_OK
MATCH,5930,0x0CF00400,61444,141943.0,125596.706,-0.033,FF FF FF F2 6C FF FF FF,FF FF FF F2 6C FF FF FF,[],190=3486.25/exp 3486.2007 VALUE_OK
MATCH,5931,0x0CF00400,61444,141948.0,125601.721,-0.018,FF FF FF EB 6C FF FF FF,FF FF FF EB 6C FF FF FF,[],190=3485.375/exp 3485.326 VALUE_OK
MATCH,5932,0x0CF00400,61444,141953.0,125606.729,-0.009,FF FF FF E3 6C FF FF FF,FF FF FF E3 6C FF FF FF,[],190=3484.375/exp 3484.4246 VALUE_OK
MATCH,5933,0x0CF00400,61444,141958.0,125611.688,-0.05,FF FF FF DC 6C FF FF FF,FF FF FF DC 6C FF FF FF,[],190=3483.5/exp 3483.4963 VALUE_OK
MATCH,5934,0x0CF00400,61444,141963.0,125616.692,-0.045,FF FF FF D4 6C FF FF FF,FF FF FF D4 6C FF FF FF,[],190=3482.5/exp 3482.5414 VALUE_OK
MATCH,5935,0x0CF00400,61444,141968.0,125621.708,-0.028,FF FF FF CC 6C FF FF FF,FF FF FF CC 6C FF FF FF,[],190=3481.5/exp 3481.5597 VALUE_OK
MATCH,5936,0x0CF00400,61444,141973.0,125626.719,-0.017,FF FF FF C4 6C FF FF FF,FF FF FF C4 6C FF FF FF,[],190=3480.5/exp 3480.5514 VALUE_OK
MATCH,5937,0x0CF00400,61444,141978.0,125631.678,-0.057,FF FF FF BC 6C FF FF FF,FF FF FF BC 6C FF FF FF,[],190=3479.5/exp 3479.5163 VALUE_OK
MATCH,5938,0x0CF00400,61444,141983.0,125636.69,-0.044,FF FF FF B4 6C FF FF FF,FF FF FF B4 6C FF FF FF,[],190=3478.5/exp 3478.4546 VALUE_OK
MATCH,5939,0x0CF00400,61444,141988.0,125641.693,-0.04,FF FF FF AB 6C FF FF FF,FF FF FF AB 6C FF FF FF,[],190=3477.375/exp 3477.3662 VALUE_OK
MATCH,5940,0x0CF00400,61444,141993.0,125646.701,-0.032,FF FF FF A2 6C FF FF FF,FF FF FF A2 6C FF FF FF,[],190=3476.25/exp 3476.2512 VALUE_OK
MATCH,5941,0x0CF00400,61444,141998.0,125651.717,-0.015,FF FF FF 99 6C FF FF FF,FF FF FF 99 6C FF FF FF,[],190=3475.125/exp 3475.1096 VALUE_OK
MATCH,5942,0x0CF00400,61444,142003.0,125656.672,-0.06,FF FF FF 90 6C FF FF FF,FF FF FF 90 6C FF FF FF,[],190=3474.0/exp 3473.9413 VALUE_OK
MATCH,5943,0x0CF00400,61444,142008.0,125661.688,-0.042,FF FF FF 86 6C FF FF FF,FF FF FF 86 6C FF FF FF,[],190=3472.75/exp 3472.7465 VALUE_OK
MATCH,5944,0x0CF00400,61444,142013.0,125666.695,-0.035,FF FF FF 7C 6C FF FF FF,FF FF FF 7C 6C FF FF FF,[],190=3471.5/exp 3471.5251 VALUE_OK
MATCH,5945,0x0CF00400,61444,142018.0,125671.703,-0.026,FF FF FF 72 6C FF FF FF,FF FF FF 72 6C FF FF FF,[],190=3470.25/exp 3470.2772 VALUE_OK
MATCH,5946,0x0CF00400,61444,142023.0,125676.71,-0.018,FF FF FF 68 6C FF FF FF,FF FF FF 68 6C FF FF FF,[],190=3469.0/exp 3469.0027 VALUE_OK
MATCH,5947,0x0CF00400,61444,142028.0,125681.662,-0.066,FF FF FF 5E 6C FF FF FF,FF FF FF 5E 6C FF FF FF,[],190=3467.75/exp 3467.7017 VALUE_OK
MATCH,5948,0x0CF00400,61444,142033.0,125686.677,-0.05,FF FF FF 53 6C FF FF FF,FF FF FF 53 6C FF FF FF,[],190=3466.375/exp 3466.3742 VALUE_OK
MATCH,5949,0x0CF00400,61444,142038.0,125691.661,-0.065,FF FF FF 48 6C FF FF FF,FF FF FF 48 6C FF FF FF,[],190=3465.0/exp 3465.0203 VALUE_OK
MATCH,5950,0x0CF00400,61444,142043.0,125696.668,-0.056,FF FF FF 3D 6C FF FF FF,FF FF FF 3D 6C FF FF FF,[],190=3463.625/exp 3463.6399 VALUE_OK
MATCH,5951,0x0CF00400,61444,142048.0,125701.68,-0.043,FF FF FF 32 6C FF FF FF,FF FF FF 32 6C FF FF FF,[],190=3462.25/exp 3462.2331 VALUE_OK
MATCH,5952,0x0CF00400,61444,142053.0,125706.688,-0.034,FF FF FF 26 6C FF FF FF,FF FF FF 26 6C FF FF FF,[],190=3460.75/exp 3460.7999 VALUE_OK
MATCH,5953,0x0CF00400,61444,142058.0,125711.703,-0.019,FF FF FF 1B 6C FF FF FF,FF FF FF 1B 6C FF FF FF,[],190=3459.375/exp 3459.3403 VALUE_OK
MATCH,5954,0x0CF00400,61444,142063.0,125716.655,-0.066,FF FF FF 0F 6C FF FF FF,FF FF FF 0F 6C FF FF FF,[],190=3457.875/exp 3457.8543 VALUE_OK
MATCH,5955,0x0CF00400,61444,142068.0,125721.67,-0.05,FF FF FF 03 6C FF FF FF,FF FF FF 03 6C FF FF FF,[],190=3456.375/exp 3456.342 VALUE_OK
MATCH,5956,0x0CF00400,61444,142073.0,125726.686,-0.033,FF FF FF F6 6B FF FF FF,FF FF FF F6 6B FF FF FF,[],190=3454.75/exp 3454.8034 VALUE_OK
MATCH,5957,0x0CF00400,61444,142078.0,125731.693,-0.025,FF FF FF EA 6B FF FF FF,FF FF FF EA 6B FF FF FF,[],190=3453.25/exp 3453.2385 VALUE_OK
MATCH,5958,0x0CF00400,61444,142083.0,125736.709,-0.009,FF FF FF DD 6B FF FF FF,FF FF FF DD 6B FF FF FF,[],190=3451.625/exp 3451.6474 VALUE_OK
MATCH,5959,0x0CF00400,61444,142088.0,125741.668,-0.05,FF FF FF D0 6B FF FF FF,FF FF FF D0 6B FF FF FF,[],190=3450.0/exp 3450.03 VALUE_OK
MATCH,5960,0x0CF00400,61444,142093.0,125746.672,-0.045,FF FF FF C3 6B FF FF FF,FF FF FF C3 6B FF FF FF,[],190=3448.375/exp 3448.3863 VALUE_OK
MATCH,5961,0x0CF00400,61444,142098.0,125751.684,-0.032,FF FF FF B6 6B FF FF FF,FF FF FF B6 6B FF FF FF,[],190=3446.75/exp 3446.7165 VALUE_OK
MATCH,5962,0x0CF00400,61444,142103.0,125756.699,-0.016,FF FF FF A8 6B FF FF FF,FF FF FF A8 6B FF FF FF,[],190=3445.0/exp 3445.0205 VALUE_OK
MATCH,5963,0x0CF00400,61444,142108.0,125761.654,-0.061,FF FF FF 9A 6B FF FF FF,FF FF FF 9A 6B FF FF FF,[],190=3443.25/exp 3443.2984 VALUE_OK
MATCH,5964,0x0CF00400,61444,142113.0,125766.666,-0.048,FF FF FF 8C 6B FF FF FF,FF FF FF 8C 6B FF FF FF,[],190=3441.5/exp 3441.5502 VALUE_OK
MATCH,5965,0x0CF00400,61444,142118.0,125771.685,-0.028,FF FF FF 7E 6B FF FF FF,FF FF FF 7E 6B FF FF FF,[],190=3439.75/exp 3439.7759 VALUE_OK
MATCH,5966,0x0CF00400,61444,142123.0,125776.697,-0.015,FF FF FF 70 6B FF FF FF,FF FF FF 70 6B FF FF FF,[],190=3438.0/exp 3437.9755 VALUE_OK
MATCH,5967,0x0CF00400,61444,142128.0,125781.704,-0.008,FF FF FF 61 6B FF FF FF,FF FF FF 61 6B FF FF FF,[],190=3436.125/exp 3436.1491 VALUE_OK
MATCH,5968,0x0CF00400,61444,142133.0,125786.664,-0.048,FF FF FF 52 6B FF FF FF,FF FF FF 52 6B FF FF FF,[],190=3434.25/exp 3434.2967 VALUE_OK
MATCH,5969,0x0CF00400,61444,142138.0,125791.676,-0.035,FF FF FF 43 6B FF FF FF,FF FF FF 43 6B FF FF FF,[],190=3432.375/exp 3432.4183 VALUE_OK
MATCH,5970,0x0CF00400,61444,142143.0,125796.683,-0.027,FF FF FF 34 6B FF FF FF,FF FF FF 34 6B FF FF FF,[],190=3430.5/exp 3430.5139 VALUE_OK
MATCH,5971,0x0CF00400,61444,142148.0,125801.699,-0.01,FF FF FF 25 6B FF FF FF,FF FF FF 25 6B FF FF FF,[],190=3428.625/exp 3428.5837 VALUE_OK
MATCH,5972,0x0CF00400,61444,142153.0,125806.65,-0.059,FF FF FF 15 6B FF FF FF,FF FF FF 15 6B FF FF FF,[],190=3426.625/exp 3426.6276 VALUE_OK
MATCH,5973,0x0CF00400,61444,142158.0,125811.662,-0.046,FF FF FF 05 6B FF FF FF,FF FF FF 05 6B FF FF FF,[],190=3424.625/exp 3424.6456 VALUE_OK
MATCH,5974,0x0CF00400,61444,142163.0,125816.649,-0.058,FF FF FF F5 6A FF FF FF,FF FF FF F5 6A FF FF FF,[],190=3422.625/exp 3422.6378 VALUE_OK
MATCH,5975,0x0CF00400,61444,142168.0,125821.681,-0.025,FF FF FF E5 6A FF FF FF,FF FF FF E5 6A FF FF FF,[],190=3420.625/exp 3420.6042 VALUE_OK
MATCH,5976,0x0CF00400,61444,142173.0,125826.684,-0.021,FF FF FF D4 6A FF FF FF,FF FF FF D4 6A FF FF FF,[],190=3418.5/exp 3418.5448 VALUE_OK
MATCH,5977,0x0CF00400,61444,142178.0,125831.68,-0.025,FF FF FF C4 6A FF FF FF,FF FF FF C4 6A FF FF FF,[],190=3416.5/exp 3416.4597 VALUE_OK
MATCH,5978,0x0CF00400,61444,142183.0,125836.688,-0.017,FF FF FF B3 6A FF FF FF,FF FF FF B3 6A FF FF FF,[],190=3414.375/exp 3414.3489 VALUE_OK
MATCH,5979,0x0CF00400,61444,142188.0,125841.679,-0.025,FF FF FF A2 6A FF FF FF,FF FF FF A2 6A FF FF FF,[],190=3412.25/exp 3412.2124 VALUE_OK
MATCH,5980,0x0CF00400,61444,142193.0,125846.683,-0.021,FF FF FF 90 6A FF FF FF,FF FF FF 90 6A FF FF FF,[],190=3410.0/exp 3410.0503 VALUE_OK
MATCH,5981,0x0CF00400,61444,142198.0,125851.678,-0.025,FF FF FF 7F 6A FF FF FF,FF FF FF 7F 6A FF FF FF,[],190=3407.875/exp 3407.8626 VALUE_OK
MATCH,5982,0x0CF00400,61444,142203.0,125856.669,-0.034,FF FF FF 6D 6A FF FF FF,FF FF FF 6D 6A FF FF FF,[],190=3405.625/exp 3405.6494 VALUE_OK
MATCH,5983,0x0CF00400,61444,142208.0,125861.673,-0.029,FF FF FF 5B 6A FF FF FF,FF FF FF 5B 6A FF FF FF,[],190=3403.375/exp 3403.4106 VALUE_OK
MATCH,5984,0x0CF00400,61444,142213.0,125866.673,-0.029,FF FF FF 49 6A FF FF FF,FF FF FF 49 6A FF FF FF,[],190=3401.125/exp 3401.1463 VALUE_OK
MATCH,5985,0x0CF00400,61444,142218.0,125871.676,-0.025,FF FF FF 37 6A FF FF FF,FF FF FF 37 6A FF FF FF,[],190=3398.875/exp 3398.8565 VALUE_OK
MATCH,5986,0x0CF00400,61444,142223.0,125876.672,-0.028,FF FF FF 24 6A FF FF FF,FF FF FF 24 6A FF FF FF,[],190=3396.5/exp 3396.5413 VALUE_OK
MATCH,5987,0x0CF00400,61444,142228.0,125881.671,-0.029,FF FF FF 12 6A FF FF FF,FF FF FF 12 6A FF FF FF,[],190=3394.25/exp 3394.2008 VALUE_OK
MATCH,5988,0x0CF00400,61444,142233.0,125886.679,-0.02,FF FF FF FF 69 FF FF FF,FF FF FF FF 69 FF FF FF,[],190=3391.875/exp 3391.8348 VALUE_OK
MATCH,5989,0x0CF00400,61444,142238.0,125891.674,-0.025,FF FF FF EC 69 FF FF FF,FF FF FF EC 69 FF FF FF,[],190=3389.5/exp 3389.4436 VALUE_OK
MATCH,5990,0x0CF00400,61444,142243.0,125896.678,-0.02,FF FF FF D8 69 FF FF FF,FF FF FF D8 69 FF FF FF,[],190=3387.0/exp 3387.0271 VALUE_OK
MATCH,5991,0x0CF00400,61444,142248.0,125901.673,-0.025,FF FF FF C5 69 FF FF FF,FF FF FF C5 69 FF FF FF,[],190=3384.625/exp 3384.5853 VALUE_OK
MATCH,5992,0x0CF00400,61444,142253.0,125906.673,-0.025,FF FF FF B1 69 FF FF FF,FF FF FF B1 69 FF FF FF,[],190=3382.125/exp 3382.1183 VALUE_OK
MATCH,5993,0x0CF00400,61444,142258.0,125911.676,-0.021,FF FF FF 9D 69 FF FF FF,FF FF FF 9D 69 FF FF FF,[],190=3379.625/exp 3379.6261 VALUE_OK
MATCH,5994,0x0CF00400,61444,142263.0,125916.676,-0.021,FF FF FF 89 69 FF FF FF,FF FF FF 89 69 FF FF FF,[],190=3377.125/exp 3377.1089 VALUE_OK
MATCH,5995,0x0CF00400,61444,142268.0,125921.668,-0.028,FF FF FF 75 69 FF FF FF,FF FF FF 75 69 FF FF FF,[],190=3374.625/exp 3374.5665 VALUE_OK
MATCH,5996,0x0CF00400,61444,142273.0,125926.671,-0.025,FF FF FF 60 69 FF FF FF,FF FF FF 60 69 FF FF FF,[],190=3372.0/exp 3371.999 VALUE_OK
MATCH,5997,0x0CF00400,61444,142278.0,125931.666,-0.029,FF FF FF 4B 69 FF FF FF,FF FF FF 4B 69 FF FF FF,[],190=3369.375/exp 3369.4066 VALUE_OK
MATCH,5998,0x0CF00400,61444,142283.0,125936.666,-0.029,FF FF FF 36 69 FF FF FF,FF FF FF 36 69 FF FF FF,[],190=3366.75/exp 3366.7892 VALUE_OK
MATCH,5999,0x0CF00400,61444,142288.0,125941.686,-0.008,FF FF FF 21 69 FF FF FF,FF FF FF 21 69 FF FF FF,[],190=3364.125/exp 3364.1468 VALUE_OK
MATCH,6000,0x0CF00400,61444,142293.0,125946.633,-0.061,FF FF FF 0C 69 FF FF FF,FF FF FF 0C 69 FF FF FF,[],190=3361.5/exp 3361.4796 VALUE_OK
MATCH,6001,0x0CF00400,61444,142298.0,125951.633,-0.06,FF FF FF F6 68 FF FF FF,FF FF FF F6 68 FF FF FF,[],190=3358.75/exp 3358.7875 VALUE_OK
MATCH,6002,0x0CF00400,61444,142303.0,125956.632,-0.059,FF FF FF E1 68 FF FF FF,FF FF FF E1 68 FF FF FF,[],190=3356.125/exp 3356.0706 VALUE_OK
MATCH,6003,0x0CF00400,61444,142308.0,125961.636,-0.054,FF FF FF CB 68 FF FF FF,FF FF FF CB 68 FF FF FF,[],190=3353.375/exp 3353.3289 VALUE_OK
MATCH,6004,0x0CF00400,61444,142313.0,125966.632,-0.057,FF FF FF B5 68 FF FF FF,FF FF FF B5 68 FF FF FF,[],190=3350.625/exp 3350.5625 VALUE_OK
MATCH,6005,0x0CF00400,61444,142318.0,125971.632,-0.056,FF FF FF 9E 68 FF FF FF,FF FF FF 9E 68 FF FF FF,[],190=3347.75/exp 3347.7715 VALUE_OK
MATCH,6006,0x0CF00400,61444,142323.0,125976.627,-0.06,FF FF FF 88 68 FF FF FF,FF FF FF 88 68 FF FF FF,[],190=3345.0/exp 3344.9557 VALUE_OK
MATCH,6007,0x0CF00400,61444,142328.0,125981.635,-0.051,FF FF FF 71 68 FF FF FF,FF FF FF 71 68 FF FF FF,[],190=3342.125/exp 3342.1154 VALUE_OK
MATCH,6008,0x0CF00400,61444,142333.0,125986.635,-0.05,FF FF FF 5A 68 FF FF FF,FF FF FF 5A 68 FF FF FF,[],190=3339.25/exp 3339.2506 VALUE_OK
MATCH,6009,0x0CF00400,61444,142338.0,125991.634,-0.05,FF FF FF 43 68 FF FF FF,FF FF FF 43 68 FF FF FF,[],190=3336.375/exp 3336.3612 VALUE_OK
MATCH,6010,0x0CF00400,61444,142343.0,125996.634,-0.049,FF FF FF 2C 68 FF FF FF,FF FF FF 2C 68 FF FF FF,[],190=3333.5/exp 3333.4473 VALUE_OK
MATCH,6011,0x0CF00400,61444,142348.0,126001.621,-0.061,FF FF FF 14 68 FF FF FF,FF FF FF 14 68 FF FF FF,[],190=3330.5/exp 3330.5091 VALUE_OK
MATCH,6012,0x0CF00400,61444,142353.0,126006.684,0.004,FF FF FF FC 67 FF FF FF,FF FF FF FC 67 FF FF FF,[],190=3327.5/exp 3327.5465 VALUE_OK
MATCH,6013,0x0CF00400,61444,142358.0,126011.672,-0.009,FF FF FF E4 67 FF FF FF,FF FF FF E4 67 FF FF FF,[],190=3324.5/exp 3324.5595 VALUE_OK
MATCH,6014,0x0CF00400,61444,142363.0,126016.664,-0.016,FF FF FF CC 67 FF FF FF,FF FF FF CC 67 FF FF FF,[],190=3321.5/exp 3321.5483 VALUE_OK
MATCH,6015,0x0CF00400,61444,142368.0,126021.659,-0.021,FF FF FF B4 67 FF FF FF,FF FF FF B4 67 FF FF FF,[],190=3318.5/exp 3318.5128 VALUE_OK
MATCH,6016,0x0CF00400,61444,142373.0,126026.651,-0.029,FF FF FF 9C 67 FF FF FF,FF FF FF 9C 67 FF FF FF,[],190=3315.5/exp 3315.4531 VALUE_OK
MATCH,6017,0x0CF00400,61444,142378.0,126031.65,-0.029,FF FF FF 83 67 FF FF FF,FF FF FF 83 67 FF FF FF,[],190=3312.375/exp 3312.3693 VALUE_OK
MATCH,6018,0x0CF00400,61444,142383.0,126036.642,-0.036,FF FF FF 6A 67 FF FF FF,FF FF FF 6A 67 FF FF FF,[],190=3309.25/exp 3309.2614 VALUE_OK
MATCH,6019,0x0CF00400,61444,142388.0,126041.645,-0.033,FF FF FF 51 67 FF FF FF,FF FF FF 51 67 FF FF FF,[],190=3306.125/exp 3306.1295 VALUE_OK
MATCH,6020,0x0CF00400,61444,142393.0,126046.645,-0.032,FF FF FF 38 67 FF FF FF,FF FF FF 38 67 FF FF FF,[],190=3303.0/exp 3302.9735 VALUE_OK
MATCH,6021,0x0CF00400,61444,142398.0,126051.64,-0.036,FF FF FF 1E 67 FF FF FF,FF FF FF 1E 67 FF FF FF,[],190=3299.75/exp 3299.7936 VALUE_OK
MATCH,6022,0x0CF00400,61444,142403.0,126056.64,-0.036,FF FF FF 05 67 FF FF FF,FF FF FF 05 67 FF FF FF,[],190=3296.625/exp 3296.5899 VALUE_OK
MATCH,6023,0x0CF00400,61444,142408.0,126061.639,-0.036,FF FF FF EB 66 FF FF FF,FF FF FF EB 66 FF FF FF,[],190=3293.375/exp 3293.3622 VALUE_OK
MATCH,6024,0x0CF00400,61444,142413.0,126066.619,-0.055,FF FF FF D1 66 FF FF FF,FF FF FF D1 66 FF FF FF,[],190=3290.125/exp 3290.1108 VALUE_OK
MATCH,6025,0x0CF00400,61444,142418.0,126071.67,-0.003,FF FF FF B7 66 FF FF FF,FF FF FF B7 66 FF FF FF,[],190=3286.875/exp 3286.8356 VALUE_OK
MATCH,6026,0x0CF00400,61444,142423.0,126076.658,-0.015,FF FF FF 9C 66 FF FF FF,FF FF FF 9C 66 FF FF FF,[],190=3283.5/exp 3283.5367 VALUE_OK
MATCH,6027,0x0CF00400,61444,142428.0,126081.673,0.0,FF FF FF 82 66 FF FF FF,FF FF FF 82 66 FF FF FF,[],190=3280.25/exp 3280.2142 VALUE_OK
MATCH,6028,0x0CF00400,61444,142433.0,126086.669,-0.004,FF FF FF 67 66 FF FF FF,FF FF FF 67 66 FF FF FF,[],190=3276.875/exp 3276.868 VALUE_OK
MATCH,6029,0x0CF00400,61444,142438.0,126091.609,-0.064,FF FF FF 4C 66 FF FF FF,FF FF FF 4C 66 FF FF FF,[],190=3273.5/exp 3273.4983 VALUE_OK
MATCH,6030,0x0CF00400,61444,142443.0,126096.612,-0.059,FF FF FF 31 66 FF FF FF,FF FF FF 31 66 FF FF FF,[],190=3270.125/exp 3270.1052 VALUE_OK
MATCH,6031,0x0CF00400,61444,142448.0,126101.612,-0.058,FF FF FF 16 66 FF FF FF,FF FF FF 16 66 FF FF FF,[],190=3266.75/exp 3266.6885 VALUE_OK
MATCH,6032,0x0CF00400,61444,142453.0,126106.627,-0.042,FF FF FF FA 65 FF FF FF,FF FF FF FA 65 FF FF FF,[],190=3263.25/exp 3263.2485 VALUE_OK
MATCH,6033,0x0CF00400,61444,142458.0,126111.619,-0.049,FF FF FF DE 65 FF FF FF,FF FF FF DE 65 FF FF FF,[],190=3259.75/exp 3259.7852 VALUE_OK
MATCH,6034,0x0CF00400,61444,142463.0,126116.623,-0.044,FF FF FF C2 65 FF FF FF,FF FF FF C2 65 FF FF FF,[],190=3256.25/exp 3256.2985 VALUE_OK
MATCH,6035,0x0CF00400,61444,142468.0,126121.626,-0.04,FF FF FF A6 65 FF FF FF,FF FF FF A6 65 FF FF FF,[],190=3252.75/exp 3252.7887 VALUE_OK
MATCH,6036,0x0CF00400,61444,142473.0,126126.633,-0.033,FF FF FF 8A 65 FF FF FF,FF FF FF 8A 65 FF FF FF,[],190=3249.25/exp 3249.2557 VALUE_OK
MATCH,6037,0x0CF00400,61444,142478.0,126131.625,-0.04,FF FF FF 6E 65 FF FF FF,FF FF FF 6E 65 FF FF FF,[],190=3245.75/exp 3245.6995 VALUE_OK
MATCH,6038,0x0CF00400,61444,142483.0,126136.612,-0.052,FF FF FF 51 65 FF FF FF,FF FF FF 51 65 FF FF FF,[],190=3242.125/exp 3242.1203 VALUE_OK
MATCH,6039,0x0CF00400,61444,142488.0,126141.608,-0.055,FF FF FF 34 65 FF FF FF,FF FF FF 34 65 FF FF FF,[],190=3238.5/exp 3238.5181 VALUE_OK
MATCH,6040,0x0CF00400,61444,142493.0,126146.599,-0.063,FF FF FF 17 65 FF FF FF,FF FF FF 17 65 FF FF FF,[],190=3234.875/exp 3234.8929 VALUE_OK
MATCH,6041,0x0CF00400,61444,142498.0,126151.611,-0.05,FF FF FF FA 64 FF FF FF,FF FF FF FA 64 FF FF FF,[],190=3231.25/exp 3231.2448 VALUE_OK
MATCH,6042,0x0CF00400,61444,142503.0,126156.611,-0.049,FF FF FF DD 64 FF FF FF,FF FF FF DD 64 FF FF FF,[],190=3227.625/exp 3227.5739 VALUE_OK
MATCH,6043,0x0CF00400,61444,142508.0,126161.618,-0.041,FF FF FF BF 64 FF FF FF,FF FF FF BF 64 FF FF FF,[],190=3223.875/exp 3223.8802 VALUE_OK
MATCH,6044,0x0CF00400,61444,142513.0,126166.61,-0.048,FF FF FF A1 64 FF FF FF,FF FF FF A1 64 FF FF FF,[],190=3220.125/exp 3220.1637 VALUE_OK
MATCH,6045,0x0CF00400,61444,142518.0,126171.605,-0.052,FF FF FF 83 64 FF FF FF,FF FF FF 83 64 FF FF FF,[],190=3216.375/exp 3216.4246 VALUE_OK
MATCH,6046,0x0CF00400,61444,142523.0,126176.653,-0.003,FF FF FF 65 64 FF FF FF,FF FF FF 65 64 FF FF FF,[],190=3212.625/exp 3212.6629 VALUE_OK
MATCH,6047,0x0CF00400,61444,142528.0,126181.644,-0.012,FF FF FF 47 64 FF FF FF,FF FF FF 47 64 FF FF FF,[],190=3208.875/exp 3208.8786 VALUE_OK
MATCH,6048,0x0CF00400,61444,142533.0,126186.636,-0.02,FF FF FF 29 64 FF FF FF,FF FF FF 29 64 FF FF FF,[],190=3205.125/exp 3205.0718 VALUE_OK
MATCH,6049,0x0CF00400,61444,142538.0,126191.603,-0.052,FF FF FF 0A 64 FF FF FF,FF FF FF 0A 64 FF FF FF,[],190=3201.25/exp 3201.2426 VALUE_OK
MATCH,6050,0x0CF00400,61444,142543.0,126196.599,-0.055,FF FF FF EB 63 FF FF FF,FF FF FF EB 63 FF FF FF,[],190=3197.375/exp 3197.391 VALUE_OK
MATCH,6051,0x0CF00400,61444,142548.0,126201.65,-0.003,FF FF FF CC 63 FF FF FF,FF FF FF CC 63 FF FF FF,[],190=3193.5/exp 3193.5171 VALUE_OK
MATCH,6052,0x0CF00400,61444,142553.0,126206.646,-0.007,FF FF FF AD 63 FF FF FF,FF FF FF AD 63 FF FF FF,[],190=3189.625/exp 3189.6209 VALUE_OK
MATCH,6053,0x0CF00400,61444,142558.0,126211.65,-0.003,FF FF FF 8E 63 FF FF FF,FF FF FF 8E 63 FF FF FF,[],190=3185.75/exp 3185.7025 VALUE_OK
MATCH,6054,0x0CF00400,61444,142563.0,126216.645,-0.008,FF FF FF 6E 63 FF FF FF,FF FF FF 6E 63 FF FF FF,[],190=3181.75/exp 3181.762 VALUE_OK
MATCH,6055,0x0CF00400,61444,142568.0,126221.592,-0.061,FF FF FF 4E 63 FF FF FF,FF FF FF 4E 63 FF FF FF,[],190=3177.75/exp 3177.7994 VALUE_OK
MATCH,6056,0x0CF00400,61444,142573.0,126226.592,-0.059,FF FF FF 2F 63 FF FF FF,FF FF FF 2F 63 FF FF FF,[],190=3173.875/exp 3173.8148 VALUE_OK
MATCH,6057,0x0CF00400,61444,142578.0,126231.647,-0.003,FF FF FF 0E 63 FF FF FF,FF FF FF 0E 63 FF FF FF,[],190=3169.75/exp 3169.8082 VALUE_OK
MATCH,6058,0x0CF00400,61444,142583.0,126236.647,-0.003,FF FF FF EE 62 FF FF FF,FF FF FF EE 62 FF FF FF,[],190=3165.75/exp 3165.7797 VALUE_OK
MATCH,6059,0x0CF00400,61444,142588.0,126241.639,-0.011,FF FF FF CE 62 FF FF FF,FF FF FF CE 62 FF FF FF,[],190=3161.75/exp 3161.7294 VALUE_OK
MATCH,6060,0x0CF00400,61444,142593.0,126246.626,-0.024,FF FF FF AD 62 FF FF FF,FF FF FF AD 62 FF FF FF,[],190=3157.625/exp 3157.6574 VALUE_OK
MATCH,6061,0x0CF00400,61444,142598.0,126251.626,-0.023,FF FF FF 8D 62 FF FF FF,FF FF FF 8D 62 FF FF FF,[],190=3153.625/exp 3153.5636 VALUE_OK
MATCH,6062,0x0CF00400,61444,142603.0,126256.617,-0.032,FF FF FF 6C 62 FF FF FF,FF FF FF 6C 62 FF FF FF,[],190=3149.5/exp 3149.4482 VALUE_OK
MATCH,6063,0x0CF00400,61444,142608.0,126261.605,-0.043,FF FF FF 4A 62 FF FF FF,FF FF FF 4A 62 FF FF FF,[],190=3145.25/exp 3145.3111 VALUE_OK
MATCH,6064,0x0CF00400,61444,142613.0,126266.596,-0.051,FF FF FF 29 62 FF FF FF,FF FF FF 29 62 FF FF FF,[],190=3141.125/exp 3141.1526 VALUE_OK
MATCH,6065,0x0CF00400,61444,142618.0,126271.588,-0.058,FF FF FF 08 62 FF FF FF,FF FF FF 08 62 FF FF FF,[],190=3137.0/exp 3136.9726 VALUE_OK
MATCH,6066,0x0CF00400,61444,142623.0,126276.591,-0.054,FF FF FF E6 61 FF FF FF,FF FF FF E6 61 FF FF FF,[],190=3132.75/exp 3132.7713 VALUE_OK
MATCH,6067,0x0CF00400,61444,142628.0,126281.647,0.003,FF FF FF C4 61 FF FF FF,FF FF FF C4 61 FF FF FF,[],190=3128.5/exp 3128.5486 VALUE_OK
MATCH,6068,0x0CF00400,61444,142633.0,126286.638,-0.006,FF FF FF A2 61 FF FF FF,FF FF FF A2 61 FF FF FF,[],190=3124.25/exp 3124.3046 VALUE_OK
MATCH,6069,0x0CF00400,61444,142638.0,126291.63,-0.014,FF FF FF 80 61 FF FF FF,FF FF FF 80 61 FF FF FF,[],190=3120.0/exp 3120.0395 VALUE_OK
MATCH,6070,0x0CF00400,61444,142643.0,126296.625,-0.019,FF FF FF 5E 61 FF FF FF,FF FF FF 5E 61 FF FF FF,[],190=3115.75/exp 3115.7532 VALUE_OK
MATCH,6071,0x0CF00400,61444,142648.0,126301.609,-0.034,FF FF FF 3C 61 FF FF FF,FF FF FF 3C 61 FF FF FF,[],190=3111.5/exp 3111.4459 VALUE_OK
MATCH,6072,0x0CF00400,61444,142653.0,126306.604,-0.039,FF FF FF 19 61 FF FF FF,FF FF FF 19 61 FF FF FF,[],190=3107.125/exp 3107.1176 VALUE_OK
MATCH,6073,0x0CF00400,61444,142658.0,126311.608,-0.034,FF FF FF F6 60 FF FF FF,FF FF FF F6 60 FF FF FF,[],190=3102.75/exp 3102.7683 VALUE_OK
MATCH,6074,0x0CF00400,61444,142663.0,126316.588,-0.053,FF FF FF D3 60 FF FF FF,FF FF FF D3 60 FF FF FF,[],190=3098.375/exp 3098.3982 VALUE_OK
MATCH,6075,0x0CF00400,61444,142668.0,126321.591,-0.049,FF FF FF B0 60 FF FF FF,FF FF FF B0 60 FF FF FF,[],190=3094.0/exp 3094.0073 VALUE_OK
MATCH,6076,0x0CF00400,61444,142673.0,126326.595,-0.044,FF FF FF 8D 60 FF FF FF,FF FF FF 8D 60 FF FF FF,[],190=3089.625/exp 3089.5956 VALUE_OK
MATCH,6077,0x0CF00400,61444,142678.0,126331.586,-0.052,FF FF FF 69 60 FF FF FF,FF FF FF 69 60 FF FF FF,[],190=3085.125/exp 3085.1633 VALUE_OK
MATCH,6078,0x0CF00400,61444,142683.0,126336.59,-0.047,FF FF FF 46 60 FF FF FF,FF FF FF 46 60 FF FF FF,[],190=3080.75/exp 3080.7104 VALUE_OK
MATCH,6079,0x0CF00400,61444,142688.0,126341.577,-0.059,FF FF FF 22 60 FF FF FF,FF FF FF 22 60 FF FF FF,[],190=3076.25/exp 3076.237 VALUE_OK
MATCH,6080,0x0CF00400,61444,142693.0,126346.641,0.006,FF FF FF FE 5F FF FF FF,FF FF FF FE 5F FF FF FF,[],190=3071.75/exp 3071.7432 VALUE_OK
MATCH,6081,0x0CF00400,61444,142698.0,126351.628,-0.007,FF FF FF DA 5F FF FF FF,FF FF FF DA 5F FF FF FF,[],190=3067.25/exp 3067.2289 VALUE_OK
MATCH,6082,0x0CF00400,61444,142703.0,126356.616,-0.019,FF FF FF B6 5F FF FF FF,FF FF FF B6 5F FF FF FF,[],190=3062.75/exp 3062.6944 VALUE_OK
MATCH,6083,0x0CF00400,61444,142708.0,126361.607,-0.028,FF FF FF 91 5F FF FF FF,FF FF FF 91 5F FF FF FF,[],190=3058.125/exp 3058.1396 VALUE_OK
MATCH,6084,0x0CF00400,61444,142713.0,126366.603,-0.031,FF FF FF 6D 5F FF FF FF,FF FF FF 6D 5F FF FF FF,[],190=3053.625/exp 3053.5646 VALUE_OK
MATCH,6085,0x0CF00400,61444,142718.0,126371.59,-0.044,FF FF FF 48 5F FF FF FF,FF FF FF 48 5F FF FF FF,[],190=3049.0/exp 3048.9695 VALUE_OK
MATCH,6086,0x0CF00400,61444,142723.0,126376.582,-0.051,FF FF FF 23 5F FF FF FF,FF FF FF 23 5F FF FF FF,[],190=3044.375/exp 3044.3544 VALUE_OK
MATCH,6087,0x0CF00400,61444,142728.0,126381.585,-0.047,FF FF FF FE 5E FF FF FF,FF FF FF FE 5E FF FF FF,[],190=3039.75/exp 3039.7193 VALUE_OK
MATCH,6088,0x0CF00400,61444,142733.0,126386.569,-0.062,FF FF FF D9 5E FF FF FF,FF FF FF D9 5E FF FF FF,[],190=3035.125/exp 3035.0644 VALUE_OK
MATCH,6089,0x0CF00400,61444,142738.0,126391.625,-0.005,FF FF FF B3 5E FF FF FF,FF FF FF B3 5E FF FF FF,[],190=3030.375/exp 3030.3896 VALUE_OK
MATCH,6090,0x0CF00400,61444,142743.0,126396.616,-0.013,FF FF FF 8E 5E FF FF FF,FF FF FF 8E 5E FF FF FF,[],190=3025.75/exp 3025.6951 VALUE_OK
MATCH,6091,0x0CF00400,61444,142748.0,126401.612,-0.017,FF FF FF 68 5E FF FF FF,FF FF FF 68 5E FF FF FF,[],190=3021.0/exp 3020.9809 VALUE_OK
MATCH,6092,0x0CF00400,61444,142753.0,126406.599,-0.03,FF FF FF 42 5E FF FF FF,FF FF FF 42 5E FF FF FF,[],190=3016.25/exp 3016.2471 VALUE_OK
MATCH,6093,0x0CF00400,61444,142758.0,126411.591,-0.037,FF FF FF 1C 5E FF FF FF,FF FF FF 1C 5E FF FF FF,[],190=3011.5/exp 3011.4938 VALUE_OK
MATCH,6094,0x0CF00400,61444,142763.0,126416.59,-0.038,FF FF FF F6 5D FF FF FF,FF FF FF F6 5D FF FF FF,[],190=3006.75/exp 3006.721 VALUE_OK
MATCH,6095,0x0CF00400,61444,142768.0,126421.586,-0.041,FF FF FF CF 5D FF FF FF,FF FF FF CF 5D FF FF FF,[],190=3001.875/exp 3001.9289 VALUE_OK
MATCH,6096,0x0CF00400,61444,142773.0,126426.573,-0.053,FF FF FF A9 5D FF FF FF,FF FF FF A9 5D FF FF FF,[],190=2997.125/exp 2997.1174 VALUE_OK
MATCH,6097,0x0CF00400,61444,142778.0,126431.569,-0.056,FF FF FF 82 5D FF FF FF,FF FF FF 82 5D FF FF FF,[],190=2992.25/exp 2992.2867 VALUE_OK
MATCH,6098,0x0CF00400,61444,142783.0,126436.597,-0.027,FF FF FF 5B 5D FF FF FF,FF FF FF 5B 5D FF FF FF,[],190=2987.375/exp 2987.4369 VALUE_OK
MATCH,6099,0x0CF00400,61444,142788.0,126441.58,-0.043,FF FF FF 35 5D FF FF FF,FF FF FF 35 5D FF FF FF,[],190=2982.625/exp 2982.5679 VALUE_OK
MATCH,6100,0x0CF00400,61444,142793.0,126446.596,-0.026,FF FF FF 0D 5D FF FF FF,FF FF FF 0D 5D FF FF FF,[],190=2977.625/exp 2977.68 VALUE_OK
MATCH,6101,0x0CF00400,61444,142798.0,126451.607,-0.015,FF FF FF E6 5C FF FF FF,FF FF FF E6 5C FF FF FF,[],190=2972.75/exp 2972.7731 VALUE_OK
MATCH,6102,0x0CF00400,61444,142803.0,126456.622,0.0,FF FF FF BF 5C FF FF FF,FF FF FF BF 5C FF FF FF,[],190=2967.875/exp 2967.8474 VALUE_OK
MATCH,6103,0x0CF00400,61444,142808.0,126461.567,-0.055,FF FF FF 97 5C FF FF FF,FF FF FF 97 5C FF FF FF,[],190=2962.875/exp 2962.9029 VALUE_OK
MATCH,6104,0x0CF00400,61444,142813.0,126466.575,-0.045,FF FF FF 70 5C FF FF FF,FF FF FF 70 5C FF FF FF,[],190=2958.0/exp 2957.9397 VALUE_OK
MATCH,6105,0x0CF00400,61444,142818.0,126471.586,-0.034,FF FF FF 48 5C FF FF FF,FF FF FF 48 5C FF FF FF,[],190=2953.0/exp 2952.9578 VALUE_OK
MATCH,6106,0x0CF00400,61444,142823.0,126476.606,-0.013,FF FF FF 20 5C FF FF FF,FF FF FF 20 5C FF FF FF,[],190=2948.0/exp 2947.9574 VALUE_OK
MATCH,6107,0x0CF00400,61444,142828.0,126481.613,-0.006,FF FF FF F8 5B FF FF FF,FF FF FF F8 5B FF FF FF,[],190=2943.0/exp 2942.9386 VALUE_OK
MATCH,6108,0x0CF00400,61444,142833.0,126486.565,-0.054,FF FF FF CF 5B FF FF FF,FF FF FF CF 5B FF FF FF,[],190=2937.875/exp 2937.9013 VALUE_OK
MATCH,6109,0x0CF00400,61444,142838.0,126491.576,-0.041,FF FF FF A7 5B FF FF FF,FF FF FF A7 5B FF FF FF,[],190=2932.875/exp 2932.8457 VALUE_OK
MATCH,6110,0x0CF00400,61444,142843.0,126496.592,-0.025,FF FF FF 7E 5B FF FF FF,FF FF FF 7E 5B FF FF FF,[],190=2927.75/exp 2927.7719 VALUE_OK
MATCH,6111,0x0CF00400,61444,142848.0,126501.599,-0.017,FF FF FF 55 5B FF FF FF,FF FF FF 55 5B FF FF FF,[],190=2922.625/exp 2922.6799 VALUE_OK
MATCH,6112,0x0CF00400,61444,142853.0,126506.607,-0.009,FF FF FF 2D 5B FF FF FF,FF FF FF 2D 5B FF FF FF,[],190=2917.625/exp 2917.5698 VALUE_OK
MATCH,6113,0x0CF00400,61444,142858.0,126511.563,-0.053,FF FF FF 04 5B FF FF FF,FF FF FF 04 5B FF FF FF,[],190=2912.5/exp 2912.4418 VALUE_OK
MATCH,6114,0x0CF00400,61444,142863.0,126516.59,-0.025,FF FF FF DA 5A FF FF FF,FF FF FF DA 5A FF FF FF,[],190=2907.25/exp 2907.2958 VALUE_OK
MATCH,6115,0x0CF00400,61444,142868.0,126521.597,-0.017,FF FF FF B1 5A FF FF FF,FF FF FF B1 5A FF FF FF,[],190=2902.125/exp 2902.1319 VALUE_OK
MATCH,6116,0x0CF00400,61444,142873.0,126526.617,0.003,FF FF FF 88 5A FF FF FF,FF FF FF 88 5A FF FF FF,[],190=2897.0/exp 2896.9503 VALUE_OK
MATCH,6117,0x0CF00400,61444,142878.0,126531.557,-0.057,FF FF FF 5E 5A FF FF FF,FF FF FF 5E 5A FF FF FF,[],190=2891.75/exp 2891.751 VALUE_OK
MATCH,6118,0x0CF00400,61444,142883.0,126536.572,-0.041,FF FF FF 34 5A FF FF FF,FF FF FF 34 5A FF FF FF,[],190=2886.5/exp 2886.5341 VALUE_OK
MATCH,6119,0x0CF00400,61444,142888.0,126541.58,-0.032,FF FF FF 0A 5A FF FF FF,FF FF FF 0A 5A FF FF FF,[],190=2881.25/exp 2881.2996 VALUE_OK
MATCH,6120,0x0CF00400,61444,142893.0,126546.599,-0.012,FF FF FF E0 59 FF FF FF,FF FF FF E0 59 FF FF FF,[],190=2876.0/exp 2876.0478 VALUE_OK
MATCH,6121,0x0CF00400,61444,142898.0,126551.607,-0.004,FF FF FF B6 59 FF FF FF,FF FF FF B6 59 FF FF FF,[],190=2870.75/exp 2870.7785 VALUE_OK
MATCH,6122,0x0CF00400,61444,142903.0,126556.558,-0.053,FF FF FF 8C 59 FF FF FF,FF FF FF 8C 59 FF FF FF,[],190=2865.5/exp 2865.492 VALUE_OK
MATCH,6123,0x0CF00400,61444,142908.0,126561.566,-0.044,FF FF FF 62 59 FF FF FF,FF FF FF 62 59 FF FF FF,[],190=2860.25/exp 2860.1882 VALUE_OK
MATCH,6124,0x0CF00400,61444,142913.0,126566.553,-0.056,FF FF FF 37 59 FF FF FF,FF FF FF 37 59 FF FF FF,[],190=2854.875/exp 2854.8674 VALUE_OK
MATCH,6125,0x0CF00400,61444,142918.0,126571.565,-0.043,FF FF FF 0C 59 FF FF FF,FF FF FF 0C 59 FF FF FF,[],190=2849.5/exp 2849.5295 VALUE_OK
MATCH,6126,0x0CF00400,61444,142923.0,126576.576,-0.031,FF FF FF E1 58 FF FF FF,FF FF FF E1 58 FF FF FF,[],190=2844.125/exp 2844.1746 VALUE_OK
MATCH,6127,0x0CF00400,61444,142928.0,126581.592,-0.014,FF FF FF B6 58 FF FF FF,FF FF FF B6 58 FF FF FF,[],190=2838.75/exp 2838.8029 VALUE_OK
MATCH,6128,0x0CF00400,61444,142933.0,126586.596,-0.01,FF FF FF 8B 58 FF FF FF,FF FF FF 8B 58 FF FF FF,[],190=2833.375/exp 2833.4144 VALUE_OK
MATCH,6129,0x0CF00400,61444,142938.0,126591.547,-0.059,FF FF FF 60 58 FF FF FF,FF FF FF 60 58 FF FF FF,[],190=2828.0/exp 2828.0092 VALUE_OK
MATCH,6130,0x0CF00400,61444,142943.0,126596.555,-0.05,FF FF FF 35 58 FF FF FF,FF FF FF 35 58 FF FF FF,[],190=2822.625/exp 2822.5873 VALUE_OK
MATCH,6131,0x0CF00400,61444,142948.0,126601.57,-0.034,FF FF FF 09 58 FF FF FF,FF FF FF 09 58 FF FF FF,[],190=2817.125/exp 2817.149 VALUE_OK
MATCH,6132,0x0CF00400,61444,142953.0,126606.586,-0.017,FF FF FF DE 57 FF FF FF,FF FF FF DE 57 FF FF FF,[],190=2811.75/exp 2811.6941 VALUE_OK
MATCH,6133,0x0CF00400,61444,142958.0,126611.597,-0.006,FF FF FF B2 57 FF FF FF,FF FF FF B2 57 FF FF FF,[],190=2806.25/exp 2806.2229 VALUE_OK
MATCH,6134,0x0CF00400,61444,142963.0,126616.553,-0.05,FF FF FF 86 57 FF FF FF,FF FF FF 86 57 FF FF FF,[],190=2800.75/exp 2800.7354 VALUE_OK
MATCH,6135,0x0CF00400,61444,142968.0,126621.552,-0.05,FF FF FF 5A 57 FF FF FF,FF FF FF 5A 57 FF FF FF,[],190=2795.25/exp 2795.2317 VALUE_OK
MATCH,6136,0x0CF00400,61444,142973.0,126626.568,-0.033,FF FF FF 2E 57 FF FF FF,FF FF FF 2E 57 FF FF FF,[],190=2789.75/exp 2789.7119 VALUE_OK
MATCH,6137,0x0CF00400,61444,142978.0,126631.583,-0.017,FF FF FF 01 57 FF FF FF,FF FF FF 01 57 FF FF FF,[],190=2784.125/exp 2784.176 VALUE_OK
MATCH,6138,0x0CF00400,61444,142983.0,126636.591,-0.009,FF FF FF D5 56 FF FF FF,FF FF FF D5 56 FF FF FF,[],190=2778.625/exp 2778.6242 VALUE_OK
MATCH,6139,0x0CF00400,61444,142988.0,126641.555,-0.044,FF FF FF A8 56 FF FF FF,FF FF FF A8 56 FF FF FF,[],190=2773.0/exp 2773.0565 VALUE_OK
MATCH,6140,0x0CF00400,61444,142993.0,126646.554,-0.045,FF FF FF 7C 56 FF FF FF,FF FF FF 7C 56 FF FF FF,[],190=2767.5/exp 2767.4731 VALUE_OK
MATCH,6141,0x0CF00400,61444,142998.0,126651.565,-0.033,FF FF FF 4F 56 FF FF FF,FF FF FF 4F 56 FF FF FF,[],190=2761.875/exp 2761.8739 VALUE_OK
MATCH,6142,0x0CF00400,61444,143003.0,126656.577,-0.02,FF FF FF 22 56 FF FF FF,FF FF FF 22 56 FF FF FF,[],190=2756.25/exp 2756.2592 VALUE_OK
MATCH,6143,0x0CF00400,61444,143008.0,126661.592,-0.005,FF FF FF F5 55 FF FF FF,FF FF FF F5 55 FF FF FF,[],190=2750.625/exp 2750.6289 VALUE_OK
MATCH,6144,0x0CF00400,61444,143013.0,126666.54,-0.056,FF FF FF C8 55 FF FF FF,FF FF FF C8 55 FF FF FF,[],190=2745.0/exp 2744.9832 VALUE_OK
MATCH,6145,0x0CF00400,61444,143018.0,126671.551,-0.044,FF FF FF 9B 55 FF FF FF,FF FF FF 9B 55 FF FF FF,[],190=2739.375/exp 2739.3222 VALUE_OK
MATCH,6146,0x0CF00400,61444,143023.0,126676.563,-0.031,FF FF FF 6D 55 FF FF FF,FF FF FF 6D 55 FF FF FF,[],190=2733.625/exp 2733.6459 VALUE_OK
MATCH,6147,0x0CF00400,61444,143028.0,126681.579,-0.015,FF FF FF 40 55 FF FF FF,FF FF FF 40 55 FF FF FF,[],190=2728.0/exp 2727.9545 VALUE_OK
MATCH,6148,0x0CF00400,61444,143033.0,126686.586,-0.008,FF FF FF 12 55 FF FF FF,FF FF FF 12 55 FF FF FF,[],190=2722.25/exp 2722.2479 VALUE_OK
MATCH,6149,0x0CF00400,61444,143038.0,126691.578,-0.015,FF FF FF E4 54 FF FF FF,FF FF FF E4 54 FF FF FF,[],190=2716.5/exp 2716.5264 VALUE_OK
MATCH,6150,0x0CF00400,61444,143043.0,126696.589,-0.004,FF FF FF B6 54 FF FF FF,FF FF FF B6 54 FF FF FF,[],190=2710.75/exp 2710.7899 VALUE_OK
MATCH,6151,0x0CF00400,61444,143048.0,126701.533,-0.06,FF FF FF 88 54 FF FF FF,FF FF FF 88 54 FF FF FF,[],190=2705.0/exp 2705.0387 VALUE_OK
MATCH,6152,0x0CF00400,61444,143053.0,126706.548,-0.044,FF FF FF 5A 54 FF FF FF,FF FF FF 5A 54 FF FF FF,[],190=2699.25/exp 2699.2727 VALUE_OK
MATCH,6153,0x0CF00400,61444,143058.0,126711.564,-0.027,FF FF FF 2C 54 FF FF FF,FF FF FF 2C 54 FF FF FF,[],190=2693.5/exp 2693.4921 VALUE_OK
MATCH,6154,0x0CF00400,61444,143063.0,126716.587,-0.003,FF FF FF FE 53 FF FF FF,FF FF FF FE 53 FF FF FF,[],190=2687.75/exp 2687.6969 VALUE_OK
MATCH,6155,0x0CF00400,61444,143068.0,126721.587,-0.003,FF FF FF CF 53 FF FF FF,FF FF FF CF 53 FF FF FF,[],190=2681.875/exp 2681.8873 VALUE_OK
MATCH,6156,0x0CF00400,61444,143073.0,126726.542,-0.048,FF FF FF A1 53 FF FF FF,FF FF FF A1 53 FF FF FF,[],190=2676.125/exp 2676.0633 VALUE_OK
MATCH,6157,0x0CF00400,61444,143078.0,126731.55,-0.039,FF FF FF 72 53 FF FF FF,FF FF FF 72 53 FF FF FF,[],190=2670.25/exp 2670.225 VALUE_OK
MATCH,6158,0x0CF00400,61444,143083.0,126736.562,-0.027,FF FF FF 43 53 FF FF FF,FF FF FF 43 53 FF FF FF,[],190=2664.375/exp 2664.3725 VALUE_OK
MATCH,6159,0x0CF00400,61444,143088.0,126741.569,-0.019,FF FF FF 14 53 FF FF FF,FF FF FF 14 53 FF FF FF,[],190=2658.5/exp 2658.5059 VALUE_OK
MATCH,6160,0x0CF00400,61444,143093.0,126746.589,0.001,FF FF FF E5 52 FF FF FF,FF FF FF E5 52 FF FF FF,[],190=2652.625/exp 2652.6253 VALUE_OK
MATCH,6161,0x0CF00400,61444,143098.0,126751.536,-0.052,FF FF FF B6 52 FF FF FF,FF FF FF B6 52 FF FF FF,[],190=2646.75/exp 2646.7308 VALUE_OK
MATCH,6162,0x0CF00400,61444,143103.0,126756.552,-0.035,FF FF FF 87 52 FF FF FF,FF FF FF 87 52 FF FF FF,[],190=2640.875/exp 2640.8225 VALUE_OK
MATCH,6163,0x0CF00400,61444,143108.0,126761.559,-0.027,FF FF FF 57 52 FF FF FF,FF FF FF 57 52 FF FF FF,[],190=2634.875/exp 2634.9004 VALUE_OK
MATCH,6164,0x0CF00400,61444,143113.0,126766.563,-0.022,FF FF FF 28 52 FF FF FF,FF FF FF 28 52 FF FF FF,[],190=2629.0/exp 2628.9647 VALUE_OK
MATCH,6165,0x0CF00400,61444,143118.0,126771.526,-0.059,FF FF FF F8 51 FF FF FF,FF FF FF F8 51 FF FF FF,[],190=2623.0/exp 2623.0154 VALUE_OK
MATCH,6166,0x0CF00400,61444,143123.0,126776.546,-0.038,FF FF FF C8 51 FF FF FF,FF FF FF C8 51 FF FF FF,[],190=2617.0/exp 2617.0527 VALUE_OK
MATCH,6167,0x0CF00400,61444,143128.0,126781.574,-0.009,FF FF FF 99 51 FF FF FF,FF FF FF 99 51 FF FF FF,[],190=2611.125/exp 2611.0766 VALUE_OK
MATCH,6168,0x0CF00400,61444,143133.0,126786.529,-0.054,FF FF FF 69 51 FF FF FF,FF FF FF 69 51 FF FF FF,[],190=2605.125/exp 2605.0872 VALUE_OK
MATCH,6169,0x0CF00400,61444,143138.0,126791.544,-0.038,FF FF FF 39 51 FF FF FF,FF FF FF 39 51 FF FF FF,[],190=2599.125/exp 2599.0846 VALUE_OK
MATCH,6170,0x0CF00400,61444,143143.0,126796.572,-0.009,FF FF FF 09 51 FF FF FF,FF FF FF 09 51 FF FF FF,[],190=2593.125/exp 2593.0689 VALUE_OK
MATCH,6171,0x0CF00400,61444,143148.0,126801.523,-0.058,FF FF FF D8 50 FF FF FF,FF FF FF D8 50 FF FF FF,[],190=2587.0/exp 2587.0403 VALUE_OK
MATCH,6172,0x0CF00400,61444,143153.0,126806.535,-0.045,FF FF FF A8 50 FF FF FF,FF FF FF A8 50 FF FF FF,[],190=2581.0/exp 2580.9987 VALUE_OK
MATCH,6173,0x0CF00400,61444,143158.0,126811.547,-0.032,FF FF FF 78 50 FF FF FF,FF FF FF 78 50 FF FF FF,[],190=2575.0/exp 2574.9443 VALUE_OK
MATCH,6174,0x0CF00400,61444,143163.0,126816.526,-0.052,FF FF FF 47 50 FF FF FF,FF FF FF 47 50 FF FF FF,[],190=2568.875/exp 2568.8772 VALUE_OK
MATCH,6175,0x0CF00400,61444,143168.0,126821.542,-0.035,FF FF FF 16 50 FF FF FF,FF FF FF 16 50 FF FF FF,[],190=2562.75/exp 2562.7974 VALUE_OK
MATCH,6176,0x0CF00400,61444,143173.0,126826.565,-0.011,FF FF FF E6 4F FF FF FF,FF FF FF E6 4F FF FF FF,[],190=2556.75/exp 2556.7052 VALUE_OK
MATCH,6177,0x0CF00400,61444,143178.0,126831.577,0.001,FF FF FF B5 4F FF FF FF,FF FF FF B5 4F FF FF FF,[],190=2550.625/exp 2550.6004 VALUE_OK
MATCH,6178,0x0CF00400,61444,143183.0,126836.528,-0.048,FF FF FF 84 4F FF FF FF,FF FF FF 84 4F FF FF FF,[],190=2544.5/exp 2544.4834 VALUE_OK
MATCH,6179,0x0CF00400,61444,143188.0,126841.532,-0.043,FF FF FF 53 4F FF FF FF,FF FF FF 53 4F FF FF FF,[],190=2538.375/exp 2538.3541 VALUE_OK
MATCH,6180,0x0CF00400,61444,143193.0,126846.539,-0.035,FF FF FF 22 4F FF FF FF,FF FF FF 22 4F FF FF FF,[],190=2532.25/exp 2532.2126 VALUE_OK
MATCH,6181,0x0CF00400,61444,143198.0,126851.563,-0.011,FF FF FF F0 4E FF FF FF,FF FF FF F0 4E FF FF FF,[],190=2526.0/exp 2526.0591 VALUE_OK
MATCH,6182,0x0CF00400,61444,143203.0,126856.566,-0.007,FF FF FF BF 4E FF FF FF,FF FF FF BF 4E FF FF FF,[],190=2519.875/exp 2519.8935 VALUE_OK
MATCH,6183,0x0CF00400,61444,143208.0,126861.526,-0.047,FF FF FF 8E 4E FF FF FF,FF FF FF 8E 4E FF FF FF,[],190=2513.75/exp 2513.7162 VALUE_OK
MATCH,6184,0x0CF00400,61444,143213.0,126866.526,-0.046,FF FF FF 5C 4E FF FF FF,FF FF FF 5C 4E FF FF FF,[],190=2507.5/exp 2507.527 VALUE_OK
MATCH,6185,0x0CF00400,61444,143218.0,126871.541,-0.03,FF FF FF 2B 4E FF FF FF,FF FF FF 2B 4E FF FF FF,[],190=2501.375/exp 2501.3262 VALUE_OK
MATCH,6186,0x0CF00400,61444,143223.0,126876.561,-0.01,FF FF FF F9 4D FF FF FF,FF FF FF F9 4D FF FF FF,[],190=2495.125/exp 2495.1138 VALUE_OK
MATCH,6187,0x0CF00400,61444,143228.0,126881.508,-0.063,FF FF FF C7 4D FF FF FF,FF FF FF C7 4D FF FF FF,[],190=2488.875/exp 2488.8898 VALUE_OK
MATCH,6188,0x0CF00400,61444,143233.0,126886.52,-0.049,FF FF FF 95 4D FF FF FF,FF FF FF 95 4D FF FF FF,[],190=2482.625/exp 2482.6545 VALUE_OK
MATCH,6189,0x0CF00400,61444,143238.0,126891.527,-0.041,FF FF FF 63 4D FF FF FF,FF FF FF 63 4D FF FF FF,[],190=2476.375/exp 2476.4079 VALUE_OK
MATCH,6190,0x0CF00400,61444,143243.0,126896.539,-0.029,FF FF FF 31 4D FF FF FF,FF FF FF 31 4D FF FF FF,[],190=2470.125/exp 2470.1501 VALUE_OK
MATCH,6191,0x0CF00400,61444,143248.0,126901.558,-0.009,FF FF FF FF 4C FF FF FF,FF FF FF FF 4C FF FF FF,[],190=2463.875/exp 2463.8812 VALUE_OK
MATCH,6192,0x0CF00400,61444,143253.0,126906.498,-0.069,FF FF FF CD 4C FF FF FF,FF FF FF CD 4C FF FF FF,[],190=2457.625/exp 2457.6013 VALUE_OK
MATCH,6193,0x0CF00400,61444,143258.0,126911.509,-0.056,FF FF FF 9A 4C FF FF FF,FF FF FF 9A 4C FF FF FF,[],190=2451.25/exp 2451.3105 VALUE_OK
MATCH,6194,0x0CF00400,61444,143263.0,126916.517,-0.047,FF FF FF 68 4C FF FF FF,FF FF FF 68 4C FF FF FF,[],190=2445.0/exp 2445.0088 VALUE_OK
MATCH,6195,0x0CF00400,61444,143268.0,126921.532,-0.031,FF FF FF 36 4C FF FF FF,FF FF FF 36 4C FF FF FF,[],190=2438.75/exp 2438.6964 VALUE_OK
MATCH,6196,0x0CF00400,61444,143273.0,126926.548,-0.015,FF FF FF 03 4C FF FF FF,FF FF FF 03 4C FF FF FF,[],190=2432.375/exp 2432.3735 VALUE_OK
MATCH,6197,0x0CF00400,61444,143278.0,126931.503,-0.059,FF FF FF D0 4B FF FF FF,FF FF FF D0 4B FF FF FF,[],190=2426.0/exp 2426.0399 VALUE_OK
MATCH,6198,0x0CF00400,61444,143283.0,126936.511,-0.05,FF FF FF 9E 4B FF FF FF,FF FF FF 9E 4B FF FF FF,[],190=2419.75/exp 2419.696 VALUE_OK
MATCH,6199,0x0CF00400,61444,143288.0,126941.498,-0.062,FF FF FF 6B 4B FF FF FF,FF FF FF 6B 4B FF FF FF,[],190=2413.375/exp 2413.3417 VALUE_OK
MATCH,6200,0x0CF00400,61444,143293.0,126946.506,-0.053,FF FF FF 38 4B FF FF FF,FF FF FF 38 4B FF FF FF,[],190=2407.0/exp 2406.9772 VALUE_OK
MATCH,6201,0x0CF00400,61444,143298.0,126951.526,-0.032,FF FF FF 05 4B FF FF FF,FF FF FF 05 4B FF FF FF,[],190=2400.625/exp 2400.6026 VALUE_OK
MATCH,6202,0x0CF00400,61444,143303.0,126956.534,-0.023,FF FF FF D2 4A FF FF FF,FF FF FF D2 4A FF FF FF,[],190=2394.25/exp 2394.218 VALUE_OK
MATCH,6203,0x0CF00400,61444,143308.0,126961.545,-0.012,FF FF FF 9F 4A FF FF FF,FF FF FF 9F 4A FF FF FF,[],190=2387.875/exp 2387.8234 VALUE_OK
MATCH,6204,0x0CF00400,61444,143313.0,126966.493,-0.064,FF FF FF 6B 4A FF FF FF,FF FF FF 6B 4A FF FF FF,[],190=2381.375/exp 2381.4189 VALUE_OK
MATCH,6205,0x0CF00400,61444,143318.0,126971.5,-0.055,FF FF FF 38 4A FF FF FF,FF FF FF 38 4A FF FF FF,[],190=2375.0/exp 2375.0048 VALUE_OK
MATCH,6206,0x0CF00400,61444,143323.0,126976.52,-0.034,FF FF FF 05 4A FF FF FF,FF FF FF 05 4A FF FF FF,[],190=2368.625/exp 2368.581 VALUE_OK
MATCH,6207,0x0CF00400,61444,143328.0,126981.532,-0.022,FF FF FF D1 49 FF FF FF,FF FF FF D1 49 FF FF FF,[],190=2362.125/exp 2362.1476 VALUE_OK
MATCH,6208,0x0CF00400,61444,143333.0,126986.543,-0.01,FF FF FF 9E 49 FF FF FF,FF FF FF 9E 49 FF FF FF,[],190=2355.75/exp 2355.7048 VALUE_OK
MATCH,6209,0x0CF00400,61444,143338.0,126991.491,-0.062,FF FF FF 6A 49 FF FF FF,FF FF FF 6A 49 FF FF FF,[],190=2349.25/exp 2349.2527 VALUE_OK
MATCH,6210,0x0CF00400,61444,143343.0,126996.502,-0.05,FF FF FF 36 49 FF FF FF,FF FF FF 36 49 FF FF FF,[],190=2342.75/exp 2342.7914 VALUE_OK
MATCH,6211,0x0CF00400,61444,143348.0,127001.518,-0.033,FF FF FF 03 49 FF FF FF,FF FF FF 03 49 FF FF FF,[],190=2336.375/exp 2336.3209 VALUE_OK
MATCH,6212,0x0CF00400,61444,143353.0,127006.53,-0.02,FF FF FF CF 48 FF FF FF,FF FF FF CF 48 FF FF FF,[],190=2329.875/exp 2329.8413 VALUE_OK
MATCH,6213,0x0CF00400,61444,143358.0,127011.541,-0.009,FF FF FF 9B 48 FF FF FF,FF FF FF 9B 48 FF FF FF,[],190=2323.375/exp 2323.3528 VALUE_OK
MATCH,6214,0x0CF00400,61444,143363.0,127016.488,-0.061,FF FF FF 67 48 FF FF FF,FF FF FF 67 48 FF FF FF,[],190=2316.875/exp 2316.8555 VALUE_OK
MATCH,6215,0x0CF00400,61444,143368.0,127021.504,-0.044,FF FF FF 33 48 FF FF FF,FF FF FF 33 48 FF FF FF,[],190=2310.375/exp 2310.3494 VALUE_OK
MATCH,6216,0x0CF00400,61444,143373.0,127026.524,-0.023,FF FF FF FF 47 FF FF FF,FF FF FF FF 47 FF FF FF,[],190=2303.875/exp 2303.8347 VALUE_OK
MATCH,6217,0x0CF00400,61444,143378.0,127031.535,-0.012,FF FF FF CA 47 FF FF FF,FF FF FF CA 47 FF FF FF,[],190=2297.25/exp 2297.3114 VALUE_OK
MATCH,6218,0x0CF00400,61444,143383.0,127036.539,-0.008,FF FF FF 96 47 FF FF FF,FF FF FF 96 47 FF FF FF,[],190=2290.75/exp 2290.7797 VALUE_OK
MATCH,6219,0x0CF00400,61444,143388.0,127041.486,-0.06,FF FF FF 62 47 FF FF FF,FF FF FF 62 47 FF FF FF,[],190=2284.25/exp 2284.2397 VALUE_OK
MATCH,6220,0x0CF00400,61444,143393.0,127046.502,-0.043,FF FF FF 2E 47 FF FF FF,FF FF FF 2E 47 FF FF FF,[],190=2277.75/exp 2277.6914 VALUE_OK
MATCH,6221,0x0CF00400,61444,143398.0,127051.513,-0.031,FF FF FF F9 46 FF FF FF,FF FF FF F9 46 FF FF FF,[],190=2271.125/exp 2271.135 VALUE_OK
MATCH,6222,0x0CF00400,61444,143403.0,127056.525,-0.019,FF FF FF C5 46 FF FF FF,FF FF FF C5 46 FF FF FF,[],190=2264.625/exp 2264.5706 VALUE_OK
MATCH,6223,0x0CF00400,61444,143408.0,127061.532,-0.011,FF FF FF 90 46 FF FF FF,FF FF FF 90 46 FF FF FF,[],190=2258.0/exp 2257.9982 VALUE_OK
MATCH,6224,0x0CF00400,61444,143413.0,127066.52,-0.023,FF FF FF 5B 46 FF FF FF,FF FF FF 5B 46 FF FF FF,[],190=2251.375/exp 2251.418 VALUE_OK
MATCH,6225,0x0CF00400,61444,143418.0,127071.531,-0.012,FF FF FF 27 46 FF FF FF,FF FF FF 27 46 FF FF FF,[],190=2244.875/exp 2244.83 VALUE_OK
MATCH,6226,0x0CF00400,61444,143423.0,127076.487,-0.055,FF FF FF F2 45 FF FF FF,FF FF FF F2 45 FF FF FF,[],190=2238.25/exp 2238.2344 VALUE_OK
MATCH,6227,0x0CF00400,61444,143428.0,127081.499,-0.042,FF FF FF BD 45 FF FF FF,FF FF FF BD 45 FF FF FF,[],190=2231.625/exp 2231.6313 VALUE_OK
MATCH,6228,0x0CF00400,61444,143433.0,127086.51,-0.03,FF FF FF 88 45 FF FF FF,FF FF FF 88 45 FF FF FF,[],190=2225.0/exp 2225.0208 VALUE_OK
MATCH,6229,0x0CF00400,61444,143438.0,127091.517,-0.023,FF FF FF 53 45 FF FF FF,FF FF FF 53 45 FF FF FF,[],190=2218.375/exp 2218.4029 VALUE_OK
MATCH,6230,0x0CF00400,61444,143443.0,127096.529,-0.01,FF FF FF 1E 45 FF FF FF,FF FF FF 1E 45 FF FF FF,[],190=2211.75/exp 2211.7778 VALUE_OK
MATCH,6231,0x0CF00400,61444,143448.0,127101.484,-0.055,FF FF FF E9 44 FF FF FF,FF FF FF E9 44 FF FF FF,[],190=2205.125/exp 2205.1456 VALUE_OK
MATCH,6232,0x0CF00400,61444,143453.0,127106.5,-0.038,FF FF FF B4 44 FF FF FF,FF FF FF B4 44 FF FF FF,[],190=2198.5/exp 2198.5064 VALUE_OK
MATCH,6233,0x0CF00400,61444,143458.0,127111.5,-0.037,FF FF FF 7F 44 FF FF FF,FF FF FF 7F 44 FF FF FF,[],190=2191.875/exp 2191.8603 VALUE_OK
MATCH,6234,0x0CF00400,61444,143463.0,127116.519,-0.018,FF FF FF 4A 44 FF FF FF,FF FF FF 4A 44 FF FF FF,[],190=2185.25/exp 2185.2073 VALUE_OK
MATCH,6235,0x0CF00400,61444,143468.0,127121.467,-0.069,FF FF FF 14 44 FF FF FF,FF FF FF 14 44 FF FF FF,[],190=2178.5/exp 2178.5476 VALUE_OK
MATCH,6236,0x0CF00400,61444,143473.0,127126.49,-0.045,FF FF FF DF 43 FF FF FF,FF FF FF DF 43 FF FF FF,[],190=2171.875/exp 2171.8814 VALUE_OK
MATCH,6237,0x0CF00400,61444,143478.0,127131.498,-0.036,FF FF FF AA 43 FF FF FF,FF FF FF AA 43 FF FF FF,[],190=2165.25/exp 2165.2086 VALUE_OK
MATCH,6238,0x0CF00400,61444,143483.0,127136.505,-0.028,FF FF FF 74 43 FF FF FF,FF FF FF 74 43 FF FF FF,[],190=2158.5/exp 2158.5294 VALUE_OK
MATCH,6239,0x0CF00400,61444,143488.0,127141.525,-0.008,FF FF FF 3F 43 FF FF FF,FF FF FF 3F 43 FF FF FF,[],190=2151.875/exp 2151.8439 VALUE_OK
MATCH,6240,0x0CF00400,61444,143493.0,127146.468,-0.065,FF FF FF 09 43 FF FF FF,FF FF FF 09 43 FF FF FF,[],190=2145.125/exp 2145.1522 VALUE_OK
MATCH,6241,0x0CF00400,61444,143498.0,127151.488,-0.043,FF FF FF D4 42 FF FF FF,FF FF FF D4 42 FF FF FF,[],190=2138.5/exp 2138.4544 VALUE_OK
MATCH,6242,0x0CF00400,61444,143503.0,127156.491,-0.039,FF FF FF 9E 42 FF FF FF,FF FF FF 9E 42 FF FF FF,[],190=2131.75/exp 2131.7507 VALUE_OK
MATCH,6243,0x0CF00400,61444,143508.0,127161.511,-0.019,FF FF FF 68 42 FF FF FF,FF FF FF 68 42 FF FF FF,[],190=2125.0/exp 2125.041 VALUE_OK
MATCH,6244,0x0CF00400,61444,143513.0,127166.51,-0.019,FF FF FF 33 42 FF FF FF,FF FF FF 33 42 FF FF FF,[],190=2118.375/exp 2118.3256 VALUE_OK
MATCH,6245,0x0CF00400,61444,143518.0,127171.474,-0.055,FF FF FF FD 41 FF FF FF,FF FF FF FD 41 FF FF FF,[],190=2111.625/exp 2111.6045 VALUE_OK
MATCH,6246,0x0CF00400,61444,143523.0,127176.482,-0.046,FF FF FF C7 41 FF FF FF,FF FF FF C7 41 FF FF FF,[],190=2104.875/exp 2104.8778 VALUE_OK
MATCH,6247,0x0CF00400,61444,143528.0,127181.493,-0.034,FF FF FF 91 41 FF FF FF,FF FF FF 91 41 FF FF FF,[],190=2098.125/exp 2098.1456 VALUE_OK
MATCH,6248,0x0CF00400,61444,143533.0,127186.504,-0.022,FF FF FF 5B 41 FF FF FF,FF FF FF 5B 41 FF FF FF,[],190=2091.375/exp 2091.4081 VALUE_OK
MATCH,6249,0x0CF00400,61444,143538.0,127191.492,-0.034,FF FF FF 25 41 FF FF FF,FF FF FF 25 41 FF FF FF,[],190=2084.625/exp 2084.6653 VALUE_OK
MATCH,6250,0x0CF00400,61444,143543.0,127196.5,-0.025,FF FF FF EF 40 FF FF FF,FF FF FF EF 40 FF FF FF,[],190=2077.875/exp 2077.9173 VALUE_OK
MATCH,6251,0x0CF00400,61444,143548.0,127201.519,-0.006,FF FF FF B9 40 FF FF FF,FF FF FF B9 40 FF FF FF,[],190=2071.125/exp 2071.1643 VALUE_OK
MATCH,6252,0x0CF00400,61444,143553.0,127206.471,-0.053,FF FF FF 83 40 FF FF FF,FF FF FF 83 40 FF FF FF,[],190=2064.375/exp 2064.4063 VALUE_OK
MATCH,6253,0x0CF00400,61444,143558.0,127211.478,-0.045,FF FF FF 4D 40 FF FF FF,FF FF FF 4D 40 FF FF FF,[],190=2057.625/exp 2057.6435 VALUE_OK
MATCH,6254,0x0CF00400,61444,143563.0,127216.482,-0.04,FF FF FF 17 40 FF FF FF,FF FF FF 17 40 FF FF FF,[],190=2050.875/exp 2050.8759 VALUE_OK
MATCH,6255,0x0CF00400,61444,143568.0,127221.497,-0.025,FF FF FF E1 3F FF FF FF,FF FF FF E1 3F FF FF FF,[],190=2044.125/exp 2044.1037 VALUE_OK
MATCH,6256,0x0CF00400,61444,143573.0,127226.505,-0.016,FF FF FF AB 3F FF FF FF,FF FF FF AB 3F FF FF FF,[],190=2037.375/exp 2037.327 VALUE_OK
MATCH,6257,0x0CF00400,61444,143578.0,127231.512,-0.009,FF FF FF 74 3F FF FF FF,FF FF FF 74 3F FF FF FF,[],190=2030.5/exp 2030.5458 VALUE_OK
MATCH,6258,0x0CF00400,61444,143583.0,127236.46,-0.061,FF FF FF 3E 3F FF FF FF,FF FF FF 3E 3F FF FF FF,[],190=2023.75/exp 2023.7603 VALUE_OK
MATCH,6259,0x0CF00400,61444,143588.0,127241.471,-0.048,FF FF FF 08 3F FF FF FF,FF FF FF 08 3F FF FF FF,[],190=2017.0/exp 2016.9706 VALUE_OK
MATCH,6260,0x0CF00400,61444,143593.0,127246.475,-0.043,FF FF FF D1 3E FF FF FF,FF FF FF D1 3E FF FF FF,[],190=2010.125/exp 2010.1768 VALUE_OK
MATCH,6261,0x0CF00400,61444,143598.0,127251.487,-0.031,FF FF FF 9B 3E FF FF FF,FF FF FF 9B 3E FF FF FF,[],190=2003.375/exp 2003.3789 VALUE_OK
MATCH,6262,0x0CF00400,61444,143603.0,127256.486,-0.031,FF FF FF 65 3E FF FF FF,FF FF FF 65 3E FF FF FF,[],190=1996.625/exp 1996.5772 VALUE_OK
MATCH,6263,0x0CF00400,61444,143608.0,127261.497,-0.019,FF FF FF 2E 3E FF FF FF,FF FF FF 2E 3E FF FF FF,[],190=1989.75/exp 1989.7716 VALUE_OK
MATCH,6264,0x0CF00400,61444,143613.0,127266.513,-0.003,FF FF FF F8 3D FF FF FF,FF FF FF F8 3D FF FF FF,[],190=1983.0/exp 1982.9623 VALUE_OK
MATCH,6265,0x0CF00400,61444,143618.0,127271.457,-0.059,FF FF FF C1 3D FF FF FF,FF FF FF C1 3D FF FF FF,[],190=1976.125/exp 1976.1495 VALUE_OK
MATCH,6266,0x0CF00400,61444,143623.0,127276.468,-0.047,FF FF FF 8B 3D FF FF FF,FF FF FF 8B 3D FF FF FF,[],190=1969.375/exp 1969.3332 VALUE_OK
MATCH,6267,0x0CF00400,61444,143628.0,127281.468,-0.046,FF FF FF 54 3D FF FF FF,FF FF FF 54 3D FF FF FF,[],190=1962.5/exp 1962.5134 VALUE_OK
MATCH,6268,0x0CF00400,61444,143633.0,127286.471,-0.042,FF FF FF 1E 3D FF FF FF,FF FF FF 1E 3D FF FF FF,[],190=1955.75/exp 1955.6904 VALUE_OK
MATCH,6269,0x0CF00400,61444,143638.0,127291.479,-0.033,FF FF FF E7 3C FF FF FF,FF FF FF E7 3C FF FF FF,[],190=1948.875/exp 1948.8643 VALUE_OK
MATCH,6270,0x0CF00400,61444,143643.0,127296.495,-0.016,FF FF FF B0 3C FF FF FF,FF FF FF B0 3C FF FF FF,[],190=1942.0/exp 1942.035 VALUE_OK
MATCH,6271,0x0CF00400,61444,143648.0,127301.498,-0.013,FF FF FF 7A 3C FF FF FF,FF FF FF 7A 3C FF FF FF,[],190=1935.25/exp 1935.2028 VALUE_OK
MATCH,6272,0x0CF00400,61444,143653.0,127306.449,-0.062,FF FF FF 43 3C FF FF FF,FF FF FF 43 3C FF FF FF,[],190=1928.375/exp 1928.3678 VALUE_OK
MATCH,6273,0x0CF00400,61444,143658.0,127311.449,-0.061,FF FF FF 0C 3C FF FF FF,FF FF FF 0C 3C FF FF FF,[],190=1921.5/exp 1921.53 VALUE_OK
MATCH,6274,0x0CF00400,61444,143663.0,127316.497,-0.011,FF FF FF D6 3B FF FF FF,FF FF FF D6 3B FF FF FF,[],190=1914.75/exp 1914.6895 VALUE_OK
MATCH,6275,0x0CF00400,61444,143668.0,127321.452,-0.056,FF FF FF 9F 3B FF FF FF,FF FF FF 9F 3B FF FF FF,[],190=1907.875/exp 1907.8466 VALUE_OK
MATCH,6276,0x0CF00400,61444,143673.0,127326.455,-0.052,FF FF FF 68 3B FF FF FF,FF FF FF 68 3B FF FF FF,[],190=1901.0/exp 1901.0011 VALUE_OK
MATCH,6277,0x0CF00400,61444,143678.0,127331.459,-0.047,FF FF FF 31 3B FF FF FF,FF FF FF 31 3B FF FF FF,[],190=1894.125/exp 1894.1534 VALUE_OK
MATCH,6278,0x0CF00400,61444,143683.0,127336.47,-0.035,FF FF FF FA 3A FF FF FF,FF FF FF FA 3A FF FF FF,[],190=1887.25/exp 1887.3034 VALUE_OK
MATCH,6279,0x0CF00400,61444,143688.0,127341.482,-0.022,FF FF FF C4 3A FF FF FF,FF FF FF C4 3A FF FF FF,[],190=1880.5/exp 1880.4513 VALUE_OK
MATCH,6280,0x0CF00400,61444,143693.0,127346.482,-0.022,FF FF FF 8D 3A FF FF FF,FF FF FF 8D 3A FF FF FF,[],190=1873.625/exp 1873.5972 VALUE_OK
MATCH,6281,0x0CF00400,61444,143698.0,127351.489,-0.014,FF FF FF 56 3A FF FF FF,FF FF FF 56 3A FF FF FF,[],190=1866.75/exp 1866.7412 VALUE_OK
MATCH,6282,0x0CF00400,61444,143703.0,127356.445,-0.058,FF FF FF 1F 3A FF FF FF,FF FF FF 1F 3A FF FF FF,[],190=1859.875/exp 1859.8834 VALUE_OK
MATCH,6283,0x0CF00400,61444,143708.0,127361.464,-0.038,FF FF FF E8 39 FF FF FF,FF FF FF E8 39 FF FF FF,[],190=1853.0/exp 1853.0239 VALUE_OK
MATCH,6284,0x0CF00400,61444,143713.0,127366.472,-0.029,FF FF FF B1 39 FF FF FF,FF FF FF B1 39 FF FF FF,[],190=1846.125/exp 1846.1628 VALUE_OK
MATCH,6285,0x0CF00400,61444,143718.0,127371.483,-0.018,FF FF FF 7A 39 FF FF FF,FF FF FF 7A 39 FF FF FF,[],190=1839.25/exp 1839.3002 VALUE_OK
MATCH,6286,0x0CF00400,61444,143723.0,127376.443,-0.057,FF FF FF 43 39 FF FF FF,FF FF FF 43 39 FF FF FF,[],190=1832.375/exp 1832.4363 VALUE_OK
MATCH,6287,0x0CF00400,61444,143728.0,127381.463,-0.036,FF FF FF 0D 39 FF FF FF,FF FF FF 0D 39 FF FF FF,[],190=1825.625/exp 1825.5711 VALUE_OK
MATCH,6288,0x0CF00400,61444,143733.0,127386.478,-0.02,FF FF FF D6 38 FF FF FF,FF FF FF D6 38 FF FF FF,[],190=1818.75/exp 1818.7047 VALUE_OK
MATCH,6289,0x0CF00400,61444,143738.0,127391.501,0.003,FF FF FF 9F 38 FF FF FF,FF FF FF 9F 38 FF FF FF,[],190=1811.875/exp 1811.8372 VALUE_OK
MATCH,6290,0x0CF00400,61444,143743.0,127396.437,-0.061,FF FF FF 68 38 FF FF FF,FF FF FF 68 38 FF FF FF,[],190=1805.0/exp 1804.9688 VALUE_OK
MATCH,6291,0x0CF00400,61444,143748.0,127401.44,-0.057,FF FF FF 31 38 FF FF FF,FF FF FF 31 38 FF FF FF,[],190=1798.125/exp 1798.0996 VALUE_OK
MATCH,6292,0x0CF00400,61444,143753.0,127406.456,-0.04,FF FF FF FA 37 FF FF FF,FF FF FF FA 37 FF FF FF,[],190=1791.25/exp 1791.2296 VALUE_OK
MATCH,6293,0x0CF00400,61444,143758.0,127411.468,-0.027,FF FF FF C3 37 FF FF FF,FF FF FF C3 37 FF FF FF,[],190=1784.375/exp 1784.359 VALUE_OK
MATCH,6294,0x0CF00400,61444,143763.0,127416.475,-0.019,FF FF FF 8C 37 FF FF FF,FF FF FF 8C 37 FF FF FF,[],190=1777.5/exp 1777.4878 VALUE_OK
MATCH,6295,0x0CF00400,61444,143768.0,127421.483,-0.011,FF FF FF 55 37 FF FF FF,FF FF FF 55 37 FF FF FF,[],190=1770.625/exp 1770.6162 VALUE_OK
MATCH,6296,0x0CF00400,61444,143773.0,127426.43,-0.064,FF FF FF 1E 37 FF FF FF,FF FF FF 1E 37 FF FF FF,[],190=1763.75/exp 1763.7443 VALUE_OK
MATCH,6297,0x0CF00400,61444,143778.0,127431.434,-0.058,FF FF FF E7 36 FF FF FF,FF FF FF E7 36 FF FF FF,[],190=1756.875/exp 1756.8722 VALUE_OK
MATCH,6298,0x0CF00400,61444,143783.0,127436.453,-0.038,FF FF FF B0 36 FF FF FF,FF FF FF B0 36 FF FF FF,[],190=1750.0/exp 1750.0 VALUE_OK
MATCH,6299,0x0CF00400,61444,143788.0,127441.469,-0.022,FF FF FF 79 36 FF FF FF,FF FF FF 79 36 FF FF FF,[],190=1743.125/exp 1743.1278 VALUE_OK
MATCH,6300,0x0CF00400,61444,143793.0,127446.481,-0.009,FF FF FF 42 36 FF FF FF,FF FF FF 42 36 FF FF FF,[],190=1736.25/exp 1736.2557 VALUE_OK
MATCH,6301,0x0CF00400,61444,143798.0,127451.429,-0.061,FF FF FF 0B 36 FF FF FF,FF FF FF 0B 36 FF FF FF,[],190=1729.375/exp 1729.3838 VALUE_OK
MATCH,6302,0x0CF00400,61444,143803.0,127456.444,-0.045,FF FF FF D4 35 FF FF FF,FF FF FF D4 35 FF FF FF,[],190=1722.5/exp 1722.5122 VALUE_OK
MATCH,6303,0x0CF00400,61444,143808.0,127461.472,-0.016,FF FF FF 9D 35 FF FF FF,FF FF FF 9D 35 FF FF FF,[],190=1715.625/exp 1715.641 VALUE_OK
MATCH,6304,0x0CF00400,61444,143813.0,127466.424,-0.064,FF FF FF 66 35 FF FF FF,FF FF FF 66 35 FF FF FF,[],190=1708.75/exp 1708.7704 VALUE_OK
MATCH,6305,0x0CF00400,61444,143818.0,127471.447,-0.039,FF FF FF 2F 35 FF FF FF,FF FF FF 2F 35 FF FF FF,[],190=1701.875/exp 1701.9004 VALUE_OK
MATCH,6306,0x0CF00400,61444,143823.0,127476.47,-0.015,FF FF FF F8 34 FF FF FF,FF FF FF F8 34 FF FF FF,[],190=1695.0/exp 1695.0312 VALUE_OK
MATCH,6307,0x0CF00400,61444,143828.0,127481.43,-0.055,FF FF FF C1 34 FF FF FF,FF FF FF C1 34 FF FF FF,[],190=1688.125/exp 1688.1628 VALUE_OK
MATCH,6308,0x0CF00400,61444,143833.0,127486.445,-0.039,FF FF FF 8A 34 FF FF FF,FF FF FF 8A 34 FF FF FF,[],190=1681.25/exp 1681.2953 VALUE_OK
MATCH,6309,0x0CF00400,61444,143838.0,127491.465,-0.018,FF FF FF 53 34 FF FF FF,FF FF FF 53 34 FF FF FF,[],190=1674.375/exp 1674.4289 VALUE_OK
MATCH,6310,0x0CF00400,61444,143843.0,127496.425,-0.058,FF FF FF 1D 34 FF FF FF,FF FF FF 1D 34 FF FF FF,[],190=1667.625/exp 1667.5637 VALUE_OK
MATCH,6311,0x0CF00400,61444,143848.0,127501.448,-0.034,FF FF FF E6 33 FF FF FF,FF FF FF E6 33 FF FF FF,[],190=1660.75/exp 1660.6998 VALUE_OK
MATCH,6312,0x0CF00400,61444,143853.0,127506.468,-0.013,FF FF FF AF 33 FF FF FF,FF FF FF AF 33 FF FF FF,[],190=1653.875/exp 1653.8372 VALUE_OK
MATCH,6313,0x0CF00400,61444,143858.0,127511.419,-0.062,FF FF FF 78 33 FF FF FF,FF FF FF 78 33 FF FF FF,[],190=1647.0/exp 1646.9761 VALUE_OK
MATCH,6314,0x0CF00400,61444,143863.0,127516.439,-0.041,FF FF FF 41 33 FF FF FF,FF FF FF 41 33 FF FF FF,[],190=1640.125/exp 1640.1166 VALUE_OK
MATCH,6315,0x0CF00400,61444,143868.0,127521.45,-0.029,FF FF FF 0A 33 FF FF FF,FF FF FF 0A 33 FF FF FF,[],190=1633.25/exp 1633.2588 VALUE_OK
MATCH,6316,0x0CF00400,61444,143873.0,127526.466,-0.012,FF FF FF D3 32 FF FF FF,FF FF FF D3 32 FF FF FF,[],190=1626.375/exp 1626.4028 VALUE_OK
MATCH,6317,0x0CF00400,61444,143878.0,127531.413,-0.065,FF FF FF 9C 32 FF FF FF,FF FF FF 9C 32 FF FF FF,[],190=1619.5/exp 1619.5487 VALUE_OK
MATCH,6318,0x0CF00400,61444,143883.0,127536.421,-0.056,FF FF FF 66 32 FF FF FF,FF FF FF 66 32 FF FF FF,[],190=1612.75/exp 1612.6966 VALUE_OK
MATCH,6319,0x0CF00400,61444,143888.0,127541.44,-0.036,FF FF FF 2F 32 FF FF FF,FF FF FF 2F 32 FF FF FF,[],190=1605.875/exp 1605.8466 VALUE_OK
MATCH,6320,0x0CF00400,61444,143893.0,127546.464,-0.011,FF FF FF F8 31 FF FF FF,FF FF FF F8 31 FF FF FF,[],190=1599.0/exp 1598.9989 VALUE_OK
MATCH,6321,0x0CF00400,61444,143898.0,127551.471,-0.004,FF FF FF C1 31 FF FF FF,FF FF FF C1 31 FF FF FF,[],190=1592.125/exp 1592.1534 VALUE_OK
MATCH,6322,0x0CF00400,61444,143903.0,127556.415,-0.06,FF FF FF 8A 31 FF FF FF,FF FF FF 8A 31 FF FF FF,[],190=1585.25/exp 1585.3105 VALUE_OK
MATCH,6323,0x0CF00400,61444,143908.0,127561.422,-0.051,FF FF FF 54 31 FF FF FF,FF FF FF 54 31 FF FF FF,[],190=1578.5/exp 1578.47 VALUE_OK
MATCH,6324,0x0CF00400,61444,143913.0,127566.414,-0.058,FF FF FF 1D 31 FF FF FF,FF FF FF 1D 31 FF FF FF,[],190=1571.625/exp 1571.6322 VALUE_OK
MATCH,6325,0x0CF00400,61444,143918.0,127571.422,-0.049,FF FF FF E6 30 FF FF FF,FF FF FF E6 30 FF FF FF,[],190=1564.75/exp 1564.7972 VALUE_OK
MATCH,6326,0x0CF00400,61444,143923.0,127576.445,-0.025,FF FF FF B0 30 FF FF FF,FF FF FF B0 30 FF FF FF,[],190=1558.0/exp 1557.965 VALUE_OK
MATCH,6327,0x0CF00400,61444,143928.0,127581.445,-0.025,FF FF FF 79 30 FF FF FF,FF FF FF 79 30 FF FF FF,[],190=1551.125/exp 1551.1357 VALUE_OK
MATCH,6328,0x0CF00400,61444,143933.0,127586.456,-0.013,FF FF FF 42 30 FF FF FF,FF FF FF 42 30 FF FF FF,[],190=1544.25/exp 1544.3096 VALUE_OK
MATCH,6329,0x0CF00400,61444,143938.0,127591.412,-0.057,FF FF FF 0C 30 FF FF FF,FF FF FF 0C 30 FF FF FF,[],190=1537.5/exp 1537.4866 VALUE_OK
MATCH,6330,0x0CF00400,61444,143943.0,127596.427,-0.041,FF FF FF D5 2F FF FF FF,FF FF FF D5 2F FF FF FF,[],190=1530.625/exp 1530.6668 VALUE_OK
MATCH,6331,0x0CF00400,61444,143948.0,127601.447,-0.02,FF FF FF 9F 2F FF FF FF,FF FF FF 9F 2F FF FF FF,[],190=1523.875/exp 1523.8505 VALUE_OK
MATCH,6332,0x0CF00400,61444,143953.0,127606.442,-0.025,FF FF FF 68 2F FF FF FF,FF FF FF 68 2F FF FF FF,[],190=1517.0/exp 1517.0377 VALUE_OK
MATCH,6333,0x0CF00400,61444,143958.0,127611.45,-0.016,FF FF FF 32 2F FF FF FF,FF FF FF 32 2F FF FF FF,[],190=1510.25/exp 1510.2284 VALUE_OK
MATCH,6334,0x0CF00400,61444,143963.0,127616.402,-0.064,FF FF FF FB 2E FF FF FF,FF FF FF FB 2E FF FF FF,[],190=1503.375/exp 1503.4228 VALUE_OK
MATCH,6335,0x0CF00400,61444,143968.0,127621.413,-0.051,FF FF FF C5 2E FF FF FF,FF FF FF C5 2E FF FF FF,[],190=1496.625/exp 1496.6211 VALUE_OK
MATCH,6336,0x0CF00400,61444,143973.0,127626.424,-0.039,FF FF FF 8F 2E FF FF FF,FF FF FF 8F 2E FF FF FF,[],190=1489.875/exp 1489.8232 VALUE_OK
MATCH,6337,0x0CF00400,61444,143978.0,127631.436,-0.027,FF FF FF 58 2E FF FF FF,FF FF FF 58 2E FF FF FF,[],190=1483.0/exp 1483.0294 VALUE_OK
MATCH,6338,0x0CF00400,61444,143983.0,127636.44,-0.022,FF FF FF 22 2E FF FF FF,FF FF FF 22 2E FF FF FF,[],190=1476.25/exp 1476.2397 VALUE_OK
MATCH,6339,0x0CF00400,61444,143988.0,127641.399,-0.063,FF FF FF EC 2D FF FF FF,FF FF FF EC 2D FF FF FF,[],190=1469.5/exp 1469.4542 VALUE_OK
MATCH,6340,0x0CF00400,61444,143993.0,127646.415,-0.045,FF FF FF B5 2D FF FF FF,FF FF FF B5 2D FF FF FF,[],190=1462.625/exp 1462.673 VALUE_OK
MATCH,6341,0x0CF00400,61444,143998.0,127651.422,-0.038,FF FF FF 7F 2D FF FF FF,FF FF FF 7F 2D FF FF FF,[],190=1455.875/exp 1455.8963 VALUE_OK
MATCH,6342,0x0CF00400,61444,144003.0,127656.434,-0.025,FF FF FF 49 2D FF FF FF,FF FF FF 49 2D FF FF FF,[],190=1449.125/exp 1449.1241 VALUE_OK
MATCH,6343,0x0CF00400,61444,144008.0,127661.445,-0.013,FF FF FF 13 2D FF FF FF,FF FF FF 13 2D FF FF FF,[],190=1442.375/exp 1442.3565 VALUE_OK
MATCH,6344,0x0CF00400,61444,144013.0,127666.393,-0.065,FF FF FF DD 2C FF FF FF,FF FF FF DD 2C FF FF FF,[],190=1435.625/exp 1435.5937 VALUE_OK
MATCH,6345,0x0CF00400,61444,144018.0,127671.404,-0.053,FF FF FF A7 2C FF FF FF,FF FF FF A7 2C FF FF FF,[],190=1428.875/exp 1428.8357 VALUE_OK
MATCH,6346,0x0CF00400,61444,144023.0,127676.412,-0.044,FF FF FF 71 2C FF FF FF,FF FF FF 71 2C FF FF FF,[],190=1422.125/exp 1422.0827 VALUE_OK
MATCH,6347,0x0CF00400,61444,144028.0,127681.419,-0.036,FF FF FF 3B 2C FF FF FF,FF FF FF 3B 2C FF FF FF,[],190=1415.375/exp 1415.3347 VALUE_OK
MATCH,6348,0x0CF00400,61444,144033.0,127686.435,-0.019,FF FF FF 05 2C FF FF FF,FF FF FF 05 2C FF FF FF,[],190=1408.625/exp 1408.5919 VALUE_OK
MATCH,6349,0x0CF00400,61444,144038.0,127691.427,-0.027,FF FF FF CF 2B FF FF FF,FF FF FF CF 2B FF FF FF,[],190=1401.875/exp 1401.8544 VALUE_OK
MATCH,6350,0x0CF00400,61444,144043.0,127696.438,-0.015,FF FF FF 99 2B FF FF FF,FF FF FF 99 2B FF FF FF,[],190=1395.125/exp 1395.1222 VALUE_OK
MATCH,6351,0x0CF00400,61444,144048.0,127701.449,-0.004,FF FF FF 63 2B FF FF FF,FF FF FF 63 2B FF FF FF,[],190=1388.375/exp 1388.3955 VALUE_OK
MATCH,6352,0x0CF00400,61444,144053.0,127706.393,-0.06,FF FF FF 2D 2B FF FF FF,FF FF FF 2D 2B FF FF FF,[],190=1381.625/exp 1381.6744 VALUE_OK
MATCH,6353,0x0CF00400,61444,144058.0,127711.417,-0.035,FF FF FF F8 2A FF FF FF,FF FF FF F8 2A FF FF FF,[],190=1375.0/exp 1374.959 VALUE_OK
MATCH,6354,0x0CF00400,61444,144063.0,127716.416,-0.035,FF FF FF C2 2A FF FF FF,FF FF FF C2 2A FF FF FF,[],190=1368.25/exp 1368.2493 VALUE_OK
MATCH,6355,0x0CF00400,61444,144068.0,127721.428,-0.022,FF FF FF 8C 2A FF FF FF,FF FF FF 8C 2A FF FF FF,[],190=1361.5/exp 1361.5456 VALUE_OK
MATCH,6356,0x0CF00400,61444,144073.0,127726.439,-0.011,FF FF FF 57 2A FF FF FF,FF FF FF 57 2A FF FF FF,[],190=1354.875/exp 1354.8478 VALUE_OK
MATCH,6357,0x0CF00400,61444,144078.0,127731.383,-0.067,FF FF FF 21 2A FF FF FF,FF FF FF 21 2A FF FF FF,[],190=1348.125/exp 1348.1561 VALUE_OK
MATCH,6358,0x0CF00400,61444,144083.0,127736.406,-0.042,FF FF FF EC 29 FF FF FF,FF FF FF EC 29 FF FF FF,[],190=1341.5/exp 1341.4706 VALUE_OK
MATCH,6359,0x0CF00400,61444,144088.0,127741.414,-0.033,FF FF FF B6 29 FF FF FF,FF FF FF B6 29 FF FF FF,[],190=1334.75/exp 1334.7914 VALUE_OK
MATCH,6360,0x0CF00400,61444,144093.0,127746.433,-0.014,FF FF FF 81 29 FF FF FF,FF FF FF 81 29 FF FF FF,[],190=1328.125/exp 1328.1186 VALUE_OK
MATCH,6361,0x0CF00400,61444,144098.0,127751.433,-0.013,FF FF FF 4C 29 FF FF FF,FF FF FF 4C 29 FF FF FF,[],190=1321.5/exp 1321.4524 VALUE_OK
MATCH,6362,0x0CF00400,61444,144103.0,127756.384,-0.062,FF FF FF 16 29 FF FF FF,FF FF FF 16 29 FF FF FF,[],190=1314.75/exp 1314.7927 VALUE_OK
MATCH,6363,0x0CF00400,61444,144108.0,127761.4,-0.045,FF FF FF E1 28 FF FF FF,FF FF FF E1 28 FF FF FF,[],190=1308.125/exp 1308.1397 VALUE_OK
MATCH,6364,0x0CF00400,61444,144113.0,127766.416,-0.028,FF FF FF AC 28 FF FF FF,FF FF FF AC 28 FF FF FF,[],190=1301.5/exp 1301.4936 VALUE_OK
MATCH,6365,0x0CF00400,61444,144118.0,127771.427,-0.016,FF FF FF 77 28 FF FF FF,FF FF FF 77 28 FF FF FF,[],190=1294.875/exp 1294.8544 VALUE_OK
MATCH,6366,0x0CF00400,61444,144123.0,127776.431,-0.012,FF FF FF 42 28 FF FF FF,FF FF FF 42 28 FF FF FF,[],190=1288.25/exp 1288.2222 VALUE_OK
MATCH,6367,0x0CF00400,61444,144128.0,127781.382,-0.061,FF FF FF 0D 28 FF FF FF,FF FF FF 0D 28 FF FF FF,[],190=1281.625/exp 1281.5971 VALUE_OK
MATCH,6368,0x0CF00400,61444,144133.0,127786.402,-0.04,FF FF FF D8 27 FF FF FF,FF FF FF D8 27 FF FF FF,[],190=1275.0/exp 1274.9792 VALUE_OK
MATCH,6369,0x0CF00400,61444,144138.0,127791.413,-0.028,FF FF FF A3 27 FF FF FF,FF FF FF A3 27 FF FF FF,[],190=1268.375/exp 1268.3687 VALUE_OK
MATCH,6370,0x0CF00400,61444,144143.0,127796.413,-0.027,FF FF FF 6E 27 FF FF FF,FF FF FF 6E 27 FF FF FF,[],190=1261.75/exp 1261.7656 VALUE_OK
MATCH,6371,0x0CF00400,61444,144148.0,127801.428,-0.012,FF FF FF 39 27 FF FF FF,FF FF FF 39 27 FF FF FF,[],190=1255.125/exp 1255.17 VALUE_OK
MATCH,6372,0x0CF00400,61444,144153.0,127806.38,-0.06,FF FF FF 05 27 FF FF FF,FF FF FF 05 27 FF FF FF,[],190=1248.625/exp 1248.582 VALUE_OK
MATCH,6373,0x0CF00400,61444,144158.0,127811.387,-0.051,FF FF FF D0 26 FF FF FF,FF FF FF D0 26 FF FF FF,[],190=1242.0/exp 1242.0018 VALUE_OK
MATCH,6374,0x0CF00400,61444,144163.0,127816.379,-0.058,FF FF FF 9B 26 FF FF FF,FF FF FF 9B 26 FF FF FF,[],190=1235.375/exp 1235.4294 VALUE_OK
MATCH,6375,0x0CF00400,61444,144168.0,127821.394,-0.042,FF FF FF 67 26 FF FF FF,FF FF FF 67 26 FF FF FF,[],190=1228.875/exp 1228.865 VALUE_OK
MATCH,6376,0x0CF00400,61444,144173.0,127826.398,-0.037,FF FF FF 32 26 FF FF FF,FF FF FF 32 26 FF FF FF,[],190=1222.25/exp 1222.3086 VALUE_OK
MATCH,6377,0x0CF00400,61444,144178.0,127831.417,-0.018,FF FF FF FE 25 FF FF FF,FF FF FF FE 25 FF FF FF,[],190=1215.75/exp 1215.7603 VALUE_OK
MATCH,6378,0x0CF00400,61444,144183.0,127836.425,-0.009,FF FF FF CA 25 FF FF FF,FF FF FF CA 25 FF FF FF,[],190=1209.25/exp 1209.2203 VALUE_OK
MATCH,6379,0x0CF00400,61444,144188.0,127841.377,-0.057,FF FF FF 96 25 FF FF FF,FF FF FF 96 25 FF FF FF,[],190=1202.75/exp 1202.6886 VALUE_OK
MATCH,6380,0x0CF00400,61444,144193.0,127846.384,-0.049,FF FF FF 61 25 FF FF FF,FF FF FF 61 25 FF FF FF,[],190=1196.125/exp 1196.1653 VALUE_OK
MATCH,6381,0x0CF00400,61444,144198.0,127851.395,-0.037,FF FF FF 2D 25 FF FF FF,FF FF FF 2D 25 FF FF FF,[],190=1189.625/exp 1189.6506 VALUE_OK
MATCH,6382,0x0CF00400,61444,144203.0,127856.403,-0.028,FF FF FF F9 24 FF FF FF,FF FF FF F9 24 FF FF FF,[],190=1183.125/exp 1183.1445 VALUE_OK
MATCH,6383,0x0CF00400,61444,144208.0,127861.419,-0.012,FF FF FF C5 24 FF FF FF,FF FF FF C5 24 FF FF FF,[],190=1176.625/exp 1176.6472 VALUE_OK
MATCH,6384,0x0CF00400,61444,144213.0,127866.374,-0.056,FF FF FF 91 24 FF FF FF,FF FF FF 91 24 FF FF FF,[],190=1170.125/exp 1170.1587 VALUE_OK
MATCH,6385,0x0CF00400,61444,144218.0,127871.378,-0.051,FF FF FF 5D 24 FF FF FF,FF FF FF 5D 24 FF FF FF,[],190=1163.625/exp 1163.6791 VALUE_OK
MATCH,6386,0x0CF00400,61444,144223.0,127876.385,-0.043,FF FF FF 2A 24 FF FF FF,FF FF FF 2A 24 FF FF FF,[],190=1157.25/exp 1157.2086 VALUE_OK
MATCH,6387,0x0CF00400,61444,144228.0,127881.405,-0.022,FF FF FF F6 23 FF FF FF,FF FF FF F6 23 FF FF FF,[],190=1150.75/exp 1150.7473 VALUE_OK
MATCH,6388,0x0CF00400,61444,144233.0,127886.42,-0.007,FF FF FF C2 23 FF FF FF,FF FF FF C2 23 FF FF FF,[],190=1144.25/exp 1144.2952 VALUE_OK
MATCH,6389,0x0CF00400,61444,144238.0,127891.364,-0.063,FF FF FF 8F 23 FF FF FF,FF FF FF 8F 23 FF FF FF,[],190=1137.875/exp 1137.8524 VALUE_OK
MATCH,6390,0x0CF00400,61444,144243.0,127896.371,-0.055,FF FF FF 5B 23 FF FF FF,FF FF FF 5B 23 FF FF FF,[],190=1131.375/exp 1131.419 VALUE_OK
MATCH,6391,0x0CF00400,61444,144248.0,127901.387,-0.037,FF FF FF 28 23 FF FF FF,FF FF FF 28 23 FF FF FF,[],190=1125.0/exp 1124.9952 VALUE_OK
MATCH,6392,0x0CF00400,61444,144253.0,127906.402,-0.022,FF FF FF F5 22 FF FF FF,FF FF FF F5 22 FF FF FF,[],190=1118.625/exp 1118.5811 VALUE_OK
MATCH,6393,0x0CF00400,61444,144258.0,127911.414,-0.009,FF FF FF C1 22 FF FF FF,FF FF FF C1 22 FF FF FF,[],190=1112.125/exp 1112.1766 VALUE_OK
MATCH,6394,0x0CF00400,61444,144263.0,127916.357,-0.066,FF FF FF 8E 22 FF FF FF,FF FF FF 8E 22 FF FF FF,[],190=1105.75/exp 1105.782 VALUE_OK
MATCH,6395,0x0CF00400,61444,144268.0,127921.369,-0.053,FF FF FF 5B 22 FF FF FF,FF FF FF 5B 22 FF FF FF,[],190=1099.375/exp 1099.3974 VALUE_OK
MATCH,6396,0x0CF00400,61444,144273.0,127926.388,-0.033,FF FF FF 28 22 FF FF FF,FF FF FF 28 22 FF FF FF,[],190=1093.0/exp 1093.0228 VALUE_OK
MATCH,6397,0x0CF00400,61444,144278.0,127931.4,-0.02,FF FF FF F5 21 FF FF FF,FF FF FF F5 21 FF FF FF,[],190=1086.625/exp 1086.6583 VALUE_OK
MATCH,6398,0x0CF00400,61444,144283.0,127936.409,-0.011,FF FF FF C2 21 FF FF FF,FF FF FF C2 21 FF FF FF,[],190=1080.25/exp 1080.304 VALUE_OK
MATCH,6399,0x0CF00400,61444,144288.0,127941.4,-0.019,FF FF FF 90 21 FF FF FF,FF FF FF 90 21 FF FF FF,[],190=1074.0/exp 1073.9601 VALUE_OK
MATCH,6400,0x0CF00400,61444,144293.0,127946.4,-0.019,FF FF FF 5D 21 FF FF FF,FF FF FF 5D 21 FF FF FF,[],190=1067.625/exp 1067.6265 VALUE_OK
MATCH,6401,0x0CF00400,61444,144298.0,127951.411,-0.008,FF FF FF 2A 21 FF FF FF,FF FF FF 2A 21 FF FF FF,[],190=1061.25/exp 1061.3036 VALUE_OK
MATCH,6402,0x0CF00400,61444,144303.0,127956.375,-0.043,FF FF FF F8 20 FF FF FF,FF FF FF F8 20 FF FF FF,[],190=1055.0/exp 1054.9912 VALUE_OK
MATCH,6403,0x0CF00400,61444,144308.0,127961.378,-0.04,FF FF FF C6 20 FF FF FF,FF FF FF C6 20 FF FF FF,[],190=1048.75/exp 1048.6895 VALUE_OK
MATCH,6404,0x0CF00400,61444,144313.0,127966.39,-0.027,FF FF FF 93 20 FF FF FF,FF FF FF 93 20 FF FF FF,[],190=1042.375/exp 1042.3987 VALUE_OK
MATCH,6405,0x0CF00400,61444,144318.0,127971.397,-0.019,FF FF FF 61 20 FF FF FF,FF FF FF 61 20 FF FF FF,[],190=1036.125/exp 1036.1188 VALUE_OK
MATCH,6406,0x0CF00400,61444,144323.0,127976.413,-0.003,FF FF FF 2F 20 FF FF FF,FF FF FF 2F 20 FF FF FF,[],190=1029.875/exp 1029.8499 VALUE_OK
MATCH,6407,0x0CF00400,61444,144328.0,127981.368,-0.048,FF FF FF FD 1F FF FF FF,FF FF FF FD 1F FF FF FF,[],190=1023.625/exp 1023.5921 VALUE_OK
MATCH,6408,0x0CF00400,61444,144333.0,127986.384,-0.031,FF FF FF CB 1F FF FF FF,FF FF FF CB 1F FF FF FF,[],190=1017.375/exp 1017.3455 VALUE_OK
MATCH,6409,0x0CF00400,61444,144338.0,127991.399,-0.015,FF FF FF 99 1F FF FF FF,FF FF FF 99 1F FF FF FF,[],190=1011.125/exp 1011.1102 VALUE_OK
MATCH,6410,0x0CF00400,61444,144343.0,127996.355,-0.059,FF FF FF 67 1F FF FF FF,FF FF FF 67 1F FF FF FF,[],190=1004.875/exp 1004.8862 VALUE_OK
MATCH,6411,0x0CF00400,61444,144348.0,128001.382,-0.031,FF FF FF 35 1F FF FF FF,FF FF FF 35 1F FF FF FF,[],190=998.625/exp 998.6738 VALUE_OK
MATCH,6412,0x0CF00400,61444,144353.0,128006.41,-0.002,FF FF FF 04 1F FF FF FF,FF FF FF 04 1F FF FF FF,[],190=992.5/exp 992.473 VALUE_OK
MATCH,6413,0x0CF00400,61444,144358.0,128011.362,-0.05,FF FF FF D2 1E FF FF FF,FF FF FF D2 1E FF FF FF,[],190=986.25/exp 986.2838 VALUE_OK
MATCH,6414,0x0CF00400,61444,144363.0,128016.381,-0.03,FF FF FF A1 1E FF FF FF,FF FF FF A1 1E FF FF FF,[],190=980.125/exp 980.1065 VALUE_OK
MATCH,6415,0x0CF00400,61444,144368.0,128021.349,-0.062,FF FF FF 70 1E FF FF FF,FF FF FF 70 1E FF FF FF,[],190=974.0/exp 973.9409 VALUE_OK
MATCH,6416,0x0CF00400,61444,144373.0,128026.38,-0.029,FF FF FF 3E 1E FF FF FF,FF FF FF 3E 1E FF FF FF,[],190=967.75/exp 967.7874 VALUE_OK
MATCH,6417,0x0CF00400,61444,144378.0,128031.392,-0.017,FF FF FF 0D 1E FF FF FF,FF FF FF 0D 1E FF FF FF,[],190=961.625/exp 961.6459 VALUE_OK
MATCH,6418,0x0CF00400,61444,144383.0,128036.355,-0.053,FF FF FF DC 1D FF FF FF,FF FF FF DC 1D FF FF FF,[],190=955.5/exp 955.5166 VALUE_OK
MATCH,6419,0x0CF00400,61444,144388.0,128041.371,-0.036,FF FF FF AB 1D FF FF FF,FF FF FF AB 1D FF FF FF,[],190=949.375/exp 949.3996 VALUE_OK
MATCH,6420,0x0CF00400,61444,144393.0,128046.39,-0.017,FF FF FF 7A 1D FF FF FF,FF FF FF 7A 1D FF FF FF,[],190=943.25/exp 943.2948 VALUE_OK
MATCH,6421,0x0CF00400,61444,144398.0,128051.35,-0.056,FF FF FF 4A 1D FF FF FF,FF FF FF 4A 1D FF FF FF,[],190=937.25/exp 937.2026 VALUE_OK
MATCH,6422,0x0CF00400,61444,144403.0,128056.369,-0.036,FF FF FF 19 1D FF FF FF,FF FF FF 19 1D FF FF FF,[],190=931.125/exp 931.1228 VALUE_OK
MATCH,6423,0x0CF00400,61444,144408.0,128061.393,-0.011,FF FF FF E8 1C FF FF FF,FF FF FF E8 1C FF FF FF,[],190=925.0/exp 925.0557 VALUE_OK
UNLOGGED,,0x0CF00400,61444,,128066.388,,,FF FF FF B8 1C FF FF FF,[],
MATCH,6425,0x0CF00400,61444,144418.0,128071.352,-0.052,FF FF FF 88 1C FF FF FF,FF FF FF 88 1C FF FF FF,[],190=913.0/exp 912.9597 VALUE_OK
MATCH,6426,0x0CF00400,61444,144423.0,128076.368,-0.035,FF FF FF 57 1C FF FF FF,FF FF FF 57 1C FF FF FF,[],190=906.875/exp 906.9311 VALUE_OK
MATCH,6427,0x0CF00400,61444,144428.0,128081.339,-0.063,FF FF FF 27 1C FF FF FF,FF FF FF 27 1C FF FF FF,[],190=900.875/exp 900.9154 VALUE_OK
MATCH,6428,0x0CF00400,61444,144433.0,128086.375,-0.026,FF FF FF F7 1B FF FF FF,FF FF FF F7 1B FF FF FF,[],190=894.875/exp 894.9128 VALUE_OK
MATCH,6429,0x0CF00400,61444,144438.0,128091.35,-0.051,FF FF FF C7 1B FF FF FF,FF FF FF C7 1B FF FF FF,[],190=888.875/exp 888.9234 VALUE_OK
UNLOGGED,,0x0CF00400,61444,,128096.378,,,FF FF FF 98 1B FF FF FF,[],
MATCH,6431,0x0CF00400,61444,144448.0,128101.345,-0.055,FF FF FF 68 1B FF FF FF,FF FF FF 68 1B FF FF FF,[],190=877.0/exp 876.9846 VALUE_OK
MATCH,6432,0x0CF00400,61444,144453.0,128106.373,-0.026,FF FF FF 38 1B FF FF FF,FF FF FF 38 1B FF FF FF,[],190=871.0/exp 871.0353 VALUE_OK
MATCH,6433,0x0CF00400,61444,144458.0,128111.384,-0.014,FF FF FF 09 1B FF FF FF,FF FF FF 09 1B FF FF FF,[],190=865.125/exp 865.0996 VALUE_OK
MATCH,6434,0x0CF00400,61444,144463.0,128116.348,-0.05,FF FF FF D9 1A FF FF FF,FF FF FF D9 1A FF FF FF,[],190=859.125/exp 859.1775 VALUE_OK
MATCH,6435,0x0CF00400,61444,144468.0,128121.367,-0.03,FF FF FF AA 1A FF FF FF,FF FF FF AA 1A FF FF FF,[],190=853.25/exp 853.2692 VALUE_OK
MATCH,6436,0x0CF00400,61444,144473.0,128126.383,-0.013,FF FF FF 7B 1A FF FF FF,FF FF FF 7B 1A FF FF FF,[],190=847.375/exp 847.3747 VALUE_OK
MATCH,6437,0x0CF00400,61444,144478.0,128131.35,-0.046,FF FF FF 4C 1A FF FF FF,FF FF FF 4C 1A FF FF FF,[],190=841.5/exp 841.4941 VALUE_OK
MATCH,6438,0x0CF00400,61444,144483.0,128136.366,-0.029,FF FF FF 1D 1A FF FF FF,FF FF FF 1D 1A FF FF FF,[],190=835.625/exp 835.6275 VALUE_OK
MATCH,6439,0x0CF00400,61444,144488.0,128141.334,-0.06,FF FF FF EE 19 FF FF FF,FF FF FF EE 19 FF FF FF,[],190=829.75/exp 829.775 VALUE_OK
MATCH,6440,0x0CF00400,61444,144493.0,128146.357,-0.036,FF FF FF BF 19 FF FF FF,FF FF FF BF 19 FF FF FF,[],190=823.875/exp 823.9367 VALUE_OK
MATCH,6441,0x0CF00400,61444,144498.0,128151.377,-0.015,FF FF FF 91 19 FF FF FF,FF FF FF 91 19 FF FF FF,[],190=818.125/exp 818.1127 VALUE_OK
MATCH,6442,0x0CF00400,61444,144503.0,128156.328,-0.064,FF FF FF 62 19 FF FF FF,FF FF FF 62 19 FF FF FF,[],190=812.25/exp 812.3031 VALUE_OK
MATCH,6443,0x0CF00400,61444,144508.0,128161.352,-0.039,FF FF FF 34 19 FF FF FF,FF FF FF 34 19 FF FF FF,[],190=806.5/exp 806.5079 VALUE_OK
MATCH,6444,0x0CF00400,61444,144513.0,128166.375,-0.015,FF FF FF 06 19 FF FF FF,FF FF FF 06 19 FF FF FF,[],190=800.75/exp 800.7273 VALUE_OK
MATCH,6445,0x0CF00400,61444,144518.0,128171.343,-0.047,FF FF FF D8 18 FF FF FF,FF FF FF D8 18 FF FF FF,[],190=795.0/exp 794.9613 VALUE_OK
MATCH,6446,0x0CF00400,61444,144523.0,128176.362,-0.027,FF FF FF AA 18 FF FF FF,FF FF FF AA 18 FF FF FF,[],190=789.25/exp 789.2101 VALUE_OK
MATCH,6447,0x0CF00400,61444,144528.0,128181.326,-0.062,FF FF FF 7C 18 FF FF FF,FF FF FF 7C 18 FF FF FF,[],190=783.5/exp 783.4736 VALUE_OK
MATCH,6448,0x0CF00400,61444,144533.0,128186.333,-0.054,FF FF FF 4E 18 FF FF FF,FF FF FF 4E 18 FF FF FF,[],190=777.75/exp 777.7521 VALUE_OK
MATCH,6449,0x0CF00400,61444,144538.0,128191.337,-0.049,FF FF FF 20 18 FF FF FF,FF FF FF 20 18 FF FF FF,[],190=772.0/exp 772.0455 VALUE_OK
MATCH,6450,0x0CF00400,61444,144543.0,128196.36,-0.025,FF FF FF F3 17 FF FF FF,FF FF FF F3 17 FF FF FF,[],190=766.375/exp 766.3541 VALUE_OK
MATCH,6451,0x0CF00400,61444,144548.0,128201.388,0.003,FF FF FF C5 17 FF FF FF,FF FF FF C5 17 FF FF FF,[],190=760.625/exp 760.6778 VALUE_OK
MATCH,6452,0x0CF00400,61444,144553.0,128206.347,-0.038,FF FF FF 98 17 FF FF FF,FF FF FF 98 17 FF FF FF,[],190=755.0/exp 755.0168 VALUE_OK
MATCH,6453,0x0CF00400,61444,144558.0,128211.359,-0.025,FF FF FF 6B 17 FF FF FF,FF FF FF 6B 17 FF FF FF,[],190=749.375/exp 749.3711 VALUE_OK
MATCH,6454,0x0CF00400,61444,144563.0,128216.323,-0.06,FF FF FF 3E 17 FF FF FF,FF FF FF 3E 17 FF FF FF,[],190=743.75/exp 743.7408 VALUE_OK
MATCH,6455,0x0CF00400,61444,144568.0,128221.338,-0.044,FF FF FF 11 17 FF FF FF,FF FF FF 11 17 FF FF FF,[],190=738.125/exp 738.1261 VALUE_OK
MATCH,6456,0x0CF00400,61444,144573.0,128226.37,-0.011,FF FF FF E4 16 FF FF FF,FF FF FF E4 16 FF FF FF,[],190=732.5/exp 732.5269 VALUE_OK
MATCH,6457,0x0CF00400,61444,144578.0,128231.321,-0.06,FF FF FF B8 16 FF FF FF,FF FF FF B8 16 FF FF FF,[],190=727.0/exp 726.9435 VALUE_OK
MATCH,6458,0x0CF00400,61444,144583.0,128236.341,-0.039,FF FF FF 8B 16 FF FF FF,FF FF FF 8B 16 FF FF FF,[],190=721.375/exp 721.3758 VALUE_OK
MATCH,6459,0x0CF00400,61444,144588.0,128241.356,-0.023,FF FF FF 5F 16 FF FF FF,FF FF FF 5F 16 FF FF FF,[],190=715.875/exp 715.824 VALUE_OK
MATCH,6460,0x0CF00400,61444,144593.0,128246.316,-0.063,FF FF FF 32 16 FF FF FF,FF FF FF 32 16 FF FF FF,[],190=710.25/exp 710.2881 VALUE_OK
MATCH,6461,0x0CF00400,61444,144598.0,128251.343,-0.034,FF FF FF 06 16 FF FF FF,FF FF FF 06 16 FF FF FF,[],190=704.75/exp 704.7683 VALUE_OK
MATCH,6462,0x0CF00400,61444,144603.0,128256.363,-0.014,FF FF FF DA 15 FF FF FF,FF FF FF DA 15 FF FF FF,[],190=699.25/exp 699.2646 VALUE_OK
MATCH,6463,0x0CF00400,61444,144608.0,128261.327,-0.049,FF FF FF AE 15 FF FF FF,FF FF FF AE 15 FF FF FF,[],190=693.75/exp 693.7771 VALUE_OK
MATCH,6464,0x0CF00400,61444,144613.0,128266.35,-0.025,FF FF FF 82 15 FF FF FF,FF FF FF 82 15 FF FF FF,[],190=688.25/exp 688.3059 VALUE_OK
MATCH,6465,0x0CF00400,61444,144618.0,128271.366,-0.009,FF FF FF 57 15 FF FF FF,FF FF FF 57 15 FF FF FF,[],190=682.875/exp 682.851 VALUE_OK
MATCH,6466,0x0CF00400,61444,144623.0,128276.329,-0.046,FF FF FF 2B 15 FF FF FF,FF FF FF 2B 15 FF FF FF,[],190=677.375/exp 677.4127 VALUE_OK
MATCH,6467,0x0CF00400,61444,144628.0,128281.356,-0.018,FF FF FF 00 15 FF FF FF,FF FF FF 00 15 FF FF FF,[],190=672.0/exp 671.9908 VALUE_OK
MATCH,6468,0x0CF00400,61444,144633.0,128286.364,-0.009,FF FF FF D5 14 FF FF FF,FF FF FF D5 14 FF FF FF,[],190=666.625/exp 666.5856 VALUE_OK
MATCH,6469,0x0CF00400,61444,144638.0,128291.331,-0.042,FF FF FF AA 14 FF FF FF,FF FF FF AA 14 FF FF FF,[],190=661.25/exp 661.1971 VALUE_OK
MATCH,6470,0x0CF00400,61444,144643.0,128296.351,-0.021,FF FF FF 7F 14 FF FF FF,FF FF FF 7F 14 FF FF FF,[],190=655.875/exp 655.8254 VALUE_OK
MATCH,6471,0x0CF00400,61444,144648.0,128301.311,-0.061,FF FF FF 54 14 FF FF FF,FF FF FF 54 14 FF FF FF,[],190=650.5/exp 650.4705 VALUE_OK
MATCH,6472,0x0CF00400,61444,144653.0,128306.322,-0.049,FF FF FF 29 14 FF FF FF,FF FF FF 29 14 FF FF FF,[],190=645.125/exp 645.1326 VALUE_OK
MATCH,6473,0x0CF00400,61444,144658.0,128311.354,-0.016,FF FF FF FE 13 FF FF FF,FF FF FF FE 13 FF FF FF,[],190=639.75/exp 639.8118 VALUE_OK
MATCH,6474,0x0CF00400,61444,144663.0,128316.349,-0.02,FF FF FF D4 13 FF FF FF,FF FF FF D4 13 FF FF FF,[],190=634.5/exp 634.508 VALUE_OK
MATCH,6475,0x0CF00400,61444,144668.0,128321.305,-0.064,FF FF FF AA 13 FF FF FF,FF FF FF AA 13 FF FF FF,[],190=629.25/exp 629.2215 VALUE_OK
MATCH,6476,0x0CF00400,61444,144673.0,128326.336,-0.032,FF FF FF 80 13 FF FF FF,FF FF FF 80 13 FF FF FF,[],190=624.0/exp 623.9522 VALUE_OK
MATCH,6477,0x0CF00400,61444,144678.0,128331.348,-0.019,FF FF FF 56 13 FF FF FF,FF FF FF 56 13 FF FF FF,[],190=618.75/exp 618.7004 VALUE_OK
MATCH,6478,0x0CF00400,61444,144683.0,128336.307,-0.06,FF FF FF 2C 13 FF FF FF,FF FF FF 2C 13 FF FF FF,[],190=613.5/exp 613.4659 VALUE_OK
MATCH,6479,0x0CF00400,61444,144688.0,128341.327,-0.039,FF FF FF 02 13 FF FF FF,FF FF FF 02 13 FF FF FF,[],190=608.25/exp 608.249 VALUE_OK
MATCH,6480,0x0CF00400,61444,144693.0,128346.354,-0.011,FF FF FF D8 12 FF FF FF,FF FF FF D8 12 FF FF FF,[],190=603.0/exp 603.0497 VALUE_OK
MATCH,6481,0x0CF00400,61444,144698.0,128351.31,-0.055,FF FF FF AF 12 FF FF FF,FF FF FF AF 12 FF FF FF,[],190=597.875/exp 597.8681 VALUE_OK
MATCH,6482,0x0CF00400,61444,144703.0,128356.337,-0.026,FF FF FF 86 12 FF FF FF,FF FF FF 86 12 FF FF FF,[],190=592.75/exp 592.7042 VALUE_OK
MATCH,6483,0x0CF00400,61444,144708.0,128361.297,-0.066,FF FF FF 5C 12 FF FF FF,FF FF FF 5C 12 FF FF FF,[],190=587.5/exp 587.5582 VALUE_OK
MATCH,6484,0x0CF00400,61444,144713.0,128366.32,-0.042,FF FF FF 33 12 FF FF FF,FF FF FF 33 12 FF FF FF,[],190=582.375/exp 582.4302 VALUE_OK
MATCH,6485,0x0CF00400,61444,144718.0,128371.34,-0.021,FF FF FF 0B 12 FF FF FF,FF FF FF 0B 12 FF FF FF,[],190=577.375/exp 577.3201 VALUE_OK
MATCH,6486,0x0CF00400,61444,144723.0,128376.304,-0.056,FF FF FF E2 11 FF FF FF,FF FF FF E2 11 FF FF FF,[],190=572.25/exp 572.2281 VALUE_OK
MATCH,6487,0x0CF00400,61444,144728.0,128381.327,-0.032,FF FF FF B9 11 FF FF FF,FF FF FF B9 11 FF FF FF,[],190=567.125/exp 567.1543 VALUE_OK
MATCH,6488,0x0CF00400,61444,144733.0,128386.351,-0.008,FF FF FF 91 11 FF FF FF,FF FF FF 91 11 FF FF FF,[],190=562.125/exp 562.0987 VALUE_OK
MATCH,6489,0x0CF00400,61444,144738.0,128391.306,-0.052,FF FF FF 68 11 FF FF FF,FF FF FF 68 11 FF FF FF,[],190=557.0/exp 557.0614 VALUE_OK
MATCH,6490,0x0CF00400,61444,144743.0,128396.326,-0.031,FF FF FF 40 11 FF FF FF,FF FF FF 40 11 FF FF FF,[],190=552.0/exp 552.0426 VALUE_OK
MATCH,6491,0x0CF00400,61444,144748.0,128401.346,-0.011,FF FF FF 18 11 FF FF FF,FF FF FF 18 11 FF FF FF,[],190=547.0/exp 547.0422 VALUE_OK
MATCH,6492,0x0CF00400,61444,144753.0,128406.309,-0.048,FF FF FF F0 10 FF FF FF,FF FF FF F0 10 FF FF FF,[],190=542.0/exp 542.0603 VALUE_OK
MATCH,6493,0x0CF00400,61444,144758.0,128411.328,-0.028,FF FF FF C9 10 FF FF FF,FF FF FF C9 10 FF FF FF,[],190=537.125/exp 537.0971 VALUE_OK
MATCH,6494,0x0CF00400,61444,144763.0,128416.348,-0.007,FF FF FF A1 10 FF FF FF,FF FF FF A1 10 FF FF FF,[],190=532.125/exp 532.1526 VALUE_OK
MATCH,6495,0x0CF00400,61444,144768.0,128421.303,-0.052,FF FF FF 7A 10 FF FF FF,FF FF FF 7A 10 FF FF FF,[],190=527.25/exp 527.2269 VALUE_OK
MATCH,6496,0x0CF00400,61444,144773.0,128426.327,-0.027,FF FF FF 53 10 FF FF FF,FF FF FF 53 10 FF FF FF,[],190=522.375/exp 522.32 VALUE_OK
MATCH,6497,0x0CF00400,61444,144778.0,128431.288,-0.065,FF FF FF 2B 10 FF FF FF,FF FF FF 2B 10 FF FF FF,[],190=517.375/exp 517.4321 VALUE_OK
MATCH,6498,0x0CF00400,61444,144783.0,128436.311,-0.041,FF FF FF 05 10 FF FF FF,FF FF FF 05 10 FF FF FF,[],190=512.625/exp 512.5631 VALUE_OK
MATCH,6499,0x0CF00400,61444,144788.0,128441.31,-0.041,FF FF FF DE 0F FF FF FF,FF FF FF DE 0F FF FF FF,[],190=507.75/exp 507.7133 VALUE_OK
MATCH,6500,0x0CF00400,61444,144793.0,128446.326,-0.024,FF FF FF B7 0F FF FF FF,FF FF FF B7 0F FF FF FF,[],190=502.875/exp 502.8826 VALUE_OK
MATCH,6501,0x0CF00400,61444,144798.0,128451.294,-0.056,FF FF FF 91 0F FF FF FF,FF FF FF 91 0F FF FF FF,[],190=498.125/exp 498.0711 VALUE_OK
MATCH,6502,0x0CF00400,61444,144803.0,128456.333,-0.016,FF FF FF 6A 0F FF FF FF,FF FF FF 6A 0F FF FF FF,[],190=493.25/exp 493.279 VALUE_OK
MATCH,6503,0x0CF00400,61444,144808.0,128461.301,-0.047,FF FF FF 44 0F FF FF FF,FF FF FF 44 0F FF FF FF,[],190=488.5/exp 488.5062 VALUE_OK
MATCH,6504,0x0CF00400,61444,144813.0,128466.324,-0.024,FF FF FF 1E 0F FF FF FF,FF FF FF 1E 0F FF FF FF,[],190=483.75/exp 483.7529 VALUE_OK
MATCH,6505,0x0CF00400,61444,144818.0,128471.296,-0.051,FF FF FF F8 0E FF FF FF,FF FF FF F8 0E FF FF FF,[],190=479.0/exp 479.0191 VALUE_OK
MATCH,6506,0x0CF00400,61444,144823.0,128476.323,-0.023,FF FF FF D2 0E FF FF FF,FF FF FF D2 0E FF FF FF,[],190=474.25/exp 474.3049 VALUE_OK
MATCH,6507,0x0CF00400,61444,144828.0,128481.291,-0.055,FF FF FF AD 0E FF FF FF,FF FF FF AD 0E FF FF FF,[],190=469.625/exp 469.6104 VALUE_OK
MATCH,6508,0x0CF00400,61444,144833.0,128486.322,-0.022,FF FF FF 87 0E FF FF FF,FF FF FF 87 0E FF FF FF,[],190=464.875/exp 464.9356 VALUE_OK
MATCH,6509,0x0CF00400,61444,144838.0,128491.286,-0.058,FF FF FF 62 0E FF FF FF,FF FF FF 62 0E FF FF FF,[],190=460.25/exp 460.2807 VALUE_OK
MATCH,6510,0x0CF00400,61444,144843.0,128496.313,-0.03,FF FF FF 3D 0E FF FF FF,FF FF FF 3D 0E FF FF FF,[],190=455.625/exp 455.6456 VALUE_OK
MATCH,6511,0x0CF00400,61444,144848.0,128501.285,-0.057,FF FF FF 18 0E FF FF FF,FF FF FF 18 0E FF FF FF,[],190=451.0/exp 451.0305 VALUE_OK
MATCH,6512,0x0CF00400,61444,144853.0,128506.325,-0.016,FF FF FF F3 0D FF FF FF,FF FF FF F3 0D FF FF FF,[],190=446.375/exp 446.4354 VALUE_OK
MATCH,6513,0x0CF00400,61444,144858.0,128511.288,-0.053,FF FF FF CF 0D FF FF FF,FF FF FF CF 0D FF FF FF,[],190=441.875/exp 441.8604 VALUE_OK
MATCH,6514,0x0CF00400,61444,144863.0,128516.323,-0.017,FF FF FF AA 0D FF FF FF,FF FF FF AA 0D FF FF FF,[],190=437.25/exp 437.3056 VALUE_OK
MATCH,6515,0x0CF00400,61444,144868.0,128521.291,-0.048,FF FF FF 86 0D FF FF FF,FF FF FF 86 0D FF FF FF,[],190=432.75/exp 432.7711 VALUE_OK
MATCH,6516,0x0CF00400,61444,144873.0,128526.323,-0.015,FF FF FF 62 0D FF FF FF,FF FF FF 62 0D FF FF FF,[],190=428.25/exp 428.2568 VALUE_OK
MATCH,6517,0x0CF00400,61444,144878.0,128531.286,-0.052,FF FF FF 3E 0D FF FF FF,FF FF FF 3E 0D FF FF FF,[],190=423.75/exp 423.763 VALUE_OK
MATCH,6518,0x0CF00400,61444,144883.0,128536.306,-0.031,FF FF FF 1A 0D FF FF FF,FF FF FF 1A 0D FF FF FF,[],190=419.25/exp 419.2896 VALUE_OK
MATCH,6519,0x0CF00400,61444,144888.0,128541.341,0.005,FF FF FF F7 0C FF FF FF,FF FF FF F7 0C FF FF FF,[],190=414.875/exp 414.8367 VALUE_OK
MATCH,6520,0x0CF00400,61444,144893.0,128546.305,-0.032,FF FF FF D3 0C FF FF FF,FF FF FF D3 0C FF FF FF,[],190=410.375/exp 410.4044 VALUE_OK
MATCH,6521,0x0CF00400,61444,144898.0,128551.344,0.008,FF FF FF B0 0C FF FF FF,FF FF FF B0 0C FF FF FF,[],190=406.0/exp 405.9927 VALUE_OK
MATCH,6522,0x0CF00400,61444,144903.0,128556.308,-0.028,FF FF FF 8D 0C FF FF FF,FF FF FF 8D 0C FF FF FF,[],190=401.625/exp 401.6018 VALUE_OK
UNLOGGED,,0x0CF00400,61444,,128561.275,,,FF FF FF 6A 0C FF FF FF,[],
MATCH,6524,0x0CF00400,61444,144913.0,128566.279,-0.057,FF FF FF 47 0C FF FF FF,FF FF FF 47 0C FF FF FF,[],190=392.875/exp 392.8824 VALUE_OK
MATCH,6525,0x0CF00400,61444,144918.0,128571.314,-0.02,FF FF FF 24 0C FF FF FF,FF FF FF 24 0C FF FF FF,[],190=388.5/exp 388.5541 VALUE_OK
UNLOGGED,,0x0CF00400,61444,,128576.278,,,FF FF FF 02 0C FF FF FF,[],
MATCH,6527,0x0CF00400,61444,144928.0,128581.301,-0.033,FF FF FF E0 0B FF FF FF,FF FF FF E0 0B FF FF FF,[],190=380.0/exp 379.9605 VALUE_OK
MATCH,6528,0x0CF00400,61444,144933.0,128586.333,-0.0,FF FF FF BE 0B FF FF FF,FF FF FF BE 0B FF FF FF,[],190=375.75/exp 375.6954 VALUE_OK
MATCH,6529,0x0CF00400,61444,144938.0,128591.289,-0.044,FF FF FF 9C 0B FF FF FF,FF FF FF 9C 0B FF FF FF,[],190=371.5/exp 371.4514 VALUE_OK
MATCH,6530,0x0CF00400,61444,144943.0,128596.312,-0.02,FF FF FF 7A 0B FF FF FF,FF FF FF 7A 0B FF FF FF,[],190=367.25/exp 367.2287 VALUE_OK
MATCH,6531,0x0CF00400,61444,144948.0,128601.276,-0.056,FF FF FF 58 0B FF FF FF,FF FF FF 58 0B FF FF FF,[],190=363.0/exp 363.0274 VALUE_OK
MATCH,6532,0x0CF00400,61444,144953.0,128606.295,-0.036,FF FF FF 37 0B FF FF FF,FF FF FF 37 0B FF FF FF,[],190=358.875/exp 358.8474 VALUE_OK
MATCH,6533,0x0CF00400,61444,144958.0,128611.323,-0.007,FF FF FF 16 0B FF FF FF,FF FF FF 16 0B FF FF FF,[],190=354.75/exp 354.6889 VALUE_OK
MATCH,6534,0x0CF00400,61444,144963.0,128616.283,-0.047,FF FF FF F4 0A FF FF FF,FF FF FF F4 0A FF FF FF,[],190=350.5/exp 350.5518 VALUE_OK
MATCH,6535,0x0CF00400,61444,144968.0,128621.31,-0.019,FF FF FF D3 0A FF FF FF,FF FF FF D3 0A FF FF FF,[],190=346.375/exp 346.4364 VALUE_OK
MATCH,6536,0x0CF00400,61444,144973.0,128626.273,-0.056,FF FF FF B3 0A FF FF FF,FF FF FF B3 0A FF FF FF,[],190=342.375/exp 342.3426 VALUE_OK
MATCH,6537,0x0CF00400,61444,144978.0,128631.297,-0.031,FF FF FF 92 0A FF FF FF,FF FF FF 92 0A FF FF FF,[],190=338.25/exp 338.2706 VALUE_OK
MATCH,6538,0x0CF00400,61444,144983.0,128636.316,-0.011,FF FF FF 72 0A FF FF FF,FF FF FF 72 0A FF FF FF,[],190=334.25/exp 334.2203 VALUE_OK
MATCH,6539,0x0CF00400,61444,144988.0,128641.284,-0.043,FF FF FF 52 0A FF FF FF,FF FF FF 52 0A FF FF FF,[],190=330.25/exp 330.1918 VALUE_OK
MATCH,6540,0x0CF00400,61444,144993.0,128646.303,-0.023,FF FF FF 31 0A FF FF FF,FF FF FF 31 0A FF FF FF,[],190=326.125/exp 326.1852 VALUE_OK
MATCH,6541,0x0CF00400,61444,144998.0,128651.283,-0.042,FF FF FF 12 0A FF FF FF,FF FF FF 12 0A FF FF FF,[],190=322.25/exp 322.2006 VALUE_OK
MATCH,6542,0x0CF00400,61444,145003.0,128656.315,-0.01,FF FF FF F2 09 FF FF FF,FF FF FF F2 09 FF FF FF,[],190=318.25/exp 318.238 VALUE_OK
MATCH,6543,0x0CF00400,61444,145008.0,128661.282,-0.042,FF FF FF D2 09 FF FF FF,FF FF FF D2 09 FF FF FF,[],190=314.25/exp 314.2975 VALUE_OK
MATCH,6544,0x0CF00400,61444,145013.0,128666.313,-0.011,FF FF FF B3 09 FF FF FF,FF FF FF B3 09 FF FF FF,[],190=310.375/exp 310.3791 VALUE_OK
MATCH,6545,0x0CF00400,61444,145018.0,128671.285,-0.038,FF FF FF 94 09 FF FF FF,FF FF FF 94 09 FF FF FF,[],190=306.5/exp 306.4829 VALUE_OK
MATCH,6546,0x0CF00400,61444,145023.0,128676.305,-0.018,FF FF FF 75 09 FF FF FF,FF FF FF 75 09 FF FF FF,[],190=302.625/exp 302.609 VALUE_OK
MATCH,6547,0x0CF00400,61444,145028.0,128681.268,-0.054,FF FF FF 56 09 FF FF FF,FF FF FF 56 09 FF FF FF,[],190=298.75/exp 298.7574 VALUE_OK
MATCH,6548,0x0CF00400,61444,145033.0,128686.284,-0.037,FF FF FF 37 09 FF FF FF,FF FF FF 37 09 FF FF FF,[],190=294.875/exp 294.9282 VALUE_OK
MATCH,6549,0x0CF00400,61444,145038.0,128691.287,-0.033,FF FF FF 19 09 FF FF FF,FF FF FF 19 09 FF FF FF,[],190=291.125/exp 291.1214 VALUE_OK
MATCH,6550,0x0CF00400,61444,145043.0,128696.319,-0.001,FF FF FF FB 08 FF FF FF,FF FF FF FB 08 FF FF FF,[],190=287.375/exp 287.3371 VALUE_OK
MATCH,6551,0x0CF00400,61444,145048.0,128701.275,-0.045,FF FF FF DD 08 FF FF FF,FF FF FF DD 08 FF FF FF,[],190=283.625/exp 283.5754 VALUE_OK
MATCH,6552,0x0CF00400,61444,145053.0,128706.31,-0.009,FF FF FF BF 08 FF FF FF,FF FF FF BF 08 FF FF FF,[],190=279.875/exp 279.8363 VALUE_OK
MATCH,6553,0x0CF00400,61444,145058.0,128711.265,-0.054,FF FF FF A1 08 FF FF FF,FF FF FF A1 08 FF FF FF,[],190=276.125/exp 276.1198 VALUE_OK
MATCH,6554,0x0CF00400,61444,145063.0,128716.305,-0.013,FF FF FF 83 08 FF FF FF,FF FF FF 83 08 FF FF FF,[],190=272.375/exp 272.4261 VALUE_OK
MATCH,6555,0x0CF00400,61444,145068.0,128721.272,-0.045,FF FF FF 66 08 FF FF FF,FF FF FF 66 08 FF FF FF,[],190=268.75/exp 268.7552 VALUE_OK
MATCH,6556,0x0CF00400,61444,145073.0,128726.304,-0.012,FF FF FF 49 08 FF FF FF,FF FF FF 49 08 FF FF FF,[],190=265.125/exp 265.1071 VALUE_OK
MATCH,6557,0x0CF00400,61444,145078.0,128731.272,-0.044,FF FF FF 2C 08 FF FF FF,FF FF FF 2C 08 FF FF FF,[],190=261.5/exp 261.4819 VALUE_OK
MATCH,6558,0x0CF00400,61444,145083.0,128736.291,-0.024,FF FF FF 0F 08 FF FF FF,FF FF FF 0F 08 FF FF FF,[],190=257.875/exp 257.8797 VALUE_OK
MATCH,6559,0x0CF00400,61444,145088.0,128741.263,-0.052,FF FF FF F2 07 FF FF FF,FF FF FF F2 07 FF FF FF,[],190=254.25/exp 254.3005 VALUE_OK
MATCH,6560,0x0CF00400,61444,145093.0,128746.286,-0.028,FF FF FF D6 07 FF FF FF,FF FF FF D6 07 FF FF FF,[],190=250.75/exp 250.7443 VALUE_OK
MATCH,6561,0x0CF00400,61444,145098.0,128751.254,-0.059,FF FF FF BA 07 FF FF FF,FF FF FF BA 07 FF FF FF,[],190=247.25/exp 247.2113 VALUE_OK
MATCH,6562,0x0CF00400,61444,145103.0,128756.289,-0.023,FF FF FF 9E 07 FF FF FF,FF FF FF 9E 07 FF FF FF,[],190=243.75/exp 243.7015 VALUE_OK
MATCH,6563,0x0CF00400,61444,145108.0,128761.265,-0.047,FF FF FF 82 07 FF FF FF,FF FF FF 82 07 FF FF FF,[],190=240.25/exp 240.2148 VALUE_OK
MATCH,6564,0x0CF00400,61444,145113.0,128766.284,-0.027,FF FF FF 66 07 FF FF FF,FF FF FF 66 07 FF FF FF,[],190=236.75/exp 236.7515 VALUE_OK
MATCH,6565,0x0CF00400,61444,145118.0,128771.252,-0.058,FF FF FF 4A 07 FF FF FF,FF FF FF 4A 07 FF FF FF,[],190=233.25/exp 233.3115 VALUE_OK
MATCH,6566,0x0CF00400,61444,145123.0,128776.291,-0.018,FF FF FF 2F 07 FF FF FF,FF FF FF 2F 07 FF FF FF,[],190=229.875/exp 229.8948 VALUE_OK
MATCH,6567,0x0CF00400,61444,145128.0,128781.259,-0.05,FF FF FF 14 07 FF FF FF,FF FF FF 14 07 FF FF FF,[],190=226.5/exp 226.5017 VALUE_OK
MATCH,6568,0x0CF00400,61444,145133.0,128786.294,-0.014,FF FF FF F9 06 FF FF FF,FF FF FF F9 06 FF FF FF,[],190=223.125/exp 223.132 VALUE_OK
MATCH,6569,0x0CF00400,61444,145138.0,128791.27,-0.037,FF FF FF DE 06 FF FF FF,FF FF FF DE 06 FF FF FF,[],190=219.75/exp 219.7858 VALUE_OK
MATCH,6570,0x0CF00400,61444,145143.0,128796.305,-0.002,FF FF FF C4 06 FF FF FF,FF FF FF C4 06 FF FF FF,[],190=216.5/exp 216.4633 VALUE_OK
MATCH,6571,0x0CF00400,61444,145148.0,128801.269,-0.038,FF FF FF A9 06 FF FF FF,FF FF FF A9 06 FF FF FF,[],190=213.125/exp 213.1644 VALUE_OK
MATCH,6572,0x0CF00400,61444,145153.0,128806.288,-0.018,FF FF FF 8F 06 FF FF FF,FF FF FF 8F 06 FF FF FF,[],190=209.875/exp 209.8892 VALUE_OK
MATCH,6573,0x0CF00400,61444,145158.0,128811.252,-0.053,FF FF FF 75 06 FF FF FF,FF FF FF 75 06 FF FF FF,[],190=206.625/exp 206.6378 VALUE_OK
MATCH,6574,0x0CF00400,61444,145163.0,128816.268,-0.036,FF FF FF 5B 06 FF FF FF,FF FF FF 5B 06 FF FF FF,[],190=203.375/exp 203.4101 VALUE_OK
MATCH,6575,0x0CF00400,61444,145168.0,128821.299,-0.005,FF FF FF 42 06 FF FF FF,FF FF FF 42 06 FF FF FF,[],190=200.25/exp 200.2064 VALUE_OK
MATCH,6576,0x0CF00400,61444,145173.0,128826.255,-0.049,FF FF FF 28 06 FF FF FF,FF FF FF 28 06 FF FF FF,[],190=197.0/exp 197.0265 VALUE_OK
MATCH,6577,0x0CF00400,61444,145178.0,128831.286,-0.017,FF FF FF 0F 06 FF FF FF,FF FF FF 0F 06 FF FF FF,[],190=193.875/exp 193.8705 VALUE_OK
MATCH,6578,0x0CF00400,61444,145183.0,128836.258,-0.044,FF FF FF F6 05 FF FF FF,FF FF FF F6 05 FF FF FF,[],190=190.75/exp 190.7386 VALUE_OK
MATCH,6579,0x0CF00400,61444,145188.0,128841.293,-0.008,FF FF FF DD 05 FF FF FF,FF FF FF DD 05 FF FF FF,[],190=187.625/exp 187.6307 VALUE_OK
MATCH,6580,0x0CF00400,61444,145193.0,128846.257,-0.044,FF FF FF C4 05 FF FF FF,FF FF FF C4 05 FF FF FF,[],190=184.5/exp 184.5469 VALUE_OK
MATCH,6581,0x0CF00400,61444,145198.0,128851.284,-0.016,FF FF FF AC 05 FF FF FF,FF FF FF AC 05 FF FF FF,[],190=181.5/exp 181.4872 VALUE_OK
MATCH,6582,0x0CF00400,61444,145203.0,128856.244,-0.056,FF FF FF 94 05 FF FF FF,FF FF FF 94 05 FF FF FF,[],190=178.5/exp 178.4517 VALUE_OK
MATCH,6583,0x0CF00400,61444,145208.0,128861.271,-0.028,FF FF FF 7C 05 FF FF FF,FF FF FF 7C 05 FF FF FF,[],190=175.5/exp 175.4405 VALUE_OK
MATCH,6584,0x0CF00400,61444,145213.0,128866.295,-0.003,FF FF FF 64 05 FF FF FF,FF FF FF 64 05 FF FF FF,[],190=172.5/exp 172.4535 VALUE_OK
MATCH,6585,0x0CF00400,61444,145218.0,128871.251,-0.047,FF FF FF 4C 05 FF FF FF,FF FF FF 4C 05 FF FF FF,[],190=169.5/exp 169.4909 VALUE_OK
MATCH,6586,0x0CF00400,61444,145223.0,128876.278,-0.019,FF FF FF 34 05 FF FF FF,FF FF FF 34 05 FF FF FF,[],190=166.5/exp 166.5527 VALUE_OK
UNLOGGED,,0x0CF00400,61444,,128881.237,,,FF FF FF 1D 05 FF FF FF,[],
MATCH,6588,0x0CF00400,61444,145233.0,128886.281,-0.016,FF FF FF 06 05 FF FF FF,FF FF FF 06 05 FF FF FF,[],190=160.75/exp 160.7494 VALUE_OK
MATCH,6589,0x0CF00400,61444,145238.0,128891.249,-0.048,FF FF FF EF 04 FF FF FF,FF FF FF EF 04 FF FF FF,[],190=157.875/exp 157.8846 VALUE_OK
MATCH,6590,0x0CF00400,61444,145243.0,128896.268,-0.028,FF FF FF D8 04 FF FF FF,FF FF FF D8 04 FF FF FF,[],190=155.0/exp 155.0443 VALUE_OK
MATCH,6591,0x0CF00400,61444,145248.0,128901.232,-0.063,FF FF FF C2 04 FF FF FF,FF FF FF C2 04 FF FF FF,[],190=152.25/exp 152.2285 VALUE_OK
MATCH,6592,0x0CF00400,61444,145253.0,128906.259,-0.035,FF FF FF AB 04 FF FF FF,FF FF FF AB 04 FF FF FF,[],190=149.375/exp 149.4375 VALUE_OK
MATCH,6593,0x0CF00400,61444,145258.0,128911.287,-0.006,FF FF FF 95 04 FF FF FF,FF FF FF 95 04 FF FF FF,[],190=146.625/exp 146.6711 VALUE_OK
MATCH,6594,0x0CF00400,61444,145263.0,128916.238,-0.055,FF FF FF 7F 04 FF FF FF,FF FF FF 7F 04 FF FF FF,[],190=143.875/exp 143.9294 VALUE_OK
MATCH,6595,0x0CF00400,61444,145268.0,128921.263,-0.029,FF FF FF 6A 04 FF FF FF,FF FF FF 6A 04 FF FF FF,[],190=141.25/exp 141.2125 VALUE_OK
MATCH,6596,0x0CF00400,61444,145273.0,128926.222,-0.069,FF FF FF 54 04 FF FF FF,FF FF FF 54 04 FF FF FF,[],190=138.5/exp 138.5204 VALUE_OK
MATCH,6597,0x0CF00400,61444,145278.0,128931.254,-0.036,FF FF FF 3F 04 FF FF FF,FF FF FF 3F 04 FF FF FF,[],190=135.875/exp 135.8532 VALUE_OK
MATCH,6598,0x0CF00400,61444,145283.0,128936.273,-0.016,FF FF FF 2A 04 FF FF FF,FF FF FF 2A 04 FF FF FF,[],190=133.25/exp 133.2108 VALUE_OK
MATCH,6599,0x0CF00400,61444,145288.0,128941.281,-0.008,FF FF FF 15 04 FF FF FF,FF FF FF 15 04 FF FF FF,[],190=130.625/exp 130.5934 VALUE_OK
MATCH,6600,0x0CF00400,61444,145293.0,128946.248,-0.041,FF FF FF 00 04 FF FF FF,FF FF FF 00 04 FF FF FF,[],190=128.0/exp 128.001 VALUE_OK
MATCH,6601,0x0CF00400,61444,145298.0,128951.272,-0.016,FF FF FF EB 03 FF FF FF,FF FF FF EB 03 FF FF FF,[],190=125.375/exp 125.4335 VALUE_OK
MATCH,6602,0x0CF00400,61444,145303.0,128956.231,-0.057,FF FF FF D7 03 FF FF FF,FF FF FF D7 03 FF FF FF,[],190=122.875/exp 122.8911 VALUE_OK
MATCH,6603,0x0CF00400,61444,145308.0,128961.259,-0.027,FF FF FF C3 03 FF FF FF,FF FF FF C3 03 FF FF FF,[],190=120.375/exp 120.3739 VALUE_OK
MATCH,6604,0x0CF00400,61444,145313.0,128966.283,-0.003,FF FF FF AF 03 FF FF FF,FF FF FF AF 03 FF FF FF,[],190=117.875/exp 117.8817 VALUE_OK
MATCH,6605,0x0CF00400,61444,145318.0,128971.246,-0.04,FF FF FF 9B 03 FF FF FF,FF FF FF 9B 03 FF FF FF,[],190=115.375/exp 115.4147 VALUE_OK
MATCH,6606,0x0CF00400,61444,145323.0,128976.27,-0.015,FF FF FF 88 03 FF FF FF,FF FF FF 88 03 FF FF FF,[],190=113.0/exp 112.9729 VALUE_OK
MATCH,6607,0x0CF00400,61444,145328.0,128981.225,-0.06,FF FF FF 74 03 FF FF FF,FF FF FF 74 03 FF FF FF,[],190=110.5/exp 110.5564 VALUE_OK
MATCH,6608,0x0CF00400,61444,145333.0,128986.257,-0.027,FF FF FF 61 03 FF FF FF,FF FF FF 61 03 FF FF FF,[],190=108.125/exp 108.1652 VALUE_OK
MATCH,6609,0x0CF00400,61444,145338.0,128991.28,-0.003,FF FF FF 4E 03 FF FF FF,FF FF FF 4E 03 FF FF FF,[],190=105.75/exp 105.7992 VALUE_OK
MATCH,6610,0x0CF00400,61444,145343.0,128996.24,-0.043,FF FF FF 3C 03 FF FF FF,FF FF FF 3C 03 FF FF FF,[],190=103.5/exp 103.4587 VALUE_OK
MATCH,6611,0x0CF00400,61444,145348.0,129001.263,-0.019,FF FF FF 29 03 FF FF FF,FF FF FF 29 03 FF FF FF,[],190=101.125/exp 101.1435 VALUE_OK
MATCH,6612,0x0CF00400,61444,145353.0,129006.223,-0.059,FF FF FF 17 03 FF FF FF,FF FF FF 17 03 FF FF FF,[],190=98.875/exp 98.8537 VALUE_OK
MATCH,6613,0x0CF00400,61444,145358.0,129011.255,-0.026,FF FF FF 05 03 FF FF FF,FF FF FF 05 03 FF FF FF,[],190=96.625/exp 96.5894 VALUE_OK
MATCH,6614,0x0CF00400,61444,145363.0,129016.282,0.002,FF FF FF F3 02 FF FF FF,FF FF FF F3 02 FF FF FF,[],190=94.375/exp 94.3506 VALUE_OK
MATCH,6615,0x0CF00400,61444,145368.0,129021.237,-0.043,FF FF FF E1 02 FF FF FF,FF FF FF E1 02 FF FF FF,[],190=92.125/exp 92.1374 VALUE_OK
MATCH,6616,0x0CF00400,61444,145373.0,129026.269,-0.01,FF FF FF D0 02 FF FF FF,FF FF FF D0 02 FF FF FF,[],190=90.0/exp 89.9497 VALUE_OK
MATCH,6617,0x0CF00400,61444,145378.0,129031.228,-0.051,FF FF FF BE 02 FF FF FF,FF FF FF BE 02 FF FF FF,[],190=87.75/exp 87.7876 VALUE_OK
MATCH,6618,0x0CF00400,61444,145383.0,129036.248,-0.03,FF FF FF AD 02 FF FF FF,FF FF FF AD 02 FF FF FF,[],190=85.625/exp 85.6511 VALUE_OK
MATCH,6619,0x0CF00400,61444,145388.0,129041.212,-0.065,FF FF FF 9C 02 FF FF FF,FF FF FF 9C 02 FF FF FF,[],190=83.5/exp 83.5403 VALUE_OK
MATCH,6620,0x0CF00400,61444,145393.0,129046.231,-0.045,FF FF FF 8C 02 FF FF FF,FF FF FF 8C 02 FF FF FF,[],190=81.5/exp 81.4552 VALUE_OK
MATCH,6621,0x0CF00400,61444,145398.0,129051.259,-0.016,FF FF FF 7B 02 FF FF FF,FF FF FF 7B 02 FF FF FF,[],190=79.375/exp 79.3958 VALUE_OK
MATCH,6622,0x0CF00400,61444,145403.0,129056.234,-0.041,FF FF FF 6B 02 FF FF FF,FF FF FF 6B 02 FF FF FF,[],190=77.375/exp 77.3622 VALUE_OK
MATCH,6623,0x0CF00400,61444,145408.0,129061.25,-0.024,FF FF FF 5B 02 FF FF FF,FF FF FF 5B 02 FF FF FF,[],190=75.375/exp 75.3544 VALUE_OK
MATCH,6624,0x0CF00400,61444,145413.0,129066.249,-0.025,FF FF FF 4B 02 FF FF FF,FF FF FF 4B 02 FF FF FF,[],190=73.375/exp 73.3724 VALUE_OK
MATCH,6625,0x0CF00400,61444,145418.0,129071.205,-0.068,FF FF FF 3B 02 FF FF FF,FF FF FF 3B 02 FF FF FF,[],190=71.375/exp 71.4163 VALUE_OK
MATCH,6626,0x0CF00400,61444,145423.0,129076.224,-0.048,FF FF FF 2C 02 FF FF FF,FF FF FF 2C 02 FF FF FF,[],190=69.5/exp 69.4861 VALUE_OK
MATCH,6627,0x0CF00400,61444,145428.0,129081.236,-0.035,FF FF FF 1D 02 FF FF FF,FF FF FF 1D 02 FF FF FF,[],190=67.625/exp 67.5817 VALUE_OK
MATCH,6628,0x0CF00400,61444,145433.0,129086.192,-0.078,FF FF FF 0E 02 FF FF FF,FF FF FF 0E 02 FF FF FF,[],190=65.75/exp 65.7033 VALUE_OK
MATCH,6629,0x0CF00400,61444,145438.0,129091.223,-0.046,FF FF FF FF 01 FF FF FF,FF FF FF FF 01 FF FF FF,[],190=63.875/exp 63.8509 VALUE_OK
MATCH,6630,0x0CF00400,61444,145443.0,129096.238,-0.03,FF FF FF F0 01 FF FF FF,FF FF FF F0 01 FF FF FF,[],190=62.0/exp 62.0245 VALUE_OK
MATCH,6631,0x0CF00400,61444,145448.0,129101.254,-0.013,FF FF FF E2 01 FF FF FF,FF FF FF E2 01 FF FF FF,[],190=60.25/exp 60.2241 VALUE_OK
MATCH,6632,0x0CF00400,61444,145453.0,129106.205,-0.062,FF FF FF D4 01 FF FF FF,FF FF FF D4 01 FF FF FF,[],190=58.5/exp 58.4498 VALUE_OK
MATCH,6633,0x0CF00400,61444,145458.0,129111.225,-0.041,FF FF FF C6 01 FF FF FF,FF FF FF C6 01 FF FF FF,[],190=56.75/exp 56.7016 VALUE_OK
MATCH,6634,0x0CF00400,61444,145463.0,129116.253,-0.012,FF FF FF B8 01 FF FF FF,FF FF FF B8 01 FF FF FF,[],190=55.0/exp 54.9795 VALUE_OK
MATCH,6635,0x0CF00400,61444,145468.0,129121.204,-0.06,FF FF FF AA 01 FF FF FF,FF FF FF AA 01 FF FF FF,[],190=53.25/exp 53.2835 VALUE_OK
MATCH,6636,0x0CF00400,61444,145473.0,129126.216,-0.047,FF FF FF 9D 01 FF FF FF,FF FF FF 9D 01 FF FF FF,[],190=51.625/exp 51.6137 VALUE_OK
MATCH,6637,0x0CF00400,61444,145478.0,129131.243,-0.019,FF FF FF 90 01 FF FF FF,FF FF FF 90 01 FF FF FF,[],190=50.0/exp 49.97 VALUE_OK
MATCH,6638,0x0CF00400,61444,145483.0,129136.263,0.001,FF FF FF 83 01 FF FF FF,FF FF FF 83 01 FF FF FF,[],190=48.375/exp 48.3526 VALUE_OK
MATCH,6639,0x0CF00400,61444,145488.0,129141.21,-0.052,FF FF FF 76 01 FF FF FF,FF FF FF 76 01 FF FF FF,[],190=46.75/exp 46.7615 VALUE_OK
MATCH,6640,0x0CF00400,61444,145493.0,129146.222,-0.039,FF FF FF 6A 01 FF FF FF,FF FF FF 6A 01 FF FF FF,[],190=45.25/exp 45.1966 VALUE_OK
MATCH,6641,0x0CF00400,61444,145498.0,129151.245,-0.015,FF FF FF 5D 01 FF FF FF,FF FF FF 5D 01 FF FF FF,[],190=43.625/exp 43.658 VALUE_OK
MATCH,6642,0x0CF00400,61444,145503.0,129156.197,-0.063,FF FF FF 51 01 FF FF FF,FF FF FF 51 01 FF FF FF,[],190=42.125/exp 42.1457 VALUE_OK
MATCH,6643,0x0CF00400,61444,145508.0,129161.217,-0.042,FF FF FF 45 01 FF FF FF,FF FF FF 45 01 FF FF FF,[],190=40.625/exp 40.6597 VALUE_OK
MATCH,6644,0x0CF00400,61444,145513.0,129166.232,-0.026,FF FF FF 3A 01 FF FF FF,FF FF FF 3A 01 FF FF FF,[],190=39.25/exp 39.2001 VALUE_OK
MATCH,6645,0x0CF00400,61444,145518.0,129171.187,-0.07,FF FF FF 2E 01 FF FF FF,FF FF FF 2E 01 FF FF FF,[],190=37.75/exp 37.7669 VALUE_OK
MATCH,6646,0x0CF00400,61444,145523.0,129176.211,-0.045,FF FF FF 23 01 FF FF FF,FF FF FF 23 01 FF FF FF,[],190=36.375/exp 36.3601 VALUE_OK
MATCH,6647,0x0CF00400,61444,145528.0,129181.227,-0.028,FF FF FF 18 01 FF FF FF,FF FF FF 18 01 FF FF FF,[],190=35.0/exp 34.9797 VALUE_OK
MATCH,6648,0x0CF00400,61444,145533.0,129186.243,-0.011,FF FF FF 0D 01 FF FF FF,FF FF FF 0D 01 FF FF FF,[],190=33.625/exp 33.6258 VALUE_OK
MATCH,6649,0x0CF00400,61444,145538.0,129191.238,-0.016,FF FF FF 02 01 FF FF FF,FF FF FF 02 01 FF FF FF,[],190=32.25/exp 32.2983 VALUE_OK
MATCH,6650,0x0CF00400,61444,145543.0,129196.189,-0.065,FF FF FF F8 00 FF FF FF,FF FF FF F8 00 FF FF FF,[],190=31.0/exp 30.9973 VALUE_OK
MATCH,6651,0x0CF00400,61444,145548.0,129201.209,-0.044,FF FF FF EE 00 FF FF FF,FF FF FF EE 00 FF FF FF,[],190=29.75/exp 29.7228 VALUE_OK
MATCH,6652,0x0CF00400,61444,145553.0,129206.232,-0.02,FF FF FF E4 00 FF FF FF,FF FF FF E4 00 FF FF FF,[],190=28.5/exp 28.4749 VALUE_OK
MATCH,6653,0x0CF00400,61444,145558.0,129211.184,-0.067,FF FF FF DA 00 FF FF FF,FF FF FF DA 00 FF FF FF,[],190=27.25/exp 27.2535 VALUE_OK
MATCH,6654,0x0CF00400,61444,145563.0,129216.203,-0.047,FF FF FF D0 00 FF FF FF,FF FF FF D0 00 FF FF FF,[],190=26.0/exp 26.0587 VALUE_OK
MATCH,6655,0x0CF00400,61444,145568.0,129221.223,-0.026,FF FF FF C7 00 FF FF FF,FF FF FF C7 00 FF FF FF,[],190=24.875/exp 24.8904 VALUE_OK
MATCH,6656,0x0CF00400,61444,145573.0,129226.246,-0.002,FF FF FF BE 00 FF FF FF,FF FF FF BE 00 FF FF FF,[],190=23.75/exp 23.7488 VALUE_OK
MATCH,6657,0x0CF00400,61444,145578.0,129231.19,-0.058,FF FF FF B5 00 FF FF FF,FF FF FF B5 00 FF FF FF,[],190=22.625/exp 22.6338 VALUE_OK
MATCH,6658,0x0CF00400,61444,145583.0,129236.213,-0.034,FF FF FF AC 00 FF FF FF,FF FF FF AC 00 FF FF FF,[],190=21.5/exp 21.5454 VALUE_OK
MATCH,6659,0x0CF00400,61444,145588.0,129241.229,-0.018,FF FF FF A4 00 FF FF FF,FF FF FF A4 00 FF FF FF,[],190=20.5/exp 20.4837 VALUE_OK
MATCH,6660,0x0CF00400,61444,145593.0,129246.184,-0.062,FF FF FF 9C 00 FF FF FF,FF FF FF 9C 00 FF FF FF,[],190=19.5/exp 19.4486 VALUE_OK
MATCH,6661,0x0CF00400,61444,145598.0,129251.2,-0.045,FF FF FF 94 00 FF FF FF,FF FF FF 94 00 FF FF FF,[],190=18.5/exp 18.4403 VALUE_OK
MATCH,6662,0x0CF00400,61444,145603.0,129256.224,-0.02,FF FF FF 8C 00 FF FF FF,FF FF FF 8C 00 FF FF FF,[],190=17.5/exp 17.4586 VALUE_OK
MATCH,6663,0x0CF00400,61444,145608.0,129261.247,0.003,FF FF FF 84 00 FF FF FF,FF FF FF 84 00 FF FF FF,[],190=16.5/exp 16.5037 VALUE_OK
MATCH,6664,0x0CF00400,61444,145613.0,129266.191,-0.053,FF FF FF 7D 00 FF FF FF,FF FF FF 7D 00 FF FF FF,[],190=15.625/exp 15.5754 VALUE_OK
MATCH,6665,0x0CF00400,61444,145618.0,129271.206,-0.037,FF FF FF 75 00 FF FF FF,FF FF FF 75 00 FF FF FF,[],190=14.625/exp 14.674 VALUE_OK
MATCH,6666,0x0CF00400,61444,145623.0,129276.222,-0.02,FF FF FF 6E 00 FF FF FF,FF FF FF 6E 00 FF FF FF,[],190=13.75/exp 13.7993 VALUE_OK
MATCH,6667,0x0CF00400,61444,145628.0,129281.185,-0.057,FF FF FF 68 00 FF FF FF,FF FF FF 68 00 FF FF FF,[],190=13.0/exp 12.9513 VALUE_OK
MATCH,6668,0x0CF00400,61444,145633.0,129286.189,-0.051,FF FF FF 61 00 FF FF FF,FF FF FF 61 00 FF FF FF,[],190=12.125/exp 12.1302 VALUE_OK
MATCH,6669,0x0CF00400,61444,145638.0,129291.209,-0.03,FF FF FF 5B 00 FF FF FF,FF FF FF 5B 00 FF FF FF,[],190=11.375/exp 11.3359 VALUE_OK
MATCH,6670,0x0CF00400,61444,145643.0,129296.164,-0.075,FF FF FF 55 00 FF FF FF,FF FF FF 55 00 FF FF FF,[],190=10.625/exp 10.5683 VALUE_OK
MATCH,6671,0x0CF00400,61444,145648.0,129301.195,-0.042,FF FF FF 4F 00 FF FF FF,FF FF FF 4F 00 FF FF FF,[],190=9.875/exp 9.8276 VALUE_OK
MATCH,6672,0x0CF00400,61444,145653.0,129306.203,-0.033,FF FF FF 49 00 FF FF FF,FF FF FF 49 00 FF FF FF,[],190=9.125/exp 9.1138 VALUE_OK
MATCH,6673,0x0CF00400,61444,145658.0,129311.222,-0.014,FF FF FF 43 00 FF FF FF,FF FF FF 43 00 FF FF FF,[],190=8.375/exp 8.4267 VALUE_OK
MATCH,6674,0x0CF00400,61444,145663.0,129316.222,-0.013,FF FF FF 3E 00 FF FF FF,FF FF FF 3E 00 FF FF FF,[],190=7.75/exp 7.7666 VALUE_OK
MATCH,6675,0x0CF00400,61444,145668.0,129321.169,-0.066,FF FF FF 39 00 FF FF FF,FF FF FF 39 00 FF FF FF,[],190=7.125/exp 7.1333 VALUE_OK
MATCH,6676,0x0CF00400,61444,145673.0,129326.189,-0.045,FF FF FF 34 00 FF FF FF,FF FF FF 34 00 FF FF FF,[],190=6.5/exp 6.5268 VALUE_OK
MATCH,6677,0x0CF00400,61444,145678.0,129331.205,-0.028,FF FF FF 30 00 FF FF FF,FF FF FF 30 00 FF FF FF,[],190=6.0/exp 5.9473 VALUE_OK
MATCH,6678,0x0CF00400,61444,145683.0,129336.156,-0.076,FF FF FF 2B 00 FF FF FF,FF FF FF 2B 00 FF FF FF,[],190=5.375/exp 5.3947 VALUE_OK
MATCH,6679,0x0CF00400,61444,145688.0,129341.176,-0.055,FF FF FF 27 00 FF FF FF,FF FF FF 27 00 FF FF FF,[],190=4.875/exp 4.8689 VALUE_OK
MATCH,6680,0x0CF00400,61444,145693.0,129346.191,-0.039,FF FF FF 23 00 FF FF FF,FF FF FF 23 00 FF FF FF,[],190=4.375/exp 4.3701 VALUE_OK
MATCH,6681,0x0CF00400,61444,145698.0,129351.219,-0.01,FF FF FF 1F 00 FF FF FF,FF FF FF 1F 00 FF FF FF,[],190=3.875/exp 3.8982 VALUE_OK
MATCH,6682,0x0CF00400,61444,145703.0,129356.175,-0.054,FF FF FF 1C 00 FF FF FF,FF FF FF 1C 00 FF FF FF,[],190=3.5/exp 3.4532 VALUE_OK
MATCH,6683,0x0CF00400,61444,145708.0,129361.19,-0.038,FF FF FF 18 00 FF FF FF,FF FF FF 18 00 FF FF FF,[],190=3.0/exp 3.0352 VALUE_OK
MATCH,6684,0x0CF00400,61444,145713.0,129366.201,-0.026,FF FF FF 15 00 FF FF FF,FF FF FF 15 00 FF FF FF,[],190=2.625/exp 2.6441 VALUE_OK
MATCH,6685,0x0CF00400,61444,145718.0,129371.161,-0.065,FF FF FF 12 00 FF FF FF,FF FF FF 12 00 FF FF FF,[],190=2.25/exp 2.2799 VALUE_OK
MATCH,6686,0x0CF00400,61444,145723.0,129376.184,-0.041,FF FF FF 10 00 FF FF FF,FF FF FF 10 00 FF FF FF,[],190=2.0/exp 1.9427 VALUE_OK
MATCH,6687,0x0CF00400,61444,145728.0,129381.2,-0.024,FF FF FF 0D 00 FF FF FF,FF FF FF 0D 00 FF FF FF,[],190=1.625/exp 1.6325 VALUE_OK
MATCH,6688,0x0CF00400,61444,145733.0,129386.151,-0.073,FF FF FF 0B 00 FF FF FF,FF FF FF 0B 00 FF FF FF,[],190=1.375/exp 1.3492 VALUE_OK
MATCH,6689,0x0CF00400,61444,145738.0,129391.171,-0.051,FF FF FF 09 00 FF FF FF,FF FF FF 09 00 FF FF FF,[],190=1.125/exp 1.0929 VALUE_OK
MATCH,6690,0x0CF00400,61444,145743.0,129396.19,-0.031,FF FF FF 07 00 FF FF FF,FF FF FF 07 00 FF FF FF,[],190=0.875/exp 0.8635 VALUE_OK
MATCH,6691,0x0CF00400,61444,145748.0,129401.21,-0.011,FF FF FF 05 00 FF FF FF,FF FF FF 05 00 FF FF FF,[],190=0.625/exp 0.6611 VALUE_OK
MATCH,6692,0x0CF00400,61444,145753.0,129406.174,-0.047,FF FF FF 04 00 FF FF FF,FF FF FF 04 00 FF FF FF,[],190=0.5/exp 0.4857 VALUE_OK
MATCH,6693,0x0CF00400,61444,145758.0,129411.185,-0.035,FF FF FF 03 00 FF FF FF,FF FF FF 03 00 FF FF FF,[],190=0.375/exp 0.3373 VALUE_OK
MATCH,6694,0x0CF00400,61444,145763.0,129416.198,-0.021,FF FF FF 02 00 FF FF FF,FF FF FF 02 00 FF FF FF,[],190=0.25/exp 0.2159 VALUE_OK
MATCH,6695,0x0CF00400,61444,145768.0,129421.157,-0.061,FF FF FF 01 00 FF FF FF,FF FF FF 01 00 FF FF FF,[],190=0.125/exp 0.1214 VALUE_OK
MATCH,6696,0x0CF00400,61444,145773.0,129426.173,-0.044,FF FF FF 00 00 FF FF FF,FF FF FF 00 00 FF FF FF,[],190=0.0/exp 0.054 VALUE_OK
MATCH,6697,0x0CF00400,61444,145778.0,129431.192,-0.024,FF FF FF 00 00 FF FF FF,FF FF FF 00 00 FF FF FF,[],190=0.0/exp 0.0135 VALUE_OK
MATCH,6698,0x0CF00400,61444,145783.0,129436.196,-0.02,FF FF FF 00 00 FF FF FF,FF FF FF 00 00 FF FF FF,[],190=0.0/exp 0.0 VALUE_OK
MATCH,6699,0x0CF00400,61444,145788.0,129441.18,-0.035,FF FF FF 00 00 FF FF FF,FF FF FF 00 00 FF FF FF,[],190=0.0/exp 0.0135 VALUE_OK
MATCH,6700,0x0CF00400,61444,145793.0,129446.195,-0.02,FF FF FF 00 00 FF FF FF,FF FF FF 00 00 FF FF FF,[],190=0.0/exp 0.054 VALUE_OK
MATCH,6701,0x0CF00400,61444,145798.0,129451.151,-0.063,FF FF FF 01 00 FF FF FF,FF FF FF 01 00 FF FF FF,[],190=0.125/exp 0.1214 VALUE_OK
MATCH,6702,0x0CF00400,61444,145803.0,129456.166,-0.047,FF FF FF 02 00 FF FF FF,FF FF FF 02 00 FF FF FF,[],190=0.25/exp 0.2159 VALUE_OK
MATCH,6703,0x0CF00400,61444,145808.0,129461.193,-0.019,FF FF FF 03 00 FF FF FF,FF FF FF 03 00 FF FF FF,[],190=0.375/exp 0.3373 VALUE_OK
MATCH,6704,0x0CF00400,61444,145813.0,129466.213,0.001,FF FF FF 04 00 FF FF FF,FF FF FF 04 00 FF FF FF,[],190=0.5/exp 0.4857 VALUE_OK
MATCH,6705,0x0CF00400,61444,145818.0,129471.16,-0.052,FF FF FF 05 00 FF FF FF,FF FF FF 05 00 FF FF FF,[],190=0.625/exp 0.6611 VALUE_OK
MATCH,6706,0x0CF00400,61444,145823.0,129476.18,-0.031,FF FF FF 07 00 FF FF FF,FF FF FF 07 00 FF FF FF,[],190=0.875/exp 0.8635 VALUE_OK
MATCH,6707,0x0CF00400,61444,145828.0,129481.192,-0.018,FF FF FF 09 00 FF FF FF,FF FF FF 09 00 FF FF FF,[],190=1.125/exp 1.0929 VALUE_OK
MATCH,6708,0x0CF00400,61444,145833.0,129486.147,-0.063,FF FF FF 0B 00 FF FF FF,FF FF FF 0B 00 FF FF FF,[],190=1.375/exp 1.3492 VALUE_OK
MATCH,6709,0x0CF00400,61444,145838.0,129491.171,-0.038,FF FF FF 0D 00 FF FF FF,FF FF FF 0D 00 FF FF FF,[],190=1.625/exp 1.6325 VALUE_OK
MATCH,6710,0x0CF00400,61444,145843.0,129496.186,-0.022,FF FF FF 10 00 FF FF FF,FF FF FF 10 00 FF FF FF,[],190=2.0/exp 1.9427 VALUE_OK
MATCH,6711,0x0CF00400,61444,145848.0,129501.138,-0.069,FF FF FF 12 00 FF FF FF,FF FF FF 12 00 FF FF FF,[],190=2.25/exp 2.2799 VALUE_OK
MATCH,6712,0x0CF00400,61444,145853.0,129506.153,-0.053,FF FF FF 15 00 FF FF FF,FF FF FF 15 00 FF FF FF,[],190=2.625/exp 2.6441 VALUE_OK
MATCH,6713,0x0CF00400,61444,145858.0,129511.177,-0.028,FF FF FF 18 00 FF FF FF,FF FF FF 18 00 FF FF FF,[],190=3.0/exp 3.0352 VALUE_OK
MATCH,6714,0x0CF00400,61444,145863.0,129516.196,-0.008,FF FF FF 1C 00 FF FF FF,FF FF FF 1C 00 FF FF FF,[],190=3.5/exp 3.4532 VALUE_OK
MATCH,6715,0x0CF00400,61444,145868.0,129521.148,-0.056,FF FF FF 1F 00 FF FF FF,FF FF FF 1F 00 FF FF FF,[],190=3.875/exp 3.8982 VALUE_OK
MATCH,6716,0x0CF00400,61444,145873.0,129526.159,-0.044,FF FF FF 23 00 FF FF FF,FF FF FF 23 00 FF FF FF,[],190=4.375/exp 4.3701 VALUE_OK
MATCH,6717,0x0CF00400,61444,145878.0,129531.179,-0.023,FF FF FF 27 00 FF FF FF,FF FF FF 27 00 FF FF FF,[],190=4.875/exp 4.8689 VALUE_OK
MATCH,6718,0x0CF00400,61444,145883.0,129536.131,-0.071,FF FF FF 2B 00 FF FF FF,FF FF FF 2B 00 FF FF FF,[],190=5.375/exp 5.3947 VALUE_OK
MATCH,6719,0x0CF00400,61444,145888.0,129541.154,-0.046,FF FF FF 30 00 FF FF FF,FF FF FF 30 00 FF FF FF,[],190=6.0/exp 5.9473 VALUE_OK
MATCH,6720,0x0CF00400,61444,145893.0,129546.177,-0.022,FF FF FF 34 00 FF FF FF,FF FF FF 34 00 FF FF FF,[],190=6.5/exp 6.5268 VALUE_OK
MATCH,6721,0x0CF00400,61444,145898.0,129551.189,-0.01,FF FF FF 39 00 FF FF FF,FF FF FF 39 00 FF FF FF,[],190=7.125/exp 7.1333 VALUE_OK
MATCH,6722,0x0CF00400,61444,145903.0,129556.157,-0.042,FF FF FF 3E 00 FF FF FF,FF FF FF 3E 00 FF FF FF,[],190=7.75/exp 7.7666 VALUE_OK
MATCH,6723,0x0CF00400,61444,145908.0,129561.164,-0.034,FF FF FF 43 00 FF FF FF,FF FF FF 43 00 FF FF FF,[],190=8.375/exp 8.4267 VALUE_OK
MATCH,6724,0x0CF00400,61444,145913.0,129566.156,-0.041,FF FF FF 49 00 FF FF FF,FF FF FF 49 00 FF FF FF,[],190=9.125/exp 9.1138 VALUE_OK
MATCH,6725,0x0CF00400,61444,145918.0,129571.187,-0.009,FF FF FF 4F 00 FF FF FF,FF FF FF 4F 00 FF FF FF,[],190=9.875/exp 9.8276 VALUE_OK
MATCH,6726,0x0CF00400,61444,145923.0,129576.127,-0.069,FF FF FF 55 00 FF FF FF,FF FF FF 55 00 FF FF FF,[],190=10.625/exp 10.5683 VALUE_OK
MATCH,6727,0x0CF00400,61444,145928.0,129581.142,-0.053,FF FF FF 5B 00 FF FF FF,FF FF FF 5B 00 FF FF FF,[],190=11.375/exp 11.3359 VALUE_OK
MATCH,6728,0x0CF00400,61444,145933.0,129586.162,-0.032,FF FF FF 61 00 FF FF FF,FF FF FF 61 00 FF FF FF,[],190=12.125/exp 12.1302 VALUE_OK
MATCH,6729,0x0CF00400,61444,145938.0,129591.194,0.001,FF FF FF 68 00 FF FF FF,FF FF FF 68 00 FF FF FF,[],190=13.0/exp 12.9513 VALUE_OK
MATCH,6730,0x0CF00400,61444,145943.0,129596.141,-0.052,FF FF FF 6E 00 FF FF FF,FF FF FF 6E 00 FF FF FF,[],190=13.75/exp 13.7993 VALUE_OK
MATCH,6731,0x0CF00400,61444,145948.0,129601.16,-0.032,FF FF FF 75 00 FF FF FF,FF FF FF 75 00 FF FF FF,[],190=14.625/exp 14.674 VALUE_OK
MATCH,6732,0x0CF00400,61444,145953.0,129606.18,-0.011,FF FF FF 7D 00 FF FF FF,FF FF FF 7D 00 FF FF FF,[],190=15.625/exp 15.5754 VALUE_OK
MATCH,6733,0x0CF00400,61444,145958.0,129611.143,-0.048,FF FF FF 84 00 FF FF FF,FF FF FF 84 00 FF FF FF,[],190=16.5/exp 16.5037 VALUE_OK
MATCH,6734,0x0CF00400,61444,145963.0,129616.159,-0.031,FF FF FF 8C 00 FF FF FF,FF FF FF 8C 00 FF FF FF,[],190=17.5/exp 17.4586 VALUE_OK
MATCH,6735,0x0CF00400,61444,145968.0,129621.174,-0.016,FF FF FF 94 00 FF FF FF,FF FF FF 94 00 FF FF FF,[],190=18.5/exp 18.4403 VALUE_OK
MATCH,6736,0x0CF00400,61444,145973.0,129626.126,-0.063,FF FF FF 9C 00 FF FF FF,FF FF FF 9C 00 FF FF FF,[],190=19.5/exp 19.4486 VALUE_OK
MATCH,6737,0x0CF00400,61444,145978.0,129631.146,-0.042,FF FF FF A4 00 FF FF FF,FF FF FF A4 00 FF FF FF,[],190=20.5/exp 20.4837 VALUE_OK
MATCH,6738,0x0CF00400,61444,145983.0,129636.166,-0.021,FF FF FF AC 00 FF FF FF,FF FF FF AC 00 FF FF FF,[],190=21.5/exp 21.5454 VALUE_OK
MATCH,6739,0x0CF00400,61444,145988.0,129641.177,-0.01,FF FF FF B5 00 FF FF FF,FF FF FF B5 00 FF FF FF,[],190=22.625/exp 22.6338 VALUE_OK
MATCH,6740,0x0CF00400,61444,145993.0,129646.144,-0.043,FF FF FF BE 00 FF FF FF,FF FF FF BE 00 FF FF FF,[],190=23.75/exp 23.7488 VALUE_OK
MATCH,6741,0x0CF00400,61444,145998.0,129651.152,-0.034,FF FF FF C7 00 FF FF FF,FF FF FF C7 00 FF FF FF,[],190=24.875/exp 24.8904 VALUE_OK
MATCH,6742,0x0CF00400,61444,146003.0,129656.172,-0.013,FF FF FF D0 00 FF FF FF,FF FF FF D0 00 FF FF FF,[],190=26.0/exp 26.0587 VALUE_OK
MATCH,6743,0x0CF00400,61444,146008.0,129661.123,-0.062,FF FF FF DA 00 FF FF FF,FF FF FF DA 00 FF FF FF,[],190=27.25/exp 27.2535 VALUE_OK
MATCH,6744,0x0CF00400,61444,146013.0,129666.142,-0.042,FF FF FF E4 00 FF FF FF,FF FF FF E4 00 FF FF FF,[],190=28.5/exp 28.4749 VALUE_OK
MATCH,6745,0x0CF00400,61444,146018.0,129671.158,-0.025,FF FF FF EE 00 FF FF FF,FF FF FF EE 00 FF FF FF,[],190=29.75/exp 29.7228 VALUE_OK
MATCH,6746,0x0CF00400,61444,146023.0,129676.173,-0.009,FF FF FF F8 00 FF FF FF,FF FF FF F8 00 FF FF FF,[],190=31.0/exp 30.9973 VALUE_OK
MATCH,6747,0x0CF00400,61444,146028.0,129681.133,-0.049,FF FF FF 02 01 FF FF FF,FF FF FF 02 01 FF FF FF,[],190=32.25/exp 32.2983 VALUE_OK
MATCH,6748,0x0CF00400,61444,146033.0,129686.145,-0.036,FF FF FF 0D 01 FF FF FF,FF FF FF 0D 01 FF FF FF,[],190=33.625/exp 33.6258 VALUE_OK
MATCH,6749,0x0CF00400,61444,146038.0,129691.14,-0.04,FF FF FF 18 01 FF FF FF,FF FF FF 18 01 FF FF FF,[],190=35.0/exp 34.9797 VALUE_OK
MATCH,6750,0x0CF00400,61444,146043.0,129696.164,-0.016,FF FF FF 23 01 FF FF FF,FF FF FF 23 01 FF FF FF,[],190=36.375/exp 36.3601 VALUE_OK
MATCH,6751,0x0CF00400,61444,146048.0,129701.107,-0.072,FF FF FF 2E 01 FF FF FF,FF FF FF 2E 01 FF FF FF,[],190=37.75/exp 37.7669 VALUE_OK
MATCH,6752,0x0CF00400,61444,146053.0,129706.127,-0.051,FF FF FF 3A 01 FF FF FF,FF FF FF 3A 01 FF FF FF,[],190=39.25/exp 39.2001 VALUE_OK
MATCH,6753,0x0CF00400,61444,146058.0,129711.15,-0.027,FF FF FF 45 01 FF FF FF,FF FF FF 45 01 FF FF FF,[],190=40.625/exp 40.6597 VALUE_OK
MATCH,6754,0x0CF00400,61444,146063.0,129716.162,-0.014,FF FF FF 51 01 FF FF FF,FF FF FF 51 01 FF FF FF,[],190=42.125/exp 42.1457 VALUE_OK
MATCH,6755,0x0CF00400,61444,146068.0,129721.121,-0.055,FF FF FF 5D 01 FF FF FF,FF FF FF 5D 01 FF FF FF,[],190=43.625/exp 43.658 VALUE_OK
MATCH,6756,0x0CF00400,61444,146073.0,129726.137,-0.038,FF FF FF 6A 01 FF FF FF,FF FF FF 6A 01 FF FF FF,[],190=45.25/exp 45.1966 VALUE_OK
MATCH,6757,0x0CF00400,61444,146078.0,129731.156,-0.018,FF FF FF 76 01 FF FF FF,FF FF FF 76 01 FF FF FF,[],190=46.75/exp 46.7615 VALUE_OK
MATCH,6758,0x0CF00400,61444,146083.0,129736.12,-0.054,FF FF FF 83 01 FF FF FF,FF FF FF 83 01 FF FF FF,[],190=48.375/exp 48.3526 VALUE_OK
MATCH,6759,0x0CF00400,61444,146088.0,129741.14,-0.033,FF FF FF 90 01 FF FF FF,FF FF FF 90 01 FF FF FF,[],190=50.0/exp 49.97 VALUE_OK
MATCH,6760,0x0CF00400,61444,146093.0,129746.147,-0.025,FF FF FF 9D 01 FF FF FF,FF FF FF 9D 01 FF FF FF,[],190=51.625/exp 51.6137 VALUE_OK
MATCH,6761,0x0CF00400,61444,146098.0,129751.17,-0.002,FF FF FF AA 01 FF FF FF,FF FF FF AA 01 FF FF FF,[],190=53.25/exp 53.2835 VALUE_OK
MATCH,6762,0x0CF00400,61444,146103.0,129756.13,-0.041,FF FF FF B8 01 FF FF FF,FF FF FF B8 01 FF FF FF,[],190=55.0/exp 54.9795 VALUE_OK
MATCH,6763,0x0CF00400,61444,146108.0,129761.142,-0.029,FF FF FF C6 01 FF FF FF,FF FF FF C6 01 FF FF FF,[],190=56.75/exp 56.7016 VALUE_OK
MATCH,6764,0x0CF00400,61444,146113.0,129766.157,-0.013,FF FF FF D4 01 FF FF FF,FF FF FF D4 01 FF FF FF,[],190=58.5/exp 58.4498 VALUE_OK
MATCH,6765,0x0CF00400,61444,146118.0,129771.113,-0.057,FF FF FF E2 01 FF FF FF,FF FF FF E2 01 FF FF FF,[],190=60.25/exp 60.2241 VALUE_OK
MATCH,6766,0x0CF00400,61444,146123.0,129776.136,-0.033,FF FF FF F0 01 FF FF FF,FF FF FF F0 01 FF FF FF,[],190=62.0/exp 62.0245 VALUE_OK
MATCH,6767,0x0CF00400,61444,146128.0,129781.152,-0.016,FF FF FF FF 01 FF FF FF,FF FF FF FF 01 FF FF FF,[],190=63.875/exp 63.8509 VALUE_OK
MATCH,6768,0x0CF00400,61444,146133.0,129786.095,-0.073,FF FF FF 0E 02 FF FF FF,FF FF FF 0E 02 FF FF FF,[],190=65.75/exp 65.7033 VALUE_OK
MATCH,6769,0x0CF00400,61444,146138.0,129791.111,-0.055,FF FF FF 1D 02 FF FF FF,FF FF FF 1D 02 FF FF FF,[],190=67.625/exp 67.5817 VALUE_OK
MATCH,6770,0x0CF00400,61444,146143.0,129796.134,-0.031,FF FF FF 2C 02 FF FF FF,FF FF FF 2C 02 FF FF FF,[],190=69.5/exp 69.4861 VALUE_OK
MATCH,6771,0x0CF00400,61444,146148.0,129801.154,-0.011,FF FF FF 3B 02 FF FF FF,FF FF FF 3B 02 FF FF FF,[],190=71.375/exp 71.4163 VALUE_OK
MATCH,6772,0x0CF00400,61444,146153.0,129806.109,-0.055,FF FF FF 4B 02 FF FF FF,FF FF FF 4B 02 FF FF FF,[],190=73.375/exp 73.3724 VALUE_OK
MATCH,6773,0x0CF00400,61444,146158.0,129811.121,-0.042,FF FF FF 5B 02 FF FF FF,FF FF FF 5B 02 FF FF FF,[],190=75.375/exp 75.3544 VALUE_OK
MATCH,6774,0x0CF00400,61444,146163.0,129816.116,-0.046,FF FF FF 6B 02 FF FF FF,FF FF FF 6B 02 FF FF FF,[],190=77.375/exp 77.3622 VALUE_OK
MATCH,6775,0x0CF00400,61444,146168.0,129821.136,-0.025,FF FF FF 7B 02 FF FF FF,FF FF FF 7B 02 FF FF FF,[],190=79.375/exp 79.3958 VALUE_OK
MATCH,6776,0x0CF00400,61444,146173.0,129826.095,-0.066,FF FF FF 8C 02 FF FF FF,FF FF FF 8C 02 FF FF FF,[],190=81.5/exp 81.4552 VALUE_OK
MATCH,6777,0x0CF00400,61444,146178.0,129831.127,-0.033,FF FF FF 9C 02 FF FF FF,FF FF FF 9C 02 FF FF FF,[],190=83.5/exp 83.5403 VALUE_OK
MATCH,6778,0x0CF00400,61444,146183.0,129836.15,-0.009,FF FF FF AD 02 FF FF FF,FF FF FF AD 02 FF FF FF,[],190=85.625/exp 85.6511 VALUE_OK
MATCH,6779,0x0CF00400,61444,146188.0,129841.118,-0.041,FF FF FF BE 02 FF FF FF,FF FF FF BE 02 FF FF FF,[],190=87.75/exp 87.7876 VALUE_OK
MATCH,6780,0x0CF00400,61444,146193.0,129846.142,-0.016,FF FF FF D0 02 FF FF FF,FF FF FF D0 02 FF FF FF,[],190=90.0/exp 89.9497 VALUE_OK
MATCH,6781,0x0CF00400,61444,146198.0,129851.101,-0.057,FF FF FF E1 02 FF FF FF,FF FF FF E1 02 FF FF FF,[],190=92.125/exp 92.1374 VALUE_OK
MATCH,6782,0x0CF00400,61444,146203.0,129856.129,-0.028,FF FF FF F3 02 FF FF FF,FF FF FF F3 02 FF FF FF,[],190=94.375/exp 94.3506 VALUE_OK
MATCH,6783,0x0CF00400,61444,146208.0,129861.152,-0.004,FF FF FF 05 03 FF FF FF,FF FF FF 05 03 FF FF FF,[],190=96.625/exp 96.5894 VALUE_OK
MATCH,6784,0x0CF00400,61444,146213.0,129866.108,-0.048,FF FF FF 17 03 FF FF FF,FF FF FF 17 03 FF FF FF,[],190=98.875/exp 98.8537 VALUE_OK
MATCH,6785,0x0CF00400,61444,146218.0,129871.136,-0.019,FF FF FF 29 03 FF FF FF,FF FF FF 29 03 FF FF FF,[],190=101.125/exp 101.1435 VALUE_OK
MATCH,6786,0x0CF00400,61444,146223.0,129876.095,-0.06,FF FF FF 3C 03 FF FF FF,FF FF FF 3C 03 FF FF FF,[],190=103.5/exp 103.4587 VALUE_OK
MATCH,6787,0x0CF00400,61444,146228.0,129881.123,-0.03,FF FF FF 4E 03 FF FF FF,FF FF FF 4E 03 FF FF FF,[],190=105.75/exp 105.7992 VALUE_OK
MATCH,6788,0x0CF00400,61444,146233.0,129886.15,-0.003,FF FF FF 61 03 FF FF FF,FF FF FF 61 03 FF FF FF,[],190=108.125/exp 108.1652 VALUE_OK
MATCH,6789,0x0CF00400,61444,146238.0,129891.106,-0.047,FF FF FF 74 03 FF FF FF,FF FF FF 74 03 FF FF FF,[],190=110.5/exp 110.5564 VALUE_OK
MATCH,6790,0x0CF00400,61444,146243.0,129896.137,-0.015,FF FF FF 88 03 FF FF FF,FF FF FF 88 03 FF FF FF,[],190=113.0/exp 112.9729 VALUE_OK
MATCH,6791,0x0CF00400,61444,146248.0,129901.096,-0.055,FF FF FF 9B 03 FF FF FF,FF FF FF 9B 03 FF FF FF,[],190=115.375/exp 115.4147 VALUE_OK
MATCH,6792,0x0CF00400,61444,146253.0,129906.121,-0.029,FF FF FF AF 03 FF FF FF,FF FF FF AF 03 FF FF FF,[],190=117.875/exp 117.8817 VALUE_OK
MATCH,6793,0x0CF00400,61444,146258.0,129911.148,-0.002,FF FF FF C3 03 FF FF FF,FF FF FF C3 03 FF FF FF,[],190=120.375/exp 120.3739 VALUE_OK
MATCH,6794,0x0CF00400,61444,146263.0,129916.108,-0.042,FF FF FF D7 03 FF FF FF,FF FF FF D7 03 FF FF FF,[],190=122.875/exp 122.8911 VALUE_OK
MATCH,6795,0x0CF00400,61444,146268.0,129921.136,-0.013,FF FF FF EB 03 FF FF FF,FF FF FF EB 03 FF FF FF,[],190=125.375/exp 125.4335 VALUE_OK
MATCH,6796,0x0CF00400,61444,146273.0,129926.099,-0.05,FF FF FF 00 04 FF FF FF,FF FF FF 00 04 FF FF FF,[],190=128.0/exp 128.001 VALUE_OK
MATCH,6797,0x0CF00400,61444,146278.0,129931.119,-0.029,FF FF FF 15 04 FF FF FF,FF FF FF 15 04 FF FF FF,[],190=130.625/exp 130.5934 VALUE_OK
MATCH,6798,0x0CF00400,61444,146283.0,129936.138,-0.009,FF FF FF 2A 04 FF FF FF,FF FF FF 2A 04 FF FF FF,[],190=133.25/exp 133.2108 VALUE_OK
MATCH,6799,0x0CF00400,61444,146288.0,129941.146,-0.001,FF FF FF 3F 04 FF FF FF,FF FF FF 3F 04 FF FF FF,[],190=135.875/exp 135.8532 VALUE_OK
MATCH,6800,0x0CF00400,61444,146293.0,129946.101,-0.046,FF FF FF 54 04 FF FF FF,FF FF FF 54 04 FF FF FF,[],190=138.5/exp 138.5204 VALUE_OK
MATCH,6801,0x0CF00400,61444,146298.0,129951.129,-0.017,FF FF FF 6A 04 FF FF FF,FF FF FF 6A 04 FF FF FF,[],190=141.25/exp 141.2125 VALUE_OK
MATCH,6802,0x0CF00400,61444,146303.0,129956.096,-0.05,FF FF FF 7F 04 FF FF FF,FF FF FF 7F 04 FF FF FF,[],190=143.875/exp 143.9294 VALUE_OK
MATCH,6803,0x0CF00400,61444,146308.0,129961.128,-0.017,FF FF FF 95 04 FF FF FF,FF FF FF 95 04 FF FF FF,[],190=146.625/exp 146.6711 VALUE_OK
MATCH,6804,0x0CF00400,61444,146313.0,129966.084,-0.06,FF FF FF AB 04 FF FF FF,FF FF FF AB 04 FF FF FF,[],190=149.375/exp 149.4375 VALUE_OK
MATCH,6805,0x0CF00400,61444,146318.0,129971.111,-0.032,FF FF FF C2 04 FF FF FF,FF FF FF C2 04 FF FF FF,[],190=152.25/exp 152.2285 VALUE_OK
MATCH,6806,0x0CF00400,61444,146323.0,129976.131,-0.011,FF FF FF D8 04 FF FF FF,FF FF FF D8 04 FF FF FF,[],190=155.0/exp 155.0443 VALUE_OK
MATCH,6807,0x0CF00400,61444,146328.0,129981.102,-0.04,FF FF FF EF 04 FF FF FF,FF FF FF EF 04 FF FF FF,[],190=157.875/exp 157.8846 VALUE_OK
MATCH,6808,0x0CF00400,61444,146333.0,129986.141,-0.0,FF FF FF 06 05 FF FF FF,FF FF FF 06 05 FF FF FF,[],190=160.75/exp 160.7494 VALUE_OK
MATCH,6809,0x0CF00400,61444,146338.0,129991.097,-0.044,FF FF FF 1D 05 FF FF FF,FF FF FF 1D 05 FF FF FF,[],190=163.625/exp 163.6388 VALUE_OK
MATCH,6810,0x0CF00400,61444,146343.0,129996.121,-0.02,FF FF FF 34 05 FF FF FF,FF FF FF 34 05 FF FF FF,[],190=166.5/exp 166.5527 VALUE_OK
MATCH,6811,0x0CF00400,61444,146348.0,130001.08,-0.06,FF FF FF 4C 05 FF FF FF,FF FF FF 4C 05 FF FF FF,[],190=169.5/exp 169.4909 VALUE_OK
MATCH,6812,0x0CF00400,61444,146353.0,130006.112,-0.027,FF FF FF 64 05 FF FF FF,FF FF FF 64 05 FF FF FF,[],190=172.5/exp 172.4535 VALUE_OK
MATCH,6813,0x0CF00400,61444,146358.0,130011.143,0.005,FF FF FF 7C 05 FF FF FF,FF FF FF 7C 05 FF FF FF,[],190=175.5/exp 175.4405 VALUE_OK
MATCH,6814,0x0CF00400,61444,146363.0,130016.099,-0.039,FF FF FF 94 05 FF FF FF,FF FF FF 94 05 FF FF FF,[],190=178.5/exp 178.4517 VALUE_OK
MATCH,6815,0x0CF00400,61444,146368.0,130021.122,-0.016,FF FF FF AC 05 FF FF FF,FF FF FF AC 05 FF FF FF,[],190=181.5/exp 181.4872 VALUE_OK
MATCH,6816,0x0CF00400,61444,146373.0,130026.086,-0.051,FF FF FF C4 05 FF FF FF,FF FF FF C4 05 FF FF FF,[],190=184.5/exp 184.5469 VALUE_OK
MATCH,6817,0x0CF00400,61444,146378.0,130031.113,-0.023,FF FF FF DD 05 FF FF FF,FF FF FF DD 05 FF FF FF,[],190=187.625/exp 187.6307 VALUE_OK
MATCH,6818,0x0CF00400,61444,146383.0,130036.081,-0.055,FF FF FF F6 05 FF FF FF,FF FF FF F6 05 FF FF FF,[],190=190.75/exp 190.7386 VALUE_OK
MATCH,6819,0x0CF00400,61444,146388.0,130041.112,-0.023,FF FF FF 0F 06 FF FF FF,FF FF FF 0F 06 FF FF FF,[],190=193.875/exp 193.8705 VALUE_OK
MATCH,6820,0x0CF00400,61444,146393.0,130046.072,-0.062,FF FF FF 28 06 FF FF FF,FF FF FF 28 06 FF FF FF,[],190=197.0/exp 197.0265 VALUE_OK
MATCH,6821,0x0CF00400,61444,146398.0,130051.107,-0.026,FF FF FF 42 06 FF FF FF,FF FF FF 42 06 FF FF FF,[],190=200.25/exp 200.2064 VALUE_OK
MATCH,6822,0x0CF00400,61444,146403.0,130056.075,-0.058,FF FF FF 5B 06 FF FF FF,FF FF FF 5B 06 FF FF FF,[],190=203.375/exp 203.4101 VALUE_OK
MATCH,6823,0x0CF00400,61444,146408.0,130061.102,-0.029,FF FF FF 75 06 FF FF FF,FF FF FF 75 06 FF FF FF,[],190=206.625/exp 206.6378 VALUE_OK
MATCH,6824,0x0CF00400,61444,146413.0,130066.114,-0.017,FF FF FF 8F 06 FF FF FF,FF FF FF 8F 06 FF FF FF,[],190=209.875/exp 209.8892 VALUE_OK
MATCH,6825,0x0CF00400,61444,146418.0,130071.086,-0.044,FF FF FF A9 06 FF FF FF,FF FF FF A9 06 FF FF FF,[],190=213.125/exp 213.1644 VALUE_OK
MATCH,6826,0x0CF00400,61444,146423.0,130076.109,-0.021,FF FF FF C4 06 FF FF FF,FF FF FF C4 06 FF FF FF,[],190=216.5/exp 216.4633 VALUE_OK
MATCH,6827,0x0CF00400,61444,146428.0,130081.077,-0.052,FF FF FF DE 06 FF FF FF,FF FF FF DE 06 FF FF FF,[],190=219.75/exp 219.7858 VALUE_OK
MATCH,6828,0x0CF00400,61444,146433.0,130086.108,-0.02,FF FF FF F9 06 FF FF FF,FF FF FF F9 06 FF FF FF,[],190=223.125/exp 223.132 VALUE_OK
MATCH,6829,0x0CF00400,61444,146438.0,130091.08,-0.048,FF FF FF 14 07 FF FF FF,FF FF FF 14 07 FF FF FF,[],190=226.5/exp 226.5017 VALUE_OK
MATCH,6830,0x0CF00400,61444,146443.0,130096.119,-0.008,FF FF FF 2F 07 FF FF FF,FF FF FF 2F 07 FF FF FF,[],190=229.875/exp 229.8948 VALUE_OK
MATCH,6831,0x0CF00400,61444,146448.0,130101.087,-0.04,FF FF FF 4A 07 FF FF FF,FF FF FF 4A 07 FF FF FF,[],190=233.25/exp 233.3115 VALUE_OK
MATCH,6832,0x0CF00400,61444,146453.0,130106.118,-0.008,FF FF FF 66 07 FF FF FF,FF FF FF 66 07 FF FF FF,[],190=236.75/exp 236.7515 VALUE_OK
MATCH,6833,0x0CF00400,61444,146458.0,130111.09,-0.036,FF FF FF 82 07 FF FF FF,FF FF FF 82 07 FF FF FF,[],190=240.25/exp 240.2148 VALUE_OK
MATCH,6834,0x0CF00400,61444,146463.0,130116.122,-0.003,FF FF FF 9E 07 FF FF FF,FF FF FF 9E 07 FF FF FF,[],190=243.75/exp 243.7015 VALUE_OK
MATCH,6835,0x0CF00400,61444,146468.0,130121.089,-0.036,FF FF FF BA 07 FF FF FF,FF FF FF BA 07 FF FF FF,[],190=247.25/exp 247.2113 VALUE_OK
MATCH,6836,0x0CF00400,61444,146473.0,130126.061,-0.063,FF FF FF D6 07 FF FF FF,FF FF FF D6 07 FF FF FF,[],190=250.75/exp 250.7443 VALUE_OK
MATCH,6837,0x0CF00400,61444,146478.0,130131.092,-0.031,FF FF FF F2 07 FF FF FF,FF FF FF F2 07 FF FF FF,[],190=254.25/exp 254.3005 VALUE_OK
MATCH,6838,0x0CF00400,61444,146483.0,130136.104,-0.018,FF FF FF 0F 08 FF FF FF,FF FF FF 0F 08 FF FF FF,[],190=257.875/exp 257.8797 VALUE_OK
MATCH,6839,0x0CF00400,61444,146488.0,130141.071,-0.051,FF FF FF 2C 08 FF FF FF,FF FF FF 2C 08 FF FF FF,[],190=261.5/exp 261.4819 VALUE_OK
MATCH,6840,0x0CF00400,61444,146493.0,130146.091,-0.03,FF FF FF 49 08 FF FF FF,FF FF FF 49 08 FF FF FF,[],190=265.125/exp 265.1071 VALUE_OK
MATCH,6841,0x0CF00400,61444,146498.0,130151.066,-0.054,FF FF FF 66 08 FF FF FF,FF FF FF 66 08 FF FF FF,[],190=268.75/exp 268.7552 VALUE_OK
MATCH,6842,0x0CF00400,61444,146503.0,130156.106,-0.013,FF FF FF 83 08 FF FF FF,FF FF FF 83 08 FF FF FF,[],190=272.375/exp 272.4261 VALUE_OK
MATCH,6843,0x0CF00400,61444,146508.0,130161.073,-0.046,FF FF FF A1 08 FF FF FF,FF FF FF A1 08 FF FF FF,[],190=276.125/exp 276.1198 VALUE_OK
MATCH,6844,0x0CF00400,61444,146513.0,130166.105,-0.013,FF FF FF BF 08 FF FF FF,FF FF FF BF 08 FF FF FF,[],190=279.875/exp 279.8363 VALUE_OK
MATCH,6845,0x0CF00400,61444,146518.0,130171.056,-0.062,FF FF FF DD 08 FF FF FF,FF FF FF DD 08 FF FF FF,[],190=283.625/exp 283.5754 VALUE_OK
MATCH,6846,0x0CF00400,61444,146523.0,130176.088,-0.029,FF FF FF FB 08 FF FF FF,FF FF FF FB 08 FF FF FF,[],190=287.375/exp 287.3371 VALUE_OK
MATCH,6847,0x0CF00400,61444,146528.0,130181.043,-0.073,FF FF FF 19 09 FF FF FF,FF FF FF 19 09 FF FF FF,[],190=291.125/exp 291.1214 VALUE_OK
MATCH,6848,0x0CF00400,61444,146533.0,130186.067,-0.048,FF FF FF 37 09 FF FF FF,FF FF FF 37 09 FF FF FF,[],190=294.875/exp 294.9282 VALUE_OK
MATCH,6849,0x0CF00400,61444,146538.0,130191.078,-0.036,FF FF FF 56 09 FF FF FF,FF FF FF 56 09 FF FF FF,[],190=298.75/exp 298.7574 VALUE_OK
MATCH,6850,0x0CF00400,61444,146543.0,130196.102,-0.011,FF FF FF 75 09 FF FF FF,FF FF FF 75 09 FF FF FF,[],190=302.625/exp 302.609 VALUE_OK
UNLOGGED,,0x0CF00400,61444,,130201.065,,,FF FF FF 94 09 FF FF FF,[],
MATCH,6852,0x0CF00400,61444,146553.0,130206.089,-0.024,FF FF FF B3 09 FF FF FF,FF FF FF B3 09 FF FF FF,[],190=310.375/exp 310.3791 VALUE_OK
MATCH,6853,0x0CF00400,61444,146558.0,130211.061,-0.051,FF FF FF D2 09 FF FF FF,FF FF FF D2 09 FF FF FF,[],190=314.25/exp 314.2975 VALUE_OK
MATCH,6854,0x0CF00400,61444,146563.0,130216.096,-0.015,FF FF FF F2 09 FF FF FF,FF FF FF F2 09 FF FF FF,[],190=318.25/exp 318.238 VALUE_OK
MATCH,6855,0x0CF00400,61444,146568.0,130221.072,-0.039,FF FF FF 12 0A FF FF FF,FF FF FF 12 0A FF FF FF,[],190=322.25/exp 322.2006 VALUE_OK
MATCH,6856,0x0CF00400,61444,146573.0,130226.095,-0.015,FF FF FF 31 0A FF FF FF,FF FF FF 31 0A FF FF FF,[],190=326.125/exp 326.1852 VALUE_OK
MATCH,6857,0x0CF00400,61444,146578.0,130231.063,-0.047,FF FF FF 52 0A FF FF FF,FF FF FF 52 0A FF FF FF,[],190=330.25/exp 330.1918 VALUE_OK
MATCH,6858,0x0CF00400,61444,146583.0,130236.078,-0.031,FF FF FF 72 0A FF FF FF,FF FF FF 72 0A FF FF FF,[],190=334.25/exp 334.2203 VALUE_OK
MATCH,6859,0x0CF00400,61444,146588.0,130241.05,-0.058,FF FF FF 92 0A FF FF FF,FF FF FF 92 0A FF FF FF,[],190=338.25/exp 338.2706 VALUE_OK
MATCH,6860,0x0CF00400,61444,146593.0,130246.073,-0.034,FF FF FF B3 0A FF FF FF,FF FF FF B3 0A FF FF FF,[],190=342.375/exp 342.3426 VALUE_OK
MATCH,6861,0x0CF00400,61444,146598.0,130251.093,-0.013,FF FF FF D3 0A FF FF FF,FF FF FF D3 0A FF FF FF,[],190=346.375/exp 346.4364 VALUE_OK
MATCH,6862,0x0CF00400,61444,146603.0,130256.056,-0.05,FF FF FF F4 0A FF FF FF,FF FF FF F4 0A FF FF FF,[],190=350.5/exp 350.5518 VALUE_OK
MATCH,6863,0x0CF00400,61444,146608.0,130261.084,-0.021,FF FF FF 16 0B FF FF FF,FF FF FF 16 0B FF FF FF,[],190=354.75/exp 354.6889 VALUE_OK
MATCH,6864,0x0CF00400,61444,146613.0,130266.044,-0.061,FF FF FF 37 0B FF FF FF,FF FF FF 37 0B FF FF FF,[],190=358.875/exp 358.8474 VALUE_OK
MATCH,6865,0x0CF00400,61444,146618.0,130271.071,-0.032,FF FF FF 58 0B FF FF FF,FF FF FF 58 0B FF FF FF,[],190=363.0/exp 363.0274 VALUE_OK
MATCH,6866,0x0CF00400,61444,146623.0,130276.094,-0.009,FF FF FF 7A 0B FF FF FF,FF FF FF 7A 0B FF FF FF,[],190=367.25/exp 367.2287 VALUE_OK
MATCH,6867,0x0CF00400,61444,146628.0,130281.058,-0.045,FF FF FF 9C 0B FF FF FF,FF FF FF 9C 0B FF FF FF,[],190=371.5/exp 371.4514 VALUE_OK
MATCH,6868,0x0CF00400,61444,146633.0,130286.09,-0.012,FF FF FF BE 0B FF FF FF,FF FF FF BE 0B FF FF FF,[],190=375.75/exp 375.6954 VALUE_OK
MATCH,6869,0x0CF00400,61444,146638.0,130291.045,-0.057,FF FF FF E0 0B FF FF FF,FF FF FF E0 0B FF FF FF,[],190=380.0/exp 379.9605 VALUE_OK
MATCH,6870,0x0CF00400,61444,146643.0,130296.073,-0.027,FF FF FF 02 0C FF FF FF,FF FF FF 02 0C FF FF FF,[],190=384.25/exp 384.2468 VALUE_OK
MATCH,6871,0x0CF00400,61444,146648.0,130301.092,-0.008,FF FF FF 24 0C FF FF FF,FF FF FF 24 0C FF FF FF,[],190=388.5/exp 388.5541 VALUE_OK
MATCH,6872,0x0CF00400,61444,146653.0,130306.044,-0.056,FF FF FF 47 0C FF FF FF,FF FF FF 47 0C FF FF FF,[],190=392.875/exp 392.8824 VALUE_OK
MATCH,6873,0x0CF00400,61444,146658.0,130311.083,-0.016,FF FF FF 6A 0C FF FF FF,FF FF FF 6A 0C FF FF FF,[],190=397.25/exp 397.2317 VALUE_OK
MATCH,6874,0x0CF00400,61444,146663.0,130316.027,-0.071,FF FF FF 8D 0C FF FF FF,FF FF FF 8D 0C FF FF FF,[],190=401.625/exp 401.6018 VALUE_OK
MATCH,6875,0x0CF00400,61444,146668.0,130321.07,-0.027,FF FF FF B0 0C FF FF FF,FF FF FF B0 0C FF FF FF,[],190=406.0/exp 405.9927 VALUE_OK
MATCH,6876,0x0CF00400,61444,146673.0,130326.034,-0.062,FF FF FF D3 0C FF FF FF,FF FF FF D3 0C FF FF FF,[],190=410.375/exp 410.4044 VALUE_OK
MATCH,6877,0x0CF00400,61444,146678.0,130331.073,-0.022,FF FF FF F7 0C FF FF FF,FF FF FF F7 0C FF FF FF,[],190=414.875/exp 414.8367 VALUE_OK
MATCH,6878,0x0CF00400,61444,146683.0,130336.033,-0.062,FF FF FF 1A 0D FF FF FF,FF FF FF 1A 0D FF FF FF,[],190=419.25/exp 419.2896 VALUE_OK
MATCH,6879,0x0CF00400,61444,146688.0,130341.064,-0.029,FF FF FF 3E 0D FF FF FF,FF FF FF 3E 0D FF FF FF,[],190=423.75/exp 423.763 VALUE_OK
MATCH,6880,0x0CF00400,61444,146693.0,130346.088,-0.005,FF FF FF 62 0D FF FF FF,FF FF FF 62 0D FF FF FF,[],190=428.25/exp 428.2568 VALUE_OK
MATCH,6881,0x0CF00400,61444,146698.0,130351.056,-0.037,FF FF FF 86 0D FF FF FF,FF FF FF 86 0D FF FF FF,[],190=432.75/exp 432.7711 VALUE_OK
MATCH,6882,0x0CF00400,61444,146703.0,130356.075,-0.017,FF FF FF AA 0D FF FF FF,FF FF FF AA 0D FF FF FF,[],190=437.25/exp 437.3056 VALUE_OK
MATCH,6883,0x0CF00400,61444,146708.0,130361.035,-0.057,FF FF FF CF 0D FF FF FF,FF FF FF CF 0D FF FF FF,[],190=441.875/exp 441.8604 VALUE_OK
MATCH,6884,0x0CF00400,61444,146713.0,130366.062,-0.028,FF FF FF F3 0D FF FF FF,FF FF FF F3 0D FF FF FF,[],190=446.375/exp 446.4354 VALUE_OK
MATCH,6885,0x0CF00400,61444,146718.0,130371.014,-0.076,FF FF FF 18 0E FF FF FF,FF FF FF 18 0E FF FF FF,[],190=451.0/exp 451.0305 VALUE_OK
MATCH,6886,0x0CF00400,61444,146723.0,130376.037,-0.051,FF FF FF 3D 0E FF FF FF,FF FF FF 3D 0E FF FF FF,[],190=455.625/exp 455.6456 VALUE_OK
MATCH,6887,0x0CF00400,61444,146728.0,130381.069,-0.018,FF FF FF 62 0E FF FF FF,FF FF FF 62 0E FF FF FF,[],190=460.25/exp 460.2807 VALUE_OK
MATCH,6888,0x0CF00400,61444,146733.0,130386.032,-0.055,FF FF FF 87 0E FF FF FF,FF FF FF 87 0E FF FF FF,[],190=464.875/exp 464.9356 VALUE_OK
MATCH,6889,0x0CF00400,61444,146738.0,130391.056,-0.03,FF FF FF AD 0E FF FF FF,FF FF FF AD 0E FF FF FF,[],190=469.625/exp 469.6104 VALUE_OK
MATCH,6890,0x0CF00400,61444,146743.0,130396.019,-0.066,FF FF FF D2 0E FF FF FF,FF FF FF D2 0E FF FF FF,[],190=474.25/exp 474.3049 VALUE_OK
MATCH,6891,0x0CF00400,61444,146748.0,130401.048,-0.036,FF FF FF F8 0E FF FF FF,FF FF FF F8 0E FF FF FF,[],190=479.0/exp 479.0191 VALUE_OK
MATCH,6892,0x0CF00400,61444,146753.0,130406.071,-0.012,FF FF FF 1E 0F FF FF FF,FF FF FF 1E 0F FF FF FF,[],190=483.75/exp 483.7529 VALUE_OK
MATCH,6893,0x0CF00400,61444,146758.0,130411.039,-0.044,FF FF FF 44 0F FF FF FF,FF FF FF 44 0F FF FF FF,[],190=488.5/exp 488.5062 VALUE_OK
MATCH,6894,0x0CF00400,61444,146763.0,130416.058,-0.024,FF FF FF 6A 0F FF FF FF,FF FF FF 6A 0F FF FF FF,[],190=493.25/exp 493.279 VALUE_OK
MATCH,6895,0x0CF00400,61444,146768.0,130421.018,-0.064,FF FF FF 91 0F FF FF FF,FF FF FF 91 0F FF FF FF,[],190=498.125/exp 498.0711 VALUE_OK
MATCH,6896,0x0CF00400,61444,146773.0,130426.042,-0.038,FF FF FF B7 0F FF FF FF,FF FF FF B7 0F FF FF FF,[],190=502.875/exp 502.8826 VALUE_OK
MATCH,6897,0x0CF00400,61444,146778.0,130431.069,-0.011,FF FF FF DE 0F FF FF FF,FF FF FF DE 0F FF FF FF,[],190=507.75/exp 507.7133 VALUE_OK
MATCH,6898,0x0CF00400,61444,146783.0,130436.013,-0.066,FF FF FF 05 10 FF FF FF,FF FF FF 05 10 FF FF FF,[],190=512.625/exp 512.5631 VALUE_OK
MATCH,6899,0x0CF00400,61444,146788.0,130441.056,-0.022,FF FF FF 2B 10 FF FF FF,FF FF FF 2B 10 FF FF FF,[],190=517.375/exp 517.4321 VALUE_OK
MATCH,6900,0x0CF00400,61444,146793.0,130446.012,-0.066,FF FF FF 53 10 FF FF FF,FF FF FF 53 10 FF FF FF,[],190=522.375/exp 522.32 VALUE_OK
MATCH,6901,0x0CF00400,61444,146798.0,130451.027,-0.049,FF FF FF 7A 10 FF FF FF,FF FF FF 7A 10 FF FF FF,[],190=527.25/exp 527.2269 VALUE_OK
MATCH,6902,0x0CF00400,61444,146803.0,130456.051,-0.024,FF FF FF A1 10 FF FF FF,FF FF FF A1 10 FF FF FF,[],190=532.125/exp 532.1526 VALUE_OK
MATCH,6903,0x0CF00400,61444,146808.0,130461.003,-0.072,FF FF FF C9 10 FF FF FF,FF FF FF C9 10 FF FF FF,[],190=537.125/exp 537.0971 VALUE_OK
MATCH,6904,0x0CF00400,61444,146813.0,130466.026,-0.047,FF FF FF F0 10 FF FF FF,FF FF FF F0 10 FF FF FF,[],190=542.0/exp 542.0603 VALUE_OK
MATCH,6905,0x0CF00400,61444,146818.0,130471.037,-0.035,FF FF FF 18 11 FF FF FF,FF FF FF 18 11 FF FF FF,[],190=547.0/exp 547.0422 VALUE_OK
MATCH,6906,0x0CF00400,61444,146823.0,130476.053,-0.019,FF FF FF 40 11 FF FF FF,FF FF FF 40 11 FF FF FF,[],190=552.0/exp 552.0426 VALUE_OK
MATCH,6907,0x0CF00400,61444,146828.0,130481.009,-0.062,FF FF FF 68 11 FF FF FF,FF FF FF 68 11 FF FF FF,[],190=557.0/exp 557.0614 VALUE_OK
MATCH,6908,0x0CF00400,61444,146833.0,130486.028,-0.042,FF FF FF 91 11 FF FF FF,FF FF FF 91 11 FF FF FF,[],190=562.125/exp 562.0987 VALUE_OK
MATCH,6909,0x0CF00400,61444,146838.0,130491.04,-0.029,FF FF FF B9 11 FF FF FF,FF FF FF B9 11 FF FF FF,[],190=567.125/exp 567.1543 VALUE_OK
MATCH,6910,0x0CF00400,61444,146843.0,130495.995,-0.074,FF FF FF E2 11 FF FF FF,FF FF FF E2 11 FF FF FF,[],190=572.25/exp 572.2281 VALUE_OK
MATCH,6911,0x0CF00400,61444,146848.0,130501.003,-0.064,FF FF FF 0B 12 FF FF FF,FF FF FF 0B 12 FF FF FF,[],190=577.375/exp 577.3201 VALUE_OK
MATCH,6912,0x0CF00400,61444,146853.0,130506.022,-0.044,FF FF FF 33 12 FF FF FF,FF FF FF 33 12 FF FF FF,[],190=582.375/exp 582.4302 VALUE_OK
MATCH,6913,0x0CF00400,61444,146858.0,130511.042,-0.023,FF FF FF 5C 12 FF FF FF,FF FF FF 5C 12 FF FF FF,[],190=587.5/exp 587.5582 VALUE_OK
MATCH,6914,0x0CF00400,61444,146863.0,130516.013,-0.052,FF FF FF 86 12 FF FF FF,FF FF FF 86 12 FF FF FF,[],190=592.75/exp 592.7042 VALUE_OK
MATCH,6915,0x0CF00400,61444,146868.0,130521.033,-0.031,FF FF FF AF 12 FF FF FF,FF FF FF AF 12 FF FF FF,[],190=597.875/exp 597.8681 VALUE_OK
MATCH,6916,0x0CF00400,61444,146873.0,130526.052,-0.011,FF FF FF D8 12 FF FF FF,FF FF FF D8 12 FF FF FF,[],190=603.0/exp 603.0497 VALUE_OK
MATCH,6917,0x0CF00400,61444,146878.0,130531.004,-0.059,FF FF FF 02 13 FF FF FF,FF FF FF 02 13 FF FF FF,[],190=608.25/exp 608.249 VALUE_OK
MATCH,6918,0x0CF00400,61444,146883.0,130536.019,-0.043,FF FF FF 2C 13 FF FF FF,FF FF FF 2C 13 FF FF FF,[],190=613.5/exp 613.4659 VALUE_OK
MATCH,6919,0x0CF00400,61444,146888.0,130541.035,-0.026,FF FF FF 56 13 FF FF FF,FF FF FF 56 13 FF FF FF,[],190=618.75/exp 618.7004 VALUE_OK
MATCH,6920,0x0CF00400,61444,146893.0,130545.998,-0.062,FF FF FF 80 13 FF FF FF,FF FF FF 80 13 FF FF FF,[],190=624.0/exp 623.9522 VALUE_OK
MATCH,6921,0x0CF00400,61444,146898.0,130551.01,-0.049,FF FF FF AA 13 FF FF FF,FF FF FF AA 13 FF FF FF,[],190=629.25/exp 629.2215 VALUE_OK
MATCH,6922,0x0CF00400,61444,146903.0,130556.03,-0.028,FF FF FF D4 13 FF FF FF,FF FF FF D4 13 FF FF FF,[],190=634.5/exp 634.508 VALUE_OK
MATCH,6923,0x0CF00400,61444,146908.0,130561.049,-0.008,FF FF FF FE 13 FF FF FF,FF FF FF FE 13 FF FF FF,[],190=639.75/exp 639.8118 VALUE_OK
MATCH,6924,0x0CF00400,61444,146913.0,130566.024,-0.033,FF FF FF 29 14 FF FF FF,FF FF FF 29 14 FF FF FF,[],190=645.125/exp 645.1326 VALUE_OK
MATCH,6925,0x0CF00400,61444,146918.0,130570.992,-0.065,FF FF FF 54 14 FF FF FF,FF FF FF 54 14 FF FF FF,[],190=650.5/exp 650.4705 VALUE_OK
MATCH,6926,0x0CF00400,61444,146923.0,130576.011,-0.044,FF FF FF 7F 14 FF FF FF,FF FF FF 7F 14 FF FF FF,[],190=655.875/exp 655.8254 VALUE_OK
MATCH,6927,0x0CF00400,61444,146928.0,130581.027,-0.027,FF FF FF AA 14 FF FF FF,FF FF FF AA 14 FF FF FF,[],190=661.25/exp 661.1971 VALUE_OK
MATCH,6928,0x0CF00400,61444,146933.0,130586.035,-0.019,FF FF FF D5 14 FF FF FF,FF FF FF D5 14 FF FF FF,[],190=666.625/exp 666.5856 VALUE_OK
MATCH,6929,0x0CF00400,61444,146938.0,130591.002,-0.051,FF FF FF 00 15 FF FF FF,FF FF FF 00 15 FF FF FF,[],190=672.0/exp 671.9908 VALUE_OK
MATCH,6930,0x0CF00400,61444,146943.0,130596.018,-0.034,FF FF FF 2B 15 FF FF FF,FF FF FF 2B 15 FF FF FF,[],190=677.375/exp 677.4127 VALUE_OK
MATCH,6931,0x0CF00400,61444,146948.0,130601.029,-0.023,FF FF FF 57 15 FF FF FF,FF FF FF 57 15 FF FF FF,[],190=682.875/exp 682.851 VALUE_OK
MATCH,6932,0x0CF00400,61444,146953.0,130605.989,-0.062,FF FF FF 82 15 FF FF FF,FF FF FF 82 15 FF FF FF,[],190=688.25/exp 688.3059 VALUE_OK
MATCH,6933,0x0CF00400,61444,146958.0,130611.004,-0.046,FF FF FF AE 15 FF FF FF,FF FF FF AE 15 FF FF FF,[],190=693.75/exp 693.7771 VALUE_OK
MATCH,6934,0x0CF00400,61444,146963.0,130616.02,-0.029,FF FF FF DA 15 FF FF FF,FF FF FF DA 15 FF FF FF,[],190=699.25/exp 699.2646 VALUE_OK
MATCH,6935,0x0CF00400,61444,146968.0,130621.035,-0.014,FF FF FF 06 16 FF FF FF,FF FF FF 06 16 FF FF FF,[],190=704.75/exp 704.7683 VALUE_OK
MATCH,6936,0x0CF00400,61444,146973.0,130625.987,-0.061,FF FF FF 32 16 FF FF FF,FF FF FF 32 16 FF FF FF,[],190=710.25/exp 710.2881 VALUE_OK
MATCH,6937,0x0CF00400,61444,146978.0,130631.003,-0.044,FF FF FF 5F 16 FF FF FF,FF FF FF 5F 16 FF FF FF,[],190=715.875/exp 715.824 VALUE_OK
MATCH,6938,0x0CF00400,61444,146983.0,130636.022,-0.024,FF FF FF 8B 16 FF FF FF,FF FF FF 8B 16 FF FF FF,[],190=721.375/exp 721.3758 VALUE_OK
MATCH,6939,0x0CF00400,61444,146988.0,130640.977,-0.069,FF FF FF B8 16 FF FF FF,FF FF FF B8 16 FF FF FF,[],190=727.0/exp 726.9435 VALUE_OK
MATCH,6940,0x0CF00400,61444,146993.0,130646.001,-0.043,FF FF FF E4 16 FF FF FF,FF FF FF E4 16 FF FF FF,[],190=732.5/exp 732.5269 VALUE_OK
MATCH,6941,0x0CF00400,61444,146998.0,130651.008,-0.035,FF FF FF 11 17 FF FF FF,FF FF FF 11 17 FF FF FF,[],190=738.125/exp 738.1261 VALUE_OK
MATCH,6942,0x0CF00400,61444,147003.0,130656.032,-0.011,FF FF FF 3E 17 FF FF FF,FF FF FF 3E 17 FF FF FF,[],190=743.75/exp 743.7408 VALUE_OK
MATCH,6943,0x0CF00400,61444,147008.0,130660.984,-0.059,FF FF FF 6B 17 FF FF FF,FF FF FF 6B 17 FF FF FF,[],190=749.375/exp 749.3711 VALUE_OK
MATCH,6944,0x0CF00400,61444,147013.0,130666.007,-0.034,FF FF FF 98 17 FF FF FF,FF FF FF 98 17 FF FF FF,[],190=755.0/exp 755.0168 VALUE_OK
MATCH,6945,0x0CF00400,61444,147018.0,130671.023,-0.018,FF FF FF C5 17 FF FF FF,FF FF FF C5 17 FF FF FF,[],190=760.625/exp 760.6778 VALUE_OK
MATCH,6946,0x0CF00400,61444,147023.0,130675.974,-0.066,FF FF FF F3 17 FF FF FF,FF FF FF F3 17 FF FF FF,[],190=766.375/exp 766.3541 VALUE_OK
MATCH,6947,0x0CF00400,61444,147028.0,130680.99,-0.049,FF FF FF 20 18 FF FF FF,FF FF FF 20 18 FF FF FF,[],190=772.0/exp 772.0455 VALUE_OK
MATCH,6948,0x0CF00400,61444,147033.0,130685.997,-0.041,FF FF FF 4E 18 FF FF FF,FF FF FF 4E 18 FF FF FF,[],190=777.75/exp 777.7521 VALUE_OK
MATCH,6949,0x0CF00400,61444,147038.0,130691.001,-0.036,FF FF FF 7C 18 FF FF FF,FF FF FF 7C 18 FF FF FF,[],190=783.5/exp 783.4736 VALUE_OK
MATCH,6950,0x0CF00400,61444,147043.0,130696.012,-0.024,FF FF FF AA 18 FF FF FF,FF FF FF AA 18 FF FF FF,[],190=789.25/exp 789.2101 VALUE_OK
MATCH,6951,0x0CF00400,61444,147048.0,130700.968,-0.068,FF FF FF D8 18 FF FF FF,FF FF FF D8 18 FF FF FF,[],190=795.0/exp 794.9613 VALUE_OK
MATCH,6952,0x0CF00400,61444,147053.0,130705.991,-0.044,FF FF FF 06 19 FF FF FF,FF FF FF 06 19 FF FF FF,[],190=800.75/exp 800.7273 VALUE_OK
MATCH,6953,0x0CF00400,61444,147058.0,130711.011,-0.023,FF FF FF 34 19 FF FF FF,FF FF FF 34 19 FF FF FF,[],190=806.5/exp 806.5079 VALUE_OK
MATCH,6954,0x0CF00400,61444,147063.0,130715.963,-0.07,FF FF FF 62 19 FF FF FF,FF FF FF 62 19 FF FF FF,[],190=812.25/exp 812.3031 VALUE_OK
MATCH,6955,0x0CF00400,61444,147068.0,130720.986,-0.046,FF FF FF 91 19 FF FF FF,FF FF FF 91 19 FF FF FF,[],190=818.125/exp 818.1127 VALUE_OK
MATCH,6956,0x0CF00400,61444,147073.0,130726.009,-0.022,FF FF FF BF 19 FF FF FF,FF FF FF BF 19 FF FF FF,[],190=823.875/exp 823.9367 VALUE_OK
MATCH,6957,0x0CF00400,61444,147078.0,130731.021,-0.01,FF FF FF EE 19 FF FF FF,FF FF FF EE 19 FF FF FF,[],190=829.75/exp 829.775 VALUE_OK
MATCH,6958,0x0CF00400,61444,147083.0,130735.965,-0.065,FF FF FF 1D 1A FF FF FF,FF FF FF 1D 1A FF FF FF,[],190=835.625/exp 835.6275 VALUE_OK
MATCH,6959,0x0CF00400,61444,147088.0,130740.988,-0.041,FF FF FF 4C 1A FF FF FF,FF FF FF 4C 1A FF FF FF,[],190=841.5/exp 841.4941 VALUE_OK
MATCH,6960,0x0CF00400,61444,147093.0,130745.996,-0.032,FF FF FF 7B 1A FF FF FF,FF FF FF 7B 1A FF FF FF,[],190=847.375/exp 847.3747 VALUE_OK
MATCH,6961,0x0CF00400,61444,147098.0,130751.015,-0.013,FF FF FF AA 1A FF FF FF,FF FF FF AA 1A FF FF FF,[],190=853.25/exp 853.2692 VALUE_OK
MATCH,6962,0x0CF00400,61444,147103.0,130755.975,-0.052,FF FF FF D9 1A FF FF FF,FF FF FF D9 1A FF FF FF,[],190=859.125/exp 859.1775 VALUE_OK
MATCH,6963,0x0CF00400,61444,147108.0,130760.99,-0.036,FF FF FF 09 1B FF FF FF,FF FF FF 09 1B FF FF FF,[],190=865.125/exp 865.0996 VALUE_OK
MATCH,6964,0x0CF00400,61444,147113.0,130766.014,-0.012,FF FF FF 38 1B FF FF FF,FF FF FF 38 1B FF FF FF,[],190=871.0/exp 871.0353 VALUE_OK
MATCH,6965,0x0CF00400,61444,147118.0,130770.966,-0.059,FF FF FF 68 1B FF FF FF,FF FF FF 68 1B FF FF FF,[],190=877.0/exp 876.9846 VALUE_OK
MATCH,6966,0x0CF00400,61444,147123.0,130775.997,-0.027,FF FF FF 98 1B FF FF FF,FF FF FF 98 1B FF FF FF,[],190=883.0/exp 882.9473 VALUE_OK
MATCH,6967,0x0CF00400,61444,147128.0,130780.96,-0.064,FF FF FF C7 1B FF FF FF,FF FF FF C7 1B FF FF FF,[],190=888.875/exp 888.9234 VALUE_OK
MATCH,6968,0x0CF00400,61444,147133.0,130785.984,-0.038,FF FF FF F7 1B FF FF FF,FF FF FF F7 1B FF FF FF,[],190=894.875/exp 894.9128 VALUE_OK
MATCH,6969,0x0CF00400,61444,147138.0,130791.003,-0.019,FF FF FF 27 1C FF FF FF,FF FF FF 27 1C FF FF FF,[],190=900.875/exp 900.9154 VALUE_OK
MATCH,6970,0x0CF00400,61444,147143.0,130795.967,-0.054,FF FF FF 57 1C FF FF FF,FF FF FF 57 1C FF FF FF,[],190=906.875/exp 906.9311 VALUE_OK
MATCH,6971,0x0CF00400,61444,147148.0,130801.003,-0.017,FF FF FF 88 1C FF FF FF,FF FF FF 88 1C FF FF FF,[],190=913.0/exp 912.9597 VALUE_OK
MATCH,6972,0x0CF00400,61444,147153.0,130805.954,-0.066,FF FF FF B8 1C FF FF FF,FF FF FF B8 1C FF FF FF,[],190=919.0/exp 919.0013 VALUE_OK
MATCH,6973,0x0CF00400,61444,147158.0,130810.974,-0.044,FF FF FF E8 1C FF FF FF,FF FF FF E8 1C FF FF FF,[],190=925.0/exp 925.0557 VALUE_OK
MATCH,6974,0x0CF00400,61444,147163.0,130815.957,-0.061,FF FF FF 19 1D FF FF FF,FF FF FF 19 1D FF FF FF,[],190=931.125/exp 931.1228 VALUE_OK
MATCH,6975,0x0CF00400,61444,147168.0,130820.981,-0.035,FF FF FF 4A 1D FF FF FF,FF FF FF 4A 1D FF FF FF,[],190=937.25/exp 937.2026 VALUE_OK
MATCH,6976,0x0CF00400,61444,147173.0,130825.996,-0.02,FF FF FF 7A 1D FF FF FF,FF FF FF 7A 1D FF FF FF,[],190=943.25/exp 943.2948 VALUE_OK
MATCH,6977,0x0CF00400,61444,147178.0,130830.952,-0.063,FF FF FF AB 1D FF FF FF,FF FF FF AB 1D FF FF FF,[],190=949.375/exp 949.3996 VALUE_OK
MATCH,6978,0x0CF00400,61444,147183.0,130835.979,-0.035,FF FF FF DC 1D FF FF FF,FF FF FF DC 1D FF FF FF,[],190=955.5/exp 955.5166 VALUE_OK
MATCH,6979,0x0CF00400,61444,147188.0,130840.987,-0.026,FF FF FF 0D 1E FF FF FF,FF FF FF 0D 1E FF FF FF,[],190=961.625/exp 961.6459 VALUE_OK
MATCH,6980,0x0CF00400,61444,147193.0,130846.015,0.002,FF FF FF 3E 1E FF FF FF,FF FF FF 3E 1E FF FF FF,[],190=967.75/exp 967.7874 VALUE_OK
MATCH,6981,0x0CF00400,61444,147198.0,130850.958,-0.055,FF FF FF 70 1E FF FF FF,FF FF FF 70 1E FF FF FF,[],190=974.0/exp 973.9409 VALUE_OK
MATCH,6982,0x0CF00400,61444,147203.0,130855.973,-0.039,FF FF FF A1 1E FF FF FF,FF FF FF A1 1E FF FF FF,[],190=980.125/exp 980.1065 VALUE_OK
MATCH,6983,0x0CF00400,61444,147208.0,130860.997,-0.014,FF FF FF D2 1E FF FF FF,FF FF FF D2 1E FF FF FF,[],190=986.25/exp 986.2838 VALUE_OK
MATCH,6984,0x0CF00400,61444,147213.0,130865.961,-0.05,FF FF FF 04 1F FF FF FF,FF FF FF 04 1F FF FF FF,[],190=992.5/exp 992.473 VALUE_OK
MATCH,6985,0x0CF00400,61444,147218.0,130870.968,-0.042,FF FF FF 35 1F FF FF FF,FF FF FF 35 1F FF FF FF,[],190=998.625/exp 998.6738 VALUE_OK
MATCH,6986,0x0CF00400,61444,147223.0,130875.98,-0.029,FF FF FF 67 1F FF FF FF,FF FF FF 67 1F FF FF FF,[],190=1004.875/exp 1004.8862 VALUE_OK
MATCH,6987,0x0CF00400,61444,147228.0,130880.939,-0.069,FF FF FF 99 1F FF FF FF,FF FF FF 99 1F FF FF FF,[],190=1011.125/exp 1011.1102 VALUE_OK
MATCH,6988,0x0CF00400,61444,147233.0,130885.959,-0.048,FF FF FF CB 1F FF FF FF,FF FF FF CB 1F FF FF FF,[],190=1017.375/exp 1017.3455 VALUE_OK
MATCH,6989,0x0CF00400,61444,147238.0,130890.982,-0.024,FF FF FF FD 1F FF FF FF,FF FF FF FD 1F FF FF FF,[],190=1023.625/exp 1023.5921 VALUE_OK
MATCH,6990,0x0CF00400,61444,147243.0,130895.986,-0.019,FF FF FF 2F 20 FF FF FF,FF FF FF 2F 20 FF FF FF,[],190=1029.875/exp 1029.8499 VALUE_OK
MATCH,6991,0x0CF00400,61444,147248.0,130900.989,-0.016,FF FF FF 61 20 FF FF FF,FF FF FF 61 20 FF FF FF,[],190=1036.125/exp 1036.1188 VALUE_OK
MATCH,6992,0x0CF00400,61444,147253.0,130906.002,-0.003,FF FF FF 93 20 FF FF FF,FF FF FF 93 20 FF FF FF,[],190=1042.375/exp 1042.3987 VALUE_OK
MATCH,6993,0x0CF00400,61444,147258.0,130910.945,-0.06,FF FF FF C6 20 FF FF FF,FF FF FF C6 20 FF FF FF,[],190=1048.75/exp 1048.6895 VALUE_OK
MATCH,6994,0x0CF00400,61444,147263.0,130915.957,-0.046,FF FF FF F8 20 FF FF FF,FF FF FF F8 20 FF FF FF,[],190=1055.0/exp 1054.9912 VALUE_OK
MATCH,6995,0x0CF00400,61444,147268.0,130920.952,-0.051,FF FF FF 2A 21 FF FF FF,FF FF FF 2A 21 FF FF FF,[],190=1061.25/exp 1061.3036 VALUE_OK
MATCH,6996,0x0CF00400,61444,147273.0,130925.96,-0.042,FF FF FF 5D 21 FF FF FF,FF FF FF 5D 21 FF FF FF,[],190=1067.625/exp 1067.6265 VALUE_OK
MATCH,6997,0x0CF00400,61444,147278.0,130930.975,-0.026,FF FF FF 90 21 FF FF FF,FF FF FF 90 21 FF FF FF,[],190=1074.0/exp 1073.9601 VALUE_OK
MATCH,6998,0x0CF00400,61444,147283.0,130935.979,-0.021,FF FF FF C2 21 FF FF FF,FF FF FF C2 21 FF FF FF,[],190=1080.25/exp 1080.304 VALUE_OK
MATCH,6999,0x0CF00400,61444,147288.0,130940.963,-0.037,FF FF FF F5 21 FF FF FF,FF FF FF F5 21 FF FF FF,[],190=1086.625/exp 1086.6583 VALUE_OK
MATCH,7000,0x0CF00400,61444,147293.0,130945.97,-0.029,FF FF FF 28 22 FF FF FF,FF FF FF 28 22 FF FF FF,[],190=1093.0/exp 1093.0228 VALUE_OK
MATCH,7001,0x0CF00400,61444,147298.0,130950.97,-0.028,FF FF FF 5B 22 FF FF FF,FF FF FF 5B 22 FF FF FF,[],190=1099.375/exp 1099.3974 VALUE_OK
MATCH,7002,0x0CF00400,61444,147303.0,130955.977,-0.021,FF FF FF 8E 22 FF FF FF,FF FF FF 8E 22 FF FF FF,[],190=1105.75/exp 1105.782 VALUE_OK
MATCH,7003,0x0CF00400,61444,147308.0,130960.993,-0.004,FF FF FF C1 22 FF FF FF,FF FF FF C1 22 FF FF FF,[],190=1112.125/exp 1112.1766 VALUE_OK
MATCH,7004,0x0CF00400,61444,147313.0,130965.94,-0.057,FF FF FF F5 22 FF FF FF,FF FF FF F5 22 FF FF FF,[],190=1118.625/exp 1118.5811 VALUE_OK
MATCH,7005,0x0CF00400,61444,147318.0,130970.944,-0.052,FF FF FF 28 23 FF FF FF,FF FF FF 28 23 FF FF FF,[],190=1125.0/exp 1124.9952 VALUE_OK
MATCH,7006,0x0CF00400,61444,147323.0,130975.947,-0.048,FF FF FF 5B 23 FF FF FF,FF FF FF 5B 23 FF FF FF,[],190=1131.375/exp 1131.419 VALUE_OK
MATCH,7007,0x0CF00400,61444,147328.0,130980.959,-0.035,FF FF FF 8F 23 FF FF FF,FF FF FF 8F 23 FF FF FF,[],190=1137.875/exp 1137.8524 VALUE_OK
MATCH,7008,0x0CF00400,61444,147333.0,130985.97,-0.024,FF FF FF C2 23 FF FF FF,FF FF FF C2 23 FF FF FF,[],190=1144.25/exp 1144.2952 VALUE_OK
MATCH,7009,0x0CF00400,61444,147338.0,130990.974,-0.019,FF FF FF F6 23 FF FF FF,FF FF FF F6 23 FF FF FF,[],190=1150.75/exp 1150.7473 VALUE_OK
MATCH,7010,0x0CF00400,61444,147343.0,130995.969,-0.024,FF FF FF 2A 24 FF FF FF,FF FF FF 2A 24 FF FF FF,[],190=1157.25/exp 1157.2086 VALUE_OK
MATCH,7011,0x0CF00400,61444,147348.0,131000.921,-0.071,FF FF FF 5D 24 FF FF FF,FF FF FF 5D 24 FF FF FF,[],190=1163.625/exp 1163.6791 VALUE_OK
MATCH,7012,0x0CF00400,61444,147353.0,131005.936,-0.055,FF FF FF 91 24 FF FF FF,FF FF FF 91 24 FF FF FF,[],190=1170.125/exp 1170.1587 VALUE_OK
MATCH,7013,0x0CF00400,61444,147358.0,131010.936,-0.054,FF FF FF C5 24 FF FF FF,FF FF FF C5 24 FF FF FF,[],190=1176.625/exp 1176.6472 VALUE_OK
MATCH,7014,0x0CF00400,61444,147363.0,131015.943,-0.046,FF FF FF F9 24 FF FF FF,FF FF FF F9 24 FF FF FF,[],190=1183.125/exp 1183.1445 VALUE_OK
MATCH,7015,0x0CF00400,61444,147368.0,131020.951,-0.037,FF FF FF 2D 25 FF FF FF,FF FF FF 2D 25 FF FF FF,[],190=1189.625/exp 1189.6506 VALUE_OK
MATCH,7016,0x0CF00400,61444,147373.0,131025.963,-0.024,FF FF FF 61 25 FF FF FF,FF FF FF 61 25 FF FF FF,[],190=1196.125/exp 1196.1653 VALUE_OK
MATCH,7017,0x0CF00400,61444,147378.0,131030.974,-0.012,FF FF FF 96 25 FF FF FF,FF FF FF 96 25 FF FF FF,[],190=1202.75/exp 1202.6886 VALUE_OK
MATCH,7018,0x0CF00400,61444,147383.0,131035.974,-0.012,FF FF FF CA 25 FF FF FF,FF FF FF CA 25 FF FF FF,[],190=1209.25/exp 1209.2203 VALUE_OK
MATCH,7019,0x0CF00400,61444,147388.0,131040.925,-0.061,FF FF FF FE 25 FF FF FF,FF FF FF FE 25 FF FF FF,[],190=1215.75/exp 1215.7603 VALUE_OK
MATCH,7020,0x0CF00400,61444,147393.0,131045.925,-0.06,FF FF FF 32 26 FF FF FF,FF FF FF 32 26 FF FF FF,[],190=1222.25/exp 1222.3086 VALUE_OK
MATCH,7021,0x0CF00400,61444,147398.0,131050.94,-0.044,FF FF FF 67 26 FF FF FF,FF FF FF 67 26 FF FF FF,[],190=1228.875/exp 1228.865 VALUE_OK
MATCH,7022,0x0CF00400,61444,147403.0,131055.944,-0.039,FF FF FF 9B 26 FF FF FF,FF FF FF 9B 26 FF FF FF,[],190=1235.375/exp 1235.4294 VALUE_OK
MATCH,7023,0x0CF00400,61444,147408.0,131060.947,-0.035,FF FF FF D0 26 FF FF FF,FF FF FF D0 26 FF FF FF,[],190=1242.0/exp 1242.0018 VALUE_OK
MATCH,7024,0x0CF00400,61444,147413.0,131065.931,-0.05,FF FF FF 05 27 FF FF FF,FF FF FF 05 27 FF FF FF,[],190=1248.625/exp 1248.582 VALUE_OK
MATCH,7025,0x0CF00400,61444,147418.0,131070.934,-0.046,FF FF FF 39 27 FF FF FF,FF FF FF 39 27 FF FF FF,[],190=1255.125/exp 1255.17 VALUE_OK
MATCH,7026,0x0CF00400,61444,147423.0,131075.942,-0.037,FF FF FF 6E 27 FF FF FF,FF FF FF 6E 27 FF FF FF,[],190=1261.75/exp 1261.7656 VALUE_OK
MATCH,7027,0x0CF00400,61444,147428.0,131080.958,-0.021,FF FF FF A3 27 FF FF FF,FF FF FF A3 27 FF FF FF,[],190=1268.375/exp 1268.3687 VALUE_OK
MATCH,7028,0x0CF00400,61444,147433.0,131085.965,-0.013,FF FF FF D8 27 FF FF FF,FF FF FF D8 27 FF FF FF,[],190=1275.0/exp 1274.9792 VALUE_OK
MATCH,7029,0x0CF00400,61444,147438.0,131090.964,-0.014,FF FF FF 0D 28 FF FF FF,FF FF FF 0D 28 FF FF FF,[],190=1281.625/exp 1281.5971 VALUE_OK
MATCH,7030,0x0CF00400,61444,147443.0,131095.904,-0.074,FF FF FF 42 28 FF FF FF,FF FF FF 42 28 FF FF FF,[],190=1288.25/exp 1288.2222 VALUE_OK
MATCH,7031,0x0CF00400,61444,147448.0,131100.92,-0.056,FF FF FF 77 28 FF FF FF,FF FF FF 77 28 FF FF FF,[],190=1294.875/exp 1294.8544 VALUE_OK
MATCH,7032,0x0CF00400,61444,147453.0,131105.927,-0.048,FF FF FF AC 28 FF FF FF,FF FF FF AC 28 FF FF FF,[],190=1301.5/exp 1301.4936 VALUE_OK
MATCH,7033,0x0CF00400,61444,147458.0,131110.931,-0.043,FF FF FF E1 28 FF FF FF,FF FF FF E1 28 FF FF FF,[],190=1308.125/exp 1308.1397 VALUE_OK
MATCH,7034,0x0CF00400,61444,147463.0,131115.942,-0.031,FF FF FF 16 29 FF FF FF,FF FF FF 16 29 FF FF FF,[],190=1314.75/exp 1314.7927 VALUE_OK
MATCH,7035,0x0CF00400,61444,147468.0,131120.95,-0.023,FF FF FF 4C 29 FF FF FF,FF FF FF 4C 29 FF FF FF,[],190=1321.5/exp 1321.4524 VALUE_OK
MATCH,7036,0x0CF00400,61444,147473.0,131125.969,-0.003,FF FF FF 81 29 FF FF FF,FF FF FF 81 29 FF FF FF,[],190=1328.125/exp 1328.1186 VALUE_OK
MATCH,7037,0x0CF00400,61444,147478.0,131130.905,-0.067,FF FF FF B6 29 FF FF FF,FF FF FF B6 29 FF FF FF,[],190=1334.75/exp 1334.7914 VALUE_OK
MATCH,7038,0x0CF00400,61444,147483.0,131135.917,-0.054,FF FF FF EC 29 FF FF FF,FF FF FF EC 29 FF FF FF,[],190=1341.5/exp 1341.4706 VALUE_OK
MATCH,7039,0x0CF00400,61444,147488.0,131140.912,-0.058,FF FF FF 21 2A FF FF FF,FF FF FF 21 2A FF FF FF,[],190=1348.125/exp 1348.1561 VALUE_OK
MATCH,7040,0x0CF00400,61444,147493.0,131145.923,-0.045,FF FF FF 57 2A FF FF FF,FF FF FF 57 2A FF FF FF,[],190=1354.875/exp 1354.8478 VALUE_OK
MATCH,7041,0x0CF00400,61444,147498.0,131150.931,-0.037,FF FF FF 8C 2A FF FF FF,FF FF FF 8C 2A FF FF FF,[],190=1361.5/exp 1361.5456 VALUE_OK
MATCH,7042,0x0CF00400,61444,147503.0,131155.939,-0.028,FF FF FF C2 2A FF FF FF,FF FF FF C2 2A FF FF FF,[],190=1368.25/exp 1368.2493 VALUE_OK
MATCH,7043,0x0CF00400,61444,147508.0,131160.954,-0.012,FF FF FF F8 2A FF FF FF,FF FF FF F8 2A FF FF FF,[],190=1375.0/exp 1374.959 VALUE_OK
MATCH,7044,0x0CF00400,61444,147513.0,131165.95,-0.016,FF FF FF 2D 2B FF FF FF,FF FF FF 2D 2B FF FF FF,[],190=1381.625/exp 1381.6744 VALUE_OK
MATCH,7045,0x0CF00400,61444,147518.0,131170.901,-0.065,FF FF FF 63 2B FF FF FF,FF FF FF 63 2B FF FF FF,[],190=1388.375/exp 1388.3955 VALUE_OK
MATCH,7046,0x0CF00400,61444,147523.0,131175.905,-0.059,FF FF FF 99 2B FF FF FF,FF FF FF 99 2B FF FF FF,[],190=1395.125/exp 1395.1222 VALUE_OK
MATCH,7047,0x0CF00400,61444,147528.0,131180.916,-0.047,FF FF FF CF 2B FF FF FF,FF FF FF CF 2B FF FF FF,[],190=1401.875/exp 1401.8544 VALUE_OK
MATCH,7048,0x0CF00400,61444,147533.0,131185.916,-0.046,FF FF FF 05 2C FF FF FF,FF FF FF 05 2C FF FF FF,[],190=1408.625/exp 1408.5919 VALUE_OK
MATCH,7049,0x0CF00400,61444,147538.0,131190.895,-0.066,FF FF FF 3B 2C FF FF FF,FF FF FF 3B 2C FF FF FF,[],190=1415.375/exp 1415.3347 VALUE_OK
MATCH,7050,0x0CF00400,61444,147543.0,131195.907,-0.053,FF FF FF 71 2C FF FF FF,FF FF FF 71 2C FF FF FF,[],190=1422.125/exp 1422.0827 VALUE_OK
MATCH,7051,0x0CF00400,61444,147548.0,131200.918,-0.041,FF FF FF A7 2C FF FF FF,FF FF FF A7 2C FF FF FF,[],190=1428.875/exp 1428.8357 VALUE_OK
MATCH,7052,0x0CF00400,61444,147553.0,131205.926,-0.032,FF FF FF DD 2C FF FF FF,FF FF FF DD 2C FF FF FF,[],190=1435.625/exp 1435.5937 VALUE_OK
MATCH,7053,0x0CF00400,61444,147558.0,131210.929,-0.029,FF FF FF 13 2D FF FF FF,FF FF FF 13 2D FF FF FF,[],190=1442.375/exp 1442.3565 VALUE_OK
MATCH,7054,0x0CF00400,61444,147563.0,131215.937,-0.02,FF FF FF 49 2D FF FF FF,FF FF FF 49 2D FF FF FF,[],190=1449.125/exp 1449.1241 VALUE_OK
MATCH,7055,0x0CF00400,61444,147568.0,131220.944,-0.013,FF FF FF 7F 2D FF FF FF,FF FF FF 7F 2D FF FF FF,[],190=1455.875/exp 1455.8963 VALUE_OK
MATCH,7056,0x0CF00400,61444,147573.0,131225.956,-0.0,FF FF FF B5 2D FF FF FF,FF FF FF B5 2D FF FF FF,[],190=1462.625/exp 1462.673 VALUE_OK
MATCH,7057,0x0CF00400,61444,147578.0,131230.896,-0.06,FF FF FF EC 2D FF FF FF,FF FF FF EC 2D FF FF FF,[],190=1469.5/exp 1469.4542 VALUE_OK
MATCH,7058,0x0CF00400,61444,147583.0,131235.895,-0.06,FF FF FF 22 2E FF FF FF,FF FF FF 22 2E FF FF FF,[],190=1476.25/exp 1476.2397 VALUE_OK
MATCH,7059,0x0CF00400,61444,147588.0,131240.911,-0.043,FF FF FF 58 2E FF FF FF,FF FF FF 58 2E FF FF FF,[],190=1483.0/exp 1483.0294 VALUE_OK
MATCH,7060,0x0CF00400,61444,147593.0,131245.918,-0.035,FF FF FF 8F 2E FF FF FF,FF FF FF 8F 2E FF FF FF,[],190=1489.875/exp 1489.8232 VALUE_OK
MATCH,7061,0x0CF00400,61444,147598.0,131250.922,-0.03,FF FF FF C5 2E FF FF FF,FF FF FF C5 2E FF FF FF,[],190=1496.625/exp 1496.6211 VALUE_OK
MATCH,7062,0x0CF00400,61444,147603.0,131255.929,-0.023,FF FF FF FB 2E FF FF FF,FF FF FF FB 2E FF FF FF,[],190=1503.375/exp 1503.4228 VALUE_OK
MATCH,7063,0x0CF00400,61444,147608.0,131260.937,-0.014,FF FF FF 32 2F FF FF FF,FF FF FF 32 2F FF FF FF,[],190=1510.25/exp 1510.2284 VALUE_OK
MATCH,7064,0x0CF00400,61444,147613.0,131265.944,-0.007,FF FF FF 68 2F FF FF FF,FF FF FF 68 2F FF FF FF,[],190=1517.0/exp 1517.0377 VALUE_OK
MATCH,7065,0x0CF00400,61444,147618.0,131270.904,-0.047,FF FF FF 9F 2F FF FF FF,FF FF FF 9F 2F FF FF FF,[],190=1523.875/exp 1523.8505 VALUE_OK
MATCH,7066,0x0CF00400,61444,147623.0,131275.904,-0.046,FF FF FF D5 2F FF FF FF,FF FF FF D5 2F FF FF FF,[],190=1530.625/exp 1530.6668 VALUE_OK
MATCH,7067,0x0CF00400,61444,147628.0,131280.903,-0.046,FF FF FF 0C 30 FF FF FF,FF FF FF 0C 30 FF FF FF,[],190=1537.5/exp 1537.4866 VALUE_OK
MATCH,7068,0x0CF00400,61444,147633.0,131285.906,-0.042,FF FF FF 42 30 FF FF FF,FF FF FF 42 30 FF FF FF,[],190=1544.25/exp 1544.3096 VALUE_OK
MATCH,7069,0x0CF00400,61444,147638.0,131290.91,-0.037,FF FF FF 79 30 FF FF FF,FF FF FF 79 30 FF FF FF,[],190=1551.125/exp 1551.1357 VALUE_OK
MATCH,7070,0x0CF00400,61444,147643.0,131295.933,-0.013,FF FF FF B0 30 FF FF FF,FF FF FF B0 30 FF FF FF,[],190=1558.0/exp 1557.965 VALUE_OK
MATCH,7071,0x0CF00400,61444,147648.0,131300.929,-0.017,FF FF FF E6 30 FF FF FF,FF FF FF E6 30 FF FF FF,[],190=1564.75/exp 1564.7972 VALUE_OK
MATCH,7072,0x0CF00400,61444,147653.0,131305.941,-0.005,FF FF FF 1D 31 FF FF FF,FF FF FF 1D 31 FF FF FF,[],190=1571.625/exp 1571.6322 VALUE_OK
MATCH,7073,0x0CF00400,61444,147658.0,131310.88,-0.066,FF FF FF 54 31 FF FF FF,FF FF FF 54 31 FF FF FF,[],190=1578.5/exp 1578.47 VALUE_OK
MATCH,7074,0x0CF00400,61444,147663.0,131315.928,-0.016,FF FF FF 8A 31 FF FF FF,FF FF FF 8A 31 FF FF FF,[],190=1585.25/exp 1585.3105 VALUE_OK
MATCH,7075,0x0CF00400,61444,147668.0,131320.939,-0.005,FF FF FF C1 31 FF FF FF,FF FF FF C1 31 FF FF FF,[],190=1592.125/exp 1592.1534 VALUE_OK
MATCH,7076,0x0CF00400,61444,147673.0,131325.891,-0.053,FF FF FF F8 31 FF FF FF,FF FF FF F8 31 FF FF FF,[],190=1599.0/exp 1598.9989 VALUE_OK
MATCH,7077,0x0CF00400,61444,147678.0,131330.89,-0.053,FF FF FF 2F 32 FF FF FF,FF FF FF 2F 32 FF FF FF,[],190=1605.875/exp 1605.8466 VALUE_OK
MATCH,7078,0x0CF00400,61444,147683.0,131335.89,-0.052,FF FF FF 66 32 FF FF FF,FF FF FF 66 32 FF FF FF,[],190=1612.75/exp 1612.6966 VALUE_OK
MATCH,7079,0x0CF00400,61444,147688.0,131340.901,-0.04,FF FF FF 9C 32 FF FF FF,FF FF FF 9C 32 FF FF FF,[],190=1619.5/exp 1619.5487 VALUE_OK
MATCH,7080,0x0CF00400,61444,147693.0,131345.921,-0.019,FF FF FF D3 32 FF FF FF,FF FF FF D3 32 FF FF FF,[],190=1626.375/exp 1626.4028 VALUE_OK
MATCH,7081,0x0CF00400,61444,147698.0,131350.928,-0.012,FF FF FF 0A 33 FF FF FF,FF FF FF 0A 33 FF FF FF,[],190=1633.25/exp 1633.2588 VALUE_OK
MATCH,7082,0x0CF00400,61444,147703.0,131355.888,-0.051,FF FF FF 41 33 FF FF FF,FF FF FF 41 33 FF FF FF,[],190=1640.125/exp 1640.1166 VALUE_OK
MATCH,7083,0x0CF00400,61444,147708.0,131360.891,-0.047,FF FF FF 78 33 FF FF FF,FF FF FF 78 33 FF FF FF,[],190=1647.0/exp 1646.9761 VALUE_OK
MATCH,7084,0x0CF00400,61444,147713.0,131365.899,-0.038,FF FF FF AF 33 FF FF FF,FF FF FF AF 33 FF FF FF,[],190=1653.875/exp 1653.8372 VALUE_OK
MATCH,7085,0x0CF00400,61444,147718.0,131370.906,-0.031,FF FF FF E6 33 FF FF FF,FF FF FF E6 33 FF FF FF,[],190=1660.75/exp 1660.6998 VALUE_OK
UNLOGGED,,0x0CF00400,61444,,131375.906,,,FF FF FF 1D 34 FF FF FF,[],
MATCH,7087,0x0CF00400,61444,147728.0,131380.917,-0.019,FF FF FF 53 34 FF FF FF,FF FF FF 53 34 FF FF FF,[],190=1674.375/exp 1674.4289 VALUE_OK
MATCH,7088,0x0CF00400,61444,147733.0,131385.925,-0.011,FF FF FF 8A 34 FF FF FF,FF FF FF 8A 34 FF FF FF,[],190=1681.25/exp 1681.2953 VALUE_OK
MATCH,7089,0x0CF00400,61444,147738.0,131390.881,-0.054,FF FF FF C1 34 FF FF FF,FF FF FF C1 34 FF FF FF,[],190=1688.125/exp 1688.1628 VALUE_OK
MATCH,7090,0x0CF00400,61444,147743.0,131395.884,-0.05,FF FF FF F8 34 FF FF FF,FF FF FF F8 34 FF FF FF,[],190=1695.0/exp 1695.0312 VALUE_OK
MATCH,7091,0x0CF00400,61444,147748.0,131400.896,-0.037,FF FF FF 2F 35 FF FF FF,FF FF FF 2F 35 FF FF FF,[],190=1701.875/exp 1701.9004 VALUE_OK
MATCH,7092,0x0CF00400,61444,147753.0,131405.899,-0.034,FF FF FF 66 35 FF FF FF,FF FF FF 66 35 FF FF FF,[],190=1708.75/exp 1708.7704 VALUE_OK
MATCH,7093,0x0CF00400,61444,147758.0,131410.911,-0.021,FF FF FF 9D 35 FF FF FF,FF FF FF 9D 35 FF FF FF,[],190=1715.625/exp 1715.641 VALUE_OK
MATCH,7094,0x0CF00400,61444,147763.0,131415.915,-0.017,FF FF FF D4 35 FF FF FF,FF FF FF D4 35 FF FF FF,[],190=1722.5/exp 1722.5122 VALUE_OK
MATCH,7095,0x0CF00400,61444,147768.0,131420.922,-0.009,FF FF FF 0B 36 FF FF FF,FF FF FF 0B 36 FF FF FF,[],190=1729.375/exp 1729.3838 VALUE_OK
MATCH,7096,0x0CF00400,61444,147773.0,131425.869,-0.062,FF FF FF 42 36 FF FF FF,FF FF FF 42 36 FF FF FF,[],190=1736.25/exp 1736.2557 VALUE_OK
MATCH,7097,0x0CF00400,61444,147778.0,131430.885,-0.045,FF FF FF 79 36 FF FF FF,FF FF FF 79 36 FF FF FF,[],190=1743.125/exp 1743.1278 VALUE_OK
MATCH,7098,0x0CF00400,61444,147783.0,131435.828,-0.101,FF FF FF B0 36 FF FF FF,FF FF FF B0 36 FF FF FF,[],190=1750.0/exp 1750.0 VALUE_OK
MATCH,7099,0x0CF00400,61444,147788.0,131440.873,-0.054,FF FF FF E7 36 FF FF FF,FF FF FF E7 36 FF FF FF,[],190=1756.875/exp 1756.8722 VALUE_OK
MATCH,7100,0x0CF00400,61444,147793.0,131445.861,-0.065,FF FF FF 1E 37 FF FF FF,FF FF FF 1E 37 FF FF FF,[],190=1763.75/exp 1763.7443 VALUE_OK
MATCH,7101,0x0CF00400,61444,147798.0,131450.836,-0.089,FF FF FF 55 37 FF FF FF,FF FF FF 55 37 FF FF FF,[],190=1770.625/exp 1770.6162 VALUE_OK
MATCH,7102,0x0CF00400,61444,147803.0,131455.856,-0.067,FF FF FF 8C 37 FF FF FF,FF FF FF 8C 37 FF FF FF,[],190=1777.5/exp 1777.4878 VALUE_OK
MATCH,7103,0x0CF00400,61444,147808.0,131460.867,-0.054,FF FF FF C3 37 FF FF FF,FF FF FF C3 37 FF FF FF,[],190=1784.375/exp 1784.359 VALUE_OK
MATCH,7104,0x0CF00400,61444,147813.0,131465.875,-0.045,FF FF FF FA 37 FF FF FF,FF FF FF FA 37 FF FF FF,[],190=1791.25/exp 1791.2296 VALUE_OK
MATCH,7105,0x0CF00400,61444,147818.0,131470.826,-0.093,FF FF FF 31 38 FF FF FF,FF FF FF 31 38 FF FF FF,[],190=1798.125/exp 1798.0996 VALUE_OK
MATCH,7106,0x0CF00400,61444,147823.0,131475.838,-0.08,FF FF FF 68 38 FF FF FF,FF FF FF 68 38 FF FF FF,[],190=1805.0/exp 1804.9688 VALUE_OK
MATCH,7107,0x0CF00400,61444,147828.0,131480.845,-0.071,FF FF FF 9F 38 FF FF FF,FF FF FF 9F 38 FF FF FF,[],190=1811.875/exp 1811.8372 VALUE_OK
MATCH,7108,0x0CF00400,61444,147833.0,131485.825,-0.09,FF FF FF D6 38 FF FF FF,FF FF FF D6 38 FF FF FF,[],190=1818.75/exp 1818.7047 VALUE_OK
MATCH,7109,0x0CF00400,61444,147838.0,131490.824,-0.089,FF FF FF 0D 39 FF FF FF,FF FF FF 0D 39 FF FF FF,[],190=1825.625/exp 1825.5711 VALUE_OK
MATCH,7110,0x0CF00400,61444,147843.0,131495.864,-0.047,FF FF FF 43 39 FF FF FF,FF FF FF 43 39 FF FF FF,[],190=1832.375/exp 1832.4363 VALUE_OK
MATCH,7111,0x0CF00400,61444,147848.0,131500.859,-0.051,FF FF FF 7A 39 FF FF FF,FF FF FF 7A 39 FF FF FF,[],190=1839.25/exp 1839.3002 VALUE_OK
MATCH,7112,0x0CF00400,61444,147853.0,131505.855,-0.054,FF FF FF B1 39 FF FF FF,FF FF FF B1 39 FF FF FF,[],190=1846.125/exp 1846.1628 VALUE_OK
MATCH,7113,0x0CF00400,61444,147858.0,131510.858,-0.05,FF FF FF E8 39 FF FF FF,FF FF FF E8 39 FF FF FF,[],190=1853.0/exp 1853.0239 VALUE_OK
MATCH,7114,0x0CF00400,61444,147863.0,131515.838,-0.069,FF FF FF 1F 3A FF FF FF,FF FF FF 1F 3A FF FF FF,[],190=1859.875/exp 1859.8834 VALUE_OK
MATCH,7115,0x0CF00400,61444,147868.0,131520.813,-0.093,FF FF FF 56 3A FF FF FF,FF FF FF 56 3A FF FF FF,[],190=1866.75/exp 1866.7412 VALUE_OK
MATCH,7116,0x0CF00400,61444,147873.0,131525.849,-0.055,FF FF FF 8D 3A FF FF FF,FF FF FF 8D 3A FF FF FF,[],190=1873.625/exp 1873.5972 VALUE_OK
MATCH,7117,0x0CF00400,61444,147878.0,131530.841,-0.062,FF FF FF C4 3A FF FF FF,FF FF FF C4 3A FF FF FF,[],190=1880.5/exp 1880.4513 VALUE_OK
MATCH,7118,0x0CF00400,61444,147883.0,131535.82,-0.081,FF FF FF FA 3A FF FF FF,FF FF FF FA 3A FF FF FF,[],190=1887.25/exp 1887.3034 VALUE_OK
MATCH,7119,0x0CF00400,61444,147888.0,131540.844,-0.056,FF FF FF 31 3B FF FF FF,FF FF FF 31 3B FF FF FF,[],190=1894.125/exp 1894.1534 VALUE_OK
MATCH,7120,0x0CF00400,61444,147893.0,131545.831,-0.068,FF FF FF 68 3B FF FF FF,FF FF FF 68 3B FF FF FF,[],190=1901.0/exp 1901.0011 VALUE_OK
MATCH,7121,0x0CF00400,61444,147898.0,131550.871,-0.026,FF FF FF 9F 3B FF FF FF,FF FF FF 9F 3B FF FF FF,[],190=1907.875/exp 1907.8466 VALUE_OK
MATCH,7122,0x0CF00400,61444,147903.0,131555.846,-0.051,FF FF FF D6 3B FF FF FF,FF FF FF D6 3B FF FF FF,[],190=1914.75/exp 1914.6895 VALUE_OK
MATCH,7123,0x0CF00400,61444,147908.0,131560.822,-0.074,FF FF FF 0C 3C FF FF FF,FF FF FF 0C 3C FF FF FF,[],190=1921.5/exp 1921.53 VALUE_OK
MATCH,7124,0x0CF00400,61444,147913.0,131565.857,-0.037,FF FF FF 43 3C FF FF FF,FF FF FF 43 3C FF FF FF,[],190=1928.375/exp 1928.3678 VALUE_OK
MATCH,7125,0x0CF00400,61444,147918.0,131570.829,-0.065,FF FF FF 7A 3C FF FF FF,FF FF FF 7A 3C FF FF FF,[],190=1935.25/exp 1935.2028 VALUE_OK
MATCH,7126,0x0CF00400,61444,147923.0,131575.86,-0.032,FF FF FF B0 3C FF FF FF,FF FF FF B0 3C FF FF FF,[],190=1942.0/exp 1942.035 VALUE_OK
MATCH,7127,0x0CF00400,61444,147928.0,131580.832,-0.06,FF FF FF E7 3C FF FF FF,FF FF FF E7 3C FF FF FF,[],190=1948.875/exp 1948.8643 VALUE_OK
MATCH,7128,0x0CF00400,61444,147933.0,131585.811,-0.079,FF FF FF 1E 3D FF FF FF,FF FF FF 1E 3D FF FF FF,[],190=1955.75/exp 1955.6904 VALUE_OK
MATCH,7129,0x0CF00400,61444,147938.0,131590.839,-0.05,FF FF FF 54 3D FF FF FF,FF FF FF 54 3D FF FF FF,[],190=1962.5/exp 1962.5134 VALUE_OK
MATCH,7130,0x0CF00400,61444,147943.0,131595.826,-0.062,FF FF FF 8B 3D FF FF FF,FF FF FF 8B 3D FF FF FF,[],190=1969.375/exp 1969.3332 VALUE_OK
MATCH,7131,0x0CF00400,61444,147948.0,131600.842,-0.045,FF FF FF C1 3D FF FF FF,FF FF FF C1 3D FF FF FF,[],190=1976.125/exp 1976.1495 VALUE_OK
MATCH,7132,0x0CF00400,61444,147953.0,131605.862,-0.024,FF FF FF F8 3D FF FF FF,FF FF FF F8 3D FF FF FF,[],190=1983.0/exp 1982.9623 VALUE_OK
MATCH,7133,0x0CF00400,61444,147958.0,131610.825,-0.06,FF FF FF 2E 3E FF FF FF,FF FF FF 2E 3E FF FF FF,[],190=1989.75/exp 1989.7716 VALUE_OK
MATCH,7134,0x0CF00400,61444,147963.0,131615.841,-0.043,FF FF FF 65 3E FF FF FF,FF FF FF 65 3E FF FF FF,[],190=1996.625/exp 1996.5772 VALUE_OK
MATCH,7135,0x0CF00400,61444,147968.0,131620.816,-0.067,FF FF FF 9B 3E FF FF FF,FF FF FF 9B 3E FF FF FF,[],190=2003.375/exp 2003.3789 VALUE_OK
MATCH,7136,0x0CF00400,61444,147973.0,131625.832,-0.05,FF FF FF D1 3E FF FF FF,FF FF FF D1 3E FF FF FF,[],190=2010.125/exp 2010.1768 VALUE_OK
MATCH,7137,0x0CF00400,61444,147978.0,131630.855,-0.026,FF FF FF 08 3F FF FF FF,FF FF FF 08 3F FF FF FF,[],190=2017.0/exp 2016.9706 VALUE_OK
MATCH,7138,0x0CF00400,61444,147983.0,131635.823,-0.057,FF FF FF 3E 3F FF FF FF,FF FF FF 3E 3F FF FF FF,[],190=2023.75/exp 2023.7603 VALUE_OK
MATCH,7139,0x0CF00400,61444,147988.0,131640.842,-0.037,FF FF FF 74 3F FF FF FF,FF FF FF 74 3F FF FF FF,[],190=2030.5/exp 2030.5458 VALUE_OK
MATCH,7140,0x0CF00400,61444,147993.0,131645.81,-0.068,FF FF FF AB 3F FF FF FF,FF FF FF AB 3F FF FF FF,[],190=2037.375/exp 2037.327 VALUE_OK
MATCH,7141,0x0CF00400,61444,147998.0,131650.829,-0.048,FF FF FF E1 3F FF FF FF,FF FF FF E1 3F FF FF FF,[],190=2044.125/exp 2044.1037 VALUE_OK
MATCH,7142,0x0CF00400,61444,148003.0,131655.841,-0.035,FF FF FF 17 40 FF FF FF,FF FF FF 17 40 FF FF FF,[],190=2050.875/exp 2050.8759 VALUE_OK
MATCH,7143,0x0CF00400,61444,148008.0,131660.824,-0.051,FF FF FF 4D 40 FF FF FF,FF FF FF 4D 40 FF FF FF,[],190=2057.625/exp 2057.6435 VALUE_OK
MATCH,7144,0x0CF00400,61444,148013.0,131665.852,-0.022,FF FF FF 83 40 FF FF FF,FF FF FF 83 40 FF FF FF,[],190=2064.375/exp 2064.4063 VALUE_OK
MATCH,7145,0x0CF00400,61444,148018.0,131670.823,-0.051,FF FF FF B9 40 FF FF FF,FF FF FF B9 40 FF FF FF,[],190=2071.125/exp 2071.1643 VALUE_OK
MATCH,7146,0x0CF00400,61444,148023.0,131675.839,-0.034,FF FF FF EF 40 FF FF FF,FF FF FF EF 40 FF FF FF,[],190=2077.875/exp 2077.9173 VALUE_OK
MATCH,7147,0x0CF00400,61444,148028.0,131680.819,-0.053,FF FF FF 25 41 FF FF FF,FF FF FF 25 41 FF FF FF,[],190=2084.625/exp 2084.6653 VALUE_OK
MATCH,7148,0x0CF00400,61444,148033.0,131685.834,-0.037,FF FF FF 5B 41 FF FF FF,FF FF FF 5B 41 FF FF FF,[],190=2091.375/exp 2091.4081 VALUE_OK
MATCH,7149,0x0CF00400,61444,148038.0,131690.806,-0.064,FF FF FF 91 41 FF FF FF,FF FF FF 91 41 FF FF FF,[],190=2098.125/exp 2098.1456 VALUE_OK
MATCH,7150,0x0CF00400,61444,148043.0,131695.825,-0.044,FF FF FF C7 41 FF FF FF,FF FF FF C7 41 FF FF FF,[],190=2104.875/exp 2104.8778 VALUE_OK
MATCH,7151,0x0CF00400,61444,148048.0,131700.845,-0.023,FF FF FF FD 41 FF FF FF,FF FF FF FD 41 FF FF FF,[],190=2111.625/exp 2111.6045 VALUE_OK
MATCH,7152,0x0CF00400,61444,148053.0,131705.804,-0.064,FF FF FF 33 42 FF FF FF,FF FF FF 33 42 FF FF FF,[],190=2118.375/exp 2118.3256 VALUE_OK
MATCH,7153,0x0CF00400,61444,148058.0,131710.836,-0.03,FF FF FF 68 42 FF FF FF,FF FF FF 68 42 FF FF FF,[],190=2125.0/exp 2125.041 VALUE_OK
MATCH,7154,0x0CF00400,61444,148063.0,131715.799,-0.067,FF FF FF 9E 42 FF FF FF,FF FF FF 9E 42 FF FF FF,[],190=2131.75/exp 2131.7507 VALUE_OK
MATCH,7155,0x0CF00400,61444,148068.0,131720.823,-0.042,FF FF FF D4 42 FF FF FF,FF FF FF D4 42 FF FF FF,[],190=2138.5/exp 2138.4544 VALUE_OK
MATCH,7156,0x0CF00400,61444,148073.0,131725.834,-0.03,FF FF FF 09 43 FF FF FF,FF FF FF 09 43 FF FF FF,[],190=2145.125/exp 2145.1522 VALUE_OK
MATCH,7157,0x0CF00400,61444,148078.0,131730.806,-0.057,FF FF FF 3F 43 FF FF FF,FF FF FF 3F 43 FF FF FF,[],190=2151.875/exp 2151.8439 VALUE_OK
MATCH,7158,0x0CF00400,61444,148083.0,131735.818,-0.044,FF FF FF 74 43 FF FF FF,FF FF FF 74 43 FF FF FF,[],190=2158.5/exp 2158.5294 VALUE_OK
MATCH,7159,0x0CF00400,61444,148088.0,131740.789,-0.072,FF FF FF AA 43 FF FF FF,FF FF FF AA 43 FF FF FF,[],190=2165.25/exp 2165.2086 VALUE_OK
MATCH,7160,0x0CF00400,61444,148093.0,131745.813,-0.047,FF FF FF DF 43 FF FF FF,FF FF FF DF 43 FF FF FF,[],190=2171.875/exp 2171.8814 VALUE_OK
MATCH,7161,0x0CF00400,61444,148098.0,131750.82,-0.039,FF FF FF 14 44 FF FF FF,FF FF FF 14 44 FF FF FF,[],190=2178.5/exp 2178.5476 VALUE_OK
MATCH,7162,0x0CF00400,61444,148103.0,131755.799,-0.059,FF FF FF 4A 44 FF FF FF,FF FF FF 4A 44 FF FF FF,[],190=2185.25/exp 2185.2073 VALUE_OK
MATCH,7163,0x0CF00400,61444,148108.0,131760.811,-0.046,FF FF FF 7F 44 FF FF FF,FF FF FF 7F 44 FF FF FF,[],190=2191.875/exp 2191.8603 VALUE_OK
MATCH,7164,0x0CF00400,61444,148113.0,131765.827,-0.029,FF FF FF B4 44 FF FF FF,FF FF FF B4 44 FF FF FF,[],190=2198.5/exp 2198.5064 VALUE_OK
MATCH,7165,0x0CF00400,61444,148118.0,131770.83,-0.025,FF FF FF E9 44 FF FF FF,FF FF FF E9 44 FF FF FF,[],190=2205.125/exp 2205.1456 VALUE_OK
MATCH,7166,0x0CF00400,61444,148123.0,131775.79,-0.065,FF FF FF 1E 45 FF FF FF,FF FF FF 1E 45 FF FF FF,[],190=2211.75/exp 2211.7778 VALUE_OK
MATCH,7167,0x0CF00400,61444,148128.0,131780.797,-0.056,FF FF FF 53 45 FF FF FF,FF FF FF 53 45 FF FF FF,[],190=2218.375/exp 2218.4029 VALUE_OK
MATCH,7168,0x0CF00400,61444,148133.0,131785.813,-0.039,FF FF FF 88 45 FF FF FF,FF FF FF 88 45 FF FF FF,[],190=2225.0/exp 2225.0208 VALUE_OK
MATCH,7169,0x0CF00400,61444,148138.0,131790.82,-0.032,FF FF FF BD 45 FF FF FF,FF FF FF BD 45 FF FF FF,[],190=2231.625/exp 2231.6313 VALUE_OK
MATCH,7170,0x0CF00400,61444,148143.0,131795.784,-0.067,FF FF FF F2 45 FF FF FF,FF FF FF F2 45 FF FF FF,[],190=2238.25/exp 2238.2344 VALUE_OK
MATCH,7171,0x0CF00400,61444,148148.0,131800.788,-0.062,FF FF FF 27 46 FF FF FF,FF FF FF 27 46 FF FF FF,[],190=2244.875/exp 2244.83 VALUE_OK
MATCH,7172,0x0CF00400,61444,148153.0,131805.799,-0.049,FF FF FF 5B 46 FF FF FF,FF FF FF 5B 46 FF FF FF,[],190=2251.375/exp 2251.418 VALUE_OK
MATCH,7173,0x0CF00400,61444,148158.0,131810.806,-0.041,FF FF FF 90 46 FF FF FF,FF FF FF 90 46 FF FF FF,[],190=2258.0/exp 2257.9982 VALUE_OK
MATCH,7174,0x0CF00400,61444,148163.0,131815.782,-0.065,FF FF FF C5 46 FF FF FF,FF FF FF C5 46 FF FF FF,[],190=2264.625/exp 2264.5706 VALUE_OK
MATCH,7175,0x0CF00400,61444,148168.0,131820.794,-0.051,FF FF FF F9 46 FF FF FF,FF FF FF F9 46 FF FF FF,[],190=2271.125/exp 2271.135 VALUE_OK
MATCH,7176,0x0CF00400,61444,148173.0,131825.801,-0.043,FF FF FF 2E 47 FF FF FF,FF FF FF 2E 47 FF FF FF,[],190=2277.75/exp 2277.6914 VALUE_OK
MATCH,7177,0x0CF00400,61444,148178.0,131830.805,-0.038,FF FF FF 62 47 FF FF FF,FF FF FF 62 47 FF FF FF,[],190=2284.25/exp 2284.2397 VALUE_OK
MATCH,7178,0x0CF00400,61444,148183.0,131835.816,-0.027,FF FF FF 96 47 FF FF FF,FF FF FF 96 47 FF FF FF,[],190=2290.75/exp 2290.7797 VALUE_OK
MATCH,7179,0x0CF00400,61444,148188.0,131840.788,-0.054,FF FF FF CA 47 FF FF FF,FF FF FF CA 47 FF FF FF,[],190=2297.25/exp 2297.3114 VALUE_OK
MATCH,7180,0x0CF00400,61444,148193.0,131845.795,-0.046,FF FF FF FF 47 FF FF FF,FF FF FF FF 47 FF FF FF,[],190=2303.875/exp 2303.8347 VALUE_OK
MATCH,7181,0x0CF00400,61444,148198.0,131850.799,-0.041,FF FF FF 33 48 FF FF FF,FF FF FF 33 48 FF FF FF,[],190=2310.375/exp 2310.3494 VALUE_OK
MATCH,7182,0x0CF00400,61444,148203.0,131855.802,-0.037,FF FF FF 67 48 FF FF FF,FF FF FF 67 48 FF FF FF,[],190=2316.875/exp 2316.8555 VALUE_OK
MATCH,7183,0x0CF00400,61444,148208.0,131860.81,-0.028,FF FF FF 9B 48 FF FF FF,FF FF FF 9B 48 FF FF FF,[],190=2323.375/exp 2323.3528 VALUE_OK
MATCH,7184,0x0CF00400,61444,148213.0,131865.777,-0.061,FF FF FF CF 48 FF FF FF,FF FF FF CF 48 FF FF FF,[],190=2329.875/exp 2329.8413 VALUE_OK
MATCH,7185,0x0CF00400,61444,148218.0,131870.785,-0.052,FF FF FF 03 49 FF FF FF,FF FF FF 03 49 FF FF FF,[],190=2336.375/exp 2336.3209 VALUE_OK
MATCH,7186,0x0CF00400,61444,148223.0,131875.793,-0.043,FF FF FF 36 49 FF FF FF,FF FF FF 36 49 FF FF FF,[],190=2342.75/exp 2342.7914 VALUE_OK
MATCH,7187,0x0CF00400,61444,148228.0,131880.8,-0.035,FF FF FF 6A 49 FF FF FF,FF FF FF 6A 49 FF FF FF,[],190=2349.25/exp 2349.2527 VALUE_OK
MATCH,7188,0x0CF00400,61444,148233.0,131885.811,-0.023,FF FF FF 9E 49 FF FF FF,FF FF FF 9E 49 FF FF FF,[],190=2355.75/exp 2355.7048 VALUE_OK
MATCH,7189,0x0CF00400,61444,148238.0,131890.775,-0.059,FF FF FF D1 49 FF FF FF,FF FF FF D1 49 FF FF FF,[],190=2362.125/exp 2362.1476 VALUE_OK
MATCH,7190,0x0CF00400,61444,148243.0,131895.782,-0.05,FF FF FF 05 4A FF FF FF,FF FF FF 05 4A FF FF FF,[],190=2368.625/exp 2368.581 VALUE_OK
MATCH,7191,0x0CF00400,61444,148248.0,131900.782,-0.049,FF FF FF 38 4A FF FF FF,FF FF FF 38 4A FF FF FF,[],190=2375.0/exp 2375.0048 VALUE_OK
MATCH,7192,0x0CF00400,61444,148253.0,131905.798,-0.032,FF FF FF 6B 4A FF FF FF,FF FF FF 6B 4A FF FF FF,[],190=2381.375/exp 2381.4189 VALUE_OK
MATCH,7193,0x0CF00400,61444,148258.0,131910.809,-0.021,FF FF FF 9F 4A FF FF FF,FF FF FF 9F 4A FF FF FF,[],190=2387.875/exp 2387.8234 VALUE_OK
MATCH,7194,0x0CF00400,61444,148263.0,131915.773,-0.056,FF FF FF D2 4A FF FF FF,FF FF FF D2 4A FF FF FF,[],190=2394.25/exp 2394.218 VALUE_OK
MATCH,7195,0x0CF00400,61444,148268.0,131920.784,-0.044,FF FF FF 05 4B FF FF FF,FF FF FF 05 4B FF FF FF,[],190=2400.625/exp 2400.6026 VALUE_OK
MATCH,7196,0x0CF00400,61444,148273.0,131925.784,-0.043,FF FF FF 38 4B FF FF FF,FF FF FF 38 4B FF FF FF,[],190=2407.0/exp 2406.9772 VALUE_OK
MATCH,7197,0x0CF00400,61444,148278.0,131930.796,-0.031,FF FF FF 6B 4B FF FF FF,FF FF FF 6B 4B FF FF FF,[],190=2413.375/exp 2413.3417 VALUE_OK
MATCH,7198,0x0CF00400,61444,148283.0,131935.799,-0.027,FF FF FF 9E 4B FF FF FF,FF FF FF 9E 4B FF FF FF,[],190=2419.75/exp 2419.696 VALUE_OK
MATCH,7199,0x0CF00400,61444,148288.0,131940.762,-0.063,FF FF FF D0 4B FF FF FF,FF FF FF D0 4B FF FF FF,[],190=2426.0/exp 2426.0399 VALUE_OK
MATCH,7200,0x0CF00400,61444,148293.0,131945.766,-0.058,FF FF FF 03 4C FF FF FF,FF FF FF 03 4C FF FF FF,[],190=2432.375/exp 2432.3735 VALUE_OK
MATCH,7201,0x0CF00400,61444,148298.0,131950.765,-0.058,FF FF FF 36 4C FF FF FF,FF FF FF 36 4C FF FF FF,[],190=2438.75/exp 2438.6964 VALUE_OK
MATCH,7202,0x0CF00400,61444,148303.0,131955.765,-0.057,FF FF FF 68 4C FF FF FF,FF FF FF 68 4C FF FF FF,[],190=2445.0/exp 2445.0088 VALUE_OK
MATCH,7203,0x0CF00400,61444,148308.0,131960.772,-0.049,FF FF FF 9A 4C FF FF FF,FF FF FF 9A 4C FF FF FF,[],190=2451.25/exp 2451.3105 VALUE_OK
MATCH,7204,0x0CF00400,61444,148313.0,131965.78,-0.04,FF FF FF CD 4C FF FF FF,FF FF FF CD 4C FF FF FF,[],190=2457.625/exp 2457.6013 VALUE_OK
MATCH,7205,0x0CF00400,61444,148318.0,131970.792,-0.027,FF FF FF FF 4C FF FF FF,FF FF FF FF 4C FF FF FF,[],190=2463.875/exp 2463.8812 VALUE_OK
MATCH,7206,0x0CF00400,61444,148323.0,131975.788,-0.03,FF FF FF 31 4D FF FF FF,FF FF FF 31 4D FF FF FF,[],190=2470.125/exp 2470.1501 VALUE_OK
MATCH,7207,0x0CF00400,61444,148328.0,131980.792,-0.026,FF FF FF 63 4D FF FF FF,FF FF FF 63 4D FF FF FF,[],190=2476.375/exp 2476.4079 VALUE_OK
MATCH,7208,0x0CF00400,61444,148333.0,131985.755,-0.062,FF FF FF 95 4D FF FF FF,FF FF FF 95 4D FF FF FF,[],190=2482.625/exp 2482.6545 VALUE_OK
MATCH,7209,0x0CF00400,61444,148338.0,131990.759,-0.057,FF FF FF C7 4D FF FF FF,FF FF FF C7 4D FF FF FF,[],190=2488.875/exp 2488.8898 VALUE_OK
UNLOGGED,,0x0CF00400,61444,,131995.77,,,FF FF FF F9 4D FF FF FF,[],
MATCH,7211,0x0CF00400,61444,148348.0,132000.766,-0.049,FF FF FF 2B 4E FF FF FF,FF FF FF 2B 4E FF FF FF,[],190=2501.375/exp 2501.3262 VALUE_OK
MATCH,7212,0x0CF00400,61444,148353.0,132005.765,-0.049,FF FF FF 5C 4E FF FF FF,FF FF FF 5C 4E FF FF FF,[],190=2507.5/exp 2507.527 VALUE_OK
MATCH,7213,0x0CF00400,61444,148358.0,132010.785,-0.028,FF FF FF 8E 4E FF FF FF,FF FF FF 8E 4E FF FF FF,[],190=2513.75/exp 2513.7162 VALUE_OK
MATCH,7214,0x0CF00400,61444,148363.0,132015.781,-0.031,FF FF FF BF 4E FF FF FF,FF FF FF BF 4E FF FF FF,[],190=2519.875/exp 2519.8935 VALUE_OK
MATCH,7215,0x0CF00400,61444,148368.0,132020.792,-0.02,FF FF FF F0 4E FF FF FF,FF FF FF F0 4E FF FF FF,[],190=2526.0/exp 2526.0591 VALUE_OK
MATCH,7216,0x0CF00400,61444,148373.0,132025.783,-0.028,FF FF FF 22 4F FF FF FF,FF FF FF 22 4F FF FF FF,[],190=2532.25/exp 2532.2126 VALUE_OK
MATCH,7217,0x0CF00400,61444,148378.0,132030.795,-0.016,FF FF FF 53 4F FF FF FF,FF FF FF 53 4F FF FF FF,[],190=2538.375/exp 2538.3541 VALUE_OK
MATCH,7218,0x0CF00400,61444,148383.0,132035.758,-0.052,FF FF FF 84 4F FF FF FF,FF FF FF 84 4F FF FF FF,[],190=2544.5/exp 2544.4834 VALUE_OK
MATCH,7219,0x0CF00400,61444,148388.0,132040.758,-0.051,FF FF FF B5 4F FF FF FF,FF FF FF B5 4F FF FF FF,[],190=2550.625/exp 2550.6004 VALUE_OK
MATCH,7220,0x0CF00400,61444,148393.0,132045.766,-0.042,FF FF FF E6 4F FF FF FF,FF FF FF E6 4F FF FF FF,[],190=2556.75/exp 2556.7052 VALUE_OK
MATCH,7221,0x0CF00400,61444,148398.0,132050.757,-0.051,FF FF FF 16 50 FF FF FF,FF FF FF 16 50 FF FF FF,[],190=2562.75/exp 2562.7974 VALUE_OK
MATCH,7222,0x0CF00400,61444,148403.0,132055.761,-0.046,FF FF FF 47 50 FF FF FF,FF FF FF 47 50 FF FF FF,[],190=2568.875/exp 2568.8772 VALUE_OK
MATCH,7223,0x0CF00400,61444,148408.0,132060.772,-0.034,FF FF FF 78 50 FF FF FF,FF FF FF 78 50 FF FF FF,[],190=2575.0/exp 2574.9443 VALUE_OK
MATCH,7224,0x0CF00400,61444,148413.0,132065.784,-0.021,FF FF FF A8 50 FF FF FF,FF FF FF A8 50 FF FF FF,[],190=2581.0/exp 2580.9987 VALUE_OK
MATCH,7225,0x0CF00400,61444,148418.0,132070.743,-0.062,FF FF FF D8 50 FF FF FF,FF FF FF D8 50 FF FF FF,[],190=2587.0/exp 2587.0403 VALUE_OK
MATCH,7226,0x0CF00400,61444,148423.0,132075.755,-0.048,FF FF FF 09 51 FF FF FF,FF FF FF 09 51 FF FF FF,[],190=2593.125/exp 2593.0689 VALUE_OK
MATCH,7227,0x0CF00400,61444,148428.0,132080.758,-0.044,FF FF FF 39 51 FF FF FF,FF FF FF 39 51 FF FF FF,[],190=2599.125/exp 2599.0846 VALUE_OK
MATCH,7228,0x0CF00400,61444,148433.0,132085.774,-0.027,FF FF FF 69 51 FF FF FF,FF FF FF 69 51 FF FF FF,[],190=2605.125/exp 2605.0872 VALUE_OK
MATCH,7229,0x0CF00400,61444,148438.0,132090.785,-0.016,FF FF FF 99 51 FF FF FF,FF FF FF 99 51 FF FF FF,[],190=2611.125/exp 2611.0766 VALUE_OK
MATCH,7230,0x0CF00400,61444,148443.0,132095.741,-0.06,FF FF FF C8 51 FF FF FF,FF FF FF C8 51 FF FF FF,[],190=2617.0/exp 2617.0527 VALUE_OK
MATCH,7231,0x0CF00400,61444,148448.0,132100.752,-0.047,FF FF FF F8 51 FF FF FF,FF FF FF F8 51 FF FF FF,[],190=2623.0/exp 2623.0154 VALUE_OK
MATCH,7232,0x0CF00400,61444,148453.0,132105.744,-0.054,FF FF FF 28 52 FF FF FF,FF FF FF 28 52 FF FF FF,[],190=2629.0/exp 2628.9647 VALUE_OK
MATCH,7233,0x0CF00400,61444,148458.0,132110.747,-0.05,FF FF FF 57 52 FF FF FF,FF FF FF 57 52 FF FF FF,[],190=2634.875/exp 2634.9004 VALUE_OK
MATCH,7234,0x0CF00400,61444,148463.0,132115.751,-0.045,FF FF FF 87 52 FF FF FF,FF FF FF 87 52 FF FF FF,[],190=2640.875/exp 2640.8225 VALUE_OK
MATCH,7235,0x0CF00400,61444,148468.0,132120.743,-0.052,FF FF FF B6 52 FF FF FF,FF FF FF B6 52 FF FF FF,[],190=2646.75/exp 2646.7308 VALUE_OK
MATCH,7236,0x0CF00400,61444,148473.0,132125.742,-0.052,FF FF FF E5 52 FF FF FF,FF FF FF E5 52 FF FF FF,[],190=2652.625/exp 2652.6253 VALUE_OK
MATCH,7237,0x0CF00400,61444,148478.0,132130.774,-0.019,FF FF FF 14 53 FF FF FF,FF FF FF 14 53 FF FF FF,[],190=2658.5/exp 2658.5059 VALUE_OK
MATCH,7238,0x0CF00400,61444,148483.0,132135.773,-0.02,FF FF FF 43 53 FF FF FF,FF FF FF 43 53 FF FF FF,[],190=2664.375/exp 2664.3725 VALUE_OK
MATCH,7239,0x0CF00400,61444,148488.0,132140.769,-0.024,FF FF FF 72 53 FF FF FF,FF FF FF 72 53 FF FF FF,[],190=2670.25/exp 2670.225 VALUE_OK
MATCH,7240,0x0CF00400,61444,148493.0,132145.772,-0.02,FF FF FF A1 53 FF FF FF,FF FF FF A1 53 FF FF FF,[],190=2676.125/exp 2676.0633 VALUE_OK
MATCH,7241,0x0CF00400,61444,148498.0,132150.764,-0.028,FF FF FF CF 53 FF FF FF,FF FF FF CF 53 FF FF FF,[],190=2681.875/exp 2681.8873 VALUE_OK
MATCH,7242,0x0CF00400,61444,148503.0,132155.767,-0.024,FF FF FF FE 53 FF FF FF,FF FF FF FE 53 FF FF FF,[],190=2687.75/exp 2687.6969 VALUE_OK
MATCH,7243,0x0CF00400,61444,148508.0,132160.751,-0.04,FF FF FF 2C 54 FF FF FF,FF FF FF 2C 54 FF FF FF,[],190=2693.5/exp 2693.4921 VALUE_OK
MATCH,7244,0x0CF00400,61444,148513.0,132165.746,-0.044,FF FF FF 5A 54 FF FF FF,FF FF FF 5A 54 FF FF FF,[],190=2699.25/exp 2699.2727 VALUE_OK
MATCH,7245,0x0CF00400,61444,148518.0,132170.742,-0.047,FF FF FF 88 54 FF FF FF,FF FF FF 88 54 FF FF FF,[],190=2705.0/exp 2705.0387 VALUE_OK
MATCH,7246,0x0CF00400,61444,148523.0,132175.746,-0.042,FF FF FF B6 54 FF FF FF,FF FF FF B6 54 FF FF FF,[],190=2710.75/exp 2710.7899 VALUE_OK
MATCH,7247,0x0CF00400,61444,148528.0,132180.741,-0.046,FF FF FF E4 54 FF FF FF,FF FF FF E4 54 FF FF FF,[],190=2716.5/exp 2716.5264 VALUE_OK
MATCH,7248,0x0CF00400,61444,148533.0,132185.733,-0.053,FF FF FF 12 55 FF FF FF,FF FF FF 12 55 FF FF FF,[],190=2722.25/exp 2722.2479 VALUE_OK
MATCH,7249,0x0CF00400,61444,148538.0,132190.74,-0.045,FF FF FF 40 55 FF FF FF,FF FF FF 40 55 FF FF FF,[],190=2728.0/exp 2727.9545 VALUE_OK
MATCH,7250,0x0CF00400,61444,148543.0,132195.732,-0.052,FF FF FF 6D 55 FF FF FF,FF FF FF 6D 55 FF FF FF,[],190=2733.625/exp 2733.6459 VALUE_OK
MATCH,7251,0x0CF00400,61444,148548.0,132200.731,-0.052,FF FF FF 9B 55 FF FF FF,FF FF FF 9B 55 FF FF FF,[],190=2739.375/exp 2739.3222 VALUE_OK
MATCH,7252,0x0CF00400,61444,148553.0,132205.727,-0.055,FF FF FF C8 55 FF FF FF,FF FF FF C8 55 FF FF FF,[],190=2745.0/exp 2744.9832 VALUE_OK
MATCH,7253,0x0CF00400,61444,148558.0,132210.726,-0.055,FF FF FF F5 55 FF FF FF,FF FF FF F5 55 FF FF FF,[],190=2750.625/exp 2750.6289 VALUE_OK
MATCH,7254,0x0CF00400,61444,148563.0,132215.762,-0.018,FF FF FF 22 56 FF FF FF,FF FF FF 22 56 FF FF FF,[],190=2756.25/exp 2756.2592 VALUE_OK
MATCH,7255,0x0CF00400,61444,148568.0,132220.757,-0.023,FF FF FF 4F 56 FF FF FF,FF FF FF 4F 56 FF FF FF,[],190=2761.875/exp 2761.8739 VALUE_OK
MATCH,7256,0x0CF00400,61444,148573.0,132225.753,-0.026,FF FF FF 7C 56 FF FF FF,FF FF FF 7C 56 FF FF FF,[],190=2767.5/exp 2767.4731 VALUE_OK
MATCH,7257,0x0CF00400,61444,148578.0,132230.765,-0.014,FF FF FF A8 56 FF FF FF,FF FF FF A8 56 FF FF FF,[],190=2773.0/exp 2773.0565 VALUE_OK
MATCH,7258,0x0CF00400,61444,148583.0,132235.748,-0.03,FF FF FF D5 56 FF FF FF,FF FF FF D5 56 FF FF FF,[],190=2778.625/exp 2778.6242 VALUE_OK
MATCH,7259,0x0CF00400,61444,148588.0,132240.747,-0.031,FF FF FF 01 57 FF FF FF,FF FF FF 01 57 FF FF FF,[],190=2784.125/exp 2784.176 VALUE_OK
MATCH,7260,0x0CF00400,61444,148593.0,132245.739,-0.038,FF FF FF 2E 57 FF FF FF,FF FF FF 2E 57 FF FF FF,[],190=2789.75/exp 2789.7119 VALUE_OK
MATCH,7261,0x0CF00400,61444,148598.0,132250.734,-0.042,FF FF FF 5A 57 FF FF FF,FF FF FF 5A 57 FF FF FF,[],190=2795.25/exp 2795.2317 VALUE_OK
MATCH,7262,0x0CF00400,61444,148603.0,132255.746,-0.03,FF FF FF 86 57 FF FF FF,FF FF FF 86 57 FF FF FF,[],190=2800.75/exp 2800.7354 VALUE_OK
MATCH,7263,0x0CF00400,61444,148608.0,132260.738,-0.037,FF FF FF B2 57 FF FF FF,FF FF FF B2 57 FF FF FF,[],190=2806.25/exp 2806.2229 VALUE_OK
MATCH,7264,0x0CF00400,61444,148613.0,132265.729,-0.045,FF FF FF DE 57 FF FF FF,FF FF FF DE 57 FF FF FF,[],190=2811.75/exp 2811.6941 VALUE_OK
MATCH,7265,0x0CF00400,61444,148618.0,132270.721,-0.052,FF FF FF 09 58 FF FF FF,FF FF FF 09 58 FF FF FF,[],190=2817.125/exp 2817.149 VALUE_OK
MATCH,7266,0x0CF00400,61444,148623.0,132275.716,-0.056,FF FF FF 35 58 FF FF FF,FF FF FF 35 58 FF FF FF,[],190=2822.625/exp 2822.5873 VALUE_OK
MATCH,7267,0x0CF00400,61444,148628.0,132280.716,-0.055,FF FF FF 60 58 FF FF FF,FF FF FF 60 58 FF FF FF,[],190=2828.0/exp 2828.0092 VALUE_OK
MATCH,7268,0x0CF00400,61444,148633.0,132285.711,-0.059,FF FF FF 8B 58 FF FF FF,FF FF FF 8B 58 FF FF FF,[],190=2833.375/exp 2833.4144 VALUE_OK
MATCH,7269,0x0CF00400,61444,148638.0,132290.759,-0.01,FF FF FF B6 58 FF FF FF,FF FF FF B6 58 FF FF FF,[],190=2838.75/exp 2838.8029 VALUE_OK
MATCH,7270,0x0CF00400,61444,148643.0,132295.75,-0.019,FF FF FF E1 58 FF FF FF,FF FF FF E1 58 FF FF FF,[],190=2844.125/exp 2844.1746 VALUE_OK
MATCH,7271,0x0CF00400,61444,148648.0,132300.746,-0.022,FF FF FF 0C 59 FF FF FF,FF FF FF 0C 59 FF FF FF,[],190=2849.5/exp 2849.5295 VALUE_OK
MATCH,7272,0x0CF00400,61444,148653.0,132305.746,-0.022,FF FF FF 37 59 FF FF FF,FF FF FF 37 59 FF FF FF,[],190=2854.875/exp 2854.8674 VALUE_OK
MATCH,7273,0x0CF00400,61444,148658.0,132310.737,-0.03,FF FF FF 62 59 FF FF FF,FF FF FF 62 59 FF FF FF,[],190=2860.25/exp 2860.1882 VALUE_OK
MATCH,7274,0x0CF00400,61444,148663.0,132315.748,-0.019,FF FF FF 8C 59 FF FF FF,FF FF FF 8C 59 FF FF FF,[],190=2865.5/exp 2865.492 VALUE_OK
MATCH,7275,0x0CF00400,61444,148668.0,132320.744,-0.022,FF FF FF B6 59 FF FF FF,FF FF FF B6 59 FF FF FF,[],190=2870.75/exp 2870.7785 VALUE_OK
MATCH,7276,0x0CF00400,61444,148673.0,132325.744,-0.022,FF FF FF E0 59 FF FF FF,FF FF FF E0 59 FF FF FF,[],190=2876.0/exp 2876.0478 VALUE_OK
MATCH,7277,0x0CF00400,61444,148678.0,132330.731,-0.035,FF FF FF 0A 5A FF FF FF,FF FF FF 0A 5A FF FF FF,[],190=2881.25/exp 2881.2996 VALUE_OK
MATCH,7278,0x0CF00400,61444,148683.0,132335.731,-0.034,FF FF FF 34 5A FF FF FF,FF FF FF 34 5A FF FF FF,[],190=2886.5/exp 2886.5341 VALUE_OK
MATCH,7279,0x0CF00400,61444,148688.0,132340.722,-0.042,FF FF FF 5E 5A FF FF FF,FF FF FF 5E 5A FF FF FF,[],190=2891.75/exp 2891.751 VALUE_OK
MATCH,7280,0x0CF00400,61444,148693.0,132345.726,-0.037,FF FF FF 88 5A FF FF FF,FF FF FF 88 5A FF FF FF,[],190=2897.0/exp 2896.9503 VALUE_OK
MATCH,7281,0x0CF00400,61444,148698.0,132350.717,-0.046,FF FF FF B1 5A FF FF FF,FF FF FF B1 5A FF FF FF,[],190=2902.125/exp 2902.1319 VALUE_OK
MATCH,7282,0x0CF00400,61444,148703.0,132355.717,-0.045,FF FF FF DA 5A FF FF FF,FF FF FF DA 5A FF FF FF,[],190=2907.25/exp 2907.2958 VALUE_OK
MATCH,7283,0x0CF00400,61444,148708.0,132360.708,-0.053,FF FF FF 04 5B FF FF FF,FF FF FF 04 5B FF FF FF,[],190=2912.5/exp 2912.4418 VALUE_OK
MATCH,7284,0x0CF00400,61444,148713.0,132365.7,-0.06,FF FF FF 2D 5B FF FF FF,FF FF FF 2D 5B FF FF FF,[],190=2917.625/exp 2917.5698 VALUE_OK
MATCH,7285,0x0CF00400,61444,148718.0,132370.703,-0.056,FF FF FF 55 5B FF FF FF,FF FF FF 55 5B FF FF FF,[],190=2922.625/exp 2922.6799 VALUE_OK
MATCH,7286,0x0CF00400,61444,148723.0,132375.747,-0.01,FF FF FF 7E 5B FF FF FF,FF FF FF 7E 5B FF FF FF,[],190=2927.75/exp 2927.7719 VALUE_OK
MATCH,7287,0x0CF00400,61444,148728.0,132380.738,-0.019,FF FF FF A7 5B FF FF FF,FF FF FF A7 5B FF FF FF,[],190=2932.875/exp 2932.8457 VALUE_OK
MATCH,7288,0x0CF00400,61444,148733.0,132385.738,-0.019,FF FF FF CF 5B FF FF FF,FF FF FF CF 5B FF FF FF,[],190=2937.875/exp 2937.9013 VALUE_OK
MATCH,7289,0x0CF00400,61444,148738.0,132390.733,-0.023,FF FF FF F8 5B FF FF FF,FF FF FF F8 5B FF FF FF,[],190=2943.0/exp 2942.9386 VALUE_OK
MATCH,7290,0x0CF00400,61444,148743.0,132395.733,-0.023,FF FF FF 20 5C FF FF FF,FF FF FF 20 5C FF FF FF,[],190=2948.0/exp 2947.9574 VALUE_OK
MATCH,7291,0x0CF00400,61444,148748.0,132400.72,-0.036,FF FF FF 48 5C FF FF FF,FF FF FF 48 5C FF FF FF,[],190=2953.0/exp 2952.9578 VALUE_OK
MATCH,7292,0x0CF00400,61444,148753.0,132405.716,-0.039,FF FF FF 70 5C FF FF FF,FF FF FF 70 5C FF FF FF,[],190=2958.0/exp 2957.9397 VALUE_OK
MATCH,7293,0x0CF00400,61444,148758.0,132410.715,-0.039,FF FF FF 97 5C FF FF FF,FF FF FF 97 5C FF FF FF,[],190=2962.875/exp 2962.9029 VALUE_OK
MATCH,7294,0x0CF00400,61444,148763.0,132415.715,-0.038,FF FF FF BF 5C FF FF FF,FF FF FF BF 5C FF FF FF,[],190=2967.875/exp 2967.8474 VALUE_OK
MATCH,7295,0x0CF00400,61444,148768.0,132420.711,-0.041,FF FF FF E6 5C FF FF FF,FF FF FF E6 5C FF FF FF,[],190=2972.75/exp 2972.7731 VALUE_OK
MATCH,7296,0x0CF00400,61444,148773.0,132425.702,-0.05,FF FF FF 0D 5D FF FF FF,FF FF FF 0D 5D FF FF FF,[],190=2977.625/exp 2977.68 VALUE_OK
MATCH,7297,0x0CF00400,61444,148778.0,132430.702,-0.049,FF FF FF 35 5D FF FF FF,FF FF FF 35 5D FF FF FF,[],190=2982.625/exp 2982.5679 VALUE_OK
MATCH,7298,0x0CF00400,61444,148783.0,132435.709,-0.041,FF FF FF 5B 5D FF FF FF,FF FF FF 5B 5D FF FF FF,[],190=2987.375/exp 2987.4369 VALUE_OK
MATCH,7299,0x0CF00400,61444,148788.0,132440.729,-0.02,FF FF FF 82 5D FF FF FF,FF FF FF 82 5D FF FF FF,[],190=2992.25/exp 2992.2867 VALUE_OK
MATCH,7300,0x0CF00400,61444,148793.0,132445.728,-0.02,FF FF FF A9 5D FF FF FF,FF FF FF A9 5D FF FF FF,[],190=2997.125/exp 2997.1174 VALUE_OK
MATCH,7301,0x0CF00400,61444,148798.0,132450.744,-0.004,FF FF FF CF 5D FF FF FF,FF FF FF CF 5D FF FF FF,[],190=3001.875/exp 3001.9289 VALUE_OK
MATCH,7302,0x0CF00400,61444,148803.0,132455.755,0.007,FF FF FF F6 5D FF FF FF,FF FF FF F6 5D FF FF FF,[],190=3006.75/exp 3006.721 VALUE_OK
MATCH,7303,0x0CF00400,61444,148808.0,132460.767,0.019,FF FF FF 1C 5E FF FF FF,FF FF FF 1C 5E FF FF FF,[],190=3011.5/exp 3011.4938 VALUE_OK
MATCH,7304,0x0CF00400,61444,148813.0,132465.722,-0.027,FF FF FF 42 5E FF FF FF,FF FF FF 42 5E FF FF FF,[],190=3016.25/exp 3016.2471 VALUE_OK
MATCH,7305,0x0CF00400,61444,148818.0,132470.738,-0.01,FF FF FF 68 5E FF FF FF,FF FF FF 68 5E FF FF FF,[],190=3021.0/exp 3020.9809 VALUE_OK
MATCH,7306,0x0CF00400,61444,148823.0,132475.749,0.001,FF FF FF 8E 5E FF FF FF,FF FF FF 8E 5E FF FF FF,[],190=3025.75/exp 3025.6951 VALUE_OK
MATCH,7307,0x0CF00400,61444,148828.0,132480.765,0.017,FF FF FF B3 5E FF FF FF,FF FF FF B3 5E FF FF FF,[],190=3030.375/exp 3030.3896 VALUE_OK
MATCH,7308,0x0CF00400,61444,148833.0,132485.717,-0.031,FF FF FF D9 5E FF FF FF,FF FF FF D9 5E FF FF FF,[],190=3035.125/exp 3035.0644 VALUE_OK
MATCH,7309,0x0CF00400,61444,148838.0,132490.74,-0.008,FF FF FF FE 5E FF FF FF,FF FF FF FE 5E FF FF FF,[],190=3039.75/exp 3039.7193 VALUE_OK
MATCH,7310,0x0CF00400,61444,148843.0,132495.748,0.001,FF FF FF 23 5F FF FF FF,FF FF FF 23 5F FF FF FF,[],190=3044.375/exp 3044.3544 VALUE_OK
MATCH,7311,0x0CF00400,61444,148848.0,132500.759,0.012,FF FF FF 48 5F FF FF FF,FF FF FF 48 5F FF FF FF,[],190=3049.0/exp 3048.9695 VALUE_OK
MATCH,7312,0x0CF00400,61444,148853.0,132505.719,-0.029,FF FF FF 6D 5F FF FF FF,FF FF FF 6D 5F FF FF FF,[],190=3053.625/exp 3053.5646 VALUE_OK
MATCH,7313,0x0CF00400,61444,148858.0,132510.735,-0.012,FF FF FF 91 5F FF FF FF,FF FF FF 91 5F FF FF FF,[],190=3058.125/exp 3058.1396 VALUE_OK
MATCH,7314,0x0CF00400,61444,148863.0,132515.751,0.004,FF FF FF B6 5F FF FF FF,FF FF FF B6 5F FF FF FF,[],190=3062.75/exp 3062.6944 VALUE_OK
MATCH,7315,0x0CF00400,61444,148868.0,132520.766,0.019,FF FF FF DA 5F FF FF FF,FF FF FF DA 5F FF FF FF,[],190=3067.25/exp 3067.2289 VALUE_OK
MATCH,7316,0x0CF00400,61444,148873.0,132525.73,-0.017,FF FF FF FE 5F FF FF FF,FF FF FF FE 5F FF FF FF,[],190=3071.75/exp 3071.7432 VALUE_OK
MATCH,7317,0x0CF00400,61444,148878.0,132530.733,-0.014,FF FF FF 22 60 FF FF FF,FF FF FF 22 60 FF FF FF,[],190=3076.25/exp 3076.237 VALUE_OK
MATCH,7318,0x0CF00400,61444,148883.0,132535.749,0.002,FF FF FF 46 60 FF FF FF,FF FF FF 46 60 FF FF FF,[],190=3080.75/exp 3080.7104 VALUE_OK
MATCH,7319,0x0CF00400,61444,148888.0,132540.704,-0.043,FF FF FF 69 60 FF FF FF,FF FF FF 69 60 FF FF FF,[],190=3085.125/exp 3085.1633 VALUE_OK
MATCH,7320,0x0CF00400,61444,148893.0,132545.736,-0.01,FF FF FF 8D 60 FF FF FF,FF FF FF 8D 60 FF FF FF,[],190=3089.625/exp 3089.5956 VALUE_OK
MATCH,7321,0x0CF00400,61444,148898.0,132550.759,0.013,FF FF FF B0 60 FF FF FF,FF FF FF B0 60 FF FF FF,[],190=3094.0/exp 3094.0073 VALUE_OK
MATCH,7322,0x0CF00400,61444,148903.0,132555.719,-0.027,FF FF FF D3 60 FF FF FF,FF FF FF D3 60 FF FF FF,[],190=3098.375/exp 3098.3982 VALUE_OK
MATCH,7323,0x0CF00400,61444,148908.0,132560.739,-0.006,FF FF FF F6 60 FF FF FF,FF FF FF F6 60 FF FF FF,[],190=3102.75/exp 3102.7683 VALUE_OK
MATCH,7324,0x0CF00400,61444,148913.0,132565.734,-0.011,FF FF FF 19 61 FF FF FF,FF FF FF 19 61 FF FF FF,[],190=3107.125/exp 3107.1176 VALUE_OK
MATCH,7325,0x0CF00400,61444,148918.0,132570.746,0.001,FF FF FF 3C 61 FF FF FF,FF FF FF 3C 61 FF FF FF,[],190=3111.5/exp 3111.4459 VALUE_OK
MATCH,7326,0x0CF00400,61444,148923.0,132575.709,-0.036,FF FF FF 5E 61 FF FF FF,FF FF FF 5E 61 FF FF FF,[],190=3115.75/exp 3115.7532 VALUE_OK
MATCH,7327,0x0CF00400,61444,148928.0,132580.721,-0.023,FF FF FF 80 61 FF FF FF,FF FF FF 80 61 FF FF FF,[],190=3120.0/exp 3120.0395 VALUE_OK
MATCH,7328,0x0CF00400,61444,148933.0,132585.736,-0.008,FF FF FF A2 61 FF FF FF,FF FF FF A2 61 FF FF FF,[],190=3124.25/exp 3124.3046 VALUE_OK
MATCH,7329,0x0CF00400,61444,148938.0,132590.752,0.008,FF FF FF C4 61 FF FF FF,FF FF FF C4 61 FF FF FF,[],190=3128.5/exp 3128.5486 VALUE_OK
MATCH,7330,0x0CF00400,61444,148943.0,132595.699,-0.045,FF FF FF E6 61 FF FF FF,FF FF FF E6 61 FF FF FF,[],190=3132.75/exp 3132.7713 VALUE_OK
MATCH,7331,0x0CF00400,61444,148948.0,132600.707,-0.036,FF FF FF 08 62 FF FF FF,FF FF FF 08 62 FF FF FF,[],190=3137.0/exp 3136.9726 VALUE_OK
MATCH,7332,0x0CF00400,61444,148953.0,132605.722,-0.02,FF FF FF 29 62 FF FF FF,FF FF FF 29 62 FF FF FF,[],190=3141.125/exp 3141.1526 VALUE_OK
MATCH,7333,0x0CF00400,61444,148958.0,132610.734,-0.008,FF FF FF 4A 62 FF FF FF,FF FF FF 4A 62 FF FF FF,[],190=3145.25/exp 3145.3111 VALUE_OK
MATCH,7334,0x0CF00400,61444,148963.0,132615.697,-0.045,FF FF FF 6C 62 FF FF FF,FF FF FF 6C 62 FF FF FF,[],190=3149.5/exp 3149.4482 VALUE_OK
MATCH,7335,0x0CF00400,61444,148968.0,132620.713,-0.028,FF FF FF 8D 62 FF FF FF,FF FF FF 8D 62 FF FF FF,[],190=3153.625/exp 3153.5636 VALUE_OK
MATCH,7336,0x0CF00400,61444,148973.0,132625.72,-0.02,FF FF FF AD 62 FF FF FF,FF FF FF AD 62 FF FF FF,[],190=3157.625/exp 3157.6574 VALUE_OK
MATCH,7337,0x0CF00400,61444,148978.0,132630.744,0.004,FF FF FF CE 62 FF FF FF,FF FF FF CE 62 FF FF FF,[],190=3161.75/exp 3161.7294 VALUE_OK
MATCH,7338,0x0CF00400,61444,148983.0,132635.699,-0.041,FF FF FF EE 62 FF FF FF,FF FF FF EE 62 FF FF FF,[],190=3165.75/exp 3165.7797 VALUE_OK
MATCH,7339,0x0CF00400,61444,148988.0,132640.703,-0.036,FF FF FF 0E 63 FF FF FF,FF FF FF 0E 63 FF FF FF,[],190=3169.75/exp 3169.8082 VALUE_OK
MATCH,7340,0x0CF00400,61444,148993.0,132645.719,-0.019,FF FF FF 2F 63 FF FF FF,FF FF FF 2F 63 FF FF FF,[],190=3173.875/exp 3173.8148 VALUE_OK
MATCH,7341,0x0CF00400,61444,148998.0,132650.742,0.004,FF FF FF 4E 63 FF FF FF,FF FF FF 4E 63 FF FF FF,[],190=3177.75/exp 3177.7994 VALUE_OK
MATCH,7342,0x0CF00400,61444,149003.0,132655.706,-0.032,FF FF FF 6E 63 FF FF FF,FF FF FF 6E 63 FF FF FF,[],190=3181.75/exp 3181.762 VALUE_OK
MATCH,7343,0x0CF00400,61444,149008.0,132660.733,-0.004,FF FF FF 8E 63 FF FF FF,FF FF FF 8E 63 FF FF FF,[],190=3185.75/exp 3185.7025 VALUE_OK
MATCH,7344,0x0CF00400,61444,149013.0,132665.697,-0.04,FF FF FF AD 63 FF FF FF,FF FF FF AD 63 FF FF FF,[],190=3189.625/exp 3189.6209 VALUE_OK
MATCH,7345,0x0CF00400,61444,149018.0,132670.716,-0.021,FF FF FF CC 63 FF FF FF,FF FF FF CC 63 FF FF FF,[],190=3193.5/exp 3193.5171 VALUE_OK
MATCH,7346,0x0CF00400,61444,149023.0,132675.728,-0.008,FF FF FF EB 63 FF FF FF,FF FF FF EB 63 FF FF FF,[],190=3197.375/exp 3197.391 VALUE_OK
MATCH,7347,0x0CF00400,61444,149028.0,132680.679,-0.057,FF FF FF 0A 64 FF FF FF,FF FF FF 0A 64 FF FF FF,[],190=3201.25/exp 3201.2426 VALUE_OK
MATCH,7348,0x0CF00400,61444,149033.0,132685.695,-0.04,FF FF FF 29 64 FF FF FF,FF FF FF 29 64 FF FF FF,[],190=3205.125/exp 3205.0718 VALUE_OK
MATCH,7349,0x0CF00400,61444,149038.0,132690.679,-0.055,FF FF FF 47 64 FF FF FF,FF FF FF 47 64 FF FF FF,[],190=3208.875/exp 3208.8786 VALUE_OK
MATCH,7350,0x0CF00400,61444,149043.0,132695.694,-0.039,FF FF FF 65 64 FF FF FF,FF FF FF 65 64 FF FF FF,[],190=3212.625/exp 3212.6629 VALUE_OK
MATCH,7351,0x0CF00400,61444,149048.0,132700.714,-0.018,FF FF FF 83 64 FF FF FF,FF FF FF 83 64 FF FF FF,[],190=3216.375/exp 3216.4246 VALUE_OK
MATCH,7352,0x0CF00400,61444,149053.0,132705.725,-0.007,FF FF FF A1 64 FF FF FF,FF FF FF A1 64 FF FF FF,[],190=3220.125/exp 3220.1637 VALUE_OK
MATCH,7353,0x0CF00400,61444,149058.0,132710.74,0.008,FF FF FF BF 64 FF FF FF,FF FF FF BF 64 FF FF FF,[],190=3223.875/exp 3223.8802 VALUE_OK
MATCH,7354,0x0CF00400,61444,149063.0,132715.696,-0.036,FF FF FF DD 64 FF FF FF,FF FF FF DD 64 FF FF FF,[],190=3227.625/exp 3227.5739 VALUE_OK
MATCH,7355,0x0CF00400,61444,149068.0,132720.716,-0.015,FF FF FF FA 64 FF FF FF,FF FF FF FA 64 FF FF FF,[],190=3231.25/exp 3231.2448 VALUE_OK
MATCH,7356,0x0CF00400,61444,149073.0,132725.727,-0.004,FF FF FF 17 65 FF FF FF,FF FF FF 17 65 FF FF FF,[],190=3234.875/exp 3234.8929 VALUE_OK
MATCH,7357,0x0CF00400,61444,149078.0,132730.675,-0.056,FF FF FF 34 65 FF FF FF,FF FF FF 34 65 FF FF FF,[],190=3238.5/exp 3238.5181 VALUE_OK
MATCH,7358,0x0CF00400,61444,149083.0,132735.682,-0.048,FF FF FF 51 65 FF FF FF,FF FF FF 51 65 FF FF FF,[],190=3242.125/exp 3242.1203 VALUE_OK
MATCH,7359,0x0CF00400,61444,149088.0,132740.694,-0.035,FF FF FF 6E 65 FF FF FF,FF FF FF 6E 65 FF FF FF,[],190=3245.75/exp 3245.6995 VALUE_OK
MATCH,7360,0x0CF00400,61444,149093.0,132745.705,-0.023,FF FF FF 8A 65 FF FF FF,FF FF FF 8A 65 FF FF FF,[],190=3249.25/exp 3249.2557 VALUE_OK
MATCH,7361,0x0CF00400,61444,149098.0,132750.721,-0.006,FF FF FF A6 65 FF FF FF,FF FF FF A6 65 FF FF FF,[],190=3252.75/exp 3252.7887 VALUE_OK
MATCH,7362,0x0CF00400,61444,149103.0,132755.677,-0.05,FF FF FF C2 65 FF FF FF,FF FF FF C2 65 FF FF FF,[],190=3256.25/exp 3256.2985 VALUE_OK
MATCH,7363,0x0CF00400,61444,149108.0,132760.696,-0.03,FF FF FF DE 65 FF FF FF,FF FF FF DE 65 FF FF FF,[],190=3259.75/exp 3259.7852 VALUE_OK
MATCH,7364,0x0CF00400,61444,149113.0,132765.707,-0.019,FF FF FF FA 65 FF FF FF,FF FF FF FA 65 FF FF FF,[],190=3263.25/exp 3263.2485 VALUE_OK
MATCH,7365,0x0CF00400,61444,149118.0,132770.715,-0.01,FF FF FF 16 66 FF FF FF,FF FF FF 16 66 FF FF FF,[],190=3266.75/exp 3266.6885 VALUE_OK
MATCH,7366,0x0CF00400,61444,149123.0,132775.674,-0.051,FF FF FF 31 66 FF FF FF,FF FF FF 31 66 FF FF FF,[],190=3270.125/exp 3270.1052 VALUE_OK
MATCH,7367,0x0CF00400,61444,149128.0,132780.694,-0.03,FF FF FF 4C 66 FF FF FF,FF FF FF 4C 66 FF FF FF,[],190=3273.5/exp 3273.4983 VALUE_OK
MATCH,7368,0x0CF00400,61444,149133.0,132785.717,-0.007,FF FF FF 67 66 FF FF FF,FF FF FF 67 66 FF FF FF,[],190=3276.875/exp 3276.868 VALUE_OK
MATCH,7369,0x0CF00400,61444,149138.0,132790.685,-0.038,FF FF FF 82 66 FF FF FF,FF FF FF 82 66 FF FF FF,[],190=3280.25/exp 3280.2142 VALUE_OK
MATCH,7370,0x0CF00400,61444,149143.0,132795.689,-0.034,FF FF FF 9C 66 FF FF FF,FF FF FF 9C 66 FF FF FF,[],190=3283.5/exp 3283.5367 VALUE_OK
MATCH,7371,0x0CF00400,61444,149148.0,132800.7,-0.022,FF FF FF B7 66 FF FF FF,FF FF FF B7 66 FF FF FF,[],190=3286.875/exp 3286.8356 VALUE_OK
MATCH,7372,0x0CF00400,61444,149153.0,132805.712,-0.01,FF FF FF D1 66 FF FF FF,FF FF FF D1 66 FF FF FF,[],190=3290.125/exp 3290.1108 VALUE_OK
MATCH,7373,0x0CF00400,61444,149158.0,132810.663,-0.058,FF FF FF EB 66 FF FF FF,FF FF FF EB 66 FF FF FF,[],190=3293.375/exp 3293.3622 VALUE_OK
MATCH,7374,0x0CF00400,61444,149163.0,132815.719,-0.001,FF FF FF 05 67 FF FF FF,FF FF FF 05 67 FF FF FF,[],190=3296.625/exp 3296.5899 VALUE_OK
MATCH,7375,0x0CF00400,61444,149168.0,132820.674,-0.046,FF FF FF 1E 67 FF FF FF,FF FF FF 1E 67 FF FF FF,[],190=3299.75/exp 3299.7936 VALUE_OK
MATCH,7376,0x0CF00400,61444,149173.0,132825.678,-0.041,FF FF FF 38 67 FF FF FF,FF FF FF 38 67 FF FF FF,[],190=3303.0/exp 3302.9735 VALUE_OK
MATCH,7377,0x0CF00400,61444,149178.0,132830.689,-0.029,FF FF FF 51 67 FF FF FF,FF FF FF 51 67 FF FF FF,[],190=3306.125/exp 3306.1295 VALUE_OK
MATCH,7378,0x0CF00400,61444,149183.0,132835.709,-0.009,FF FF FF 6A 67 FF FF FF,FF FF FF 6A 67 FF FF FF,[],190=3309.25/exp 3309.2614 VALUE_OK
MATCH,7379,0x0CF00400,61444,149188.0,132840.677,-0.041,FF FF FF 83 67 FF FF FF,FF FF FF 83 67 FF FF FF,[],190=3312.375/exp 3312.3693 VALUE_OK
MATCH,7380,0x0CF00400,61444,149193.0,132845.68,-0.037,FF FF FF 9C 67 FF FF FF,FF FF FF 9C 67 FF FF FF,[],190=3315.5/exp 3315.4531 VALUE_OK
MATCH,7381,0x0CF00400,61444,149198.0,132850.696,-0.02,FF FF FF B4 67 FF FF FF,FF FF FF B4 67 FF FF FF,[],190=3318.5/exp 3318.5128 VALUE_OK
MATCH,7382,0x0CF00400,61444,149203.0,132855.699,-0.017,FF FF FF CC 67 FF FF FF,FF FF FF CC 67 FF FF FF,[],190=3321.5/exp 3321.5483 VALUE_OK
MATCH,7383,0x0CF00400,61444,149208.0,132860.706,-0.009,FF FF FF E4 67 FF FF FF,FF FF FF E4 67 FF FF FF,[],190=3324.5/exp 3324.5595 VALUE_OK
MATCH,7384,0x0CF00400,61444,149213.0,132865.666,-0.049,FF FF FF FC 67 FF FF FF,FF FF FF FC 67 FF FF FF,[],190=3327.5/exp 3327.5465 VALUE_OK
MATCH,7385,0x0CF00400,61444,149218.0,132870.662,-0.052,FF FF FF 14 68 FF FF FF,FF FF FF 14 68 FF FF FF,[],190=3330.5/exp 3330.5091 VALUE_OK
MATCH,7386,0x0CF00400,61444,149223.0,132875.673,-0.04,FF FF FF 2C 68 FF FF FF,FF FF FF 2C 68 FF FF FF,[],190=3333.5/exp 3333.4473 VALUE_OK
MATCH,7387,0x0CF00400,61444,149228.0,132880.677,-0.035,FF FF FF 43 68 FF FF FF,FF FF FF 43 68 FF FF FF,[],190=3336.375/exp 3336.3612 VALUE_OK
MATCH,7388,0x0CF00400,61444,149233.0,132885.696,-0.016,FF FF FF 5A 68 FF FF FF,FF FF FF 5A 68 FF FF FF,[],190=3339.25/exp 3339.2506 VALUE_OK
MATCH,7389,0x0CF00400,61444,149238.0,132890.66,-0.051,FF FF FF 71 68 FF FF FF,FF FF FF 71 68 FF FF FF,[],190=3342.125/exp 3342.1154 VALUE_OK
MATCH,7390,0x0CF00400,61444,149243.0,132895.663,-0.047,FF FF FF 88 68 FF FF FF,FF FF FF 88 68 FF FF FF,[],190=3345.0/exp 3344.9557 VALUE_OK
MATCH,7391,0x0CF00400,61444,149248.0,132900.679,-0.03,FF FF FF 9E 68 FF FF FF,FF FF FF 9E 68 FF FF FF,[],190=3347.75/exp 3347.7715 VALUE_OK
MATCH,7392,0x0CF00400,61444,149253.0,132905.687,-0.022,FF FF FF B5 68 FF FF FF,FF FF FF B5 68 FF FF FF,[],190=3350.625/exp 3350.5625 VALUE_OK
MATCH,7393,0x0CF00400,61444,149258.0,132910.698,-0.01,FF FF FF CB 68 FF FF FF,FF FF FF CB 68 FF FF FF,[],190=3353.375/exp 3353.3289 VALUE_OK
MATCH,7394,0x0CF00400,61444,149263.0,132915.702,-0.006,FF FF FF E1 68 FF FF FF,FF FF FF E1 68 FF FF FF,[],190=3356.125/exp 3356.0706 VALUE_OK
MATCH,7395,0x0CF00400,61444,149268.0,132920.653,-0.055,FF FF FF F6 68 FF FF FF,FF FF FF F6 68 FF FF FF,[],190=3358.75/exp 3358.7875 VALUE_OK
MATCH,7396,0x0CF00400,61444,149273.0,132925.66,-0.047,FF FF FF 0C 69 FF FF FF,FF FF FF 0C 69 FF FF FF,[],190=3361.5/exp 3361.4796 VALUE_OK
MATCH,7397,0x0CF00400,61444,149278.0,132930.664,-0.042,FF FF FF 21 69 FF FF FF,FF FF FF 21 69 FF FF FF,[],190=3364.125/exp 3364.1468 VALUE_OK
MATCH,7398,0x0CF00400,61444,149283.0,132935.675,-0.03,FF FF FF 36 69 FF FF FF,FF FF FF 36 69 FF FF FF,[],190=3366.75/exp 3366.7892 VALUE_OK
MATCH,7399,0x0CF00400,61444,149288.0,132940.651,-0.053,FF FF FF 4B 69 FF FF FF,FF FF FF 4B 69 FF FF FF,[],190=3369.375/exp 3369.4066 VALUE_OK
MATCH,7400,0x0CF00400,61444,149293.0,132945.663,-0.04,FF FF FF 60 69 FF FF FF,FF FF FF 60 69 FF FF FF,[],190=3372.0/exp 3371.999 VALUE_OK
MATCH,7401,0x0CF00400,61444,149298.0,132950.67,-0.033,FF FF FF 75 69 FF FF FF,FF FF FF 75 69 FF FF FF,[],190=3374.625/exp 3374.5665 VALUE_OK
MATCH,7402,0x0CF00400,61444,149303.0,132955.686,-0.016,FF FF FF 89 69 FF FF FF,FF FF FF 89 69 FF FF FF,[],190=3377.125/exp 3377.1089 VALUE_OK
MATCH,7403,0x0CF00400,61444,149308.0,132960.697,-0.005,FF FF FF 9D 69 FF FF FF,FF FF FF 9D 69 FF FF FF,[],190=3379.625/exp 3379.6261 VALUE_OK
MATCH,7404,0x0CF00400,61444,149313.0,132965.701,-0.001,FF FF FF B1 69 FF FF FF,FF FF FF B1 69 FF FF FF,[],190=3382.125/exp 3382.1183 VALUE_OK
MATCH,7405,0x0CF00400,61444,149318.0,132970.648,-0.054,FF FF FF C5 69 FF FF FF,FF FF FF C5 69 FF FF FF,[],190=3384.625/exp 3384.5853 VALUE_OK
MATCH,7406,0x0CF00400,61444,149323.0,132975.66,-0.04,FF FF FF D8 69 FF FF FF,FF FF FF D8 69 FF FF FF,[],190=3387.0/exp 3387.0271 VALUE_OK
MATCH,7407,0x0CF00400,61444,149328.0,132980.667,-0.033,FF FF FF EC 69 FF FF FF,FF FF FF EC 69 FF FF FF,[],190=3389.5/exp 3389.4436 VALUE_OK
MATCH,7408,0x0CF00400,61444,149333.0,132985.679,-0.02,FF FF FF FF 69 FF FF FF,FF FF FF FF 69 FF FF FF,[],190=3391.875/exp 3391.8348 VALUE_OK
MATCH,7409,0x0CF00400,61444,149338.0,132990.679,-0.02,FF FF FF 12 6A FF FF FF,FF FF FF 12 6A FF FF FF,[],190=3394.25/exp 3394.2008 VALUE_OK
MATCH,7410,0x0CF00400,61444,149343.0,132995.686,-0.012,FF FF FF 24 6A FF FF FF,FF FF FF 24 6A FF FF FF,[],190=3396.5/exp 3396.5413 VALUE_OK
MATCH,7411,0x0CF00400,61444,149348.0,133000.642,-0.056,FF FF FF 37 6A FF FF FF,FF FF FF 37 6A FF FF FF,[],190=3398.875/exp 3398.8565 VALUE_OK
MATCH,7412,0x0CF00400,61444,149353.0,133005.645,-0.052,FF FF FF 49 6A FF FF FF,FF FF FF 49 6A FF FF FF,[],190=3401.125/exp 3401.1463 VALUE_OK
MATCH,7413,0x0CF00400,61444,149358.0,133010.653,-0.043,FF FF FF 5B 6A FF FF FF,FF FF FF 5B 6A FF FF FF,[],190=3403.375/exp 3403.4106 VALUE_OK
MATCH,7414,0x0CF00400,61444,149363.0,133015.656,-0.039,FF FF FF 6D 6A FF FF FF,FF FF FF 6D 6A FF FF FF,[],190=3405.625/exp 3405.6494 VALUE_OK
MATCH,7415,0x0CF00400,61444,149368.0,133020.672,-0.022,FF FF FF 7F 6A FF FF FF,FF FF FF 7F 6A FF FF FF,[],190=3407.875/exp 3407.8626 VALUE_OK
MATCH,7416,0x0CF00400,61444,149373.0,133025.687,-0.007,FF FF FF 90 6A FF FF FF,FF FF FF 90 6A FF FF FF,[],190=3410.0/exp 3410.0503 VALUE_OK
MATCH,7417,0x0CF00400,61444,149378.0,133030.691,-0.003,FF FF FF A2 6A FF FF FF,FF FF FF A2 6A FF FF FF,[],190=3412.25/exp 3412.2124 VALUE_OK
MATCH,7418,0x0CF00400,61444,149383.0,133035.646,-0.048,FF FF FF B3 6A FF FF FF,FF FF FF B3 6A FF FF FF,[],190=3414.375/exp 3414.3489 VALUE_OK
MATCH,7419,0x0CF00400,61444,149388.0,133040.651,-0.042,FF FF FF C4 6A FF FF FF,FF FF FF C4 6A FF FF FF,[],190=3416.5/exp 3416.4597 VALUE_OK
MATCH,7420,0x0CF00400,61444,149393.0,133045.662,-0.03,FF FF FF D4 6A FF FF FF,FF FF FF D4 6A FF FF FF,[],190=3418.5/exp 3418.5448 VALUE_OK
MATCH,7421,0x0CF00400,61444,149398.0,133050.666,-0.025,FF FF FF E5 6A FF FF FF,FF FF FF E5 6A FF FF FF,[],190=3420.625/exp 3420.6042 VALUE_OK
MATCH,7422,0x0CF00400,61444,149403.0,133055.625,-0.066,FF FF FF F5 6A FF FF FF,FF FF FF F5 6A FF FF FF,[],190=3422.625/exp 3422.6378 VALUE_OK
MATCH,7423,0x0CF00400,61444,149408.0,133060.649,-0.04,FF FF FF 05 6B FF FF FF,FF FF FF 05 6B FF FF FF,[],190=3424.625/exp 3424.6456 VALUE_OK
MATCH,7424,0x0CF00400,61444,149413.0,133065.648,-0.041,FF FF FF 15 6B FF FF FF,FF FF FF 15 6B FF FF FF,[],190=3426.625/exp 3426.6276 VALUE_OK
MATCH,7425,0x0CF00400,61444,149418.0,133070.68,-0.008,FF FF FF 25 6B FF FF FF,FF FF FF 25 6B FF FF FF,[],190=3428.625/exp 3428.5837 VALUE_OK
MATCH,7426,0x0CF00400,61444,149423.0,133075.647,-0.041,FF FF FF 34 6B FF FF FF,FF FF FF 34 6B FF FF FF,[],190=3430.5/exp 3430.5139 VALUE_OK
MATCH,7427,0x0CF00400,61444,149428.0,133080.679,-0.008,FF FF FF 43 6B FF FF FF,FF FF FF 43 6B FF FF FF,[],190=3432.375/exp 3432.4183 VALUE_OK
MATCH,7428,0x0CF00400,61444,149433.0,133085.651,-0.036,FF FF FF 52 6B FF FF FF,FF FF FF 52 6B FF FF FF,[],190=3434.25/exp 3434.2967 VALUE_OK
MATCH,7429,0x0CF00400,61444,149438.0,133090.674,-0.012,FF FF FF 61 6B FF FF FF,FF FF FF 61 6B FF FF FF,[],190=3436.125/exp 3436.1491 VALUE_OK
MATCH,7430,0x0CF00400,61444,149443.0,133095.646,-0.04,FF FF FF 70 6B FF FF FF,FF FF FF 70 6B FF FF FF,[],190=3438.0/exp 3437.9755 VALUE_OK
MATCH,7431,0x0CF00400,61444,149448.0,133100.673,-0.012,FF FF FF 7E 6B FF FF FF,FF FF FF 7E 6B FF FF FF,[],190=3439.75/exp 3439.7759 VALUE_OK
MATCH,7432,0x0CF00400,61444,149453.0,133105.641,-0.044,FF FF FF 8C 6B FF FF FF,FF FF FF 8C 6B FF FF FF,[],190=3441.5/exp 3441.5502 VALUE_OK
MATCH,7433,0x0CF00400,61444,149458.0,133110.668,-0.016,FF FF FF 9A 6B FF FF FF,FF FF FF 9A 6B FF FF FF,[],190=3443.25/exp 3443.2984 VALUE_OK
MATCH,7434,0x0CF00400,61444,149463.0,133115.636,-0.047,FF FF FF A8 6B FF FF FF,FF FF FF A8 6B FF FF FF,[],190=3445.0/exp 3445.0205 VALUE_OK
MATCH,7435,0x0CF00400,61444,149468.0,133120.663,-0.019,FF FF FF B6 6B FF FF FF,FF FF FF B6 6B FF FF FF,[],190=3446.75/exp 3446.7165 VALUE_OK
MATCH,7436,0x0CF00400,61444,149473.0,133125.635,-0.047,FF FF FF C3 6B FF FF FF,FF FF FF C3 6B FF FF FF,[],190=3448.375/exp 3448.3863 VALUE_OK
MATCH,7437,0x0CF00400,61444,149478.0,133130.666,-0.015,FF FF FF D0 6B FF FF FF,FF FF FF D0 6B FF FF FF,[],190=3450.0/exp 3450.03 VALUE_OK
MATCH,7438,0x0CF00400,61444,149483.0,133135.63,-0.051,FF FF FF DD 6B FF FF FF,FF FF FF DD 6B FF FF FF,[],190=3451.625/exp 3451.6474 VALUE_OK
MATCH,7439,0x0CF00400,61444,149488.0,133140.653,-0.027,FF FF FF EA 6B FF FF FF,FF FF FF EA 6B FF FF FF,[],190=3453.25/exp 3453.2385 VALUE_OK
MATCH,7440,0x0CF00400,61444,149493.0,133145.621,-0.058,FF FF FF F6 6B FF FF FF,FF FF FF F6 6B FF FF FF,[],190=3454.75/exp 3454.8034 VALUE_OK
MATCH,7441,0x0CF00400,61444,149498.0,133150.644,-0.034,FF FF FF 03 6C FF FF FF,FF FF FF 03 6C FF FF FF,[],190=3456.375/exp 3456.342 VALUE_OK
MATCH,7442,0x0CF00400,61444,149503.0,133155.608,-0.069,FF FF FF 0F 6C FF FF FF,FF FF FF 0F 6C FF FF FF,[],190=3457.875/exp 3457.8543 VALUE_OK
MATCH,7443,0x0CF00400,61444,149508.0,133160.64,-0.036,FF FF FF 1B 6C FF FF FF,FF FF FF 1B 6C FF FF FF,[],190=3459.375/exp 3459.3403 VALUE_OK
MATCH,7444,0x0CF00400,61444,149513.0,133165.603,-0.072,FF FF FF 26 6C FF FF FF,FF FF FF 26 6C FF FF FF,[],190=3460.75/exp 3460.7999 VALUE_OK
MATCH,7445,0x0CF00400,61444,149518.0,133170.635,-0.039,FF FF FF 32 6C FF FF FF,FF FF FF 32 6C FF FF FF,[],190=3462.25/exp 3462.2331 VALUE_OK
MATCH,7446,0x0CF00400,61444,149523.0,133175.662,-0.011,FF FF FF 3D 6C FF FF FF,FF FF FF 3D 6C FF FF FF,[],190=3463.625/exp 3463.6399 VALUE_OK
MATCH,7447,0x0CF00400,61444,149528.0,133180.63,-0.043,FF FF FF 48 6C FF FF FF,FF FF FF 48 6C FF FF FF,[],190=3465.0/exp 3465.0203 VALUE_OK
MATCH,7448,0x0CF00400,61444,149533.0,133185.657,-0.015,FF FF FF 53 6C FF FF FF,FF FF FF 53 6C FF FF FF,[],190=3466.375/exp 3466.3742 VALUE_OK
MATCH,7449,0x0CF00400,61444,149538.0,133190.649,-0.023,FF FF FF 5E 6C FF FF FF,FF FF FF 5E 6C FF FF FF,[],190=3467.75/exp 3467.7017 VALUE_OK
MATCH,7450,0x0CF00400,61444,149543.0,133195.616,-0.055,FF FF FF 68 6C FF FF FF,FF FF FF 68 6C FF FF FF,[],190=3469.0/exp 3469.0027 VALUE_OK
MATCH,7451,0x0CF00400,61444,149548.0,133200.648,-0.022,FF FF FF 72 6C FF FF FF,FF FF FF 72 6C FF FF FF,[],190=3470.25/exp 3470.2772 VALUE_OK
MATCH,7452,0x0CF00400,61444,149553.0,133205.623,-0.047,FF FF FF 7C 6C FF FF FF,FF FF FF 7C 6C FF FF FF,[],190=3471.5/exp 3471.5251 VALUE_OK
MATCH,7453,0x0CF00400,61444,149558.0,133210.651,-0.018,FF FF FF 86 6C FF FF FF,FF FF FF 86 6C FF FF FF,[],190=3472.75/exp 3472.7465 VALUE_OK
MATCH,7454,0x0CF00400,61444,149563.0,133215.615,-0.053,FF FF FF 90 6C FF FF FF,FF FF FF 90 6C FF FF FF,[],190=3474.0/exp 3473.9413 VALUE_OK
MATCH,7455,0x0CF00400,61444,149568.0,133220.642,-0.025,FF FF FF 99 6C FF FF FF,FF FF FF 99 6C FF FF FF,[],190=3475.125/exp 3475.1096 VALUE_OK
MATCH,7456,0x0CF00400,61444,149573.0,133225.605,-0.062,FF FF FF A2 6C FF FF FF,FF FF FF A2 6C FF FF FF,[],190=3476.25/exp 3476.2512 VALUE_OK
MATCH,7457,0x0CF00400,61444,149578.0,133230.637,-0.029,FF FF FF AB 6C FF FF FF,FF FF FF AB 6C FF FF FF,[],190=3477.375/exp 3477.3662 VALUE_OK
MATCH,7458,0x0CF00400,61444,149583.0,133235.609,-0.056,FF FF FF B4 6C FF FF FF,FF FF FF B4 6C FF FF FF,[],190=3478.5/exp 3478.4546 VALUE_OK
MATCH,7459,0x0CF00400,61444,149588.0,133240.632,-0.032,FF FF FF BC 6C FF FF FF,FF FF FF BC 6C FF FF FF,[],190=3479.5/exp 3479.5163 VALUE_OK
MATCH,7460,0x0CF00400,61444,149593.0,133245.596,-0.067,FF FF FF C4 6C FF FF FF,FF FF FF C4 6C FF FF FF,[],190=3480.5/exp 3480.5514 VALUE_OK
MATCH,7461,0x0CF00400,61444,149598.0,133250.623,-0.039,FF FF FF CC 6C FF FF FF,FF FF FF CC 6C FF FF FF,[],190=3481.5/exp 3481.5597 VALUE_OK
MATCH,7462,0x0CF00400,61444,149603.0,133255.647,-0.014,FF FF FF D4 6C FF FF FF,FF FF FF D4 6C FF FF FF,[],190=3482.5/exp 3482.5414 VALUE_OK
MATCH,7463,0x0CF00400,61444,149608.0,133260.622,-0.039,FF FF FF DC 6C FF FF FF,FF FF FF DC 6C FF FF FF,[],190=3483.5/exp 3483.4963 VALUE_OK
MATCH,7464,0x0CF00400,61444,149613.0,133265.646,-0.014,FF FF FF E3 6C FF FF FF,FF FF FF E3 6C FF FF FF,[],190=3484.375/exp 3484.4246 VALUE_OK
MATCH,7465,0x0CF00400,61444,149618.0,133270.617,-0.043,FF FF FF EB 6C FF FF FF,FF FF FF EB 6C FF FF FF,[],190=3485.375/exp 3485.326 VALUE_OK
MATCH,7466,0x0CF00400,61444,149623.0,133275.637,-0.022,FF FF FF F2 6C FF FF FF,FF FF FF F2 6C FF FF FF,[],190=3486.25/exp 3486.2007 VALUE_OK
MATCH,7467,0x0CF00400,61444,149628.0,133280.608,-0.051,FF FF FF F8 6C FF FF FF,FF FF FF F8 6C FF FF FF,[],190=3487.0/exp 3487.0487 VALUE_OK
MATCH,7468,0x0CF00400,61444,149633.0,133285.632,-0.026,FF FF FF FF 6C FF FF FF,FF FF FF FF 6C FF FF FF,[],190=3487.875/exp 3487.8698 VALUE_OK
MATCH,7469,0x0CF00400,61444,149638.0,133290.603,-0.054,FF FF FF 05 6D FF FF FF,FF FF FF 05 6D FF FF FF,[],190=3488.625/exp 3488.6641 VALUE_OK
MATCH,7470,0x0CF00400,61444,149643.0,133295.627,-0.029,FF FF FF 0B 6D FF FF FF,FF FF FF 0B 6D FF FF FF,[],190=3489.375/exp 3489.4317 VALUE_OK
MATCH,7471,0x0CF00400,61444,149648.0,133300.591,-0.064,FF FF FF 11 6D FF FF FF,FF FF FF 11 6D FF FF FF,[],190=3490.125/exp 3490.1724 VALUE_OK
MATCH,7472,0x0CF00400,61444,149653.0,133305.622,-0.032,FF FF FF 17 6D FF FF FF,FF FF FF 17 6D FF FF FF,[],190=3490.875/exp 3490.8862 VALUE_OK
MATCH,7473,0x0CF00400,61444,149658.0,133310.586,-0.067,FF FF FF 1D 6D FF FF FF,FF FF FF 1D 6D FF FF FF,[],190=3491.625/exp 3491.5733 VALUE_OK
MATCH,7474,0x0CF00400,61444,149663.0,133315.637,-0.015,FF FF FF 22 6D FF FF FF,FF FF FF 22 6D FF FF FF,[],190=3492.25/exp 3492.2334 VALUE_OK
MATCH,7475,0x0CF00400,61444,149668.0,133320.613,-0.039,FF FF FF 27 6D FF FF FF,FF FF FF 27 6D FF FF FF,[],190=3492.875/exp 3492.8667 VALUE_OK
MATCH,7476,0x0CF00400,61444,149673.0,133325.632,-0.019,FF FF FF 2C 6D FF FF FF,FF FF FF 2C 6D FF FF FF,[],190=3493.5/exp 3493.4732 VALUE_OK
MATCH,7477,0x0CF00400,61444,149678.0,133330.608,-0.043,FF FF FF 30 6D FF FF FF,FF FF FF 30 6D FF FF FF,[],190=3494.0/exp 3494.0527 VALUE_OK
MATCH,7478,0x0CF00400,61444,149683.0,133335.628,-0.022,FF FF FF 35 6D FF FF FF,FF FF FF 35 6D FF FF FF,[],190=3494.625/exp 3494.6053 VALUE_OK
MATCH,7479,0x0CF00400,61444,149688.0,133340.595,-0.054,FF FF FF 39 6D FF FF FF,FF FF FF 39 6D FF FF FF,[],190=3495.125/exp 3495.1311 VALUE_OK
MATCH,7480,0x0CF00400,61444,149693.0,133345.63,-0.018,FF FF FF 3D 6D FF FF FF,FF FF FF 3D 6D FF FF FF,[],190=3495.625/exp 3495.6299 VALUE_OK
MATCH,7481,0x0CF00400,61444,149698.0,133350.594,-0.054,FF FF FF 41 6D FF FF FF,FF FF FF 41 6D FF FF FF,[],190=3496.125/exp 3496.1018 VALUE_OK
MATCH,7482,0x0CF00400,61444,149703.0,133355.622,-0.025,FF FF FF 44 6D FF FF FF,FF FF FF 44 6D FF FF FF,[],190=3496.5/exp 3496.5468 VALUE_OK
MATCH,7483,0x0CF00400,61444,149708.0,133360.585,-0.061,FF FF FF 48 6D FF FF FF,FF FF FF 48 6D FF FF FF,[],190=3497.0/exp 3496.9648 VALUE_OK
MATCH,7484,0x0CF00400,61444,149713.0,133365.612,-0.033,FF FF FF 4B 6D FF FF FF,FF FF FF 4B 6D FF FF FF,[],190=3497.375/exp 3497.3559 VALUE_OK
MATCH,7485,0x0CF00400,61444,149718.0,133370.58,-0.064,FF FF FF 4E 6D FF FF FF,FF FF FF 4E 6D FF FF FF,[],190=3497.75/exp 3497.7201 VALUE_OK
MATCH,7486,0x0CF00400,61444,149723.0,133375.615,-0.028,FF FF FF 50 6D FF FF FF,FF FF FF 50 6D FF FF FF,[],190=3498.0/exp 3498.0573 VALUE_OK
MATCH,7487,0x0CF00400,61444,149728.0,133380.575,-0.068,FF FF FF 53 6D FF FF FF,FF FF FF 53 6D FF FF FF,[],190=3498.375/exp 3498.3675 VALUE_OK
MATCH,7488,0x0CF00400,61444,149733.0,133385.599,-0.042,FF FF FF 55 6D FF FF FF,FF FF FF 55 6D FF FF FF,[],190=3498.625/exp 3498.6508 VALUE_OK
MATCH,7489,0x0CF00400,61444,149738.0,133390.626,-0.014,FF FF FF 57 6D FF FF FF,FF FF FF 57 6D FF FF FF,[],190=3498.875/exp 3498.9071 VALUE_OK
MATCH,7490,0x0CF00400,61444,149743.0,133395.594,-0.046,FF FF FF 59 6D FF FF FF,FF FF FF 59 6D FF FF FF,[],190=3499.125/exp 3499.1365 VALUE_OK
MATCH,7491,0x0CF00400,61444,149748.0,133400.621,-0.018,FF FF FF 5B 6D FF FF FF,FF FF FF 5B 6D FF FF FF,[],190=3499.375/exp 3499.3389 VALUE_OK
MATCH,7492,0x0CF00400,61444,149753.0,133405.593,-0.046,FF FF FF 5C 6D FF FF FF,FF FF FF 5C 6D FF FF FF,[],190=3499.5/exp 3499.5143 VALUE_OK
MATCH,7493,0x0CF00400,61444,149758.0,133410.612,-0.026,FF FF FF 5D 6D FF FF FF,FF FF FF 5D 6D FF FF FF,[],190=3499.625/exp 3499.6627 VALUE_OK
MATCH,7494,0x0CF00400,61444,149763.0,133415.584,-0.053,FF FF FF 5E 6D FF FF FF,FF FF FF 5E 6D FF FF FF,[],190=3499.75/exp 3499.7841 VALUE_OK
MATCH,7495,0x0CF00400,61444,149768.0,133420.611,-0.025,FF FF FF 5F 6D FF FF FF,FF FF FF 5F 6D FF FF FF,[],190=3499.875/exp 3499.8786 VALUE_OK
MATCH,7496,0x0CF00400,61444,149773.0,133425.583,-0.053,FF FF FF 60 6D FF FF FF,FF FF FF 60 6D FF FF FF,[],190=3500.0/exp 3499.946 VALUE_OK
MATCH,7497,0x0CF00400,61444,149778.0,133430.606,-0.029,FF FF FF 60 6D FF FF FF,FF FF FF 60 6D FF FF FF,[],190=3500.0/exp 3499.9865 VALUE_OK
MATCH,7498,0x0CF00400,61444,149783.0,133435.586,-0.048,FF FF FF 60 6D FF FF FF,FF FF FF 60 6D FF FF FF,[],190=3500.0/exp 3500.0 VALUE_OK
MATCH,7499,0x0CF00400,61444,149788.0,133440.581,-0.052,FF FF FF 60 6D FF FF FF,FF FF FF 60 6D FF FF FF,[],190=3500.0/exp 3499.9865 VALUE_OK
MATCH,7500,0x0CF00400,61444,149793.0,133445.609,-0.023,FF FF FF 60 6D FF FF FF,FF FF FF 60 6D FF FF FF,[],190=3500.0/exp 3499.946 VALUE_OK
MATCH,7501,0x0CF00400,61444,149798.0,133450.572,-0.06,FF FF FF 5F 6D FF FF FF,FF FF FF 5F 6D FF FF FF,[],190=3499.875/exp 3499.8786 VALUE_OK
MATCH,7502,0x0CF00400,61444,149803.0,133455.596,-0.034,FF FF FF 5E 6D FF FF FF,FF FF FF 5E 6D FF FF FF,[],190=3499.75/exp 3499.7841 VALUE_OK
MATCH,7503,0x0CF00400,61444,149808.0,133460.62,-0.01,FF FF FF 5D 6D FF FF FF,FF FF FF 5D 6D FF FF FF,[],190=3499.625/exp 3499.6627 VALUE_OK
MATCH,7504,0x0CF00400,61444,149813.0,133465.591,-0.039,FF FF FF 5C 6D FF FF FF,FF FF FF 5C 6D FF FF FF,[],190=3499.5/exp 3499.5143 VALUE_OK
MATCH,7505,0x0CF00400,61444,149818.0,133470.611,-0.018,FF FF FF 5B 6D FF FF FF,FF FF FF 5B 6D FF FF FF,[],190=3499.375/exp 3499.3389 VALUE_OK
MATCH,7506,0x0CF00400,61444,149823.0,133475.574,-0.054,FF FF FF 59 6D FF FF FF,FF FF FF 59 6D FF FF FF,[],190=3499.125/exp 3499.1365 VALUE_OK
MATCH,7507,0x0CF00400,61444,149828.0,133480.602,-0.025,FF FF FF 57 6D FF FF FF,FF FF FF 57 6D FF FF FF,[],190=3498.875/exp 3498.9071 VALUE_OK
MATCH,7508,0x0CF00400,61444,149833.0,133485.565,-0.062,FF FF FF 55 6D FF FF FF,FF FF FF 55 6D FF FF FF,[],190=3498.625/exp 3498.6508 VALUE_OK
MATCH,7509,0x0CF00400,61444,149838.0,133490.593,-0.033,FF FF FF 53 6D FF FF FF,FF FF FF 53 6D FF FF FF,[],190=3498.375/exp 3498.3675 VALUE_OK
MATCH,7510,0x0CF00400,61444,149843.0,133495.624,-0.001,FF FF FF 50 6D FF FF FF,FF FF FF 50 6D FF FF FF,[],190=3498.0/exp 3498.0573 VALUE_OK
MATCH,7511,0x0CF00400,61444,149848.0,133500.58,-0.045,FF FF FF 4E 6D FF FF FF,FF FF FF 4E 6D FF FF FF,[],190=3497.75/exp 3497.7201 VALUE_OK
MATCH,7512,0x0CF00400,61444,149853.0,133505.607,-0.017,FF FF FF 4B 6D FF FF FF,FF FF FF 4B 6D FF FF FF,[],190=3497.375/exp 3497.3559 VALUE_OK
MATCH,7513,0x0CF00400,61444,149858.0,133510.575,-0.049,FF FF FF 48 6D FF FF FF,FF FF FF 48 6D FF FF FF,[],190=3497.0/exp 3496.9648 VALUE_OK
MATCH,7514,0x0CF00400,61444,149863.0,133515.602,-0.021,FF FF FF 44 6D FF FF FF,FF FF FF 44 6D FF FF FF,[],190=3496.5/exp 3496.5468 VALUE_OK
MATCH,7515,0x0CF00400,61444,149868.0,133520.57,-0.052,FF FF FF 41 6D FF FF FF,FF FF FF 41 6D FF FF FF,[],190=3496.125/exp 3496.1018 VALUE_OK
MATCH,7516,0x0CF00400,61444,149873.0,133525.598,-0.023,FF FF FF 3D 6D FF FF FF,FF FF FF 3D 6D FF FF FF,[],190=3495.625/exp 3495.6299 VALUE_OK
MATCH,7517,0x0CF00400,61444,149878.0,133530.557,-0.064,FF FF FF 39 6D FF FF FF,FF FF FF 39 6D FF FF FF,[],190=3495.125/exp 3495.1311 VALUE_OK
MATCH,7518,0x0CF00400,61444,149883.0,133535.581,-0.039,FF FF FF 35 6D FF FF FF,FF FF FF 35 6D FF FF FF,[],190=3494.625/exp 3494.6053 VALUE_OK
MATCH,7519,0x0CF00400,61444,149888.0,133540.608,-0.011,FF FF FF 30 6D FF FF FF,FF FF FF 30 6D FF FF FF,[],190=3494.0/exp 3494.0527 VALUE_OK
MATCH,7520,0x0CF00400,61444,149893.0,133545.572,-0.047,FF FF FF 2C 6D FF FF FF,FF FF FF 2C 6D FF FF FF,[],190=3493.5/exp 3493.4732 VALUE_OK
MATCH,7521,0x0CF00400,61444,149898.0,133550.599,-0.019,FF FF FF 27 6D FF FF FF,FF FF FF 27 6D FF FF FF,[],190=3492.875/exp 3492.8667 VALUE_OK
MATCH,7522,0x0CF00400,61444,149903.0,133555.563,-0.054,FF FF FF 22 6D FF FF FF,FF FF FF 22 6D FF FF FF,[],190=3492.25/exp 3492.2334 VALUE_OK
MATCH,7523,0x0CF00400,61444,149908.0,133560.586,-0.03,FF FF FF 1D 6D FF FF FF,FF FF FF 1D 6D FF FF FF,[],190=3491.625/exp 3491.5733 VALUE_OK
MATCH,7524,0x0CF00400,61444,149913.0,133565.586,-0.03,FF FF FF 17 6D FF FF FF,FF FF FF 17 6D FF FF FF,[],190=3490.875/exp 3490.8862 VALUE_OK
MATCH,7525,0x0CF00400,61444,149918.0,133570.549,-0.066,FF FF FF 11 6D FF FF FF,FF FF FF 11 6D FF FF FF,[],190=3490.125/exp 3490.1724 VALUE_OK
MATCH,7526,0x0CF00400,61444,149923.0,133575.578,-0.036,FF FF FF 0B 6D FF FF FF,FF FF FF 0B 6D FF FF FF,[],190=3489.375/exp 3489.4317 VALUE_OK
MATCH,7527,0x0CF00400,61444,149928.0,133580.605,-0.008,FF FF FF 05 6D FF FF FF,FF FF FF 05 6D FF FF FF,[],190=3488.625/exp 3488.6641 VALUE_OK
MATCH,7528,0x0CF00400,61444,149933.0,133585.569,-0.044,FF FF FF FF 6C FF FF FF,FF FF FF FF 6C FF FF FF,[],190=3487.875/exp 3487.8698 VALUE_OK
MATCH,7529,0x0CF00400,61444,149938.0,133590.592,-0.02,FF FF FF F8 6C FF FF FF,FF FF FF F8 6C FF FF FF,[],190=3487.0/exp 3487.0487 VALUE_OK
MATCH,7530,0x0CF00400,61444,149943.0,133595.56,-0.052,FF FF FF F2 6C FF FF FF,FF FF FF F2 6C FF FF FF,[],190=3486.25/exp 3486.2007 VALUE_OK
MATCH,7531,0x0CF00400,61444,149948.0,133600.588,-0.022,FF FF FF EB 6C FF FF FF,FF FF FF EB 6C FF FF FF,[],190=3485.375/exp 3485.326 VALUE_OK
MATCH,7532,0x0CF00400,61444,149953.0,133605.551,-0.059,FF FF FF E3 6C FF FF FF,FF FF FF E3 6C FF FF FF,[],190=3484.375/exp 3484.4246 VALUE_OK
MATCH,7533,0x0CF00400,61444,149958.0,133610.579,-0.03,FF FF FF DC 6C FF FF FF,FF FF FF DC 6C FF FF FF,[],190=3483.5/exp 3483.4963 VALUE_OK
MATCH,7534,0x0CF00400,61444,149963.0,133615.594,-0.014,FF FF FF D4 6C FF FF FF,FF FF FF D4 6C FF FF FF,[],190=3482.5/exp 3482.5414 VALUE_OK
MATCH,7535,0x0CF00400,61444,149968.0,133620.566,-0.042,FF FF FF CC 6C FF FF FF,FF FF FF CC 6C FF FF FF,[],190=3481.5/exp 3481.5597 VALUE_OK
MATCH,7536,0x0CF00400,61444,149973.0,133625.589,-0.018,FF FF FF C4 6C FF FF FF,FF FF FF C4 6C FF FF FF,[],190=3480.5/exp 3480.5514 VALUE_OK
MATCH,7537,0x0CF00400,61444,149978.0,133630.561,-0.046,FF FF FF BC 6C FF FF FF,FF FF FF BC 6C FF FF FF,[],190=3479.5/exp 3479.5163 VALUE_OK
MATCH,7538,0x0CF00400,61444,149983.0,133635.585,-0.021,FF FF FF B4 6C FF FF FF,FF FF FF B4 6C FF FF FF,[],190=3478.5/exp 3478.4546 VALUE_OK
MATCH,7539,0x0CF00400,61444,149988.0,133640.548,-0.057,FF FF FF AB 6C FF FF FF,FF FF FF AB 6C FF FF FF,[],190=3477.375/exp 3477.3662 VALUE_OK
MATCH,7540,0x0CF00400,61444,149993.0,133645.567,-0.037,FF FF FF A2 6C FF FF FF,FF FF FF A2 6C FF FF FF,[],190=3476.25/exp 3476.2512 VALUE_OK
MATCH,7541,0x0CF00400,61444,149998.0,133650.595,-0.009,FF FF FF 99 6C FF FF FF,FF FF FF 99 6C FF FF FF,[],190=3475.125/exp 3475.1096 VALUE_OK
MATCH,7542,0x0CF00400,61444,150003.0,133655.562,-0.041,FF FF FF 90 6C FF FF FF,FF FF FF 90 6C FF FF FF,[],190=3474.0/exp 3473.9413 VALUE_OK
MATCH,7543,0x0CF00400,61444,150008.0,133660.59,-0.013,FF FF FF 86 6C FF FF FF,FF FF FF 86 6C FF FF FF,[],190=3472.75/exp 3472.7465 VALUE_OK
MATCH,7544,0x0CF00400,61444,150013.0,133665.558,-0.044,FF FF FF 7C 6C FF FF FF,FF FF FF 7C 6C FF FF FF,[],190=3471.5/exp 3471.5251 VALUE_OK
MATCH,7545,0x0CF00400,61444,150018.0,133670.573,-0.028,FF FF FF 72 6C FF FF FF,FF FF FF 72 6C FF FF FF,[],190=3470.25/exp 3470.2772 VALUE_OK
MATCH,7546,0x0CF00400,61444,150023.0,133675.537,-0.064,FF FF FF 68 6C FF FF FF,FF FF FF 68 6C FF FF FF,[],190=3469.0/exp 3469.0027 VALUE_OK
MATCH,7547,0x0CF00400,61444,150028.0,133680.56,-0.04,FF FF FF 5E 6C FF FF FF,FF FF FF 5E 6C FF FF FF,[],190=3467.75/exp 3467.7017 VALUE_OK
MATCH,7548,0x0CF00400,61444,150033.0,133685.588,-0.011,FF FF FF 53 6C FF FF FF,FF FF FF 53 6C FF FF FF,[],190=3466.375/exp 3466.3742 VALUE_OK
MATCH,7549,0x0CF00400,61444,150038.0,133690.584,-0.015,FF FF FF 48 6C FF FF FF,FF FF FF 48 6C FF FF FF,[],190=3465.0/exp 3465.0203 VALUE_OK
MATCH,7550,0x0CF00400,61444,150043.0,133695.551,-0.047,FF FF FF 3D 6C FF FF FF,FF FF FF 3D 6C FF FF FF,[],190=3463.625/exp 3463.6399 VALUE_OK
MATCH,7551,0x0CF00400,61444,150048.0,133700.574,-0.023,FF FF FF 32 6C FF FF FF,FF FF FF 32 6C FF FF FF,[],190=3462.25/exp 3462.2331 VALUE_OK
MATCH,7552,0x0CF00400,61444,150053.0,133705.538,-0.059,FF FF FF 26 6C FF FF FF,FF FF FF 26 6C FF FF FF,[],190=3460.75/exp 3460.7999 VALUE_OK
MATCH,7553,0x0CF00400,61444,150058.0,133710.565,-0.031,FF FF FF 1B 6C FF FF FF,FF FF FF 1B 6C FF FF FF,[],190=3459.375/exp 3459.3403 VALUE_OK
MATCH,7554,0x0CF00400,61444,150063.0,133715.529,-0.066,FF FF FF 0F 6C FF FF FF,FF FF FF 0F 6C FF FF FF,[],190=3457.875/exp 3457.8543 VALUE_OK
MATCH,7555,0x0CF00400,61444,150068.0,133720.556,-0.038,FF FF FF 03 6C FF FF FF,FF FF FF 03 6C FF FF FF,[],190=3456.375/exp 3456.342 VALUE_OK
MATCH,7556,0x0CF00400,61444,150073.0,133725.584,-0.009,FF FF FF F6 6B FF FF FF,FF FF FF F6 6B FF FF FF,[],190=3454.75/exp 3454.8034 VALUE_OK
MATCH,7557,0x0CF00400,61444,150078.0,133730.552,-0.041,FF FF FF EA 6B FF FF FF,FF FF FF EA 6B FF FF FF,[],190=3453.25/exp 3453.2385 VALUE_OK
MATCH,7558,0x0CF00400,61444,150083.0,133735.579,-0.013,FF FF FF DD 6B FF FF FF,FF FF FF DD 6B FF FF FF,[],190=3451.625/exp 3451.6474 VALUE_OK
MATCH,7559,0x0CF00400,61444,150088.0,133740.551,-0.041,FF FF FF D0 6B FF FF FF,FF FF FF D0 6B FF FF FF,[],190=3450.0/exp 3450.03 VALUE_OK
MATCH,7560,0x0CF00400,61444,150093.0,133745.566,-0.025,FF FF FF C3 6B FF FF FF,FF FF FF C3 6B FF FF FF,[],190=3448.375/exp 3448.3863 VALUE_OK
MATCH,7561,0x0CF00400,61444,150098.0,133750.53,-0.06,FF FF FF B6 6B FF FF FF,FF FF FF B6 6B FF FF FF,[],190=3446.75/exp 3446.7165 VALUE_OK
MATCH,7562,0x0CF00400,61444,150103.0,133755.557,-0.032,FF FF FF A8 6B FF FF FF,FF FF FF A8 6B FF FF FF,[],190=3445.0/exp 3445.0205 VALUE_OK
MATCH,7563,0x0CF00400,61444,150108.0,133760.529,-0.06,FF FF FF 9A 6B FF FF FF,FF FF FF 9A 6B FF FF FF,[],190=3443.25/exp 3443.2984 VALUE_OK
MATCH,7564,0x0CF00400,61444,150113.0,133765.552,-0.035,FF FF FF 8C 6B FF FF FF,FF FF FF 8C 6B FF FF FF,[],190=3441.5/exp 3441.5502 VALUE_OK
MATCH,7565,0x0CF00400,61444,150118.0,133770.584,-0.003,FF FF FF 7E 6B FF FF FF,FF FF FF 7E 6B FF FF FF,[],190=3439.75/exp 3439.7759 VALUE_OK
MATCH,7566,0x0CF00400,61444,150123.0,133775.551,-0.036,FF FF FF 70 6B FF FF FF,FF FF FF 70 6B FF FF FF,[],190=3438.0/exp 3437.9755 VALUE_OK
MATCH,7567,0x0CF00400,61444,150128.0,133780.575,-0.011,FF FF FF 61 6B FF FF FF,FF FF FF 61 6B FF FF FF,[],190=3436.125/exp 3436.1491 VALUE_OK
MATCH,7568,0x0CF00400,61444,150133.0,133785.546,-0.04,FF FF FF 52 6B FF FF FF,FF FF FF 52 6B FF FF FF,[],190=3434.25/exp 3434.2967 VALUE_OK
MATCH,7569,0x0CF00400,61444,150138.0,133790.57,-0.015,FF FF FF 43 6B FF FF FF,FF FF FF 43 6B FF FF FF,[],190=3432.375/exp 3432.4183 VALUE_OK
MATCH,7570,0x0CF00400,61444,150143.0,133795.534,-0.051,FF FF FF 34 6B FF FF FF,FF FF FF 34 6B FF FF FF,[],190=3430.5/exp 3430.5139 VALUE_OK
MATCH,7571,0x0CF00400,61444,150148.0,133800.561,-0.023,FF FF FF 25 6B FF FF FF,FF FF FF 25 6B FF FF FF,[],190=3428.625/exp 3428.5837 VALUE_OK
MATCH,7572,0x0CF00400,61444,150153.0,133805.525,-0.058,FF FF FF 15 6B FF FF FF,FF FF FF 15 6B FF FF FF,[],190=3426.625/exp 3426.6276 VALUE_OK
MATCH,7573,0x0CF00400,61444,150158.0,133810.548,-0.034,FF FF FF 05 6B FF FF FF,FF FF FF 05 6B FF FF FF,[],190=3424.625/exp 3424.6456 VALUE_OK
MATCH,7574,0x0CF00400,61444,150163.0,133815.552,-0.029,FF FF FF F5 6A FF FF FF,FF FF FF F5 6A FF FF FF,[],190=3422.625/exp 3422.6378 VALUE_OK
MATCH,7575,0x0CF00400,61444,150168.0,133820.535,-0.046,FF FF FF E5 6A FF FF FF,FF FF FF E5 6A FF FF FF,[],190=3420.625/exp 3420.6042 VALUE_OK
MATCH,7576,0x0CF00400,61444,150173.0,133825.547,-0.033,FF FF FF D4 6A FF FF FF,FF FF FF D4 6A FF FF FF,[],190=3418.5/exp 3418.5448 VALUE_OK
MATCH,7577,0x0CF00400,61444,150178.0,133830.55,-0.029,FF FF FF C4 6A FF FF FF,FF FF FF C4 6A FF FF FF,[],190=3416.5/exp 3416.4597 VALUE_OK
MATCH,7578,0x0CF00400,61444,150183.0,133835.566,-0.013,FF FF FF B3 6A FF FF FF,FF FF FF B3 6A FF FF FF,[],190=3414.375/exp 3414.3489 VALUE_OK
MATCH,7579,0x0CF00400,61444,150188.0,133840.561,-0.017,FF FF FF A2 6A FF FF FF,FF FF FF A2 6A FF FF FF,[],190=3412.25/exp 3412.2124 VALUE_OK
MATCH,7580,0x0CF00400,61444,150193.0,133845.573,-0.005,FF FF FF 90 6A FF FF FF,FF FF FF 90 6A FF FF FF,[],190=3410.0/exp 3410.0503 VALUE_OK
MATCH,7581,0x0CF00400,61444,150198.0,133850.576,-0.002,FF FF FF 7F 6A FF FF FF,FF FF FF 7F 6A FF FF FF,[],190=3407.875/exp 3407.8626 VALUE_OK
MATCH,7582,0x0CF00400,61444,150203.0,133855.516,-0.062,FF FF FF 6D 6A FF FF FF,FF FF FF 6D 6A FF FF FF,[],190=3405.625/exp 3405.6494 VALUE_OK
MATCH,7583,0x0CF00400,61444,150208.0,133860.528,-0.049,FF FF FF 5B 6A FF FF FF,FF FF FF 5B 6A FF FF FF,[],190=3403.375/exp 3403.4106 VALUE_OK
MATCH,7584,0x0CF00400,61444,150213.0,133865.535,-0.041,FF FF FF 49 6A FF FF FF,FF FF FF 49 6A FF FF FF,[],190=3401.125/exp 3401.1463 VALUE_OK
MATCH,7585,0x0CF00400,61444,150218.0,133870.547,-0.028,FF FF FF 37 6A FF FF FF,FF FF FF 37 6A FF FF FF,[],190=3398.875/exp 3398.8565 VALUE_OK
MATCH,7586,0x0CF00400,61444,150223.0,133875.55,-0.024,FF FF FF 24 6A FF FF FF,FF FF FF 24 6A FF FF FF,[],190=3396.5/exp 3396.5413 VALUE_OK
MATCH,7587,0x0CF00400,61444,150228.0,133880.553,-0.021,FF FF FF 12 6A FF FF FF,FF FF FF 12 6A FF FF FF,[],190=3394.25/exp 3394.2008 VALUE_OK
MATCH,7588,0x0CF00400,61444,150233.0,133885.569,-0.004,FF FF FF FF 69 FF FF FF,FF FF FF FF 69 FF FF FF,[],190=3391.875/exp 3391.8348 VALUE_OK
MATCH,7589,0x0CF00400,61444,150238.0,133890.512,-0.061,FF FF FF EC 69 FF FF FF,FF FF FF EC 69 FF FF FF,[],190=3389.5/exp 3389.4436 VALUE_OK
MATCH,7590,0x0CF00400,61444,150243.0,133895.524,-0.048,FF FF FF D8 69 FF FF FF,FF FF FF D8 69 FF FF FF,[],190=3387.0/exp 3387.0271 VALUE_OK
MATCH,7591,0x0CF00400,61444,150248.0,133900.528,-0.043,FF FF FF C5 69 FF FF FF,FF FF FF C5 69 FF FF FF,[],190=3384.625/exp 3384.5853 VALUE_OK
MATCH,7592,0x0CF00400,61444,150253.0,133905.535,-0.035,FF FF FF B1 69 FF FF FF,FF FF FF B1 69 FF FF FF,[],190=3382.125/exp 3382.1183 VALUE_OK
MATCH,7593,0x0CF00400,61444,150258.0,133910.547,-0.023,FF FF FF 9D 69 FF FF FF,FF FF FF 9D 69 FF FF FF,[],190=3379.625/exp 3379.6261 VALUE_OK
MATCH,7594,0x0CF00400,61444,150263.0,133915.554,-0.015,FF FF FF 89 69 FF FF FF,FF FF FF 89 69 FF FF FF,[],190=3377.125/exp 3377.1089 VALUE_OK
MATCH,7595,0x0CF00400,61444,150268.0,133920.55,-0.019,FF FF FF 75 69 FF FF FF,FF FF FF 75 69 FF FF FF,[],190=3374.625/exp 3374.5665 VALUE_OK
MATCH,7596,0x0CF00400,61444,150273.0,133925.561,-0.007,FF FF FF 60 69 FF FF FF,FF FF FF 60 69 FF FF FF,[],190=3372.0/exp 3371.999 VALUE_OK
MATCH,7597,0x0CF00400,61444,150278.0,133930.505,-0.063,FF FF FF 4B 69 FF FF FF,FF FF FF 4B 69 FF FF FF,[],190=3369.375/exp 3369.4066 VALUE_OK
MATCH,7598,0x0CF00400,61444,150283.0,133935.517,-0.05,FF FF FF 36 69 FF FF FF,FF FF FF 36 69 FF FF FF,[],190=3366.75/exp 3366.7892 VALUE_OK
MATCH,7599,0x0CF00400,61444,150288.0,133940.552,-0.014,FF FF FF 21 69 FF FF FF,FF FF FF 21 69 FF FF FF,[],190=3364.125/exp 3364.1468 VALUE_OK
MATCH,7600,0x0CF00400,61444,150293.0,133945.563,-0.003,FF FF FF 0C 69 FF FF FF,FF FF FF 0C 69 FF FF FF,[],190=3361.5/exp 3361.4796 VALUE_OK
MATCH,7601,0x0CF00400,61444,150298.0,133950.507,-0.059,FF FF FF F6 68 FF FF FF,FF FF FF F6 68 FF FF FF,[],190=3358.75/exp 3358.7875 VALUE_OK
MATCH,7602,0x0CF00400,61444,150303.0,133955.514,-0.05,FF FF FF E1 68 FF FF FF,FF FF FF E1 68 FF FF FF,[],190=3356.125/exp 3356.0706 VALUE_OK
MATCH,7603,0x0CF00400,61444,150308.0,133960.526,-0.037,FF FF FF CB 68 FF FF FF,FF FF FF CB 68 FF FF FF,[],190=3353.375/exp 3353.3289 VALUE_OK
MATCH,7604,0x0CF00400,61444,150313.0,133965.53,-0.033,FF FF FF B5 68 FF FF FF,FF FF FF B5 68 FF FF FF,[],190=3350.625/exp 3350.5625 VALUE_OK
MATCH,7605,0x0CF00400,61444,150318.0,133970.537,-0.025,FF FF FF 9E 68 FF FF FF,FF FF FF 9E 68 FF FF FF,[],190=3347.75/exp 3347.7715 VALUE_OK
MATCH,7606,0x0CF00400,61444,150323.0,133975.541,-0.021,FF FF FF 88 68 FF FF FF,FF FF FF 88 68 FF FF FF,[],190=3345.0/exp 3344.9557 VALUE_OK
MATCH,7607,0x0CF00400,61444,150328.0,133980.56,-0.001,FF FF FF 71 68 FF FF FF,FF FF FF 71 68 FF FF FF,[],190=3342.125/exp 3342.1154 VALUE_OK
MATCH,7608,0x0CF00400,61444,150333.0,133985.504,-0.057,FF FF FF 5A 68 FF FF FF,FF FF FF 5A 68 FF FF FF,[],190=3339.25/exp 3339.2506 VALUE_OK
MATCH,7609,0x0CF00400,61444,150338.0,133990.511,-0.049,FF FF FF 43 68 FF FF FF,FF FF FF 43 68 FF FF FF,[],190=3336.375/exp 3336.3612 VALUE_OK
MATCH,7610,0x0CF00400,61444,150343.0,133995.519,-0.04,FF FF FF 2C 68 FF FF FF,FF FF FF 2C 68 FF FF FF,[],190=3333.5/exp 3333.4473 VALUE_OK
MATCH,7611,0x0CF00400,61444,150348.0,134000.514,-0.044,FF FF FF 14 68 FF FF FF,FF FF FF 14 68 FF FF FF,[],190=3330.5/exp 3330.5091 VALUE_OK
MATCH,7612,0x0CF00400,61444,150353.0,134005.526,-0.031,FF FF FF FC 67 FF FF FF,FF FF FF FC 67 FF FF FF,[],190=3327.5/exp 3327.5465 VALUE_OK
MATCH,7613,0x0CF00400,61444,150358.0,134010.517,-0.04,FF FF FF E4 67 FF FF FF,FF FF FF E4 67 FF FF FF,[],190=3324.5/exp 3324.5595 VALUE_OK
MATCH,7614,0x0CF00400,61444,150363.0,134015.517,-0.039,FF FF FF CC 67 FF FF FF,FF FF FF CC 67 FF FF FF,[],190=3321.5/exp 3321.5483 VALUE_OK
MATCH,7615,0x0CF00400,61444,150368.0,134020.525,-0.03,FF FF FF B4 67 FF FF FF,FF FF FF B4 67 FF FF FF,[],190=3318.5/exp 3318.5128 VALUE_OK
MATCH,7616,0x0CF00400,61444,150373.0,134025.52,-0.035,FF FF FF 9C 67 FF FF FF,FF FF FF 9C 67 FF FF FF,[],190=3315.5/exp 3315.4531 VALUE_OK
MATCH,7617,0x0CF00400,61444,150378.0,134030.527,-0.027,FF FF FF 83 67 FF FF FF,FF FF FF 83 67 FF FF FF,[],190=3312.375/exp 3312.3693 VALUE_OK
MATCH,7618,0x0CF00400,61444,150383.0,134035.527,-0.026,FF FF FF 6A 67 FF FF FF,FF FF FF 6A 67 FF FF FF,[],190=3309.25/exp 3309.2614 VALUE_OK
MATCH,7619,0x0CF00400,61444,150388.0,134040.538,-0.015,FF FF FF 51 67 FF FF FF,FF FF FF 51 67 FF FF FF,[],190=3306.125/exp 3306.1295 VALUE_OK
MATCH,7620,0x0CF00400,61444,150393.0,134045.542,-0.01,FF FF FF 38 67 FF FF FF,FF FF FF 38 67 FF FF FF,[],190=3303.0/exp 3302.9735 VALUE_OK
MATCH,7621,0x0CF00400,61444,150398.0,134050.546,-0.006,FF FF FF 1E 67 FF FF FF,FF FF FF 1E 67 FF FF FF,[],190=3299.75/exp 3299.7936 VALUE_OK
MATCH,7622,0x0CF00400,61444,150403.0,134055.493,-0.059,FF FF FF 05 67 FF FF FF,FF FF FF 05 67 FF FF FF,[],190=3296.625/exp 3296.5899 VALUE_OK
MATCH,7623,0x0CF00400,61444,150408.0,134060.501,-0.05,FF FF FF EB 66 FF FF FF,FF FF FF EB 66 FF FF FF,[],190=3293.375/exp 3293.3622 VALUE_OK
MATCH,7624,0x0CF00400,61444,150413.0,134065.544,-0.006,FF FF FF D1 66 FF FF FF,FF FF FF D1 66 FF FF FF,[],190=3290.125/exp 3290.1108 VALUE_OK
MATCH,7625,0x0CF00400,61444,150418.0,134070.484,-0.066,FF FF FF B7 66 FF FF FF,FF FF FF B7 66 FF FF FF,[],190=3286.875/exp 3286.8356 VALUE_OK
MATCH,7626,0x0CF00400,61444,150423.0,134075.483,-0.066,FF FF FF 9C 66 FF FF FF,FF FF FF 9C 66 FF FF FF,[],190=3283.5/exp 3283.5367 VALUE_OK
MATCH,7627,0x0CF00400,61444,150428.0,134080.503,-0.044,FF FF FF 82 66 FF FF FF,FF FF FF 82 66 FF FF FF,[],190=3280.25/exp 3280.2142 VALUE_OK
MATCH,7628,0x0CF00400,61444,150433.0,134085.507,-0.039,FF FF FF 67 66 FF FF FF,FF FF FF 67 66 FF FF FF,[],190=3276.875/exp 3276.868 VALUE_OK
MATCH,7629,0x0CF00400,61444,150438.0,134090.514,-0.032,FF FF FF 4C 66 FF FF FF,FF FF FF 4C 66 FF FF FF,[],190=3273.5/exp 3273.4983 VALUE_OK
MATCH,7630,0x0CF00400,61444,150443.0,134095.522,-0.023,FF FF FF 31 66 FF FF FF,FF FF FF 31 66 FF FF FF,[],190=3270.125/exp 3270.1052 VALUE_OK
MATCH,7631,0x0CF00400,61444,150448.0,134100.529,-0.015,FF FF FF 16 66 FF FF FF,FF FF FF 16 66 FF FF FF,[],190=3266.75/exp 3266.6885 VALUE_OK
MATCH,7632,0x0CF00400,61444,150453.0,134105.492,-0.052,FF FF FF FA 65 FF FF FF,FF FF FF FA 65 FF FF FF,[],190=3263.25/exp 3263.2485 VALUE_OK
MATCH,7633,0x0CF00400,61444,150458.0,134110.489,-0.054,FF FF FF DE 65 FF FF FF,FF FF FF DE 65 FF FF FF,[],190=3259.75/exp 3259.7852 VALUE_OK
MATCH,7634,0x0CF00400,61444,150463.0,134115.501,-0.041,FF FF FF C2 65 FF FF FF,FF FF FF C2 65 FF FF FF,[],190=3256.25/exp 3256.2985 VALUE_OK
MATCH,7635,0x0CF00400,61444,150468.0,134120.513,-0.028,FF FF FF A6 65 FF FF FF,FF FF FF A6 65 FF FF FF,[],190=3252.75/exp 3252.7887 VALUE_OK
MATCH,7636,0x0CF00400,61444,150473.0,134125.524,-0.017,FF FF FF 8A 65 FF FF FF,FF FF FF 8A 65 FF FF FF,[],190=3249.25/exp 3249.2557 VALUE_OK
MATCH,7637,0x0CF00400,61444,150478.0,134130.523,-0.017,FF FF FF 6E 65 FF FF FF,FF FF FF 6E 65 FF FF FF,[],190=3245.75/exp 3245.6995 VALUE_OK
MATCH,7638,0x0CF00400,61444,150483.0,134135.519,-0.021,FF FF FF 51 65 FF FF FF,FF FF FF 51 65 FF FF FF,[],190=3242.125/exp 3242.1203 VALUE_OK
MATCH,7639,0x0CF00400,61444,150488.0,134140.518,-0.022,FF FF FF 34 65 FF FF FF,FF FF FF 34 65 FF FF FF,[],190=3238.5/exp 3238.5181 VALUE_OK
MATCH,7640,0x0CF00400,61444,150493.0,134145.522,-0.017,FF FF FF 17 65 FF FF FF,FF FF FF 17 65 FF FF FF,[],190=3234.875/exp 3234.8929 VALUE_OK
MATCH,7641,0x0CF00400,61444,150498.0,134150.482,-0.057,FF FF FF FA 64 FF FF FF,FF FF FF FA 64 FF FF FF,[],190=3231.25/exp 3231.2448 VALUE_OK
MATCH,7642,0x0CF00400,61444,150503.0,134155.485,-0.053,FF FF FF DD 64 FF FF FF,FF FF FF DD 64 FF FF FF,[],190=3227.625/exp 3227.5739 VALUE_OK
MATCH,7643,0x0CF00400,61444,150508.0,134160.5,-0.037,FF FF FF BF 64 FF FF FF,FF FF FF BF 64 FF FF FF,[],190=3223.875/exp 3223.8802 VALUE_OK
MATCH,7644,0x0CF00400,61444,150513.0,134165.5,-0.036,FF FF FF A1 64 FF FF FF,FF FF FF A1 64 FF FF FF,[],190=3220.125/exp 3220.1637 VALUE_OK
MATCH,7645,0x0CF00400,61444,150518.0,134170.503,-0.032,FF FF FF 83 64 FF FF FF,FF FF FF 83 64 FF FF FF,[],190=3216.375/exp 3216.4246 VALUE_OK
MATCH,7646,0x0CF00400,61444,150523.0,134175.495,-0.039,FF FF FF 65 64 FF FF FF,FF FF FF 65 64 FF FF FF,[],190=3212.625/exp 3212.6629 VALUE_OK
MATCH,7647,0x0CF00400,61444,150528.0,134180.494,-0.04,FF FF FF 47 64 FF FF FF,FF FF FF 47 64 FF FF FF,[],190=3208.875/exp 3208.8786 VALUE_OK
MATCH,7648,0x0CF00400,61444,150533.0,134185.498,-0.035,FF FF FF 29 64 FF FF FF,FF FF FF 29 64 FF FF FF,[],190=3205.125/exp 3205.0718 VALUE_OK
MATCH,7649,0x0CF00400,61444,150538.0,134190.466,-0.066,FF FF FF 0A 64 FF FF FF,FF FF FF 0A 64 FF FF FF,[],190=3201.25/exp 3201.2426 VALUE_OK
MATCH,7650,0x0CF00400,61444,150543.0,134195.473,-0.058,FF FF FF EB 63 FF FF FF,FF FF FF EB 63 FF FF FF,[],190=3197.375/exp 3197.391 VALUE_OK
MATCH,7651,0x0CF00400,61444,150548.0,134200.473,-0.057,FF FF FF CC 63 FF FF FF,FF FF FF CC 63 FF FF FF,[],190=3193.5/exp 3193.5171 VALUE_OK
MATCH,7652,0x0CF00400,61444,150553.0,134205.476,-0.053,FF FF FF AD 63 FF FF FF,FF FF FF AD 63 FF FF FF,[],190=3189.625/exp 3189.6209 VALUE_OK
UNLOGGED,,0x0CF00400,61444,,134210.488,,,FF FF FF 8E 63 FF FF FF,[],
MATCH,7654,0x0CF00400,61444,150563.0,134215.491,-0.037,FF FF FF 6E 63 FF FF FF,FF FF FF 6E 63 FF FF FF,[],190=3181.75/exp 3181.762 VALUE_OK
MATCH,7655,0x0CF00400,61444,150568.0,134220.503,-0.024,FF FF FF 4E 63 FF FF FF,FF FF FF 4E 63 FF FF FF,[],190=3177.75/exp 3177.7994 VALUE_OK
MATCH,7656,0x0CF00400,61444,150573.0,134225.511,-0.015,FF FF FF 2F 63 FF FF FF,FF FF FF 2F 63 FF FF FF,[],190=3173.875/exp 3173.8148 VALUE_OK
MATCH,7657,0x0CF00400,61444,150578.0,134230.51,-0.016,FF FF FF 0E 63 FF FF FF,FF FF FF 0E 63 FF FF FF,[],190=3169.75/exp 3169.8082 VALUE_OK
MATCH,7658,0x0CF00400,61444,150583.0,134235.517,-0.009,FF FF FF EE 62 FF FF FF,FF FF FF EE 62 FF FF FF,[],190=3165.75/exp 3165.7797 VALUE_OK
MATCH,7659,0x0CF00400,61444,150588.0,134240.521,-0.005,FF FF FF CE 62 FF FF FF,FF FF FF CE 62 FF FF FF,[],190=3161.75/exp 3161.7294 VALUE_OK
MATCH,7660,0x0CF00400,61444,150593.0,134245.512,-0.013,FF FF FF AD 62 FF FF FF,FF FF FF AD 62 FF FF FF,[],190=3157.625/exp 3157.6574 VALUE_OK
MATCH,7661,0x0CF00400,61444,150598.0,134250.516,-0.009,FF FF FF 8D 62 FF FF FF,FF FF FF 8D 62 FF FF FF,[],190=3153.625/exp 3153.5636 VALUE_OK
MATCH,7662,0x0CF00400,61444,150603.0,134255.516,-0.009,FF FF FF 6C 62 FF FF FF,FF FF FF 6C 62 FF FF FF,[],190=3149.5/exp 3149.4482 VALUE_OK
MATCH,7663,0x0CF00400,61444,150608.0,134260.511,-0.014,FF FF FF 4A 62 FF FF FF,FF FF FF 4A 62 FF FF FF,[],190=3145.25/exp 3145.3111 VALUE_OK
MATCH,7664,0x0CF00400,61444,150613.0,134265.511,-0.014,FF FF FF 29 62 FF FF FF,FF FF FF 29 62 FF FF FF,[],190=3141.125/exp 3141.1526 VALUE_OK
MATCH,7665,0x0CF00400,61444,150618.0,134270.51,-0.014,FF FF FF 08 62 FF FF FF,FF FF FF 08 62 FF FF FF,[],190=3137.0/exp 3136.9726 VALUE_OK
MATCH,7666,0x0CF00400,61444,150623.0,134275.458,-0.066,FF FF FF E6 61 FF FF FF,FF FF FF E6 61 FF FF FF,[],190=3132.75/exp 3132.7713 VALUE_OK
MATCH,7667,0x0CF00400,61444,150628.0,134280.461,-0.062,FF FF FF C4 61 FF FF FF,FF FF FF C4 61 FF FF FF,[],190=3128.5/exp 3128.5486 VALUE_OK
MATCH,7668,0x0CF00400,61444,150633.0,134285.461,-0.06,FF FF FF A2 61 FF FF FF,FF FF FF A2 61 FF FF FF,[],190=3124.25/exp 3124.3046 VALUE_OK
MATCH,7669,0x0CF00400,61444,150638.0,134290.46,-0.06,FF FF FF 80 61 FF FF FF,FF FF FF 80 61 FF FF FF,[],190=3120.0/exp 3120.0395 VALUE_OK
MATCH,7670,0x0CF00400,61444,150643.0,134295.46,-0.059,FF FF FF 5E 61 FF FF FF,FF FF FF 5E 61 FF FF FF,[],190=3115.75/exp 3115.7532 VALUE_OK
MATCH,7671,0x0CF00400,61444,150648.0,134300.451,-0.067,FF FF FF 3C 61 FF FF FF,FF FF FF 3C 61 FF FF FF,[],190=3111.5/exp 3111.4459 VALUE_OK
MATCH,7672,0x0CF00400,61444,150653.0,134305.459,-0.057,FF FF FF 19 61 FF FF FF,FF FF FF 19 61 FF FF FF,[],190=3107.125/exp 3107.1176 VALUE_OK
MATCH,7673,0x0CF00400,61444,150658.0,134310.467,-0.048,FF FF FF F6 60 FF FF FF,FF FF FF F6 60 FF FF FF,[],190=3102.75/exp 3102.7683 VALUE_OK
MATCH,7674,0x0CF00400,61444,150663.0,134315.51,-0.004,FF FF FF D3 60 FF FF FF,FF FF FF D3 60 FF FF FF,[],190=3098.375/exp 3098.3982 VALUE_OK
MATCH,7675,0x0CF00400,61444,150668.0,134320.465,-0.049,FF FF FF B0 60 FF FF FF,FF FF FF B0 60 FF FF FF,[],190=3094.0/exp 3094.0073 VALUE_OK
MATCH,7676,0x0CF00400,61444,150673.0,134325.473,-0.04,FF FF FF 8D 60 FF FF FF,FF FF FF 8D 60 FF FF FF,[],190=3089.625/exp 3089.5956 VALUE_OK
MATCH,7677,0x0CF00400,61444,150678.0,134330.476,-0.036,FF FF FF 69 60 FF FF FF,FF FF FF 69 60 FF FF FF,[],190=3085.125/exp 3085.1633 VALUE_OK
MATCH,7678,0x0CF00400,61444,150683.0,134335.484,-0.028,FF FF FF 46 60 FF FF FF,FF FF FF 46 60 FF FF FF,[],190=3080.75/exp 3080.7104 VALUE_OK
MATCH,7679,0x0CF00400,61444,150688.0,134340.484,-0.027,FF FF FF 22 60 FF FF FF,FF FF FF 22 60 FF FF FF,[],190=3076.25/exp 3076.237 VALUE_OK
MATCH,7680,0x0CF00400,61444,150693.0,134345.491,-0.02,FF FF FF FE 5F FF FF FF,FF FF FF FE 5F FF FF FF,[],190=3071.75/exp 3071.7432 VALUE_OK
MATCH,7681,0x0CF00400,61444,150698.0,134350.487,-0.023,FF FF FF DA 5F FF FF FF,FF FF FF DA 5F FF FF FF,[],190=3067.25/exp 3067.2289 VALUE_OK
MATCH,7682,0x0CF00400,61444,150703.0,134355.482,-0.028,FF FF FF B6 5F FF FF FF,FF FF FF B6 5F FF FF FF,[],190=3062.75/exp 3062.6944 VALUE_OK
MATCH,7683,0x0CF00400,61444,150708.0,134360.482,-0.027,FF FF FF 91 5F FF FF FF,FF FF FF 91 5F FF FF FF,[],190=3058.125/exp 3058.1396 VALUE_OK
MATCH,7684,0x0CF00400,61444,150713.0,134365.481,-0.028,FF FF FF 6D 5F FF FF FF,FF FF FF 6D 5F FF FF FF,[],190=3053.625/exp 3053.5646 VALUE_OK
MATCH,7685,0x0CF00400,61444,150718.0,134370.477,-0.031,FF FF FF 48 5F FF FF FF,FF FF FF 48 5F FF FF FF,[],190=3049.0/exp 3048.9695 VALUE_OK
MATCH,7686,0x0CF00400,61444,150723.0,134375.48,-0.028,FF FF FF 23 5F FF FF FF,FF FF FF 23 5F FF FF FF,[],190=3044.375/exp 3044.3544 VALUE_OK
MATCH,7687,0x0CF00400,61444,150728.0,134380.488,-0.019,FF FF FF FE 5E FF FF FF,FF FF FF FE 5E FF FF FF,[],190=3039.75/exp 3039.7193 VALUE_OK
MATCH,7688,0x0CF00400,61444,150733.0,134385.479,-0.028,FF FF FF D9 5E FF FF FF,FF FF FF D9 5E FF FF FF,[],190=3035.125/exp 3035.0644 VALUE_OK
MATCH,7689,0x0CF00400,61444,150738.0,134390.483,-0.023,FF FF FF B3 5E FF FF FF,FF FF FF B3 5E FF FF FF,[],190=3030.375/exp 3030.3896 VALUE_OK
MATCH,7690,0x0CF00400,61444,150743.0,134395.478,-0.028,FF FF FF 8E 5E FF FF FF,FF FF FF 8E 5E FF FF FF,[],190=3025.75/exp 3025.6951 VALUE_OK
MATCH,7691,0x0CF00400,61444,150748.0,134400.482,-0.023,FF FF FF 68 5E FF FF FF,FF FF FF 68 5E FF FF FF,[],190=3021.0/exp 3020.9809 VALUE_OK
MATCH,7692,0x0CF00400,61444,150753.0,134405.477,-0.028,FF FF FF 42 5E FF FF FF,FF FF FF 42 5E FF FF FF,[],190=3016.25/exp 3016.2471 VALUE_OK
MATCH,7693,0x0CF00400,61444,150758.0,134410.481,-0.023,FF FF FF 1C 5E FF FF FF,FF FF FF 1C 5E FF FF FF,[],190=3011.5/exp 3011.4938 VALUE_OK
MATCH,7694,0x0CF00400,61444,150763.0,134415.485,-0.019,FF FF FF F6 5D FF FF FF,FF FF FF F6 5D FF FF FF,[],190=3006.75/exp 3006.721 VALUE_OK
MATCH,7695,0x0CF00400,61444,150768.0,134420.488,-0.015,FF FF FF CF 5D FF FF FF,FF FF FF CF 5D FF FF FF,[],190=3001.875/exp 3001.9289 VALUE_OK
MATCH,7696,0x0CF00400,61444,150773.0,134425.484,-0.019,FF FF FF A9 5D FF FF FF,FF FF FF A9 5D FF FF FF,[],190=2997.125/exp 2997.1174 VALUE_OK
MATCH,7697,0x0CF00400,61444,150778.0,134430.487,-0.016,FF FF FF 82 5D FF FF FF,FF FF FF 82 5D FF FF FF,[],190=2992.25/exp 2992.2867 VALUE_OK
MATCH,7698,0x0CF00400,61444,150783.0,134435.463,-0.039,FF FF FF 5B 5D FF FF FF,FF FF FF 5B 5D FF FF FF,[],190=2987.375/exp 2987.4369 VALUE_OK
MATCH,7699,0x0CF00400,61444,150788.0,134440.458,-0.043,FF FF FF 35 5D FF FF FF,FF FF FF 35 5D FF FF FF,[],190=2982.625/exp 2982.5679 VALUE_OK
MATCH,7700,0x0CF00400,61444,150793.0,134445.482,-0.019,FF FF FF 0D 5D FF FF FF,FF FF FF 0D 5D FF FF FF,[],190=2977.625/exp 2977.68 VALUE_OK
MATCH,7701,0x0CF00400,61444,150798.0,134450.445,-0.055,FF FF FF E6 5C FF FF FF,FF FF FF E6 5C FF FF FF,[],190=2972.75/exp 2972.7731 VALUE_OK
MATCH,7702,0x0CF00400,61444,150803.0,134455.469,-0.03,FF FF FF BF 5C FF FF FF,FF FF FF BF 5C FF FF FF,[],190=2967.875/exp 2967.8474 VALUE_OK
MATCH,7703,0x0CF00400,61444,150808.0,134460.484,-0.014,FF FF FF 97 5C FF FF FF,FF FF FF 97 5C FF FF FF,[],190=2962.875/exp 2962.9029 VALUE_OK
MATCH,7704,0x0CF00400,61444,150813.0,134465.44,-0.058,FF FF FF 70 5C FF FF FF,FF FF FF 70 5C FF FF FF,[],190=2958.0/exp 2957.9397 VALUE_OK
MATCH,7705,0x0CF00400,61444,150818.0,134470.463,-0.034,FF FF FF 48 5C FF FF FF,FF FF FF 48 5C FF FF FF,[],190=2953.0/exp 2952.9578 VALUE_OK
MATCH,7706,0x0CF00400,61444,150823.0,134475.491,-0.005,FF FF FF 20 5C FF FF FF,FF FF FF 20 5C FF FF FF,[],190=2948.0/exp 2947.9574 VALUE_OK
MATCH,7707,0x0CF00400,61444,150828.0,134480.447,-0.049,FF FF FF F8 5B FF FF FF,FF FF FF F8 5B FF FF FF,[],190=2943.0/exp 2942.9386 VALUE_OK
MATCH,7708,0x0CF00400,61444,150833.0,134485.474,-0.021,FF FF FF CF 5B FF FF FF,FF FF FF CF 5B FF FF FF,[],190=2937.875/exp 2937.9013 VALUE_OK
MATCH,7709,0x0CF00400,61444,150838.0,134490.494,-0.001,FF FF FF A7 5B FF FF FF,FF FF FF A7 5B FF FF FF,[],190=2932.875/exp 2932.8457 VALUE_OK
MATCH,7710,0x0CF00400,61444,150843.0,134495.457,-0.038,FF FF FF 7E 5B FF FF FF,FF FF FF 7E 5B FF FF FF,[],190=2927.75/exp 2927.7719 VALUE_OK
MATCH,7711,0x0CF00400,61444,150848.0,134500.473,-0.021,FF FF FF 55 5B FF FF FF,FF FF FF 55 5B FF FF FF,[],190=2922.625/exp 2922.6799 VALUE_OK
MATCH,7712,0x0CF00400,61444,150853.0,134505.428,-0.066,FF FF FF 2D 5B FF FF FF,FF FF FF 2D 5B FF FF FF,[],190=2917.625/exp 2917.5698 VALUE_OK
MATCH,7713,0x0CF00400,61444,150858.0,134510.456,-0.036,FF FF FF 04 5B FF FF FF,FF FF FF 04 5B FF FF FF,[],190=2912.5/exp 2912.4418 VALUE_OK
MATCH,7714,0x0CF00400,61444,150863.0,134515.491,-0.001,FF FF FF DA 5A FF FF FF,FF FF FF DA 5A FF FF FF,[],190=2907.25/exp 2907.2958 VALUE_OK
MATCH,7715,0x0CF00400,61444,150868.0,134520.451,-0.041,FF FF FF B1 5A FF FF FF,FF FF FF B1 5A FF FF FF,[],190=2902.125/exp 2902.1319 VALUE_OK
MATCH,7716,0x0CF00400,61444,150873.0,134525.478,-0.013,FF FF FF 88 5A FF FF FF,FF FF FF 88 5A FF FF FF,[],190=2897.0/exp 2896.9503 VALUE_OK
MATCH,7717,0x0CF00400,61444,150878.0,134530.43,-0.061,FF FF FF 5E 5A FF FF FF,FF FF FF 5E 5A FF FF FF,[],190=2891.75/exp 2891.751 VALUE_OK
MATCH,7718,0x0CF00400,61444,150883.0,134535.453,-0.036,FF FF FF 34 5A FF FF FF,FF FF FF 34 5A FF FF FF,[],190=2886.5/exp 2886.5341 VALUE_OK
MATCH,7719,0x0CF00400,61444,150888.0,134540.473,-0.016,FF FF FF 0A 5A FF FF FF,FF FF FF 0A 5A FF FF FF,[],190=2881.25/exp 2881.2996 VALUE_OK
MATCH,7720,0x0CF00400,61444,150893.0,134545.44,-0.048,FF FF FF E0 59 FF FF FF,FF FF FF E0 59 FF FF FF,[],190=2876.0/exp 2876.0478 VALUE_OK
MATCH,7721,0x0CF00400,61444,150898.0,134550.456,-0.031,FF FF FF B6 59 FF FF FF,FF FF FF B6 59 FF FF FF,[],190=2870.75/exp 2870.7785 VALUE_OK
MATCH,7722,0x0CF00400,61444,150903.0,134555.479,-0.008,FF FF FF 8C 59 FF FF FF,FF FF FF 8C 59 FF FF FF,[],190=2865.5/exp 2865.492 VALUE_OK
MATCH,7723,0x0CF00400,61444,150908.0,134560.435,-0.052,FF FF FF 62 59 FF FF FF,FF FF FF 62 59 FF FF FF,[],190=2860.25/exp 2860.1882 VALUE_OK
MATCH,7724,0x0CF00400,61444,150913.0,134565.435,-0.05,FF FF FF 37 59 FF FF FF,FF FF FF 37 59 FF FF FF,[],190=2854.875/exp 2854.8674 VALUE_OK
MATCH,7725,0x0CF00400,61444,150918.0,134570.458,-0.026,FF FF FF 0C 59 FF FF FF,FF FF FF 0C 59 FF FF FF,[],190=2849.5/exp 2849.5295 VALUE_OK
MATCH,7726,0x0CF00400,61444,150923.0,134575.482,-0.002,FF FF FF E1 58 FF FF FF,FF FF FF E1 58 FF FF FF,[],190=2844.125/exp 2844.1746 VALUE_OK
MATCH,7727,0x0CF00400,61444,150928.0,134580.445,-0.039,FF FF FF B6 58 FF FF FF,FF FF FF B6 58 FF FF FF,[],190=2838.75/exp 2838.8029 VALUE_OK
MATCH,7728,0x0CF00400,61444,150933.0,134585.457,-0.026,FF FF FF 8B 58 FF FF FF,FF FF FF 8B 58 FF FF FF,[],190=2833.375/exp 2833.4144 VALUE_OK
MATCH,7729,0x0CF00400,61444,150938.0,134590.416,-0.067,FF FF FF 60 58 FF FF FF,FF FF FF 60 58 FF FF FF,[],190=2828.0/exp 2828.0092 VALUE_OK
MATCH,7730,0x0CF00400,61444,150943.0,134595.436,-0.045,FF FF FF 35 58 FF FF FF,FF FF FF 35 58 FF FF FF,[],190=2822.625/exp 2822.5873 VALUE_OK
MATCH,7731,0x0CF00400,61444,150948.0,134600.459,-0.021,FF FF FF 09 58 FF FF FF,FF FF FF 09 58 FF FF FF,[],190=2817.125/exp 2817.149 VALUE_OK
MATCH,7732,0x0CF00400,61444,150953.0,134605.423,-0.057,FF FF FF DE 57 FF FF FF,FF FF FF DE 57 FF FF FF,[],190=2811.75/exp 2811.6941 VALUE_OK
MATCH,7733,0x0CF00400,61444,150958.0,134610.451,-0.028,FF FF FF B2 57 FF FF FF,FF FF FF B2 57 FF FF FF,[],190=2806.25/exp 2806.2229 VALUE_OK
MATCH,7734,0x0CF00400,61444,150963.0,134615.474,-0.004,FF FF FF 86 57 FF FF FF,FF FF FF 86 57 FF FF FF,[],190=2800.75/exp 2800.7354 VALUE_OK
MATCH,7735,0x0CF00400,61444,150968.0,134620.421,-0.057,FF FF FF 5A 57 FF FF FF,FF FF FF 5A 57 FF FF FF,[],190=2795.25/exp 2795.2317 VALUE_OK
MATCH,7736,0x0CF00400,61444,150973.0,134625.445,-0.032,FF FF FF 2E 57 FF FF FF,FF FF FF 2E 57 FF FF FF,[],190=2789.75/exp 2789.7119 VALUE_OK
MATCH,7737,0x0CF00400,61444,150978.0,134630.468,-0.008,FF FF FF 01 57 FF FF FF,FF FF FF 01 57 FF FF FF,[],190=2784.125/exp 2784.176 VALUE_OK
MATCH,7738,0x0CF00400,61444,150983.0,134635.425,-0.051,FF FF FF D5 56 FF FF FF,FF FF FF D5 56 FF FF FF,[],190=2778.625/exp 2778.6242 VALUE_OK
MATCH,7739,0x0CF00400,61444,150988.0,134640.46,-0.015,FF FF FF A8 56 FF FF FF,FF FF FF A8 56 FF FF FF,[],190=2773.0/exp 2773.0565 VALUE_OK
MATCH,7740,0x0CF00400,61444,150993.0,134645.408,-0.067,FF FF FF 7C 56 FF FF FF,FF FF FF 7C 56 FF FF FF,[],190=2767.5/exp 2767.4731 VALUE_OK
MATCH,7741,0x0CF00400,61444,150998.0,134650.428,-0.046,FF FF FF 4F 56 FF FF FF,FF FF FF 4F 56 FF FF FF,[],190=2761.875/exp 2761.8739 VALUE_OK
MATCH,7742,0x0CF00400,61444,151003.0,134655.451,-0.022,FF FF FF 22 56 FF FF FF,FF FF FF 22 56 FF FF FF,[],190=2756.25/exp 2756.2592 VALUE_OK
MATCH,7743,0x0CF00400,61444,151008.0,134660.415,-0.057,FF FF FF F5 55 FF FF FF,FF FF FF F5 55 FF FF FF,[],190=2750.625/exp 2750.6289 VALUE_OK
MATCH,7744,0x0CF00400,61444,151013.0,134665.438,-0.033,FF FF FF C8 55 FF FF FF,FF FF FF C8 55 FF FF FF,[],190=2745.0/exp 2744.9832 VALUE_OK
MATCH,7745,0x0CF00400,61444,151018.0,134670.462,-0.008,FF FF FF 9B 55 FF FF FF,FF FF FF 9B 55 FF FF FF,[],190=2739.375/exp 2739.3222 VALUE_OK
MATCH,7746,0x0CF00400,61444,151023.0,134675.413,-0.057,FF FF FF 6D 55 FF FF FF,FF FF FF 6D 55 FF FF FF,[],190=2733.625/exp 2733.6459 VALUE_OK
MATCH,7747,0x0CF00400,61444,151028.0,134680.441,-0.028,FF FF FF 40 55 FF FF FF,FF FF FF 40 55 FF FF FF,[],190=2728.0/exp 2727.9545 VALUE_OK
MATCH,7748,0x0CF00400,61444,151033.0,134685.46,-0.009,FF FF FF 12 55 FF FF FF,FF FF FF 12 55 FF FF FF,[],190=2722.25/exp 2722.2479 VALUE_OK
MATCH,7749,0x0CF00400,61444,151038.0,134690.46,-0.008,FF FF FF E4 54 FF FF FF,FF FF FF E4 54 FF FF FF,[],190=2716.5/exp 2716.5264 VALUE_OK
MATCH,7750,0x0CF00400,61444,151043.0,134695.419,-0.049,FF FF FF B6 54 FF FF FF,FF FF FF B6 54 FF FF FF,[],190=2710.75/exp 2710.7899 VALUE_OK
MATCH,7751,0x0CF00400,61444,151048.0,134700.435,-0.032,FF FF FF 88 54 FF FF FF,FF FF FF 88 54 FF FF FF,[],190=2705.0/exp 2705.0387 VALUE_OK
MATCH,7752,0x0CF00400,61444,151053.0,134705.459,-0.008,FF FF FF 5A 54 FF FF FF,FF FF FF 5A 54 FF FF FF,[],190=2699.25/exp 2699.2727 VALUE_OK
MATCH,7753,0x0CF00400,61444,151058.0,134710.422,-0.044,FF FF FF 2C 54 FF FF FF,FF FF FF 2C 54 FF FF FF,[],190=2693.5/exp 2693.4921 VALUE_OK
MATCH,7754,0x0CF00400,61444,151063.0,134715.458,-0.008,FF FF FF FE 53 FF FF FF,FF FF FF FE 53 FF FF FF,[],190=2687.75/exp 2687.6969 VALUE_OK
MATCH,7755,0x0CF00400,61444,151068.0,134720.409,-0.056,FF FF FF CF 53 FF FF FF,FF FF FF CF 53 FF FF FF,[],190=2681.875/exp 2681.8873 VALUE_OK
MATCH,7756,0x0CF00400,61444,151073.0,134725.437,-0.027,FF FF FF A0 53 FF FF FF,FF FF FF A0 53 FF FF FF,[],190=2676.0/exp 2676.0633 VALUE_OK
MATCH,7757,0x0CF00400,61444,151078.0,134730.453,-0.011,FF FF FF 72 53 FF FF FF,FF FF FF 72 53 FF FF FF,[],190=2670.25/exp 2670.225 VALUE_OK
MATCH,7758,0x0CF00400,61444,151083.0,134735.412,-0.051,FF FF FF 43 53 FF FF FF,FF FF FF 43 53 FF FF FF,[],190=2664.375/exp 2664.3725 VALUE_OK
MATCH,7759,0x0CF00400,61444,151088.0,134740.427,-0.035,FF FF FF 14 53 FF FF FF,FF FF FF 14 53 FF FF FF,[],190=2658.5/exp 2658.5059 VALUE_OK
MATCH,7760,0x0CF00400,61444,151093.0,134745.459,-0.003,FF FF FF E5 52 FF FF FF,FF FF FF E5 52 FF FF FF,[],190=2652.625/exp 2652.6253 VALUE_OK
MATCH,7761,0x0CF00400,61444,151098.0,134750.415,-0.047,FF FF FF B6 52 FF FF FF,FF FF FF B6 52 FF FF FF,[],190=2646.75/exp 2646.7308 VALUE_OK
MATCH,7762,0x0CF00400,61444,151103.0,134755.442,-0.019,FF FF FF 87 52 FF FF FF,FF FF FF 87 52 FF FF FF,[],190=2640.875/exp 2640.8225 VALUE_OK
MATCH,7763,0x0CF00400,61444,151108.0,134760.398,-0.062,FF FF FF 57 52 FF FF FF,FF FF FF 57 52 FF FF FF,[],190=2634.875/exp 2634.9004 VALUE_OK
MATCH,7764,0x0CF00400,61444,151113.0,134765.409,-0.05,FF FF FF 28 52 FF FF FF,FF FF FF 28 52 FF FF FF,[],190=2629.0/exp 2628.9647 VALUE_OK
MATCH,7765,0x0CF00400,61444,151118.0,134770.44,-0.018,FF FF FF F8 51 FF FF FF,FF FF FF F8 51 FF FF FF,[],190=2623.0/exp 2623.0154 VALUE_OK
MATCH,7766,0x0CF00400,61444,151123.0,134775.412,-0.046,FF FF FF C8 51 FF FF FF,FF FF FF C8 51 FF FF FF,[],190=2617.0/exp 2617.0527 VALUE_OK
MATCH,7767,0x0CF00400,61444,151128.0,134780.444,-0.013,FF FF FF 99 51 FF FF FF,FF FF FF 99 51 FF FF FF,[],190=2611.125/exp 2611.0766 VALUE_OK
MATCH,7768,0x0CF00400,61444,151133.0,134785.411,-0.046,FF FF FF 69 51 FF FF FF,FF FF FF 69 51 FF FF FF,[],190=2605.125/exp 2605.0872 VALUE_OK
MATCH,7769,0x0CF00400,61444,151138.0,134790.439,-0.017,FF FF FF 39 51 FF FF FF,FF FF FF 39 51 FF FF FF,[],190=2599.125/exp 2599.0846 VALUE_OK
MATCH,7770,0x0CF00400,61444,151143.0,134795.41,-0.045,FF FF FF 09 51 FF FF FF,FF FF FF 09 51 FF FF FF,[],190=2593.125/exp 2593.0689 VALUE_OK
MATCH,7771,0x0CF00400,61444,151148.0,134800.438,-0.016,FF FF FF D8 50 FF FF FF,FF FF FF D8 50 FF FF FF,[],190=2587.0/exp 2587.0403 VALUE_OK
MATCH,7772,0x0CF00400,61444,151153.0,134805.394,-0.06,FF FF FF A8 50 FF FF FF,FF FF FF A8 50 FF FF FF,[],190=2581.0/exp 2580.9987 VALUE_OK
MATCH,7773,0x0CF00400,61444,151158.0,134810.417,-0.036,FF FF FF 78 50 FF FF FF,FF FF FF 78 50 FF FF FF,[],190=2575.0/exp 2574.9443 VALUE_OK
MATCH,7774,0x0CF00400,61444,151163.0,134815.408,-0.044,FF FF FF 47 50 FF FF FF,FF FF FF 47 50 FF FF FF,[],190=2568.875/exp 2568.8772 VALUE_OK
MATCH,7775,0x0CF00400,61444,151168.0,134820.432,-0.019,FF FF FF 16 50 FF FF FF,FF FF FF 16 50 FF FF FF,[],190=2562.75/exp 2562.7974 VALUE_OK
MATCH,7776,0x0CF00400,61444,151173.0,134825.399,-0.052,FF FF FF E6 4F FF FF FF,FF FF FF E6 4F FF FF FF,[],190=2556.75/exp 2556.7052 VALUE_OK
MATCH,7777,0x0CF00400,61444,151178.0,134830.423,-0.027,FF FF FF B5 4F FF FF FF,FF FF FF B5 4F FF FF FF,[],190=2550.625/exp 2550.6004 VALUE_OK
MATCH,7778,0x0CF00400,61444,151183.0,134835.446,-0.003,FF FF FF 84 4F FF FF FF,FF FF FF 84 4F FF FF FF,[],190=2544.5/exp 2544.4834 VALUE_OK
MATCH,7779,0x0CF00400,61444,151188.0,134840.398,-0.051,FF FF FF 53 4F FF FF FF,FF FF FF 53 4F FF FF FF,[],190=2538.375/exp 2538.3541 VALUE_OK
MATCH,7780,0x0CF00400,61444,151193.0,134845.417,-0.031,FF FF FF 22 4F FF FF FF,FF FF FF 22 4F FF FF FF,[],190=2532.25/exp 2532.2126 VALUE_OK
MATCH,7781,0x0CF00400,61444,151198.0,134850.453,0.005,FF FF FF F0 4E FF FF FF,FF FF FF F0 4E FF FF FF,[],190=2526.0/exp 2526.0591 VALUE_OK
MATCH,7782,0x0CF00400,61444,151203.0,134855.405,-0.043,FF FF FF BF 4E FF FF FF,FF FF FF BF 4E FF FF FF,[],190=2519.875/exp 2519.8935 VALUE_OK
MATCH,7783,0x0CF00400,61444,151208.0,134860.44,-0.007,FF FF FF 8E 4E FF FF FF,FF FF FF 8E 4E FF FF FF,[],190=2513.75/exp 2513.7162 VALUE_OK
MATCH,7784,0x0CF00400,61444,151213.0,134865.384,-0.063,FF FF FF 5C 4E FF FF FF,FF FF FF 5C 4E FF FF FF,[],190=2507.5/exp 2507.527 VALUE_OK
MATCH,7785,0x0CF00400,61444,151218.0,134870.407,-0.038,FF FF FF 2B 4E FF FF FF,FF FF FF 2B 4E FF FF FF,[],190=2501.375/exp 2501.3262 VALUE_OK
MATCH,7786,0x0CF00400,61444,151223.0,134875.439,-0.006,FF FF FF F9 4D FF FF FF,FF FF FF F9 4D FF FF FF,[],190=2495.125/exp 2495.1138 VALUE_OK
MATCH,7787,0x0CF00400,61444,151228.0,134880.395,-0.05,FF FF FF C7 4D FF FF FF,FF FF FF C7 4D FF FF FF,[],190=2488.875/exp 2488.8898 VALUE_OK
MATCH,7788,0x0CF00400,61444,151233.0,134885.414,-0.03,FF FF FF 95 4D FF FF FF,FF FF FF 95 4D FF FF FF,[],190=2482.625/exp 2482.6545 VALUE_OK
MATCH,7789,0x0CF00400,61444,151238.0,134890.433,-0.01,FF FF FF 63 4D FF FF FF,FF FF FF 63 4D FF FF FF,[],190=2476.375/exp 2476.4079 VALUE_OK
MATCH,7790,0x0CF00400,61444,151243.0,134895.393,-0.05,FF FF FF 31 4D FF FF FF,FF FF FF 31 4D FF FF FF,[],190=2470.125/exp 2470.1501 VALUE_OK
MATCH,7791,0x0CF00400,61444,151248.0,134900.42,-0.022,FF FF FF FF 4C FF FF FF,FF FF FF FF 4C FF FF FF,[],190=2463.875/exp 2463.8812 VALUE_OK
MATCH,7792,0x0CF00400,61444,151253.0,134905.372,-0.069,FF FF FF CD 4C FF FF FF,FF FF FF CD 4C FF FF FF,[],190=2457.625/exp 2457.6013 VALUE_OK
MATCH,7793,0x0CF00400,61444,151258.0,134910.396,-0.044,FF FF FF 9A 4C FF FF FF,FF FF FF 9A 4C FF FF FF,[],190=2451.25/exp 2451.3105 VALUE_OK
MATCH,7794,0x0CF00400,61444,151263.0,134915.415,-0.024,FF FF FF 68 4C FF FF FF,FF FF FF 68 4C FF FF FF,[],190=2445.0/exp 2445.0088 VALUE_OK
MATCH,7795,0x0CF00400,61444,151268.0,134920.379,-0.06,FF FF FF 36 4C FF FF FF,FF FF FF 36 4C FF FF FF,[],190=2438.75/exp 2438.6964 VALUE_OK
MATCH,7796,0x0CF00400,61444,151273.0,134925.402,-0.035,FF FF FF 03 4C FF FF FF,FF FF FF 03 4C FF FF FF,[],190=2432.375/exp 2432.3735 VALUE_OK
MATCH,7797,0x0CF00400,61444,151278.0,134930.43,-0.007,FF FF FF D0 4B FF FF FF,FF FF FF D0 4B FF FF FF,[],190=2426.0/exp 2426.0399 VALUE_OK
MATCH,7798,0x0CF00400,61444,151283.0,134935.382,-0.055,FF FF FF 9E 4B FF FF FF,FF FF FF 9E 4B FF FF FF,[],190=2419.75/exp 2419.696 VALUE_OK
MATCH,7799,0x0CF00400,61444,151288.0,134940.381,-0.055,FF FF FF 6B 4B FF FF FF,FF FF FF 6B 4B FF FF FF,[],190=2413.375/exp 2413.3417 VALUE_OK
MATCH,7800,0x0CF00400,61444,151293.0,134945.396,-0.038,FF FF FF 38 4B FF FF FF,FF FF FF 38 4B FF FF FF,[],190=2407.0/exp 2406.9772 VALUE_OK
MATCH,7801,0x0CF00400,61444,151298.0,134950.428,-0.006,FF FF FF 05 4B FF FF FF,FF FF FF 05 4B FF FF FF,[],190=2400.625/exp 2400.6026 VALUE_OK
MATCH,7802,0x0CF00400,61444,151303.0,134955.383,-0.051,FF FF FF D2 4A FF FF FF,FF FF FF D2 4A FF FF FF,[],190=2394.25/exp 2394.218 VALUE_OK
MATCH,7803,0x0CF00400,61444,151308.0,134960.403,-0.03,FF FF FF 9F 4A FF FF FF,FF FF FF 9F 4A FF FF FF,[],190=2387.875/exp 2387.8234 VALUE_OK
MATCH,7804,0x0CF00400,61444,151313.0,134965.422,-0.01,FF FF FF 6B 4A FF FF FF,FF FF FF 6B 4A FF FF FF,[],190=2381.375/exp 2381.4189 VALUE_OK
MATCH,7805,0x0CF00400,61444,151318.0,134970.378,-0.054,FF FF FF 38 4A FF FF FF,FF FF FF 38 4A FF FF FF,[],190=2375.0/exp 2375.0048 VALUE_OK
MATCH,7806,0x0CF00400,61444,151323.0,134975.41,-0.021,FF FF FF 05 4A FF FF FF,FF FF FF 05 4A FF FF FF,[],190=2368.625/exp 2368.581 VALUE_OK
MATCH,7807,0x0CF00400,61444,151328.0,134980.369,-0.061,FF FF FF D1 49 FF FF FF,FF FF FF D1 49 FF FF FF,[],190=2362.125/exp 2362.1476 VALUE_OK
MATCH,7808,0x0CF00400,61444,151333.0,134985.392,-0.037,FF FF FF 9E 49 FF FF FF,FF FF FF 9E 49 FF FF FF,[],190=2355.75/exp 2355.7048 VALUE_OK
MATCH,7809,0x0CF00400,61444,151338.0,134990.408,-0.02,FF FF FF 6A 49 FF FF FF,FF FF FF 6A 49 FF FF FF,[],190=2349.25/exp 2349.2527 VALUE_OK
MATCH,7810,0x0CF00400,61444,151343.0,134995.368,-0.06,FF FF FF 36 49 FF FF FF,FF FF FF 36 49 FF FF FF,[],190=2342.75/exp 2342.7914 VALUE_OK
MATCH,7811,0x0CF00400,61444,151348.0,135000.395,-0.032,FF FF FF 03 49 FF FF FF,FF FF FF 03 49 FF FF FF,[],190=2336.375/exp 2336.3209 VALUE_OK
MATCH,7812,0x0CF00400,61444,151353.0,135005.415,-0.011,FF FF FF CF 48 FF FF FF,FF FF FF CF 48 FF FF FF,[],190=2329.875/exp 2329.8413 VALUE_OK
MATCH,7813,0x0CF00400,61444,151358.0,135010.37,-0.056,FF FF FF 9B 48 FF FF FF,FF FF FF 9B 48 FF FF FF,[],190=2323.375/exp 2323.3528 VALUE_OK
MATCH,7814,0x0CF00400,61444,151363.0,135015.394,-0.031,FF FF FF 67 48 FF FF FF,FF FF FF 67 48 FF FF FF,[],190=2316.875/exp 2316.8555 VALUE_OK
MATCH,7815,0x0CF00400,61444,151368.0,135020.417,-0.007,FF FF FF 33 48 FF FF FF,FF FF FF 33 48 FF FF FF,[],190=2310.375/exp 2310.3494 VALUE_OK
MATCH,7816,0x0CF00400,61444,151373.0,135025.385,-0.039,FF FF FF FF 47 FF FF FF,FF FF FF FF 47 FF FF FF,[],190=2303.875/exp 2303.8347 VALUE_OK
MATCH,7817,0x0CF00400,61444,151378.0,135030.408,-0.015,FF FF FF CA 47 FF FF FF,FF FF FF CA 47 FF FF FF,[],190=2297.25/exp 2297.3114 VALUE_OK
MATCH,7818,0x0CF00400,61444,151383.0,135035.36,-0.063,FF FF FF 96 47 FF FF FF,FF FF FF 96 47 FF FF FF,[],190=2290.75/exp 2290.7797 VALUE_OK
MATCH,7819,0x0CF00400,61444,151388.0,135040.375,-0.047,FF FF FF 62 47 FF FF FF,FF FF FF 62 47 FF FF FF,[],190=2284.25/exp 2284.2397 VALUE_OK
MATCH,7820,0x0CF00400,61444,151393.0,135045.403,-0.018,FF FF FF 2E 47 FF FF FF,FF FF FF 2E 47 FF FF FF,[],190=2277.75/exp 2277.6914 VALUE_OK
MATCH,7821,0x0CF00400,61444,151398.0,135050.363,-0.057,FF FF FF F9 46 FF FF FF,FF FF FF F9 46 FF FF FF,[],190=2271.125/exp 2271.135 VALUE_OK
MATCH,7822,0x0CF00400,61444,151403.0,135055.386,-0.033,FF FF FF C5 46 FF FF FF,FF FF FF C5 46 FF FF FF,[],190=2264.625/exp 2264.5706 VALUE_OK
MATCH,7823,0x0CF00400,61444,151408.0,135060.405,-0.014,FF FF FF 90 46 FF FF FF,FF FF FF 90 46 FF FF FF,[],190=2258.0/exp 2257.9982 VALUE_OK
MATCH,7824,0x0CF00400,61444,151413.0,135065.397,-0.021,FF FF FF 5B 46 FF FF FF,FF FF FF 5B 46 FF FF FF,[],190=2251.375/exp 2251.418 VALUE_OK
MATCH,7825,0x0CF00400,61444,151418.0,135070.357,-0.061,FF FF FF 27 46 FF FF FF,FF FF FF 27 46 FF FF FF,[],190=2244.875/exp 2244.83 VALUE_OK
MATCH,7826,0x0CF00400,61444,151423.0,135075.384,-0.033,FF FF FF F2 45 FF FF FF,FF FF FF F2 45 FF FF FF,[],190=2238.25/exp 2238.2344 VALUE_OK
MATCH,7827,0x0CF00400,61444,151428.0,135080.404,-0.012,FF FF FF BD 45 FF FF FF,FF FF FF BD 45 FF FF FF,[],190=2231.625/exp 2231.6313 VALUE_OK
MATCH,7828,0x0CF00400,61444,151433.0,135085.363,-0.053,FF FF FF 88 45 FF FF FF,FF FF FF 88 45 FF FF FF,[],190=2225.0/exp 2225.0208 VALUE_OK
MATCH,7829,0x0CF00400,61444,151438.0,135090.383,-0.032,FF FF FF 53 45 FF FF FF,FF FF FF 53 45 FF FF FF,[],190=2218.375/exp 2218.4029 VALUE_OK
MATCH,7830,0x0CF00400,61444,151443.0,135095.402,-0.012,FF FF FF 1E 45 FF FF FF,FF FF FF 1E 45 FF FF FF,[],190=2211.75/exp 2211.7778 VALUE_OK
MATCH,7831,0x0CF00400,61444,151448.0,135100.366,-0.048,FF FF FF E9 44 FF FF FF,FF FF FF E9 44 FF FF FF,[],190=2205.125/exp 2205.1456 VALUE_OK
MATCH,7832,0x0CF00400,61444,151453.0,135105.393,-0.02,FF FF FF B4 44 FF FF FF,FF FF FF B4 44 FF FF FF,[],190=2198.5/exp 2198.5064 VALUE_OK
MATCH,7833,0x0CF00400,61444,151458.0,135110.345,-0.067,FF FF FF 7F 44 FF FF FF,FF FF FF 7F 44 FF FF FF,[],190=2191.875/exp 2191.8603 VALUE_OK
MATCH,7834,0x0CF00400,61444,151463.0,135115.372,-0.039,FF FF FF 4A 44 FF FF FF,FF FF FF 4A 44 FF FF FF,[],190=2185.25/exp 2185.2073 VALUE_OK
MATCH,7835,0x0CF00400,61444,151468.0,135120.388,-0.022,FF FF FF 14 44 FF FF FF,FF FF FF 14 44 FF FF FF,[],190=2178.5/exp 2178.5476 VALUE_OK
MATCH,7836,0x0CF00400,61444,151473.0,135125.359,-0.051,FF FF FF DF 43 FF FF FF,FF FF FF DF 43 FF FF FF,[],190=2171.875/exp 2171.8814 VALUE_OK
MATCH,7837,0x0CF00400,61444,151478.0,135130.379,-0.03,FF FF FF AA 43 FF FF FF,FF FF FF AA 43 FF FF FF,[],190=2165.25/exp 2165.2086 VALUE_OK
MATCH,7838,0x0CF00400,61444,151483.0,135135.398,-0.01,FF FF FF 74 43 FF FF FF,FF FF FF 74 43 FF FF FF,[],190=2158.5/exp 2158.5294 VALUE_OK
MATCH,7839,0x0CF00400,61444,151488.0,135140.366,-0.042,FF FF FF 3F 43 FF FF FF,FF FF FF 3F 43 FF FF FF,[],190=2151.875/exp 2151.8439 VALUE_OK
MATCH,7840,0x0CF00400,61444,151493.0,135145.382,-0.025,FF FF FF 09 43 FF FF FF,FF FF FF 09 43 FF FF FF,[],190=2145.125/exp 2145.1522 VALUE_OK
MATCH,7841,0x0CF00400,61444,151498.0,135150.35,-0.057,FF FF FF D4 42 FF FF FF,FF FF FF D4 42 FF FF FF,[],190=2138.5/exp 2138.4544 VALUE_OK
MATCH,7842,0x0CF00400,61444,151503.0,135155.365,-0.041,FF FF FF 9E 42 FF FF FF,FF FF FF 9E 42 FF FF FF,[],190=2131.75/exp 2131.7507 VALUE_OK
MATCH,7843,0x0CF00400,61444,151508.0,135160.392,-0.013,FF FF FF 68 42 FF FF FF,FF FF FF 68 42 FF FF FF,[],190=2125.0/exp 2125.041 VALUE_OK
MATCH,7844,0x0CF00400,61444,151513.0,135165.344,-0.06,FF FF FF 33 42 FF FF FF,FF FF FF 33 42 FF FF FF,[],190=2118.375/exp 2118.3256 VALUE_OK
MATCH,7845,0x0CF00400,61444,151518.0,135170.375,-0.028,FF FF FF FD 41 FF FF FF,FF FF FF FD 41 FF FF FF,[],190=2111.625/exp 2111.6045 VALUE_OK
MATCH,7846,0x0CF00400,61444,151523.0,135175.395,-0.008,FF FF FF C7 41 FF FF FF,FF FF FF C7 41 FF FF FF,[],190=2104.875/exp 2104.8778 VALUE_OK
MATCH,7847,0x0CF00400,61444,151528.0,135180.355,-0.048,FF FF FF 91 41 FF FF FF,FF FF FF 91 41 FF FF FF,[],190=2098.125/exp 2098.1456 VALUE_OK
MATCH,7848,0x0CF00400,61444,151533.0,135185.371,-0.031,FF FF FF 5B 41 FF FF FF,FF FF FF 5B 41 FF FF FF,[],190=2091.375/exp 2091.4081 VALUE_OK
MATCH,7849,0x0CF00400,61444,151538.0,135190.37,-0.031,FF FF FF 25 41 FF FF FF,FF FF FF 25 41 FF FF FF,[],190=2084.625/exp 2084.6653 VALUE_OK
MATCH,7850,0x0CF00400,61444,151543.0,135195.39,-0.01,FF FF FF EF 40 FF FF FF,FF FF FF EF 40 FF FF FF,[],190=2077.875/exp 2077.9173 VALUE_OK
MATCH,7851,0x0CF00400,61444,151548.0,135200.357,-0.043,FF FF FF B9 40 FF FF FF,FF FF FF B9 40 FF FF FF,[],190=2071.125/exp 2071.1643 VALUE_OK
MATCH,7852,0x0CF00400,61444,151553.0,135205.377,-0.022,FF FF FF 83 40 FF FF FF,FF FF FF 83 40 FF FF FF,[],190=2064.375/exp 2064.4063 VALUE_OK
MATCH,7853,0x0CF00400,61444,151558.0,135210.396,-0.003,FF FF FF 4D 40 FF FF FF,FF FF FF 4D 40 FF FF FF,[],190=2057.625/exp 2057.6435 VALUE_OK
MATCH,7854,0x0CF00400,61444,151563.0,135215.348,-0.051,FF FF FF 17 40 FF FF FF,FF FF FF 17 40 FF FF FF,[],190=2050.875/exp 2050.8759 VALUE_OK
MATCH,7855,0x0CF00400,61444,151568.0,135220.376,-0.022,FF FF FF E1 3F FF FF FF,FF FF FF E1 3F FF FF FF,[],190=2044.125/exp 2044.1037 VALUE_OK
MATCH,7856,0x0CF00400,61444,151573.0,135225.331,-0.066,FF FF FF AB 3F FF FF FF,FF FF FF AB 3F FF FF FF,[],190=2037.375/exp 2037.327 VALUE_OK
MATCH,7857,0x0CF00400,61444,151578.0,135230.351,-0.045,FF FF FF 74 3F FF FF FF,FF FF FF 74 3F FF FF FF,[],190=2030.5/exp 2030.5458 VALUE_OK
MATCH,7858,0x0CF00400,61444,151583.0,135235.37,-0.025,FF FF FF 3E 3F FF FF FF,FF FF FF 3E 3F FF FF FF,[],190=2023.75/exp 2023.7603 VALUE_OK
MATCH,7859,0x0CF00400,61444,151588.0,135240.394,-0.001,FF FF FF 08 3F FF FF FF,FF FF FF 08 3F FF FF FF,[],190=2017.0/exp 2016.9706 VALUE_OK
MATCH,7860,0x0CF00400,61444,151593.0,135245.342,-0.053,FF FF FF D1 3E FF FF FF,FF FF FF D1 3E FF FF FF,[],190=2010.125/exp 2010.1768 VALUE_OK
MATCH,7861,0x0CF00400,61444,151598.0,135250.365,-0.029,FF FF FF 9B 3E FF FF FF,FF FF FF 9B 3E FF FF FF,[],190=2003.375/exp 2003.3789 VALUE_OK
MATCH,7862,0x0CF00400,61444,151603.0,135255.376,-0.017,FF FF FF 65 3E FF FF FF,FF FF FF 65 3E FF FF FF,[],190=1996.625/exp 1996.5772 VALUE_OK
MATCH,7863,0x0CF00400,61444,151608.0,135260.336,-0.057,FF FF FF 2E 3E FF FF FF,FF FF FF 2E 3E FF FF FF,[],190=1989.75/exp 1989.7716 VALUE_OK
MATCH,7864,0x0CF00400,61444,151613.0,135265.359,-0.033,FF FF FF F8 3D FF FF FF,FF FF FF F8 3D FF FF FF,[],190=1983.0/exp 1982.9623 VALUE_OK
MATCH,7865,0x0CF00400,61444,151618.0,135270.375,-0.016,FF FF FF C1 3D FF FF FF,FF FF FF C1 3D FF FF FF,[],190=1976.125/exp 1976.1495 VALUE_OK
MATCH,7866,0x0CF00400,61444,151623.0,135275.334,-0.057,FF FF FF 8B 3D FF FF FF,FF FF FF 8B 3D FF FF FF,[],190=1969.375/exp 1969.3332 VALUE_OK
MATCH,7867,0x0CF00400,61444,151628.0,135280.346,-0.043,FF FF FF 54 3D FF FF FF,FF FF FF 54 3D FF FF FF,[],190=1962.5/exp 1962.5134 VALUE_OK
MATCH,7868,0x0CF00400,61444,151633.0,135285.362,-0.027,FF FF FF 1E 3D FF FF FF,FF FF FF 1E 3D FF FF FF,[],190=1955.75/exp 1955.6904 VALUE_OK
MATCH,7869,0x0CF00400,61444,151638.0,135290.317,-0.071,FF FF FF E7 3C FF FF FF,FF FF FF E7 3C FF FF FF,[],190=1948.875/exp 1948.8643 VALUE_OK
MATCH,7870,0x0CF00400,61444,151643.0,135295.345,-0.042,FF FF FF B0 3C FF FF FF,FF FF FF B0 3C FF FF FF,[],190=1942.0/exp 1942.035 VALUE_OK
MATCH,7871,0x0CF00400,61444,151648.0,135300.356,-0.03,FF FF FF 7A 3C FF FF FF,FF FF FF 7A 3C FF FF FF,[],190=1935.25/exp 1935.2028 VALUE_OK
MATCH,7872,0x0CF00400,61444,151653.0,135305.38,-0.005,FF FF FF 43 3C FF FF FF,FF FF FF 43 3C FF FF FF,[],190=1928.375/exp 1928.3678 VALUE_OK
UNLOGGED,,0x0CF00400,61444,,135310.327,,,FF FF FF 0C 3C FF FF FF,[],
MATCH,7874,0x0CF00400,61444,151663.0,135315.327,-0.058,FF FF FF D6 3B FF FF FF,FF FF FF D6 3B FF FF FF,[],190=1914.75/exp 1914.6895 VALUE_OK
MATCH,7875,0x0CF00400,61444,151668.0,135320.354,-0.03,FF FF FF 9F 3B FF FF FF,FF FF FF 9F 3B FF FF FF,[],190=1907.875/exp 1907.8466 VALUE_OK
MATCH,7876,0x0CF00400,61444,151673.0,135325.362,-0.021,FF FF FF 68 3B FF FF FF,FF FF FF 68 3B FF FF FF,[],190=1901.0/exp 1901.0011 VALUE_OK
MATCH,7877,0x0CF00400,61444,151678.0,135330.317,-0.066,FF FF FF 31 3B FF FF FF,FF FF FF 31 3B FF FF FF,[],190=1894.125/exp 1894.1534 VALUE_OK
MATCH,7878,0x0CF00400,61444,151683.0,135335.341,-0.041,FF FF FF FA 3A FF FF FF,FF FF FF FA 3A FF FF FF,[],190=1887.25/exp 1887.3034 VALUE_OK
MATCH,7879,0x0CF00400,61444,151688.0,135340.361,-0.02,FF FF FF C4 3A FF FF FF,FF FF FF C4 3A FF FF FF,[],190=1880.5/exp 1880.4513 VALUE_OK
MATCH,7880,0x0CF00400,61444,151693.0,135345.312,-0.068,FF FF FF 8D 3A FF FF FF,FF FF FF 8D 3A FF FF FF,[],190=1873.625/exp 1873.5972 VALUE_OK
MATCH,7881,0x0CF00400,61444,151698.0,135350.327,-0.052,FF FF FF 56 3A FF FF FF,FF FF FF 56 3A FF FF FF,[],190=1866.75/exp 1866.7412 VALUE_OK
MATCH,7882,0x0CF00400,61444,151703.0,135355.355,-0.023,FF FF FF 1F 3A FF FF FF,FF FF FF 1F 3A FF FF FF,[],190=1859.875/exp 1859.8834 VALUE_OK
MATCH,7883,0x0CF00400,61444,151708.0,135360.323,-0.054,FF FF FF E8 39 FF FF FF,FF FF FF E8 39 FF FF FF,[],190=1853.0/exp 1853.0239 VALUE_OK
MATCH,7884,0x0CF00400,61444,151713.0,135365.338,-0.038,FF FF FF B1 39 FF FF FF,FF FF FF B1 39 FF FF FF,[],190=1846.125/exp 1846.1628 VALUE_OK
MATCH,7885,0x0CF00400,61444,151718.0,135370.358,-0.018,FF FF FF 7A 39 FF FF FF,FF FF FF 7A 39 FF FF FF,[],190=1839.25/exp 1839.3002 VALUE_OK
MATCH,7886,0x0CF00400,61444,151723.0,135375.325,-0.05,FF FF FF 43 39 FF FF FF,FF FF FF 43 39 FF FF FF,[],190=1832.375/exp 1832.4363 VALUE_OK
MATCH,7887,0x0CF00400,61444,151728.0,135380.353,-0.021,FF FF FF 0D 39 FF FF FF,FF FF FF 0D 39 FF FF FF,[],190=1825.625/exp 1825.5711 VALUE_OK
MATCH,7888,0x0CF00400,61444,151733.0,135385.321,-0.053,FF FF FF D6 38 FF FF FF,FF FF FF D6 38 FF FF FF,[],190=1818.75/exp 1818.7047 VALUE_OK
MATCH,7889,0x0CF00400,61444,151738.0,135390.352,-0.021,FF FF FF 9F 38 FF FF FF,FF FF FF 9F 38 FF FF FF,[],190=1811.875/exp 1811.8372 VALUE_OK
MATCH,7890,0x0CF00400,61444,151743.0,135395.359,-0.013,FF FF FF 68 38 FF FF FF,FF FF FF 68 38 FF FF FF,[],190=1805.0/exp 1804.9688 VALUE_OK
MATCH,7891,0x0CF00400,61444,151748.0,135400.311,-0.061,FF FF FF 31 38 FF FF FF,FF FF FF 31 38 FF FF FF,[],190=1798.125/exp 1798.0996 VALUE_OK
MATCH,7892,0x0CF00400,61444,151753.0,135405.339,-0.032,FF FF FF FA 37 FF FF FF,FF FF FF FA 37 FF FF FF,[],190=1791.25/exp 1791.2296 VALUE_OK
MATCH,7893,0x0CF00400,61444,151758.0,135410.362,-0.008,FF FF FF C3 37 FF FF FF,FF FF FF C3 37 FF FF FF,[],190=1784.375/exp 1784.359 VALUE_OK
MATCH,7894,0x0CF00400,61444,151763.0,135415.314,-0.056,FF FF FF 8C 37 FF FF FF,FF FF FF 8C 37 FF FF FF,[],190=1777.5/exp 1777.4878 VALUE_OK
MATCH,7895,0x0CF00400,61444,151768.0,135420.333,-0.036,FF FF FF 55 37 FF FF FF,FF FF FF 55 37 FF FF FF,[],190=1770.625/exp 1770.6162 VALUE_OK
MATCH,7896,0x0CF00400,61444,151773.0,135425.348,-0.02,FF FF FF 1E 37 FF FF FF,FF FF FF 1E 37 FF FF FF,[],190=1763.75/exp 1763.7443 VALUE_OK
MATCH,7897,0x0CF00400,61444,151778.0,135430.304,-0.064,FF FF FF E7 36 FF FF FF,FF FF FF E7 36 FF FF FF,[],190=1756.875/exp 1756.8722 VALUE_OK
MATCH,7898,0x0CF00400,61444,151783.0,135435.336,-0.031,FF FF FF B0 36 FF FF FF,FF FF FF B0 36 FF FF FF,[],190=1750.0/exp 1750.0 VALUE_OK
MATCH,7899,0x0CF00400,61444,151788.0,135440.359,-0.007,FF FF FF 79 36 FF FF FF,FF FF FF 79 36 FF FF FF,[],190=1743.125/exp 1743.1278 VALUE_OK
MATCH,7900,0x0CF00400,61444,151793.0,135445.311,-0.055,FF FF FF 42 36 FF FF FF,FF FF FF 42 36 FF FF FF,[],190=1736.25/exp 1736.2557 VALUE_OK
MATCH,7901,0x0CF00400,61444,151798.0,135450.322,-0.043,FF FF FF 0B 36 FF FF FF,FF FF FF 0B 36 FF FF FF,[],190=1729.375/exp 1729.3838 VALUE_OK
MATCH,7902,0x0CF00400,61444,151803.0,135455.342,-0.022,FF FF FF D4 35 FF FF FF,FF FF FF D4 35 FF FF FF,[],190=1722.5/exp 1722.5122 VALUE_OK
MATCH,7903,0x0CF00400,61444,151808.0,135460.305,-0.058,FF FF FF 9D 35 FF FF FF,FF FF FF 9D 35 FF FF FF,[],190=1715.625/exp 1715.641 VALUE_OK
UNLOGGED,,0x0CF00400,61444,,135465.321,,,FF FF FF 66 35 FF FF FF,[],
MATCH,7905,0x0CF00400,61444,151818.0,135470.348,-0.014,FF FF FF 2F 35 FF FF FF,FF FF FF 2F 35 FF FF FF,[],190=1701.875/exp 1701.9004 VALUE_OK
MATCH,7906,0x0CF00400,61444,151823.0,135475.312,-0.05,FF FF FF F8 34 FF FF FF,FF FF FF F8 34 FF FF FF,[],190=1695.0/exp 1695.0312 VALUE_OK
MATCH,7907,0x0CF00400,61444,151828.0,135480.335,-0.026,FF FF FF C1 34 FF FF FF,FF FF FF C1 34 FF FF FF,[],190=1688.125/exp 1688.1628 VALUE_OK
MATCH,7908,0x0CF00400,61444,151833.0,135485.291,-0.069,FF FF FF 8A 34 FF FF FF,FF FF FF 8A 34 FF FF FF,[],190=1681.25/exp 1681.2953 VALUE_OK
MATCH,7909,0x0CF00400,61444,151838.0,135490.315,-0.044,FF FF FF 53 34 FF FF FF,FF FF FF 53 34 FF FF FF,[],190=1674.375/exp 1674.4289 VALUE_OK
MATCH,7910,0x0CF00400,61444,151843.0,135495.338,-0.02,FF FF FF 1D 34 FF FF FF,FF FF FF 1D 34 FF FF FF,[],190=1667.625/exp 1667.5637 VALUE_OK
MATCH,7911,0x0CF00400,61444,151848.0,135500.297,-0.061,FF FF FF E6 33 FF FF FF,FF FF FF E6 33 FF FF FF,[],190=1660.75/exp 1660.6998 VALUE_OK
MATCH,7912,0x0CF00400,61444,151853.0,135505.321,-0.036,FF FF FF AF 33 FF FF FF,FF FF FF AF 33 FF FF FF,[],190=1653.875/exp 1653.8372 VALUE_OK
UNLOGGED,,0x0CF00400,61444,,135510.337,,,FF FF FF 78 33 FF FF FF,[],
MATCH,7914,0x0CF00400,61444,151863.0,135515.296,-0.06,FF FF FF 41 33 FF FF FF,FF FF FF 41 33 FF FF FF,[],190=1640.125/exp 1640.1166 VALUE_OK
MATCH,7915,0x0CF00400,61444,151868.0,135520.312,-0.043,FF FF FF 0A 33 FF FF FF,FF FF FF 0A 33 FF FF FF,[],190=1633.25/exp 1633.2588 VALUE_OK
MATCH,7916,0x0CF00400,61444,151873.0,135525.327,-0.027,FF FF FF D3 32 FF FF FF,FF FF FF D3 32 FF FF FF,[],190=1626.375/exp 1626.4028 VALUE_OK
MATCH,7917,0x0CF00400,61444,151878.0,135530.339,-0.014,FF FF FF 9C 32 FF FF FF,FF FF FF 9C 32 FF FF FF,[],190=1619.5/exp 1619.5487 VALUE_OK
MATCH,7918,0x0CF00400,61444,151883.0,135535.286,-0.067,FF FF FF 66 32 FF FF FF,FF FF FF 66 32 FF FF FF,[],190=1612.75/exp 1612.6966 VALUE_OK
MATCH,7919,0x0CF00400,61444,151888.0,135540.31,-0.042,FF FF FF 2F 32 FF FF FF,FF FF FF 2F 32 FF FF FF,[],190=1605.875/exp 1605.8466 VALUE_OK
MATCH,7920,0x0CF00400,61444,151893.0,135545.334,-0.017,FF FF FF F8 31 FF FF FF,FF FF FF F8 31 FF FF FF,[],190=1599.0/exp 1598.9989 VALUE_OK
MATCH,7921,0x0CF00400,61444,151898.0,135550.345,-0.005,FF FF FF C1 31 FF FF FF,FF FF FF C1 31 FF FF FF,[],190=1592.125/exp 1592.1534 VALUE_OK
MATCH,7922,0x0CF00400,61444,151903.0,135555.292,-0.058,FF FF FF 8A 31 FF FF FF,FF FF FF 8A 31 FF FF FF,[],190=1585.25/exp 1585.3105 VALUE_OK
MATCH,7923,0x0CF00400,61444,151908.0,135560.3,-0.049,FF FF FF 54 31 FF FF FF,FF FF FF 54 31 FF FF FF,[],190=1578.5/exp 1578.47 VALUE_OK
MATCH,7924,0x0CF00400,61444,151913.0,135565.295,-0.053,FF FF FF 1D 31 FF FF FF,FF FF FF 1D 31 FF FF FF,[],190=1571.625/exp 1571.6322 VALUE_OK
MATCH,7925,0x0CF00400,61444,151918.0,135570.303,-0.044,FF FF FF E6 30 FF FF FF,FF FF FF E6 30 FF FF FF,[],190=1564.75/exp 1564.7972 VALUE_OK
MATCH,7926,0x0CF00400,61444,151923.0,135575.33,-0.016,FF FF FF B0 30 FF FF FF,FF FF FF B0 30 FF FF FF,[],190=1558.0/exp 1557.965 VALUE_OK
MATCH,7927,0x0CF00400,61444,151928.0,135580.33,-0.016,FF FF FF 79 30 FF FF FF,FF FF FF 79 30 FF FF FF,[],190=1551.125/exp 1551.1357 VALUE_OK
MATCH,7928,0x0CF00400,61444,151933.0,135585.286,-0.06,FF FF FF 42 30 FF FF FF,FF FF FF 42 30 FF FF FF,[],190=1544.25/exp 1544.3096 VALUE_OK
MATCH,7929,0x0CF00400,61444,151938.0,135590.301,-0.043,FF FF FF 0C 30 FF FF FF,FF FF FF 0C 30 FF FF FF,[],190=1537.5/exp 1537.4866 VALUE_OK
UNLOGGED,,0x0CF00400,61444,,135595.321,,,FF FF FF D5 2F FF FF FF,[],
MATCH,7931,0x0CF00400,61444,151948.0,135600.34,-0.004,FF FF FF 9F 2F FF FF FF,FF FF FF 9F 2F FF FF FF,[],190=1523.875/exp 1523.8505 VALUE_OK
MATCH,7932,0x0CF00400,61444,151953.0,135605.28,-0.063,FF FF FF 68 2F FF FF FF,FF FF FF 68 2F FF FF FF,[],190=1517.0/exp 1517.0377 VALUE_OK
MATCH,7933,0x0CF00400,61444,151958.0,135610.291,-0.051,FF FF FF 32 2F FF FF FF,FF FF FF 32 2F FF FF FF,[],190=1510.25/exp 1510.2284 VALUE_OK
MATCH,7934,0x0CF00400,61444,151963.0,135615.303,-0.038,FF FF FF FB 2E FF FF FF,FF FF FF FB 2E FF FF FF,[],190=1503.375/exp 1503.4228 VALUE_OK
MATCH,7935,0x0CF00400,61444,151968.0,135620.318,-0.022,FF FF FF C5 2E FF FF FF,FF FF FF C5 2E FF FF FF,[],190=1496.625/exp 1496.6211 VALUE_OK
MATCH,7936,0x0CF00400,61444,151973.0,135625.274,-0.066,FF FF FF 8F 2E FF FF FF,FF FF FF 8F 2E FF FF FF,[],190=1489.875/exp 1489.8232 VALUE_OK
MATCH,7937,0x0CF00400,61444,151978.0,135630.285,-0.054,FF FF FF 58 2E FF FF FF,FF FF FF 58 2E FF FF FF,[],190=1483.0/exp 1483.0294 VALUE_OK
MATCH,7938,0x0CF00400,61444,151983.0,135635.293,-0.045,FF FF FF 22 2E FF FF FF,FF FF FF 22 2E FF FF FF,[],190=1476.25/exp 1476.2397 VALUE_OK
MATCH,7939,0x0CF00400,61444,151988.0,135640.312,-0.025,FF FF FF EC 2D FF FF FF,FF FF FF EC 2D FF FF FF,[],190=1469.5/exp 1469.4542 VALUE_OK
MATCH,7940,0x0CF00400,61444,151993.0,135645.332,-0.004,FF FF FF B5 2D FF FF FF,FF FF FF B5 2D FF FF FF,[],190=1462.625/exp 1462.673 VALUE_OK
MATCH,7941,0x0CF00400,61444,151998.0,135650.279,-0.057,FF FF FF 7F 2D FF FF FF,FF FF FF 7F 2D FF FF FF,[],190=1455.875/exp 1455.8963 VALUE_OK
MATCH,7942,0x0CF00400,61444,152003.0,135655.291,-0.044,FF FF FF 49 2D FF FF FF,FF FF FF 49 2D FF FF FF,[],190=1449.125/exp 1449.1241 VALUE_OK
MATCH,7943,0x0CF00400,61444,152008.0,135660.307,-0.027,FF FF FF 13 2D FF FF FF,FF FF FF 13 2D FF FF FF,[],190=1442.375/exp 1442.3565 VALUE_OK
MATCH,7944,0x0CF00400,61444,152013.0,135665.318,-0.016,FF FF FF DD 2C FF FF FF,FF FF FF DD 2C FF FF FF,[],190=1435.625/exp 1435.5937 VALUE_OK
MATCH,7945,0x0CF00400,61444,152018.0,135670.27,-0.063,FF FF FF A7 2C FF FF FF,FF FF FF A7 2C FF FF FF,[],190=1428.875/exp 1428.8357 VALUE_OK
MATCH,7946,0x0CF00400,61444,152023.0,135675.281,-0.051,FF FF FF 71 2C FF FF FF,FF FF FF 71 2C FF FF FF,[],190=1422.125/exp 1422.0827 VALUE_OK
MATCH,7947,0x0CF00400,61444,152028.0,135680.293,-0.038,FF FF FF 3B 2C FF FF FF,FF FF FF 3B 2C FF FF FF,[],190=1415.375/exp 1415.3347 VALUE_OK
MATCH,7948,0x0CF00400,61444,152033.0,135685.305,-0.025,FF FF FF 05 2C FF FF FF,FF FF FF 05 2C FF FF FF,[],190=1408.625/exp 1408.5919 VALUE_OK
MATCH,7949,0x0CF00400,61444,152038.0,135690.3,-0.03,FF FF FF CF 2B FF FF FF,FF FF FF CF 2B FF FF FF,[],190=1401.875/exp 1401.8544 VALUE_OK
MATCH,7950,0x0CF00400,61444,152043.0,135695.316,-0.013,FF FF FF 99 2B FF FF FF,FF FF FF 99 2B FF FF FF,[],190=1395.125/exp 1395.1222 VALUE_OK
MATCH,7951,0x0CF00400,61444,152048.0,135700.267,-0.062,FF FF FF 63 2B FF FF FF,FF FF FF 63 2B FF FF FF,[],190=1388.375/exp 1388.3955 VALUE_OK
MATCH,7952,0x0CF00400,61444,152053.0,135705.274,-0.054,FF FF FF 2D 2B FF FF FF,FF FF FF 2D 2B FF FF FF,[],190=1381.625/exp 1381.6744 VALUE_OK
MATCH,7953,0x0CF00400,61444,152058.0,135710.302,-0.025,FF FF FF F8 2A FF FF FF,FF FF FF F8 2A FF FF FF,[],190=1375.0/exp 1374.959 VALUE_OK
MATCH,7954,0x0CF00400,61444,152063.0,135715.303,-0.023,FF FF FF C2 2A FF FF FF,FF FF FF C2 2A FF FF FF,[],190=1368.25/exp 1368.2493 VALUE_OK
MATCH,7955,0x0CF00400,61444,152068.0,135720.254,-0.072,FF FF FF 8C 2A FF FF FF,FF FF FF 8C 2A FF FF FF,[],190=1361.5/exp 1361.5456 VALUE_OK
MATCH,7956,0x0CF00400,61444,152073.0,135725.27,-0.054,FF FF FF 57 2A FF FF FF,FF FF FF 57 2A FF FF FF,[],190=1354.875/exp 1354.8478 VALUE_OK
MATCH,7957,0x0CF00400,61444,152078.0,135730.277,-0.046,FF FF FF 21 2A FF FF FF,FF FF FF 21 2A FF FF FF,[],190=1348.125/exp 1348.1561 VALUE_OK
MATCH,7958,0x0CF00400,61444,152083.0,135735.305,-0.017,FF FF FF EC 29 FF FF FF,FF FF FF EC 29 FF FF FF,[],190=1341.5/exp 1341.4706 VALUE_OK
MATCH,7959,0x0CF00400,61444,152088.0,135740.312,-0.01,FF FF FF B6 29 FF FF FF,FF FF FF B6 29 FF FF FF,[],190=1334.75/exp 1334.7914 VALUE_OK
MATCH,7960,0x0CF00400,61444,152093.0,135745.276,-0.046,FF FF FF 81 29 FF FF FF,FF FF FF 81 29 FF FF FF,[],190=1328.125/exp 1328.1186 VALUE_OK
MATCH,7961,0x0CF00400,61444,152098.0,135750.275,-0.046,FF FF FF 4C 29 FF FF FF,FF FF FF 4C 29 FF FF FF,[],190=1321.5/exp 1321.4524 VALUE_OK
MATCH,7962,0x0CF00400,61444,152103.0,135755.291,-0.029,FF FF FF 16 29 FF FF FF,FF FF FF 16 29 FF FF FF,[],190=1314.75/exp 1314.7927 VALUE_OK
MATCH,7963,0x0CF00400,61444,152108.0,135760.31,-0.009,FF FF FF E1 28 FF FF FF,FF FF FF E1 28 FF FF FF,[],190=1308.125/exp 1308.1397 VALUE_OK
MATCH,7964,0x0CF00400,61444,152113.0,135765.262,-0.057,FF FF FF AC 28 FF FF FF,FF FF FF AC 28 FF FF FF,[],190=1301.5/exp 1301.4936 VALUE_OK
MATCH,7965,0x0CF00400,61444,152118.0,135770.277,-0.041,FF FF FF 77 28 FF FF FF,FF FF FF 77 28 FF FF FF,[],190=1294.875/exp 1294.8544 VALUE_OK
MATCH,7966,0x0CF00400,61444,152123.0,135775.281,-0.036,FF FF FF 42 28 FF FF FF,FF FF FF 42 28 FF FF FF,[],190=1288.25/exp 1288.2222 VALUE_OK
MATCH,7967,0x0CF00400,61444,152128.0,135780.301,-0.015,FF FF FF 0D 28 FF FF FF,FF FF FF 0D 28 FF FF FF,[],190=1281.625/exp 1281.5971 VALUE_OK
UNLOGGED,,0x0CF00400,61444,,135785.26,,,FF FF FF D8 27 FF FF FF,[],
MATCH,7969,0x0CF00400,61444,152138.0,135790.272,-0.044,FF FF FF A3 27 FF FF FF,FF FF FF A3 27 FF FF FF,[],190=1268.375/exp 1268.3687 VALUE_OK
MATCH,7970,0x0CF00400,61444,152143.0,135795.279,-0.036,FF FF FF 6E 27 FF FF FF,FF FF FF 6E 27 FF FF FF,[],190=1261.75/exp 1261.7656 VALUE_OK
MATCH,7971,0x0CF00400,61444,152148.0,135800.294,-0.02,FF FF FF 39 27 FF FF FF,FF FF FF 39 27 FF FF FF,[],190=1255.125/exp 1255.17 VALUE_OK
MATCH,7972,0x0CF00400,61444,152153.0,135805.246,-0.068,FF FF FF 05 27 FF FF FF,FF FF FF 05 27 FF FF FF,[],190=1248.625/exp 1248.582 VALUE_OK
MATCH,7973,0x0CF00400,61444,152158.0,135810.258,-0.055,FF FF FF D0 26 FF FF FF,FF FF FF D0 26 FF FF FF,[],190=1242.0/exp 1242.0018 VALUE_OK
MATCH,7974,0x0CF00400,61444,152163.0,135815.249,-0.063,FF FF FF 9B 26 FF FF FF,FF FF FF 9B 26 FF FF FF,[],190=1235.375/exp 1235.4294 VALUE_OK
MATCH,7975,0x0CF00400,61444,152168.0,135820.269,-0.041,FF FF FF 67 26 FF FF FF,FF FF FF 67 26 FF FF FF,[],190=1228.875/exp 1228.865 VALUE_OK
MATCH,7976,0x0CF00400,61444,152173.0,135825.272,-0.037,FF FF FF 32 26 FF FF FF,FF FF FF 32 26 FF FF FF,[],190=1222.25/exp 1222.3086 VALUE_OK
UNLOGGED,,0x0CF00400,61444,,135830.296,,,FF FF FF FE 25 FF FF FF,[],
MATCH,7978,0x0CF00400,61444,152183.0,135835.243,-0.066,FF FF FF CA 25 FF FF FF,FF FF FF CA 25 FF FF FF,[],190=1209.25/exp 1209.2203 VALUE_OK
MATCH,7979,0x0CF00400,61444,152188.0,135840.259,-0.048,FF FF FF 96 25 FF FF FF,FF FF FF 96 25 FF FF FF,[],190=1202.75/exp 1202.6886 VALUE_OK
MATCH,7980,0x0CF00400,61444,152193.0,135845.27,-0.036,FF FF FF 61 25 FF FF FF,FF FF FF 61 25 FF FF FF,[],190=1196.125/exp 1196.1653 VALUE_OK
MATCH,7981,0x0CF00400,61444,152198.0,135850.282,-0.024,FF FF FF 2D 25 FF FF FF,FF FF FF 2D 25 FF FF FF,[],190=1189.625/exp 1189.6506 VALUE_OK
MATCH,7982,0x0CF00400,61444,152203.0,135855.293,-0.012,FF FF FF F9 24 FF FF FF,FF FF FF F9 24 FF FF FF,[],190=1183.125/exp 1183.1445 VALUE_OK
MATCH,7983,0x0CF00400,61444,152208.0,135860.245,-0.06,FF FF FF C5 24 FF FF FF,FF FF FF C5 24 FF FF FF,[],190=1176.625/exp 1176.6472 VALUE_OK
MATCH,7984,0x0CF00400,61444,152213.0,135865.269,-0.035,FF FF FF 91 24 FF FF FF,FF FF FF 91 24 FF FF FF,[],190=1170.125/exp 1170.1587 VALUE_OK
MATCH,7985,0x0CF00400,61444,152218.0,135870.272,-0.031,FF FF FF 5D 24 FF FF FF,FF FF FF 5D 24 FF FF FF,[],190=1163.625/exp 1163.6791 VALUE_OK
MATCH,7986,0x0CF00400,61444,152223.0,135875.28,-0.022,FF FF FF 2A 24 FF FF FF,FF FF FF 2A 24 FF FF FF,[],190=1157.25/exp 1157.2086 VALUE_OK
MATCH,7987,0x0CF00400,61444,152228.0,135880.239,-0.063,FF FF FF F6 23 FF FF FF,FF FF FF F6 23 FF FF FF,[],190=1150.75/exp 1150.7473 VALUE_OK
MATCH,7988,0x0CF00400,61444,152233.0,135885.259,-0.042,FF FF FF C2 23 FF FF FF,FF FF FF C2 23 FF FF FF,[],190=1144.25/exp 1144.2952 VALUE_OK
MATCH,7989,0x0CF00400,61444,152238.0,135890.266,-0.034,FF FF FF 8F 23 FF FF FF,FF FF FF 8F 23 FF FF FF,[],190=1137.875/exp 1137.8524 VALUE_OK
MATCH,7990,0x0CF00400,61444,152243.0,135895.278,-0.021,FF FF FF 5B 23 FF FF FF,FF FF FF 5B 23 FF FF FF,[],190=1131.375/exp 1131.419 VALUE_OK
MATCH,7991,0x0CF00400,61444,152248.0,135900.233,-0.066,FF FF FF 28 23 FF FF FF,FF FF FF 28 23 FF FF FF,[],190=1125.0/exp 1124.9952 VALUE_OK
MATCH,7992,0x0CF00400,61444,152253.0,135905.249,-0.049,FF FF FF F5 22 FF FF FF,FF FF FF F5 22 FF FF FF,[],190=1118.625/exp 1118.5811 VALUE_OK
MATCH,7993,0x0CF00400,61444,152258.0,135910.264,-0.033,FF FF FF C1 22 FF FF FF,FF FF FF C1 22 FF FF FF,[],190=1112.125/exp 1112.1766 VALUE_OK
MATCH,7994,0x0CF00400,61444,152263.0,135915.272,-0.024,FF FF FF 8E 22 FF FF FF,FF FF FF 8E 22 FF FF FF,[],190=1105.75/exp 1105.782 VALUE_OK
MATCH,7995,0x0CF00400,61444,152268.0,135920.287,-0.008,FF FF FF 5B 22 FF FF FF,FF FF FF 5B 22 FF FF FF,[],190=1099.375/exp 1099.3974 VALUE_OK
MATCH,7996,0x0CF00400,61444,152273.0,135925.243,-0.052,FF FF FF 28 22 FF FF FF,FF FF FF 28 22 FF FF FF,[],190=1093.0/exp 1093.0228 VALUE_OK
MATCH,7997,0x0CF00400,61444,152278.0,135930.258,-0.036,FF FF FF F5 21 FF FF FF,FF FF FF F5 21 FF FF FF,[],190=1086.625/exp 1086.6583 VALUE_OK
MATCH,7998,0x0CF00400,61444,152283.0,135935.27,-0.023,FF FF FF C2 21 FF FF FF,FF FF FF C2 21 FF FF FF,[],190=1080.25/exp 1080.304 VALUE_OK
MATCH,7999,0x0CF00400,61444,152288.0,135940.265,-0.028,FF FF FF 90 21 FF FF FF,FF FF FF 90 21 FF FF FF,[],190=1074.0/exp 1073.9601 VALUE_OK
MATCH,8000,0x0CF00400,61444,152293.0,135945.265,-0.027,FF FF FF 5D 21 FF FF FF,FF FF FF 5D 21 FF FF FF,[],190=1067.625/exp 1067.6265 VALUE_OK
MATCH,8001,0x0CF00400,61444,152298.0,135950.28,-0.012,FF FF FF 2A 21 FF FF FF,FF FF FF 2A 21 FF FF FF,[],190=1061.25/exp 1061.3036 VALUE_OK
MATCH,8002,0x0CF00400,61444,152303.0,135955.244,-0.048,FF FF FF F8 20 FF FF FF,FF FF FF F8 20 FF FF FF,[],190=1055.0/exp 1054.9912 VALUE_OK
MATCH,8003,0x0CF00400,61444,152308.0,135960.256,-0.035,FF FF FF C6 20 FF FF FF,FF FF FF C6 20 FF FF FF,[],190=1048.75/exp 1048.6895 VALUE_OK
MATCH,8004,0x0CF00400,61444,152313.0,135965.267,-0.023,FF FF FF 93 20 FF FF FF,FF FF FF 93 20 FF FF FF,[],190=1042.375/exp 1042.3987 VALUE_OK
MATCH,8005,0x0CF00400,61444,152318.0,135970.279,-0.011,FF FF FF 61 20 FF FF FF,FF FF FF 61 20 FF FF FF,[],190=1036.125/exp 1036.1188 VALUE_OK
MATCH,8006,0x0CF00400,61444,152323.0,135975.234,-0.055,FF FF FF 2F 20 FF FF FF,FF FF FF 2F 20 FF FF FF,[],190=1029.875/exp 1029.8499 VALUE_OK
MATCH,8007,0x0CF00400,61444,152328.0,135980.25,-0.038,FF FF FF FD 1F FF FF FF,FF FF FF FD 1F FF FF FF,[],190=1023.625/exp 1023.5921 VALUE_OK
MATCH,8008,0x0CF00400,61444,152333.0,135985.269,-0.018,FF FF FF CB 1F FF FF FF,FF FF FF CB 1F FF FF FF,[],190=1017.375/exp 1017.3455 VALUE_OK
MATCH,8009,0x0CF00400,61444,152338.0,135990.225,-0.062,FF FF FF 99 1F FF FF FF,FF FF FF 99 1F FF FF FF,[],190=1011.125/exp 1011.1102 VALUE_OK
MATCH,8010,0x0CF00400,61444,152343.0,135995.245,-0.041,FF FF FF 67 1F FF FF FF,FF FF FF 67 1F FF FF FF,[],190=1004.875/exp 1004.8862 VALUE_OK
MATCH,8011,0x0CF00400,61444,152348.0,136000.272,-0.013,FF FF FF 35 1F FF FF FF,FF FF FF 35 1F FF FF FF,[],190=998.625/exp 998.6738 VALUE_OK
MATCH,8012,0x0CF00400,61444,152353.0,136005.24,-0.045,FF FF FF 04 1F FF FF FF,FF FF FF 04 1F FF FF FF,[],190=992.5/exp 992.473 VALUE_OK
MATCH,8013,0x0CF00400,61444,152358.0,136010.255,-0.029,FF FF FF D2 1E FF FF FF,FF FF FF D2 1E FF FF FF,[],190=986.25/exp 986.2838 VALUE_OK
MATCH,8014,0x0CF00400,61444,152363.0,136015.215,-0.068,FF FF FF A1 1E FF FF FF,FF FF FF A1 1E FF FF FF,[],190=980.125/exp 980.1065 VALUE_OK
MATCH,8015,0x0CF00400,61444,152368.0,136020.242,-0.04,FF FF FF 70 1E FF FF FF,FF FF FF 70 1E FF FF FF,[],190=974.0/exp 973.9409 VALUE_OK
MATCH,8016,0x0CF00400,61444,152373.0,136025.277,-0.004,FF FF FF 3E 1E FF FF FF,FF FF FF 3E 1E FF FF FF,[],190=967.75/exp 967.7874 VALUE_OK
MATCH,8017,0x0CF00400,61444,152378.0,136030.229,-0.052,FF FF FF 0D 1E FF FF FF,FF FF FF 0D 1E FF FF FF,[],190=961.625/exp 961.6459 VALUE_OK
MATCH,8018,0x0CF00400,61444,152383.0,136035.257,-0.023,FF FF FF DC 1D FF FF FF,FF FF FF DC 1D FF FF FF,[],190=955.5/exp 955.5166 VALUE_OK
MATCH,8019,0x0CF00400,61444,152388.0,136040.272,-0.008,FF FF FF AB 1D FF FF FF,FF FF FF AB 1D FF FF FF,[],190=949.375/exp 949.3996 VALUE_OK
MATCH,8020,0x0CF00400,61444,152393.0,136045.236,-0.043,FF FF FF 7A 1D FF FF FF,FF FF FF 7A 1D FF FF FF,[],190=943.25/exp 943.2948 VALUE_OK
MATCH,8021,0x0CF00400,61444,152398.0,136050.259,-0.02,FF FF FF 4A 1D FF FF FF,FF FF FF 4A 1D FF FF FF,[],190=937.25/exp 937.2026 VALUE_OK
MATCH,8022,0x0CF00400,61444,152403.0,136055.219,-0.059,FF FF FF 19 1D FF FF FF,FF FF FF 19 1D FF FF FF,[],190=931.125/exp 931.1228 VALUE_OK
MATCH,8023,0x0CF00400,61444,152408.0,136060.246,-0.031,FF FF FF E8 1C FF FF FF,FF FF FF E8 1C FF FF FF,[],190=925.0/exp 925.0557 VALUE_OK
MATCH,8024,0x0CF00400,61444,152413.0,136065.242,-0.034,FF FF FF B8 1C FF FF FF,FF FF FF B8 1C FF FF FF,[],190=919.0/exp 919.0013 VALUE_OK
MATCH,8025,0x0CF00400,61444,152418.0,136070.269,-0.007,FF FF FF 88 1C FF FF FF,FF FF FF 88 1C FF FF FF,[],190=913.0/exp 912.9597 VALUE_OK
MATCH,8026,0x0CF00400,61444,152423.0,136075.225,-0.051,FF FF FF 57 1C FF FF FF,FF FF FF 57 1C FF FF FF,[],190=906.875/exp 906.9311 VALUE_OK
MATCH,8027,0x0CF00400,61444,152428.0,136080.26,-0.015,FF FF FF 27 1C FF FF FF,FF FF FF 27 1C FF FF FF,[],190=900.875/exp 900.9154 VALUE_OK
MATCH,8028,0x0CF00400,61444,152433.0,136085.24,-0.034,FF FF FF F7 1B FF FF FF,FF FF FF F7 1B FF FF FF,[],190=894.875/exp 894.9128 VALUE_OK
MATCH,8029,0x0CF00400,61444,152438.0,136090.212,-0.062,FF FF FF C7 1B FF FF FF,FF FF FF C7 1B FF FF FF,[],190=888.875/exp 888.9234 VALUE_OK
MATCH,8030,0x0CF00400,61444,152443.0,136095.247,-0.025,FF FF FF 98 1B FF FF FF,FF FF FF 98 1B FF FF FF,[],190=883.0/exp 882.9473 VALUE_OK
MATCH,8031,0x0CF00400,61444,152448.0,136100.215,-0.057,FF FF FF 68 1B FF FF FF,FF FF FF 68 1B FF FF FF,[],190=877.0/exp 876.9846 VALUE_OK
MATCH,8032,0x0CF00400,61444,152453.0,136105.242,-0.029,FF FF FF 38 1B FF FF FF,FF FF FF 38 1B FF FF FF,[],190=871.0/exp 871.0353 VALUE_OK
MATCH,8033,0x0CF00400,61444,152458.0,136110.258,-0.012,FF FF FF 09 1B FF FF FF,FF FF FF 09 1B FF FF FF,[],190=865.125/exp 865.0996 VALUE_OK
MATCH,8034,0x0CF00400,61444,152463.0,136115.221,-0.049,FF FF FF D9 1A FF FF FF,FF FF FF D9 1A FF FF FF,[],190=859.125/exp 859.1775 VALUE_OK
MATCH,8035,0x0CF00400,61444,152468.0,136120.241,-0.028,FF FF FF AA 1A FF FF FF,FF FF FF AA 1A FF FF FF,[],190=853.25/exp 853.2692 VALUE_OK
MATCH,8036,0x0CF00400,61444,152473.0,136125.196,-0.072,FF FF FF 7B 1A FF FF FF,FF FF FF 7B 1A FF FF FF,[],190=847.375/exp 847.3747 VALUE_OK
MATCH,8037,0x0CF00400,61444,152478.0,136130.228,-0.039,FF FF FF 4C 1A FF FF FF,FF FF FF 4C 1A FF FF FF,[],190=841.5/exp 841.4941 VALUE_OK
MATCH,8038,0x0CF00400,61444,152483.0,136135.247,-0.019,FF FF FF 1D 1A FF FF FF,FF FF FF 1D 1A FF FF FF,[],190=835.625/exp 835.6275 VALUE_OK
MATCH,8039,0x0CF00400,61444,152488.0,136140.215,-0.051,FF FF FF EE 19 FF FF FF,FF FF FF EE 19 FF FF FF,[],190=829.75/exp 829.775 VALUE_OK
MATCH,8040,0x0CF00400,61444,152493.0,136145.238,-0.027,FF FF FF C0 19 FF FF FF,FF FF FF C0 19 FF FF FF,[],190=824.0/exp 823.9367 VALUE_OK
MATCH,8041,0x0CF00400,61444,152498.0,136150.202,-0.062,FF FF FF 91 19 FF FF FF,FF FF FF 91 19 FF FF FF,[],190=818.125/exp 818.1127 VALUE_OK
MATCH,8042,0x0CF00400,61444,152503.0,136155.218,-0.045,FF FF FF 62 19 FF FF FF,FF FF FF 62 19 FF FF FF,[],190=812.25/exp 812.3031 VALUE_OK
MATCH,8043,0x0CF00400,61444,152508.0,136160.245,-0.017,FF FF FF 34 19 FF FF FF,FF FF FF 34 19 FF FF FF,[],190=806.5/exp 806.5079 VALUE_OK
MATCH,8044,0x0CF00400,61444,152513.0,136165.208,-0.054,FF FF FF 06 19 FF FF FF,FF FF FF 06 19 FF FF FF,[],190=800.75/exp 800.7273 VALUE_OK
MATCH,8045,0x0CF00400,61444,152518.0,136170.236,-0.025,FF FF FF D8 18 FF FF FF,FF FF FF D8 18 FF FF FF,[],190=795.0/exp 794.9613 VALUE_OK
MATCH,8046,0x0CF00400,61444,152523.0,136175.196,-0.064,FF FF FF AA 18 FF FF FF,FF FF FF AA 18 FF FF FF,[],190=789.25/exp 789.2101 VALUE_OK
MATCH,8047,0x0CF00400,61444,152528.0,136180.223,-0.036,FF FF FF 7C 18 FF FF FF,FF FF FF 7C 18 FF FF FF,[],190=783.5/exp 783.4736 VALUE_OK
MATCH,8048,0x0CF00400,61444,152533.0,136185.235,-0.023,FF FF FF 4E 18 FF FF FF,FF FF FF 4E 18 FF FF FF,[],190=777.75/exp 777.7521 VALUE_OK
MATCH,8049,0x0CF00400,61444,152538.0,136190.242,-0.016,FF FF FF 20 18 FF FF FF,FF FF FF 20 18 FF FF FF,[],190=772.0/exp 772.0455 VALUE_OK
MATCH,8050,0x0CF00400,61444,152543.0,136195.206,-0.051,FF FF FF F3 17 FF FF FF,FF FF FF F3 17 FF FF FF,[],190=766.375/exp 766.3541 VALUE_OK
MATCH,8051,0x0CF00400,61444,152548.0,136200.233,-0.023,FF FF FF C5 17 FF FF FF,FF FF FF C5 17 FF FF FF,[],190=760.625/exp 760.6778 VALUE_OK
MATCH,8052,0x0CF00400,61444,152553.0,136205.257,0.001,FF FF FF 98 17 FF FF FF,FF FF FF 98 17 FF FF FF,[],190=755.0/exp 755.0168 VALUE_OK
MATCH,8053,0x0CF00400,61444,152558.0,136210.208,-0.048,FF FF FF 6B 17 FF FF FF,FF FF FF 6B 17 FF FF FF,[],190=749.375/exp 749.3711 VALUE_OK
MATCH,8054,0x0CF00400,61444,152563.0,136215.236,-0.019,FF FF FF 3E 17 FF FF FF,FF FF FF 3E 17 FF FF FF,[],190=743.75/exp 743.7408 VALUE_OK
MATCH,8055,0x0CF00400,61444,152568.0,136220.191,-0.064,FF FF FF 11 17 FF FF FF,FF FF FF 11 17 FF FF FF,[],190=738.125/exp 738.1261 VALUE_OK
MATCH,8056,0x0CF00400,61444,152573.0,136225.227,-0.026,FF FF FF E4 16 FF FF FF,FF FF FF E4 16 FF FF FF,[],190=732.5/exp 732.5269 VALUE_OK
MATCH,8057,0x0CF00400,61444,152578.0,136230.243,-0.01,FF FF FF B8 16 FF FF FF,FF FF FF B8 16 FF FF FF,[],190=727.0/exp 726.9435 VALUE_OK
MATCH,8058,0x0CF00400,61444,152583.0,136235.202,-0.051,FF FF FF 8B 16 FF FF FF,FF FF FF 8B 16 FF FF FF,[],190=721.375/exp 721.3758 VALUE_OK
MATCH,8059,0x0CF00400,61444,152588.0,136240.221,-0.031,FF FF FF 5F 16 FF FF FF,FF FF FF 5F 16 FF FF FF,[],190=715.875/exp 715.824 VALUE_OK
MATCH,8060,0x0CF00400,61444,152593.0,136245.181,-0.07,FF FF FF 32 16 FF FF FF,FF FF FF 32 16 FF FF FF,[],190=710.25/exp 710.2881 VALUE_OK
MATCH,8061,0x0CF00400,61444,152598.0,136250.21,-0.04,FF FF FF 06 16 FF FF FF,FF FF FF 06 16 FF FF FF,[],190=704.75/exp 704.7683 VALUE_OK
MATCH,8062,0x0CF00400,61444,152603.0,136255.233,-0.016,FF FF FF DA 15 FF FF FF,FF FF FF DA 15 FF FF FF,[],190=699.25/exp 699.2646 VALUE_OK
MATCH,8063,0x0CF00400,61444,152608.0,136260.201,-0.047,FF FF FF AE 15 FF FF FF,FF FF FF AE 15 FF FF FF,[],190=693.75/exp 693.7771 VALUE_OK
MATCH,8064,0x0CF00400,61444,152613.0,136265.22,-0.027,FF FF FF 82 15 FF FF FF,FF FF FF 82 15 FF FF FF,[],190=688.25/exp 688.3059 VALUE_OK
MATCH,8065,0x0CF00400,61444,152618.0,136270.24,-0.007,FF FF FF 57 15 FF FF FF,FF FF FF 57 15 FF FF FF,[],190=682.875/exp 682.851 VALUE_OK
MATCH,8066,0x0CF00400,61444,152623.0,136275.207,-0.04,FF FF FF 2B 15 FF FF FF,FF FF FF 2B 15 FF FF FF,[],190=677.375/exp 677.4127 VALUE_OK
MATCH,8067,0x0CF00400,61444,152628.0,136280.231,-0.015,FF FF FF 00 15 FF FF FF,FF FF FF 00 15 FF FF FF,[],190=672.0/exp 671.9908 VALUE_OK
MATCH,8068,0x0CF00400,61444,152633.0,136285.178,-0.068,FF FF FF D5 14 FF FF FF,FF FF FF D5 14 FF FF FF,[],190=666.625/exp 666.5856 VALUE_OK
MATCH,8069,0x0CF00400,61444,152638.0,136290.21,-0.034,FF FF FF AA 14 FF FF FF,FF FF FF AA 14 FF FF FF,[],190=661.25/exp 661.1971 VALUE_OK
MATCH,8070,0x0CF00400,61444,152643.0,136295.237,-0.007,FF FF FF 7F 14 FF FF FF,FF FF FF 7F 14 FF FF FF,[],190=655.875/exp 655.8254 VALUE_OK
MATCH,8071,0x0CF00400,61444,152648.0,136300.197,-0.047,FF FF FF 54 14 FF FF FF,FF FF FF 54 14 FF FF FF,[],190=650.5/exp 650.4705 VALUE_OK
MATCH,8072,0x0CF00400,61444,152653.0,136305.208,-0.035,FF FF FF 29 14 FF FF FF,FF FF FF 29 14 FF FF FF,[],190=645.125/exp 645.1326 VALUE_OK
MATCH,8073,0x0CF00400,61444,152658.0,136310.18,-0.062,FF FF FF FE 13 FF FF FF,FF FF FF FE 13 FF FF FF,[],190=639.75/exp 639.8118 VALUE_OK
MATCH,8074,0x0CF00400,61444,152663.0,136315.18,-0.061,FF FF FF D4 13 FF FF FF,FF FF FF D4 13 FF FF FF,[],190=634.5/exp 634.508 VALUE_OK
MATCH,8075,0x0CF00400,61444,152668.0,136320.199,-0.04,FF FF FF AA 13 FF FF FF,FF FF FF AA 13 FF FF FF,[],190=629.25/exp 629.2215 VALUE_OK
MATCH,8076,0x0CF00400,61444,152673.0,136325.231,-0.008,FF FF FF 80 13 FF FF FF,FF FF FF 80 13 FF FF FF,[],190=624.0/exp 623.9522 VALUE_OK
MATCH,8077,0x0CF00400,61444,152678.0,136330.182,-0.056,FF FF FF 56 13 FF FF FF,FF FF FF 56 13 FF FF FF,[],190=618.75/exp 618.7004 VALUE_OK
MATCH,8078,0x0CF00400,61444,152683.0,136335.206,-0.031,FF FF FF 2C 13 FF FF FF,FF FF FF 2C 13 FF FF FF,[],190=613.5/exp 613.4659 VALUE_OK
MATCH,8079,0x0CF00400,61444,152688.0,136340.229,-0.008,FF FF FF 02 13 FF FF FF,FF FF FF 02 13 FF FF FF,[],190=608.25/exp 608.249 VALUE_OK
MATCH,8080,0x0CF00400,61444,152693.0,136345.197,-0.04,FF FF FF D8 12 FF FF FF,FF FF FF D8 12 FF FF FF,[],190=603.0/exp 603.0497 VALUE_OK
MATCH,8081,0x0CF00400,61444,152698.0,136350.216,-0.02,FF FF FF AF 12 FF FF FF,FF FF FF AF 12 FF FF FF,[],190=597.875/exp 597.8681 VALUE_OK
MATCH,8082,0x0CF00400,61444,152703.0,136355.184,-0.051,FF FF FF 86 12 FF FF FF,FF FF FF 86 12 FF FF FF,[],190=592.75/exp 592.7042 VALUE_OK
MATCH,8083,0x0CF00400,61444,152708.0,136360.207,-0.027,FF FF FF 5C 12 FF FF FF,FF FF FF 5C 12 FF FF FF,[],190=587.5/exp 587.5582 VALUE_OK
MATCH,8084,0x0CF00400,61444,152713.0,136365.171,-0.063,FF FF FF 33 12 FF FF FF,FF FF FF 33 12 FF FF FF,[],190=582.375/exp 582.4302 VALUE_OK
MATCH,8085,0x0CF00400,61444,152718.0,136370.19,-0.043,FF FF FF 0B 12 FF FF FF,FF FF FF 0B 12 FF FF FF,[],190=577.375/exp 577.3201 VALUE_OK
MATCH,8086,0x0CF00400,61444,152723.0,136375.222,-0.01,FF FF FF E2 11 FF FF FF,FF FF FF E2 11 FF FF FF,[],190=572.25/exp 572.2281 VALUE_OK
MATCH,8087,0x0CF00400,61444,152728.0,136380.182,-0.05,FF FF FF B9 11 FF FF FF,FF FF FF B9 11 FF FF FF,[],190=567.125/exp 567.1543 VALUE_OK
MATCH,8088,0x0CF00400,61444,152733.0,136385.209,-0.022,FF FF FF 91 11 FF FF FF,FF FF FF 91 11 FF FF FF,[],190=562.125/exp 562.0987 VALUE_OK
MATCH,8089,0x0CF00400,61444,152738.0,136390.164,-0.066,FF FF FF 68 11 FF FF FF,FF FF FF 68 11 FF FF FF,[],190=557.0/exp 557.0614 VALUE_OK
MATCH,8090,0x0CF00400,61444,152743.0,136395.188,-0.041,FF FF FF 40 11 FF FF FF,FF FF FF 40 11 FF FF FF,[],190=552.0/exp 552.0426 VALUE_OK
MATCH,8091,0x0CF00400,61444,152748.0,136400.212,-0.016,FF FF FF 18 11 FF FF FF,FF FF FF 18 11 FF FF FF,[],190=547.0/exp 547.0422 VALUE_OK
MATCH,8092,0x0CF00400,61444,152753.0,136405.175,-0.053,FF FF FF F0 10 FF FF FF,FF FF FF F0 10 FF FF FF,[],190=542.0/exp 542.0603 VALUE_OK
MATCH,8093,0x0CF00400,61444,152758.0,136410.195,-0.032,FF FF FF C9 10 FF FF FF,FF FF FF C9 10 FF FF FF,[],190=537.125/exp 537.0971 VALUE_OK
MATCH,8094,0x0CF00400,61444,152763.0,136415.218,-0.008,FF FF FF A1 10 FF FF FF,FF FF FF A1 10 FF FF FF,[],190=532.125/exp 532.1526 VALUE_OK
MATCH,8095,0x0CF00400,61444,152768.0,136420.178,-0.048,FF FF FF 7A 10 FF FF FF,FF FF FF 7A 10 FF FF FF,[],190=527.25/exp 527.2269 VALUE_OK
MATCH,8096,0x0CF00400,61444,152773.0,136425.201,-0.024,FF FF FF 53 10 FF FF FF,FF FF FF 53 10 FF FF FF,[],190=522.375/exp 522.32 VALUE_OK
MATCH,8097,0x0CF00400,61444,152778.0,136430.161,-0.063,FF FF FF 2B 10 FF FF FF,FF FF FF 2B 10 FF FF FF,[],190=517.375/exp 517.4321 VALUE_OK
MATCH,8098,0x0CF00400,61444,152783.0,136435.188,-0.035,FF FF FF 05 10 FF FF FF,FF FF FF 05 10 FF FF FF,[],190=512.625/exp 512.5631 VALUE_OK
MATCH,8099,0x0CF00400,61444,152788.0,136440.188,-0.034,FF FF FF DE 0F FF FF FF,FF FF FF DE 0F FF FF FF,[],190=507.75/exp 507.7133 VALUE_OK
MATCH,8100,0x0CF00400,61444,152793.0,136445.2,-0.022,FF FF FF B7 0F FF FF FF,FF FF FF B7 0F FF FF FF,[],190=502.875/exp 502.8826 VALUE_OK
MATCH,8101,0x0CF00400,61444,152798.0,136450.227,0.006,FF FF FF 91 0F FF FF FF,FF FF FF 91 0F FF FF FF,[],190=498.125/exp 498.0711 VALUE_OK
MATCH,8102,0x0CF00400,61444,152803.0,136455.195,-0.026,FF FF FF 6A 0F FF FF FF,FF FF FF 6A 0F FF FF FF,[],190=493.25/exp 493.279 VALUE_OK
MATCH,8103,0x0CF00400,61444,152808.0,136460.226,0.005,FF FF FF 44 0F FF FF FF,FF FF FF 44 0F FF FF FF,[],190=488.5/exp 488.5062 VALUE_OK
MATCH,8104,0x0CF00400,61444,152813.0,136465.178,-0.043,FF FF FF 1E 0F FF FF FF,FF FF FF 1E 0F FF FF FF,[],190=483.75/exp 483.7529 VALUE_OK
MATCH,8105,0x0CF00400,61444,152818.0,136470.209,-0.011,FF FF FF F8 0E FF FF FF,FF FF FF F8 0E FF FF FF,[],190=479.0/exp 479.0191 VALUE_OK
MATCH,8106,0x0CF00400,61444,152823.0,136475.169,-0.051,FF FF FF D2 0E FF FF FF,FF FF FF D2 0E FF FF FF,[],190=474.25/exp 474.3049 VALUE_OK
MATCH,8107,0x0CF00400,61444,152828.0,136480.192,-0.027,FF FF FF AD 0E FF FF FF,FF FF FF AD 0E FF FF FF,[],190=469.625/exp 469.6104 VALUE_OK
MATCH,8108,0x0CF00400,61444,152833.0,136485.22,0.002,FF FF FF 87 0E FF FF FF,FF FF FF 87 0E FF FF FF,[],190=464.875/exp 464.9356 VALUE_OK
MATCH,8109,0x0CF00400,61444,152838.0,136490.179,-0.039,FF FF FF 62 0E FF FF FF,FF FF FF 62 0E FF FF FF,[],190=460.25/exp 460.2807 VALUE_OK
MATCH,8110,0x0CF00400,61444,152843.0,136495.203,-0.015,FF FF FF 3D 0E FF FF FF,FF FF FF 3D 0E FF FF FF,[],190=455.625/exp 455.6456 VALUE_OK
MATCH,8111,0x0CF00400,61444,152848.0,136500.166,-0.051,FF FF FF 18 0E FF FF FF,FF FF FF 18 0E FF FF FF,[],190=451.0/exp 451.0305 VALUE_OK
MATCH,8112,0x0CF00400,61444,152853.0,136505.206,-0.01,FF FF FF F3 0D FF FF FF,FF FF FF F3 0D FF FF FF,[],190=446.375/exp 446.4354 VALUE_OK
MATCH,8113,0x0CF00400,61444,152858.0,136510.161,-0.055,FF FF FF CF 0D FF FF FF,FF FF FF CF 0D FF FF FF,[],190=441.875/exp 441.8604 VALUE_OK
MATCH,8114,0x0CF00400,61444,152863.0,136515.193,-0.022,FF FF FF AA 0D FF FF FF,FF FF FF AA 0D FF FF FF,[],190=437.25/exp 437.3056 VALUE_OK
MATCH,8115,0x0CF00400,61444,152868.0,136520.224,0.009,FF FF FF 86 0D FF FF FF,FF FF FF 86 0D FF FF FF,[],190=432.75/exp 432.7711 VALUE_OK
MATCH,8116,0x0CF00400,61444,152873.0,136525.184,-0.031,FF FF FF 62 0D FF FF FF,FF FF FF 62 0D FF FF FF,[],190=428.25/exp 428.2568 VALUE_OK
MATCH,8117,0x0CF00400,61444,152878.0,136530.208,-0.006,FF FF FF 3E 0D FF FF FF,FF FF FF 3E 0D FF FF FF,[],190=423.75/exp 423.763 VALUE_OK
MATCH,8118,0x0CF00400,61444,152883.0,136535.159,-0.055,FF FF FF 1A 0D FF FF FF,FF FF FF 1A 0D FF FF FF,[],190=419.25/exp 419.2896 VALUE_OK
MATCH,8119,0x0CF00400,61444,152888.0,136540.19,-0.023,FF FF FF F7 0C FF FF FF,FF FF FF F7 0C FF FF FF,[],190=414.875/exp 414.8367 VALUE_OK
MATCH,8120,0x0CF00400,61444,152893.0,136545.15,-0.062,FF FF FF D3 0C FF FF FF,FF FF FF D3 0C FF FF FF,[],190=410.375/exp 410.4044 VALUE_OK
MATCH,8121,0x0CF00400,61444,152898.0,136550.182,-0.029,FF FF FF B0 0C FF FF FF,FF FF FF B0 0C FF FF FF,[],190=406.0/exp 405.9927 VALUE_OK
MATCH,8122,0x0CF00400,61444,152903.0,136555.205,-0.006,FF FF FF 8D 0C FF FF FF,FF FF FF 8D 0C FF FF FF,[],190=401.625/exp 401.6018 VALUE_OK
MATCH,8123,0x0CF00400,61444,152908.0,136560.169,-0.041,FF FF FF 6A 0C FF FF FF,FF FF FF 6A 0C FF FF FF,[],190=397.25/exp 397.2317 VALUE_OK
MATCH,8124,0x0CF00400,61444,152913.0,136565.168,-0.042,FF FF FF 47 0C FF FF FF,FF FF FF 47 0C FF FF FF,[],190=392.875/exp 392.8824 VALUE_OK
MATCH,8125,0x0CF00400,61444,152918.0,136570.2,-0.009,FF FF FF 24 0C FF FF FF,FF FF FF 24 0C FF FF FF,[],190=388.5/exp 388.5541 VALUE_OK
MATCH,8126,0x0CF00400,61444,152923.0,136575.159,-0.05,FF FF FF 02 0C FF FF FF,FF FF FF 02 0C FF FF FF,[],190=384.25/exp 384.2468 VALUE_OK
MATCH,8127,0x0CF00400,61444,152928.0,136580.183,-0.025,FF FF FF E0 0B FF FF FF,FF FF FF E0 0B FF FF FF,[],190=380.0/exp 379.9605 VALUE_OK
MATCH,8128,0x0CF00400,61444,152933.0,136585.206,-0.001,FF FF FF BE 0B FF FF FF,FF FF FF BE 0B FF FF FF,[],190=375.75/exp 375.6954 VALUE_OK
MATCH,8129,0x0CF00400,61444,152938.0,136590.158,-0.049,FF FF FF 9C 0B FF FF FF,FF FF FF 9C 0B FF FF FF,[],190=371.5/exp 371.4514 VALUE_OK
MATCH,8130,0x0CF00400,61444,152943.0,136595.173,-0.033,FF FF FF 7A 0B FF FF FF,FF FF FF 7A 0B FF FF FF,[],190=367.25/exp 367.2287 VALUE_OK
MATCH,8131,0x0CF00400,61444,152948.0,136600.201,-0.004,FF FF FF 58 0B FF FF FF,FF FF FF 58 0B FF FF FF,[],190=363.0/exp 363.0274 VALUE_OK
MATCH,8132,0x0CF00400,61444,152953.0,136605.153,-0.052,FF FF FF 37 0B FF FF FF,FF FF FF 37 0B FF FF FF,[],190=358.875/exp 358.8474 VALUE_OK
MATCH,8133,0x0CF00400,61444,152958.0,136610.172,-0.032,FF FF FF 16 0B FF FF FF,FF FF FF 16 0B FF FF FF,[],190=354.75/exp 354.6889 VALUE_OK
MATCH,8134,0x0CF00400,61444,152963.0,136615.196,-0.008,FF FF FF F4 0A FF FF FF,FF FF FF F4 0A FF FF FF,[],190=350.5/exp 350.5518 VALUE_OK
MATCH,8135,0x0CF00400,61444,152968.0,136620.151,-0.053,FF FF FF D3 0A FF FF FF,FF FF FF D3 0A FF FF FF,[],190=346.375/exp 346.4364 VALUE_OK
MATCH,8136,0x0CF00400,61444,152973.0,136625.175,-0.027,FF FF FF B3 0A FF FF FF,FF FF FF B3 0A FF FF FF,[],190=342.375/exp 342.3426 VALUE_OK
MATCH,8137,0x0CF00400,61444,152978.0,136630.198,-0.004,FF FF FF 92 0A FF FF FF,FF FF FF 92 0A FF FF FF,[],190=338.25/exp 338.2706 VALUE_OK
MATCH,8138,0x0CF00400,61444,152983.0,136635.146,-0.056,FF FF FF 72 0A FF FF FF,FF FF FF 72 0A FF FF FF,[],190=334.25/exp 334.2203 VALUE_OK
MATCH,8139,0x0CF00400,61444,152988.0,136640.173,-0.028,FF FF FF 52 0A FF FF FF,FF FF FF 52 0A FF FF FF,[],190=330.25/exp 330.1918 VALUE_OK
MATCH,8140,0x0CF00400,61444,152993.0,136645.189,-0.011,FF FF FF 31 0A FF FF FF,FF FF FF 31 0A FF FF FF,[],190=326.125/exp 326.1852 VALUE_OK
MATCH,8141,0x0CF00400,61444,152998.0,136650.164,-0.036,FF FF FF 12 0A FF FF FF,FF FF FF 12 0A FF FF FF,[],190=322.25/exp 322.2006 VALUE_OK
MATCH,8142,0x0CF00400,61444,153003.0,136655.188,-0.011,FF FF FF F2 09 FF FF FF,FF FF FF F2 09 FF FF FF,[],190=318.25/exp 318.238 VALUE_OK
MATCH,8143,0x0CF00400,61444,153008.0,136660.155,-0.044,FF FF FF D2 09 FF FF FF,FF FF FF D2 09 FF FF FF,[],190=314.25/exp 314.2975 VALUE_OK
MATCH,8144,0x0CF00400,61444,153013.0,136665.183,-0.015,FF FF FF B3 09 FF FF FF,FF FF FF B3 09 FF FF FF,[],190=310.375/exp 310.3791 VALUE_OK
MATCH,8145,0x0CF00400,61444,153018.0,136670.146,-0.052,FF FF FF 94 09 FF FF FF,FF FF FF 94 09 FF FF FF,[],190=306.5/exp 306.4829 VALUE_OK
MATCH,8146,0x0CF00400,61444,153023.0,136675.162,-0.035,FF FF FF 75 09 FF FF FF,FF FF FF 75 09 FF FF FF,[],190=302.625/exp 302.609 VALUE_OK
MATCH,8147,0x0CF00400,61444,153028.0,136680.185,-0.011,FF FF FF 56 09 FF FF FF,FF FF FF 56 09 FF FF FF,[],190=298.75/exp 298.7574 VALUE_OK
MATCH,8148,0x0CF00400,61444,153033.0,136685.133,-0.063,FF FF FF 37 09 FF FF FF,FF FF FF 37 09 FF FF FF,[],190=294.875/exp 294.9282 VALUE_OK
MATCH,8149,0x0CF00400,61444,153038.0,136690.133,-0.062,FF FF FF 19 09 FF FF FF,FF FF FF 19 09 FF FF FF,[],190=291.125/exp 291.1214 VALUE_OK
MATCH,8150,0x0CF00400,61444,153043.0,136695.156,-0.037,FF FF FF FB 08 FF FF FF,FF FF FF FB 08 FF FF FF,[],190=287.375/exp 287.3371 VALUE_OK
MATCH,8151,0x0CF00400,61444,153048.0,136700.176,-0.017,FF FF FF DD 08 FF FF FF,FF FF FF DD 08 FF FF FF,[],190=283.625/exp 283.5754 VALUE_OK
MATCH,8152,0x0CF00400,61444,153053.0,136705.139,-0.053,FF FF FF BF 08 FF FF FF,FF FF FF BF 08 FF FF FF,[],190=279.875/exp 279.8363 VALUE_OK
MATCH,8153,0x0CF00400,61444,153058.0,136710.159,-0.032,FF FF FF A1 08 FF FF FF,FF FF FF A1 08 FF FF FF,[],190=276.125/exp 276.1198 VALUE_OK
MATCH,8154,0x0CF00400,61444,153063.0,136715.19,-0.001,FF FF FF 83 08 FF FF FF,FF FF FF 83 08 FF FF FF,[],190=272.375/exp 272.4261 VALUE_OK
MATCH,8155,0x0CF00400,61444,153068.0,136720.154,-0.037,FF FF FF 66 08 FF FF FF,FF FF FF 66 08 FF FF FF,[],190=268.75/exp 268.7552 VALUE_OK
MATCH,8156,0x0CF00400,61444,153073.0,136725.177,-0.013,FF FF FF 49 08 FF FF FF,FF FF FF 49 08 FF FF FF,[],190=265.125/exp 265.1071 VALUE_OK
MATCH,8157,0x0CF00400,61444,153078.0,136730.141,-0.049,FF FF FF 2C 08 FF FF FF,FF FF FF 2C 08 FF FF FF,[],190=261.5/exp 261.4819 VALUE_OK
MATCH,8158,0x0CF00400,61444,153083.0,136735.156,-0.033,FF FF FF 0F 08 FF FF FF,FF FF FF 0F 08 FF FF FF,[],190=257.875/exp 257.8797 VALUE_OK
MATCH,8159,0x0CF00400,61444,153088.0,136740.192,0.004,FF FF FF F2 07 FF FF FF,FF FF FF F2 07 FF FF FF,[],190=254.25/exp 254.3005 VALUE_OK
MATCH,8160,0x0CF00400,61444,153093.0,136745.144,-0.044,FF FF FF D6 07 FF FF FF,FF FF FF D6 07 FF FF FF,[],190=250.75/exp 250.7443 VALUE_OK
MATCH,8161,0x0CF00400,61444,153098.0,136750.171,-0.016,FF FF FF BA 07 FF FF FF,FF FF FF BA 07 FF FF FF,[],190=247.25/exp 247.2113 VALUE_OK
MATCH,8162,0x0CF00400,61444,153103.0,136755.139,-0.048,FF FF FF 9E 07 FF FF FF,FF FF FF 9E 07 FF FF FF,[],190=243.75/exp 243.7015 VALUE_OK
MATCH,8163,0x0CF00400,61444,153108.0,136760.174,-0.012,FF FF FF 82 07 FF FF FF,FF FF FF 82 07 FF FF FF,[],190=240.25/exp 240.2148 VALUE_OK
MATCH,8164,0x0CF00400,61444,153113.0,136765.122,-0.064,FF FF FF 66 07 FF FF FF,FF FF FF 66 07 FF FF FF,[],190=236.75/exp 236.7515 VALUE_OK
MATCH,8165,0x0CF00400,61444,153118.0,136770.15,-0.034,FF FF FF 4A 07 FF FF FF,FF FF FF 4A 07 FF FF FF,[],190=233.25/exp 233.3115 VALUE_OK
MATCH,8166,0x0CF00400,61444,153123.0,136775.121,-0.063,FF FF FF 2F 07 FF FF FF,FF FF FF 2F 07 FF FF FF,[],190=229.875/exp 229.8948 VALUE_OK
MATCH,8167,0x0CF00400,61444,153128.0,136780.148,-0.034,FF FF FF 14 07 FF FF FF,FF FF FF 14 07 FF FF FF,[],190=226.5/exp 226.5017 VALUE_OK
MATCH,8168,0x0CF00400,61444,153133.0,136785.181,-0.001,FF FF FF F9 06 FF FF FF,FF FF FF F9 06 FF FF FF,[],190=223.125/exp 223.132 VALUE_OK
MATCH,8169,0x0CF00400,61444,153138.0,136790.149,-0.033,FF FF FF DE 06 FF FF FF,FF FF FF DE 06 FF FF FF,[],190=219.75/exp 219.7858 VALUE_OK
MATCH,8170,0x0CF00400,61444,153143.0,136795.18,-0.001,FF FF FF C4 06 FF FF FF,FF FF FF C4 06 FF FF FF,[],190=216.5/exp 216.4633 VALUE_OK
MATCH,8171,0x0CF00400,61444,153148.0,136800.139,-0.042,FF FF FF A9 06 FF FF FF,FF FF FF A9 06 FF FF FF,[],190=213.125/exp 213.1644 VALUE_OK
MATCH,8172,0x0CF00400,61444,153153.0,136805.155,-0.025,FF FF FF 8F 06 FF FF FF,FF FF FF 8F 06 FF FF FF,[],190=209.875/exp 209.8892 VALUE_OK
MATCH,8173,0x0CF00400,61444,153158.0,136810.115,-0.065,FF FF FF 75 06 FF FF FF,FF FF FF 75 06 FF FF FF,[],190=206.625/exp 206.6378 VALUE_OK
MATCH,8174,0x0CF00400,61444,153163.0,136815.126,-0.052,FF FF FF 5B 06 FF FF FF,FF FF FF 5B 06 FF FF FF,[],190=203.375/exp 203.4101 VALUE_OK
MATCH,8175,0x0CF00400,61444,153168.0,136820.154,-0.023,FF FF FF 42 06 FF FF FF,FF FF FF 42 06 FF FF FF,[],190=200.25/exp 200.2064 VALUE_OK
MATCH,8176,0x0CF00400,61444,153173.0,136825.169,-0.008,FF FF FF 28 06 FF FF FF,FF FF FF 28 06 FF FF FF,[],190=197.0/exp 197.0265 VALUE_OK
MATCH,8177,0x0CF00400,61444,153178.0,136830.128,-0.049,FF FF FF 0F 06 FF FF FF,FF FF FF 0F 06 FF FF FF,[],190=193.875/exp 193.8705 VALUE_OK
MATCH,8178,0x0CF00400,61444,153183.0,136835.164,-0.012,FF FF FF F6 05 FF FF FF,FF FF FF F6 05 FF FF FF,[],190=190.75/exp 190.7386 VALUE_OK
MATCH,8179,0x0CF00400,61444,153188.0,136840.128,-0.048,FF FF FF DD 05 FF FF FF,FF FF FF DD 05 FF FF FF,[],190=187.625/exp 187.6307 VALUE_OK
MATCH,8180,0x0CF00400,61444,153193.0,136845.155,-0.02,FF FF FF C4 05 FF FF FF,FF FF FF C4 05 FF FF FF,[],190=184.5/exp 184.5469 VALUE_OK
MATCH,8181,0x0CF00400,61444,153198.0,136850.111,-0.063,FF FF FF AC 05 FF FF FF,FF FF FF AC 05 FF FF FF,[],190=181.5/exp 181.4872 VALUE_OK
MATCH,8182,0x0CF00400,61444,153203.0,136855.13,-0.043,FF FF FF 94 05 FF FF FF,FF FF FF 94 05 FF FF FF,[],190=178.5/exp 178.4517 VALUE_OK
MATCH,8183,0x0CF00400,61444,153208.0,136860.154,-0.018,FF FF FF 7C 05 FF FF FF,FF FF FF 7C 05 FF FF FF,[],190=175.5/exp 175.4405 VALUE_OK
MATCH,8184,0x0CF00400,61444,153213.0,136865.109,-0.063,FF FF FF 64 05 FF FF FF,FF FF FF 64 05 FF FF FF,[],190=172.5/exp 172.4535 VALUE_OK
MATCH,8185,0x0CF00400,61444,153218.0,136870.125,-0.045,FF FF FF 4C 05 FF FF FF,FF FF FF 4C 05 FF FF FF,[],190=169.5/exp 169.4909 VALUE_OK
MATCH,8186,0x0CF00400,61444,153223.0,136875.145,-0.025,FF FF FF 34 05 FF FF FF,FF FF FF 34 05 FF FF FF,[],190=166.5/exp 166.5527 VALUE_OK
MATCH,8187,0x0CF00400,61444,153228.0,136880.168,-0.001,FF FF FF 1D 05 FF FF FF,FF FF FF 1D 05 FF FF FF,[],190=163.625/exp 163.6388 VALUE_OK
MATCH,8188,0x0CF00400,61444,153233.0,136885.139,-0.03,FF FF FF 06 05 FF FF FF,FF FF FF 06 05 FF FF FF,[],190=160.75/exp 160.7494 VALUE_OK
MATCH,8189,0x0CF00400,61444,153238.0,136890.167,-0.001,FF FF FF EF 04 FF FF FF,FF FF FF EF 04 FF FF FF,[],190=157.875/exp 157.8846 VALUE_OK
UNLOGGED,,0x0CF00400,61444,,136895.114,,,FF FF FF D8 04 FF FF FF,[],
MATCH,8191,0x0CF00400,61444,153248.0,136900.142,-0.026,FF FF FF C2 04 FF FF FF,FF FF FF C2 04 FF FF FF,[],190=152.25/exp 152.2285 VALUE_OK
MATCH,8192,0x0CF00400,61444,153253.0,136905.161,-0.007,FF FF FF AC 04 FF FF FF,FF FF FF AC 04 FF FF FF,[],190=149.5/exp 149.4375 VALUE_OK
MATCH,8193,0x0CF00400,61444,153258.0,136910.121,-0.047,FF FF FF 95 04 FF FF FF,FF FF FF 95 04 FF FF FF,[],190=146.625/exp 146.6711 VALUE_OK
MATCH,8194,0x0CF00400,61444,153263.0,136915.137,-0.03,FF FF FF 7F 04 FF FF FF,FF FF FF 7F 04 FF FF FF,[],190=143.875/exp 143.9294 VALUE_OK
MATCH,8195,0x0CF00400,61444,153268.0,136920.152,-0.014,FF FF FF 6A 04 FF FF FF,FF FF FF 6A 04 FF FF FF,[],190=141.25/exp 141.2125 VALUE_OK
MATCH,8196,0x0CF00400,61444,153273.0,136925.108,-0.058,FF FF FF 54 04 FF FF FF,FF FF FF 54 04 FF FF FF,[],190=138.5/exp 138.5204 VALUE_OK
MATCH,8197,0x0CF00400,61444,153278.0,136930.135,-0.03,FF FF FF 3F 04 FF FF FF,FF FF FF 3F 04 FF FF FF,[],190=135.875/exp 135.8532 VALUE_OK
MATCH,8198,0x0CF00400,61444,153283.0,136935.147,-0.017,FF FF FF 2A 04 FF FF FF,FF FF FF 2A 04 FF FF FF,[],190=133.25/exp 133.2108 VALUE_OK
MATCH,8199,0x0CF00400,61444,153288.0,136940.154,-0.01,FF FF FF 15 04 FF FF FF,FF FF FF 15 04 FF FF FF,[],190=130.625/exp 130.5934 VALUE_OK
MATCH,8200,0x0CF00400,61444,153293.0,136945.118,-0.046,FF FF FF 00 04 FF FF FF,FF FF FF 00 04 FF FF FF,[],190=128.0/exp 128.001 VALUE_OK
MATCH,8201,0x0CF00400,61444,153298.0,136950.133,-0.03,FF FF FF EB 03 FF FF FF,FF FF FF EB 03 FF FF FF,[],190=125.375/exp 125.4335 VALUE_OK
MATCH,8202,0x0CF00400,61444,153303.0,136955.157,-0.005,FF FF FF D7 03 FF FF FF,FF FF FF D7 03 FF FF FF,[],190=122.875/exp 122.8911 VALUE_OK
MATCH,8203,0x0CF00400,61444,153308.0,136960.112,-0.05,FF FF FF C3 03 FF FF FF,FF FF FF C3 03 FF FF FF,[],190=120.375/exp 120.3739 VALUE_OK
MATCH,8204,0x0CF00400,61444,153313.0,136965.136,-0.025,FF FF FF AF 03 FF FF FF,FF FF FF AF 03 FF FF FF,[],190=117.875/exp 117.8817 VALUE_OK
MATCH,8205,0x0CF00400,61444,153318.0,136970.155,-0.006,FF FF FF 9B 03 FF FF FF,FF FF FF 9B 03 FF FF FF,[],190=115.375/exp 115.4147 VALUE_OK
MATCH,8206,0x0CF00400,61444,153323.0,136975.111,-0.049,FF FF FF 88 03 FF FF FF,FF FF FF 88 03 FF FF FF,[],190=113.0/exp 112.9729 VALUE_OK
MATCH,8207,0x0CF00400,61444,153328.0,136980.131,-0.028,FF FF FF 74 03 FF FF FF,FF FF FF 74 03 FF FF FF,[],190=110.5/exp 110.5564 VALUE_OK
MATCH,8208,0x0CF00400,61444,153333.0,136985.154,-0.005,FF FF FF 61 03 FF FF FF,FF FF FF 61 03 FF FF FF,[],190=108.125/exp 108.1652 VALUE_OK
MATCH,8209,0x0CF00400,61444,153338.0,136990.11,-0.049,FF FF FF 4E 03 FF FF FF,FF FF FF 4E 03 FF FF FF,[],190=105.75/exp 105.7992 VALUE_OK
MATCH,8210,0x0CF00400,61444,153343.0,136995.125,-0.033,FF FF FF 3C 03 FF FF FF,FF FF FF 3C 03 FF FF FF,[],190=103.5/exp 103.4587 VALUE_OK
MATCH,8211,0x0CF00400,61444,153348.0,137000.145,-0.012,FF FF FF 29 03 FF FF FF,FF FF FF 29 03 FF FF FF,[],190=101.125/exp 101.1435 VALUE_OK
MATCH,8212,0x0CF00400,61444,153353.0,137005.101,-0.056,FF FF FF 17 03 FF FF FF,FF FF FF 17 03 FF FF FF,[],190=98.875/exp 98.8537 VALUE_OK
MATCH,8213,0x0CF00400,61444,153358.0,137010.128,-0.028,FF FF FF 05 03 FF FF FF,FF FF FF 05 03 FF FF FF,[],190=96.625/exp 96.5894 VALUE_OK
MATCH,8214,0x0CF00400,61444,153363.0,137015.151,-0.004,FF FF FF F3 02 FF FF FF,FF FF FF F3 02 FF FF FF,[],190=94.375/exp 94.3506 VALUE_OK
MATCH,8215,0x0CF00400,61444,153368.0,137020.103,-0.052,FF FF FF E1 02 FF FF FF,FF FF FF E1 02 FF FF FF,[],190=92.125/exp 92.1374 VALUE_OK
MATCH,8216,0x0CF00400,61444,153373.0,137025.13,-0.024,FF FF FF D0 02 FF FF FF,FF FF FF D0 02 FF FF FF,[],190=90.0/exp 89.9497 VALUE_OK
MATCH,8217,0x0CF00400,61444,153378.0,137030.15,-0.004,FF FF FF BE 02 FF FF FF,FF FF FF BE 02 FF FF FF,[],190=87.75/exp 87.7876 VALUE_OK
MATCH,8218,0x0CF00400,61444,153383.0,137035.097,-0.057,FF FF FF AD 02 FF FF FF,FF FF FF AD 02 FF FF FF,[],190=85.625/exp 85.6511 VALUE_OK
MATCH,8219,0x0CF00400,61444,153388.0,137040.121,-0.031,FF FF FF 9C 02 FF FF FF,FF FF FF 9C 02 FF FF FF,[],190=83.5/exp 83.5403 VALUE_OK
MATCH,8220,0x0CF00400,61444,153393.0,137045.14,-0.012,FF FF FF 8C 02 FF FF FF,FF FF FF 8C 02 FF FF FF,[],190=81.5/exp 81.4552 VALUE_OK
MATCH,8221,0x0CF00400,61444,153398.0,137050.096,-0.056,FF FF FF 7B 02 FF FF FF,FF FF FF 7B 02 FF FF FF,[],190=79.375/exp 79.3958 VALUE_OK
MATCH,8222,0x0CF00400,61444,153403.0,137055.072,-0.078,FF FF FF 6B 02 FF FF FF,FF FF FF 6B 02 FF FF FF,[],190=77.375/exp 77.3622 VALUE_OK
MATCH,8223,0x0CF00400,61444,153408.0,137060.087,-0.062,FF FF FF 5B 02 FF FF FF,FF FF FF 5B 02 FF FF FF,[],190=75.375/exp 75.3544 VALUE_OK
MATCH,8224,0x0CF00400,61444,153413.0,137065.087,-0.061,FF FF FF 4B 02 FF FF FF,FF FF FF 4B 02 FF FF FF,[],190=73.375/exp 73.3724 VALUE_OK
MATCH,8225,0x0CF00400,61444,153418.0,137070.102,-0.044,FF FF FF 3B 02 FF FF FF,FF FF FF 3B 02 FF FF FF,[],190=71.375/exp 71.4163 VALUE_OK
MATCH,8226,0x0CF00400,61444,153423.0,137075.122,-0.024,FF FF FF 2C 02 FF FF FF,FF FF FF 2C 02 FF FF FF,[],190=69.5/exp 69.4861 VALUE_OK
MATCH,8227,0x0CF00400,61444,153428.0,137080.073,-0.072,FF FF FF 1D 02 FF FF FF,FF FF FF 1D 02 FF FF FF,[],190=67.625/exp 67.5817 VALUE_OK
MATCH,8228,0x0CF00400,61444,153433.0,137085.093,-0.051,FF FF FF 0E 02 FF FF FF,FF FF FF 0E 02 FF FF FF,[],190=65.75/exp 65.7033 VALUE_OK
MATCH,8229,0x0CF00400,61444,153438.0,137090.12,-0.023,FF FF FF FF 01 FF FF FF,FF FF FF FF 01 FF FF FF,[],190=63.875/exp 63.8509 VALUE_OK
MATCH,8230,0x0CF00400,61444,153443.0,137095.076,-0.066,FF FF FF F0 01 FF FF FF,FF FF FF F0 01 FF FF FF,[],190=62.0/exp 62.0245 VALUE_OK
MATCH,8231,0x0CF00400,61444,153448.0,137100.091,-0.05,FF FF FF E2 01 FF FF FF,FF FF FF E2 01 FF FF FF,[],190=60.25/exp 60.2241 VALUE_OK
MATCH,8232,0x0CF00400,61444,153453.0,137105.111,-0.029,FF FF FF D4 01 FF FF FF,FF FF FF D4 01 FF FF FF,[],190=58.5/exp 58.4498 VALUE_OK
MATCH,8233,0x0CF00400,61444,153458.0,137110.131,-0.008,FF FF FF C6 01 FF FF FF,FF FF FF C6 01 FF FF FF,[],190=56.75/exp 56.7016 VALUE_OK
MATCH,8234,0x0CF00400,61444,153463.0,137115.09,-0.049,FF FF FF B8 01 FF FF FF,FF FF FF B8 01 FF FF FF,[],190=55.0/exp 54.9795 VALUE_OK
MATCH,8235,0x0CF00400,61444,153468.0,137120.11,-0.028,FF FF FF AA 01 FF FF FF,FF FF FF AA 01 FF FF FF,[],190=53.25/exp 53.2835 VALUE_OK
MATCH,8236,0x0CF00400,61444,153473.0,137125.121,-0.017,FF FF FF 9D 01 FF FF FF,FF FF FF 9D 01 FF FF FF,[],190=51.625/exp 51.6137 VALUE_OK
MATCH,8237,0x0CF00400,61444,153478.0,137130.085,-0.052,FF FF FF 90 01 FF FF FF,FF FF FF 90 01 FF FF FF,[],190=50.0/exp 49.97 VALUE_OK
MATCH,8238,0x0CF00400,61444,153483.0,137135.104,-0.032,FF FF FF 83 01 FF FF FF,FF FF FF 83 01 FF FF FF,[],190=48.375/exp 48.3526 VALUE_OK
MATCH,8239,0x0CF00400,61444,153488.0,137140.116,-0.02,FF FF FF 76 01 FF FF FF,FF FF FF 76 01 FF FF FF,[],190=46.75/exp 46.7615 VALUE_OK
MATCH,8240,0x0CF00400,61444,153493.0,137145.067,-0.068,FF FF FF 6A 01 FF FF FF,FF FF FF 6A 01 FF FF FF,[],190=45.25/exp 45.1966 VALUE_OK
MATCH,8241,0x0CF00400,61444,153498.0,137150.087,-0.047,FF FF FF 5D 01 FF FF FF,FF FF FF 5D 01 FF FF FF,[],190=43.625/exp 43.658 VALUE_OK
MATCH,8242,0x0CF00400,61444,153503.0,137155.103,-0.03,FF FF FF 51 01 FF FF FF,FF FF FF 51 01 FF FF FF,[],190=42.125/exp 42.1457 VALUE_OK
MATCH,8243,0x0CF00400,61444,153508.0,137160.062,-0.07,FF FF FF 45 01 FF FF FF,FF FF FF 45 01 FF FF FF,[],190=40.625/exp 40.6597 VALUE_OK
MATCH,8244,0x0CF00400,61444,153513.0,137165.077,-0.054,FF FF FF 3A 01 FF FF FF,FF FF FF 3A 01 FF FF FF,[],190=39.25/exp 39.2001 VALUE_OK
MATCH,8245,0x0CF00400,61444,153518.0,137170.097,-0.033,FF FF FF 2E 01 FF FF FF,FF FF FF 2E 01 FF FF FF,[],190=37.75/exp 37.7669 VALUE_OK
MATCH,8246,0x0CF00400,61444,153523.0,137175.12,-0.009,FF FF FF 23 01 FF FF FF,FF FF FF 23 01 FF FF FF,[],190=36.375/exp 36.3601 VALUE_OK
MATCH,8247,0x0CF00400,61444,153528.0,137180.072,-0.057,FF FF FF 18 01 FF FF FF,FF FF FF 18 01 FF FF FF,[],190=35.0/exp 34.9797 VALUE_OK
MATCH,8248,0x0CF00400,61444,153533.0,137185.088,-0.04,FF FF FF 0D 01 FF FF FF,FF FF FF 0D 01 FF FF FF,[],190=33.625/exp 33.6258 VALUE_OK
MATCH,8249,0x0CF00400,61444,153538.0,137190.087,-0.04,FF FF FF 02 01 FF FF FF,FF FF FF 02 01 FF FF FF,[],190=32.25/exp 32.2983 VALUE_OK
UNLOGGED,,0x0CF00400,61444,,137195.102,,,FF FF FF F8 00 FF FF FF,[],
MATCH,8251,0x0CF00400,61444,153548.0,137200.058,-0.068,FF FF FF EE 00 FF FF FF,FF FF FF EE 00 FF FF FF,[],190=29.75/exp 29.7228 VALUE_OK
MATCH,8252,0x0CF00400,61444,153553.0,137205.082,-0.043,FF FF FF E4 00 FF FF FF,FF FF FF E4 00 FF FF FF,[],190=28.5/exp 28.4749 VALUE_OK
MATCH,8253,0x0CF00400,61444,153558.0,137210.093,-0.031,FF FF FF DA 00 FF FF FF,FF FF FF DA 00 FF FF FF,[],190=27.25/exp 27.2535 VALUE_OK
MATCH,8254,0x0CF00400,61444,153563.0,137215.117,-0.006,FF FF FF D0 00 FF FF FF,FF FF FF D0 00 FF FF FF,[],190=26.0/exp 26.0587 VALUE_OK
MATCH,8255,0x0CF00400,61444,153568.0,137220.072,-0.051,FF FF FF C7 00 FF FF FF,FF FF FF C7 00 FF FF FF,[],190=24.875/exp 24.8904 VALUE_OK
MATCH,8256,0x0CF00400,61444,153573.0,137225.1,-0.022,FF FF FF BE 00 FF FF FF,FF FF FF BE 00 FF FF FF,[],190=23.75/exp 23.7488 VALUE_OK
MATCH,8257,0x0CF00400,61444,153578.0,137230.108,-0.014,FF FF FF B5 00 FF FF FF,FF FF FF B5 00 FF FF FF,[],190=22.625/exp 22.6338 VALUE_OK
MATCH,8258,0x0CF00400,61444,153583.0,137235.067,-0.054,FF FF FF AC 00 FF FF FF,FF FF FF AC 00 FF FF FF,[],190=21.5/exp 21.5454 VALUE_OK
MATCH,8259,0x0CF00400,61444,153588.0,137240.082,-0.038,FF FF FF A4 00 FF FF FF,FF FF FF A4 00 FF FF FF,[],190=20.5/exp 20.4837 VALUE_OK
MATCH,8260,0x0CF00400,61444,153593.0,137245.102,-0.018,FF FF FF 9C 00 FF FF FF,FF FF FF 9C 00 FF FF FF,[],190=19.5/exp 19.4486 VALUE_OK
MATCH,8261,0x0CF00400,61444,153598.0,137250.058,-0.061,FF FF FF 94 00 FF FF FF,FF FF FF 94 00 FF FF FF,[],190=18.5/exp 18.4403 VALUE_OK
MATCH,8262,0x0CF00400,61444,153603.0,137255.081,-0.037,FF FF FF 8C 00 FF FF FF,FF FF FF 8C 00 FF FF FF,[],190=17.5/exp 17.4586 VALUE_OK
MATCH,8263,0x0CF00400,61444,153608.0,137260.104,-0.013,FF FF FF 84 00 FF FF FF,FF FF FF 84 00 FF FF FF,[],190=16.5/exp 16.5037 VALUE_OK
MATCH,8264,0x0CF00400,61444,153613.0,137265.044,-0.073,FF FF FF 7D 00 FF FF FF,FF FF FF 7D 00 FF FF FF,[],190=15.625/exp 15.5754 VALUE_OK
MATCH,8265,0x0CF00400,61444,153618.0,137270.064,-0.052,FF FF FF 75 00 FF FF FF,FF FF FF 75 00 FF FF FF,[],190=14.625/exp 14.674 VALUE_OK
MATCH,8266,0x0CF00400,61444,153623.0,137275.079,-0.036,FF FF FF 6E 00 FF FF FF,FF FF FF 6E 00 FF FF FF,[],190=13.75/exp 13.7993 VALUE_OK
MATCH,8267,0x0CF00400,61444,153628.0,137280.107,-0.007,FF FF FF 68 00 FF FF FF,FF FF FF 68 00 FF FF FF,[],190=13.0/exp 12.9513 VALUE_OK
MATCH,8268,0x0CF00400,61444,153633.0,137285.05,-0.064,FF FF FF 61 00 FF FF FF,FF FF FF 61 00 FF FF FF,[],190=12.125/exp 12.1302 VALUE_OK
MATCH,8269,0x0CF00400,61444,153638.0,137290.066,-0.046,FF FF FF 5B 00 FF FF FF,FF FF FF 5B 00 FF FF FF,[],190=11.375/exp 11.3359 VALUE_OK
MATCH,8270,0x0CF00400,61444,153643.0,137295.085,-0.026,FF FF FF 55 00 FF FF FF,FF FF FF 55 00 FF FF FF,[],190=10.625/exp 10.5683 VALUE_OK
MATCH,8271,0x0CF00400,61444,153648.0,137300.057,-0.054,FF FF FF 4F 00 FF FF FF,FF FF FF 4F 00 FF FF FF,[],190=9.875/exp 9.8276 VALUE_OK
MATCH,8272,0x0CF00400,61444,153653.0,137305.064,-0.046,FF FF FF 49 00 FF FF FF,FF FF FF 49 00 FF FF FF,[],190=9.125/exp 9.1138 VALUE_OK
MATCH,8273,0x0CF00400,61444,153658.0,137310.084,-0.025,FF FF FF 43 00 FF FF FF,FF FF FF 43 00 FF FF FF,[],190=8.375/exp 8.4267 VALUE_OK
MATCH,8274,0x0CF00400,61444,153663.0,137315.083,-0.025,FF FF FF 3E 00 FF FF FF,FF FF FF 3E 00 FF FF FF,[],190=7.75/exp 7.7666 VALUE_OK
MATCH,8275,0x0CF00400,61444,153668.0,137320.096,-0.012,FF FF FF 39 00 FF FF FF,FF FF FF 39 00 FF FF FF,[],190=7.125/exp 7.1333 VALUE_OK
MATCH,8276,0x0CF00400,61444,153673.0,137325.056,-0.052,FF FF FF 34 00 FF FF FF,FF FF FF 34 00 FF FF FF,[],190=6.5/exp 6.5268 VALUE_OK
MATCH,8277,0x0CF00400,61444,153678.0,137330.071,-0.036,FF FF FF 30 00 FF FF FF,FF FF FF 30 00 FF FF FF,[],190=6.0/exp 5.9473 VALUE_OK
MATCH,8278,0x0CF00400,61444,153683.0,137335.082,-0.024,FF FF FF 2B 00 FF FF FF,FF FF FF 2B 00 FF FF FF,[],190=5.375/exp 5.3947 VALUE_OK
MATCH,8279,0x0CF00400,61444,153688.0,137340.038,-0.067,FF FF FF 27 00 FF FF FF,FF FF FF 27 00 FF FF FF,[],190=4.875/exp 4.8689 VALUE_OK
MATCH,8280,0x0CF00400,61444,153693.0,137345.058,-0.046,FF FF FF 23 00 FF FF FF,FF FF FF 23 00 FF FF FF,[],190=4.375/exp 4.3701 VALUE_OK
MATCH,8281,0x0CF00400,61444,153698.0,137350.085,-0.018,FF FF FF 1F 00 FF FF FF,FF FF FF 1F 00 FF FF FF,[],190=3.875/exp 3.8982 VALUE_OK
MATCH,8282,0x0CF00400,61444,153703.0,137355.041,-0.062,FF FF FF 1C 00 FF FF FF,FF FF FF 1C 00 FF FF FF,[],190=3.5/exp 3.4532 VALUE_OK
MATCH,8283,0x0CF00400,61444,153708.0,137360.056,-0.046,FF FF FF 18 00 FF FF FF,FF FF FF 18 00 FF FF FF,[],190=3.0/exp 3.0352 VALUE_OK
MATCH,8284,0x0CF00400,61444,153713.0,137365.068,-0.033,FF FF FF 15 00 FF FF FF,FF FF FF 15 00 FF FF FF,[],190=2.625/exp 2.6441 VALUE_OK
MATCH,8285,0x0CF00400,61444,153718.0,137370.027,-0.073,FF FF FF 12 00 FF FF FF,FF FF FF 12 00 FF FF FF,[],190=2.25/exp 2.2799 VALUE_OK
MATCH,8286,0x0CF00400,61444,153723.0,137375.051,-0.048,FF FF FF 10 00 FF FF FF,FF FF FF 10 00 FF FF FF,[],190=2.0/exp 1.9427 VALUE_OK
MATCH,8287,0x0CF00400,61444,153728.0,137380.066,-0.032,FF FF FF 0D 00 FF FF FF,FF FF FF 0D 00 FF FF FF,[],190=1.625/exp 1.6325 VALUE_OK
MATCH,8288,0x0CF00400,61444,153733.0,137385.082,-0.015,FF FF FF 0B 00 FF FF FF,FF FF FF 0B 00 FF FF FF,[],190=1.375/exp 1.3492 VALUE_OK
MATCH,8289,0x0CF00400,61444,153738.0,137390.037,-0.06,FF FF FF 09 00 FF FF FF,FF FF FF 09 00 FF FF FF,[],190=1.125/exp 1.0929 VALUE_OK
MATCH,8290,0x0CF00400,61444,153743.0,137395.061,-0.035,FF FF FF 07 00 FF FF FF,FF FF FF 07 00 FF FF FF,[],190=0.875/exp 0.8635 VALUE_OK
MATCH,8291,0x0CF00400,61444,153748.0,137400.08,-0.015,FF FF FF 05 00 FF FF FF,FF FF FF 05 00 FF FF FF,[],190=0.625/exp 0.6611 VALUE_OK
MATCH,8292,0x0CF00400,61444,153753.0,137405.044,-0.051,FF FF FF 04 00 FF FF FF,FF FF FF 04 00 FF FF FF,[],190=0.5/exp 0.4857 VALUE_OK
MATCH,8293,0x0CF00400,61444,153758.0,137410.056,-0.038,FF FF FF 03 00 FF FF FF,FF FF FF 03 00 FF FF FF,[],190=0.375/exp 0.3373 VALUE_OK
UNLOGGED,,0x0CF00400,61444,,137415.067,,,FF FF FF 02 00 FF FF FF,[],
MATCH,8295,0x0CF00400,61444,153768.0,137420.027,-0.066,FF FF FF 01 00 FF FF FF,FF FF FF 01 00 FF FF FF,[],190=0.125/exp 0.1214 VALUE_OK
MATCH,8296,0x0CF00400,61444,153773.0,137425.046,-0.045,FF FF FF 00 00 FF FF FF,FF FF FF 00 00 FF FF FF,[],190=0.0/exp 0.054 VALUE_OK
MATCH,8297,0x0CF00400,61444,153778.0,137430.066,-0.025,FF FF FF 00 00 FF FF FF,FF FF FF 00 00 FF FF FF,[],190=0.0/exp 0.0135 VALUE_OK
MATCH,8298,0x0CF00400,61444,153783.0,137435.073,-0.017,FF FF FF 00 00 FF FF FF,FF FF FF 00 00 FF FF FF,[],190=0.0/exp 0.0 VALUE_OK
MATCH,8299,0x0CF00400,61444,153788.0,137440.053,-0.037,FF FF FF 00 00 FF FF FF,FF FF FF 00 00 FF FF FF,[],190=0.0/exp 0.0135 VALUE_OK
MATCH,8300,0x0CF00400,61444,153793.0,137445.072,-0.017,FF FF FF 00 00 FF FF FF,FF FF FF 00 00 FF FF FF,[],190=0.0/exp 0.054 VALUE_OK
MATCH,8301,0x0CF00400,61444,153798.0,137450.028,-0.061,FF FF FF 01 00 FF FF FF,FF FF FF 01 00 FF FF FF,[],190=0.125/exp 0.1214 VALUE_OK
MATCH,8302,0x0CF00400,61444,153803.0,137455.043,-0.044,FF FF FF 02 00 FF FF FF,FF FF FF 02 00 FF FF FF,[],190=0.25/exp 0.2159 VALUE_OK
MATCH,8303,0x0CF00400,61444,153808.0,137460.071,-0.016,FF FF FF 03 00 FF FF FF,FF FF FF 03 00 FF FF FF,[],190=0.375/exp 0.3373 VALUE_OK
MATCH,8304,0x0CF00400,61444,153813.0,137465.03,-0.056,FF FF FF 04 00 FF FF FF,FF FF FF 04 00 FF FF FF,[],190=0.5/exp 0.4857 VALUE_OK
MATCH,8305,0x0CF00400,61444,153818.0,137470.042,-0.043,FF FF FF 05 00 FF FF FF,FF FF FF 05 00 FF FF FF,[],190=0.625/exp 0.6611 VALUE_OK
MATCH,8306,0x0CF00400,61444,153823.0,137475.061,-0.023,FF FF FF 07 00 FF FF FF,FF FF FF 07 00 FF FF FF,[],190=0.875/exp 0.8635 VALUE_OK
MATCH,8307,0x0CF00400,61444,153828.0,137480.073,-0.011,FF FF FF 09 00 FF FF FF,FF FF FF 09 00 FF FF FF,[],190=1.125/exp 1.0929 VALUE_OK
MATCH,8308,0x0CF00400,61444,153833.0,137485.028,-0.056,FF FF FF 0B 00 FF FF FF,FF FF FF 0B 00 FF FF FF,[],190=1.375/exp 1.3492 VALUE_OK
MATCH,8309,0x0CF00400,61444,153838.0,137490.052,-0.03,FF FF FF 0D 00 FF FF FF,FF FF FF 0D 00 FF FF FF,[],190=1.625/exp 1.6325 VALUE_OK
MATCH,8310,0x0CF00400,61444,153843.0,137495.068,-0.014,FF FF FF 10 00 FF FF FF,FF FF FF 10 00 FF FF FF,[],190=2.0/exp 1.9427 VALUE_OK
MATCH,8311,0x0CF00400,61444,153848.0,137500.019,-0.063,FF FF FF 12 00 FF FF FF,FF FF FF 12 00 FF FF FF,[],190=2.25/exp 2.2799 VALUE_OK
MATCH,8312,0x0CF00400,61444,153853.0,137505.039,-0.041,FF FF FF 15 00 FF FF FF,FF FF FF 15 00 FF FF FF,[],190=2.625/exp 2.6441 VALUE_OK
MATCH,8313,0x0CF00400,61444,153858.0,137510.062,-0.017,FF FF FF 18 00 FF FF FF,FF FF FF 18 00 FF FF FF,[],190=3.0/exp 3.0352 VALUE_OK
MATCH,8314,0x0CF00400,61444,153863.0,137515.018,-0.061,FF FF FF 1C 00 FF FF FF,FF FF FF 1C 00 FF FF FF,[],190=3.5/exp 3.4532 VALUE_OK
MATCH,8315,0x0CF00400,61444,153868.0,137520.038,-0.04,FF FF FF 1F 00 FF FF FF,FF FF FF 1F 00 FF FF FF,[],190=3.875/exp 3.8982 VALUE_OK
MATCH,8316,0x0CF00400,61444,153873.0,137525.045,-0.032,FF FF FF 23 00 FF FF FF,FF FF FF 23 00 FF FF FF,[],190=4.375/exp 4.3701 VALUE_OK
MATCH,8317,0x0CF00400,61444,153878.0,137530.0,-0.076,FF FF FF 27 00 FF FF FF,FF FF FF 27 00 FF FF FF,[],190=4.875/exp 4.8689 VALUE_OK
MATCH,8318,0x0CF00400,61444,153883.0,137535.02,-0.055,FF FF FF 2B 00 FF FF FF,FF FF FF 2B 00 FF FF FF,[],190=5.375/exp 5.3947 VALUE_OK
MATCH,8319,0x0CF00400,61444,153888.0,137540.044,-0.03,FF FF FF 30 00 FF FF FF,FF FF FF 30 00 FF FF FF,[],190=6.0/exp 5.9473 VALUE_OK
MATCH,8320,0x0CF00400,61444,153893.0,137545.067,-0.006,FF FF FF 34 00 FF FF FF,FF FF FF 34 00 FF FF FF,[],190=6.5/exp 6.5268 VALUE_OK
MATCH,8321,0x0CF00400,61444,153898.0,137550.014,-0.059,FF FF FF 39 00 FF FF FF,FF FF FF 39 00 FF FF FF,[],190=7.125/exp 7.1333 VALUE_OK
MATCH,8322,0x0CF00400,61444,153903.0,137555.042,-0.03,FF FF FF 3E 00 FF FF FF,FF FF FF 3E 00 FF FF FF,[],190=7.75/exp 7.7666 VALUE_OK
MATCH,8323,0x0CF00400,61444,153908.0,137560.054,-0.017,FF FF FF 43 00 FF FF FF,FF FF FF 43 00 FF FF FF,[],190=8.375/exp 8.4267 VALUE_OK
MATCH,8324,0x0CF00400,61444,153913.0,137565.049,-0.022,FF FF FF 49 00 FF FF FF,FF FF FF 49 00 FF FF FF,[],190=9.125/exp 9.1138 VALUE_OK
MATCH,8325,0x0CF00400,61444,153918.0,137570.017,-0.054,FF FF FF 4F 00 FF FF FF,FF FF FF 4F 00 FF FF FF,[],190=9.875/exp 9.8276 VALUE_OK
MATCH,8326,0x0CF00400,61444,153923.0,137575.016,-0.053,FF FF FF 55 00 FF FF FF,FF FF FF 55 00 FF FF FF,[],190=10.625/exp 10.5683 VALUE_OK
MATCH,8327,0x0CF00400,61444,153928.0,137580.036,-0.032,FF FF FF 5B 00 FF FF FF,FF FF FF 5B 00 FF FF FF,[],190=11.375/exp 11.3359 VALUE_OK
MATCH,8328,0x0CF00400,61444,153933.0,137584.992,-0.076,FF FF FF 61 00 FF FF FF,FF FF FF 61 00 FF FF FF,[],190=12.125/exp 12.1302 VALUE_OK
MATCH,8329,0x0CF00400,61444,153938.0,137590.023,-0.043,FF FF FF 68 00 FF FF FF,FF FF FF 68 00 FF FF FF,[],190=13.0/exp 12.9513 VALUE_OK
UNLOGGED,,0x0CF00400,61444,,137595.034,,,FF FF FF 6E 00 FF FF FF,[],
MATCH,8331,0x0CF00400,61444,153948.0,137600.058,-0.007,FF FF FF 75 00 FF FF FF,FF FF FF 75 00 FF FF FF,[],190=14.625/exp 14.674 VALUE_OK
MATCH,8332,0x0CF00400,61444,153953.0,137605.009,-0.056,FF FF FF 7D 00 FF FF FF,FF FF FF 7D 00 FF FF FF,[],190=15.625/exp 15.5754 VALUE_OK
MATCH,8333,0x0CF00400,61444,153958.0,137610.041,-0.023,FF FF FF 84 00 FF FF FF,FF FF FF 84 00 FF FF FF,[],190=16.5/exp 16.5037 VALUE_OK
MATCH,8334,0x0CF00400,61444,153963.0,137615.056,-0.008,FF FF FF 8C 00 FF FF FF,FF FF FF 8C 00 FF FF FF,[],190=17.5/exp 17.4586 VALUE_OK
MATCH,8335,0x0CF00400,61444,153968.0,137620.008,-0.055,FF FF FF 94 00 FF FF FF,FF FF FF 94 00 FF FF FF,[],190=18.5/exp 18.4403 VALUE_OK
MATCH,8336,0x0CF00400,61444,153973.0,137625.023,-0.039,FF FF FF 9C 00 FF FF FF,FF FF FF 9C 00 FF FF FF,[],190=19.5/exp 19.4486 VALUE_OK
MATCH,8337,0x0CF00400,61444,153978.0,137630.043,-0.019,FF FF FF A4 00 FF FF FF,FF FF FF A4 00 FF FF FF,[],190=20.5/exp 20.4837 VALUE_OK
MATCH,8338,0x0CF00400,61444,153983.0,137635.002,-0.059,FF FF FF AC 00 FF FF FF,FF FF FF AC 00 FF FF FF,[],190=21.5/exp 21.5454 VALUE_OK
MATCH,8339,0x0CF00400,61444,153988.0,137640.014,-0.046,FF FF FF B5 00 FF FF FF,FF FF FF B5 00 FF FF FF,[],190=22.625/exp 22.6338 VALUE_OK
MATCH,8340,0x0CF00400,61444,153993.0,137645.042,-0.017,FF FF FF BE 00 FF FF FF,FF FF FF BE 00 FF FF FF,[],190=23.75/exp 23.7488 VALUE_OK
MATCH,8341,0x0CF00400,61444,153998.0,137650.053,-0.006,FF FF FF C7 00 FF FF FF,FF FF FF C7 00 FF FF FF,[],190=24.875/exp 24.8904 VALUE_OK
MATCH,8342,0x0CF00400,61444,154003.0,137655.013,-0.046,FF FF FF D0 00 FF FF FF,FF FF FF D0 00 FF FF FF,[],190=26.0/exp 26.0587 VALUE_OK
MATCH,8343,0x0CF00400,61444,154008.0,137660.024,-0.034,FF FF FF DA 00 FF FF FF,FF FF FF DA 00 FF FF FF,[],190=27.25/exp 27.2535 VALUE_OK
MATCH,8344,0x0CF00400,61444,154013.0,137665.048,-0.009,FF FF FF E4 00 FF FF FF,FF FF FF E4 00 FF FF FF,[],190=28.5/exp 28.4749 VALUE_OK
MATCH,8345,0x0CF00400,61444,154018.0,137669.999,-0.058,FF FF FF EE 00 FF FF FF,FF FF FF EE 00 FF FF FF,[],190=29.75/exp 29.7228 VALUE_OK
MATCH,8346,0x0CF00400,61444,154023.0,137675.019,-0.037,FF FF FF F8 00 FF FF FF,FF FF FF F8 00 FF FF FF,[],190=31.0/exp 30.9973 VALUE_OK
MATCH,8347,0x0CF00400,61444,154028.0,137680.042,-0.013,FF FF FF 02 01 FF FF FF,FF FF FF 02 01 FF FF FF,[],190=32.25/exp 32.2983 VALUE_OK
MATCH,8348,0x0CF00400,61444,154033.0,137684.99,-0.065,FF FF FF 0D 01 FF FF FF,FF FF FF 0D 01 FF FF FF,[],190=33.625/exp 33.6258 VALUE_OK
MATCH,8349,0x0CF00400,61444,154038.0,137690.049,-0.004,FF FF FF 18 01 FF FF FF,FF FF FF 18 01 FF FF FF,[],190=35.0/exp 34.9797 VALUE_OK
MATCH,8350,0x0CF00400,61444,154043.0,137695.005,-0.048,FF FF FF 23 01 FF FF FF,FF FF FF 23 01 FF FF FF,[],190=36.375/exp 36.3601 VALUE_OK
MATCH,8351,0x0CF00400,61444,154048.0,137700.016,-0.036,FF FF FF 2E 01 FF FF FF,FF FF FF 2E 01 FF FF FF,[],190=37.75/exp 37.7669 VALUE_OK
MATCH,8352,0x0CF00400,61444,154053.0,137705.036,-0.016,FF FF FF 3A 01 FF FF FF,FF FF FF 3A 01 FF FF FF,[],190=39.25/exp 39.2001 VALUE_OK
MATCH,8353,0x0CF00400,61444,154058.0,137709.995,-0.056,FF FF FF 45 01 FF FF FF,FF FF FF 45 01 FF FF FF,[],190=40.625/exp 40.6597 VALUE_OK
MATCH,8354,0x0CF00400,61444,154063.0,137715.011,-0.039,FF FF FF 51 01 FF FF FF,FF FF FF 51 01 FF FF FF,[],190=42.125/exp 42.1457 VALUE_OK
MATCH,8355,0x0CF00400,61444,154068.0,137720.035,-0.014,FF FF FF 5D 01 FF FF FF,FF FF FF 5D 01 FF FF FF,[],190=43.625/exp 43.658 VALUE_OK
MATCH,8356,0x0CF00400,61444,154073.0,137724.982,-0.067,FF FF FF 6A 01 FF FF FF,FF FF FF 6A 01 FF FF FF,[],190=45.25/exp 45.1966 VALUE_OK
MATCH,8357,0x0CF00400,61444,154078.0,137730.006,-0.042,FF FF FF 76 01 FF FF FF,FF FF FF 76 01 FF FF FF,[],190=46.75/exp 46.7615 VALUE_OK
MATCH,8358,0x0CF00400,61444,154083.0,137735.033,-0.014,FF FF FF 83 01 FF FF FF,FF FF FF 83 01 FF FF FF,[],190=48.375/exp 48.3526 VALUE_OK
MATCH,8359,0x0CF00400,61444,154088.0,137739.985,-0.062,FF FF FF 90 01 FF FF FF,FF FF FF 90 01 FF FF FF,[],190=50.0/exp 49.97 VALUE_OK
MATCH,8360,0x0CF00400,61444,154093.0,137744.996,-0.049,FF FF FF 9D 01 FF FF FF,FF FF FF 9D 01 FF FF FF,[],190=51.625/exp 51.6137 VALUE_OK
MATCH,8361,0x0CF00400,61444,154098.0,137750.02,-0.024,FF FF FF AA 01 FF FF FF,FF FF FF AA 01 FF FF FF,[],190=53.25/exp 53.2835 VALUE_OK
MATCH,8362,0x0CF00400,61444,154103.0,137755.043,-0.001,FF FF FF B8 01 FF FF FF,FF FF FF B8 01 FF FF FF,[],190=55.0/exp 54.9795 VALUE_OK
MATCH,8363,0x0CF00400,61444,154108.0,137759.991,-0.053,FF FF FF C6 01 FF FF FF,FF FF FF C6 01 FF FF FF,[],190=56.75/exp 56.7016 VALUE_OK
MATCH,8364,0x0CF00400,61444,154113.0,137765.011,-0.032,FF FF FF D4 01 FF FF FF,FF FF FF D4 01 FF FF FF,[],190=58.5/exp 58.4498 VALUE_OK
MATCH,8365,0x0CF00400,61444,154118.0,137770.026,-0.016,FF FF FF E2 01 FF FF FF,FF FF FF E2 01 FF FF FF,[],190=60.25/exp 60.2241 VALUE_OK
MATCH,8366,0x0CF00400,61444,154123.0,137774.985,-0.057,FF FF FF F0 01 FF FF FF,FF FF FF F0 01 FF FF FF,[],190=62.0/exp 62.0245 VALUE_OK
MATCH,8367,0x0CF00400,61444,154128.0,137780.005,-0.036,FF FF FF FF 01 FF FF FF,FF FF FF FF 01 FF FF FF,[],190=63.875/exp 63.8509 VALUE_OK
UNLOGGED,,0x0CF00400,61444,,137785.012,,,FF FF FF 0E 02 FF FF FF,[],
MATCH,8369,0x0CF00400,61444,154138.0,137789.964,-0.076,FF FF FF 1D 02 FF FF FF,FF FF FF 1D 02 FF FF FF,[],190=67.625/exp 67.5817 VALUE_OK
MATCH,8370,0x0CF00400,61444,154143.0,137794.988,-0.051,FF FF FF 2C 02 FF FF FF,FF FF FF 2C 02 FF FF FF,[],190=69.5/exp 69.4861 VALUE_OK
MATCH,8371,0x0CF00400,61444,154148.0,137800.007,-0.031,FF FF FF 3B 02 FF FF FF,FF FF FF 3B 02 FF FF FF,[],190=71.375/exp 71.4163 VALUE_OK
MATCH,8372,0x0CF00400,61444,154153.0,137805.027,-0.01,FF FF FF 4B 02 FF FF FF,FF FF FF 4B 02 FF FF FF,[],190=73.375/exp 73.3724 VALUE_OK
MATCH,8373,0x0CF00400,61444,154158.0,137809.974,-0.063,FF FF FF 5B 02 FF FF FF,FF FF FF 5B 02 FF FF FF,[],190=75.375/exp 75.3544 VALUE_OK
MATCH,8374,0x0CF00400,61444,154163.0,137814.97,-0.065,FF FF FF 6B 02 FF FF FF,FF FF FF 6B 02 FF FF FF,[],190=77.375/exp 77.3622 VALUE_OK
MATCH,8375,0x0CF00400,61444,154168.0,137819.989,-0.045,FF FF FF 7B 02 FF FF FF,FF FF FF 7B 02 FF FF FF,[],190=79.375/exp 79.3958 VALUE_OK
MATCH,8376,0x0CF00400,61444,154173.0,137825.009,-0.024,FF FF FF 8C 02 FF FF FF,FF FF FF 8C 02 FF FF FF,[],190=81.5/exp 81.4552 VALUE_OK
MATCH,8377,0x0CF00400,61444,154178.0,137829.972,-0.061,FF FF FF 9C 02 FF FF FF,FF FF FF 9C 02 FF FF FF,[],190=83.5/exp 83.5403 VALUE_OK
MATCH,8378,0x0CF00400,61444,154183.0,137834.988,-0.044,FF FF FF AD 02 FF FF FF,FF FF FF AD 02 FF FF FF,[],190=85.625/exp 85.6511 VALUE_OK
MATCH,8379,0x0CF00400,61444,154188.0,137840.02,-0.011,FF FF FF BE 02 FF FF FF,FF FF FF BE 02 FF FF FF,[],190=87.75/exp 87.7876 VALUE_OK
MATCH,8380,0x0CF00400,61444,154193.0,137844.975,-0.055,FF FF FF D0 02 FF FF FF,FF FF FF D0 02 FF FF FF,[],190=90.0/exp 89.9497 VALUE_OK
MATCH,8381,0x0CF00400,61444,154198.0,137849.99,-0.039,FF FF FF E1 02 FF FF FF,FF FF FF E1 02 FF FF FF,[],190=92.125/exp 92.1374 VALUE_OK
MATCH,8382,0x0CF00400,61444,154203.0,137855.019,-0.01,FF FF FF F3 02 FF FF FF,FF FF FF F3 02 FF FF FF,[],190=94.375/exp 94.3506 VALUE_OK
MATCH,8383,0x0CF00400,61444,154208.0,137859.97,-0.058,FF FF FF 05 03 FF FF FF,FF FF FF 05 03 FF FF FF,[],190=96.625/exp 96.5894 VALUE_OK
MATCH,8384,0x0CF00400,61444,154213.0,137864.986,-0.041,FF FF FF 17 03 FF FF FF,FF FF FF 17 03 FF FF FF,[],190=98.875/exp 98.8537 VALUE_OK
MATCH,8385,0x0CF00400,61444,154218.0,137870.01,-0.016,FF FF FF 29 03 FF FF FF,FF FF FF 29 03 FF FF FF,[],190=101.125/exp 101.1435 VALUE_OK
MATCH,8386,0x0CF00400,61444,154223.0,137874.966,-0.06,FF FF FF 3C 03 FF FF FF,FF FF FF 3C 03 FF FF FF,[],190=103.5/exp 103.4587 VALUE_OK
MATCH,8387,0x0CF00400,61444,154228.0,137879.989,-0.036,FF FF FF 4E 03 FF FF FF,FF FF FF 4E 03 FF FF FF,[],190=105.75/exp 105.7992 VALUE_OK
MATCH,8388,0x0CF00400,61444,154233.0,137885.012,-0.012,FF FF FF 61 03 FF FF FF,FF FF FF 61 03 FF FF FF,[],190=108.125/exp 108.1652 VALUE_OK
MATCH,8389,0x0CF00400,61444,154238.0,137889.964,-0.06,FF FF FF 74 03 FF FF FF,FF FF FF 74 03 FF FF FF,[],190=110.5/exp 110.5564 VALUE_OK
MATCH,8390,0x0CF00400,61444,154243.0,137894.987,-0.036,FF FF FF 88 03 FF FF FF,FF FF FF 88 03 FF FF FF,[],190=113.0/exp 112.9729 VALUE_OK
MATCH,8391,0x0CF00400,61444,154248.0,137900.011,-0.011,FF FF FF 9B 03 FF FF FF,FF FF FF 9B 03 FF FF FF,[],190=115.375/exp 115.4147 VALUE_OK
MATCH,8392,0x0CF00400,61444,154253.0,137904.966,-0.056,FF FF FF AF 03 FF FF FF,FF FF FF AF 03 FF FF FF,[],190=117.875/exp 117.8817 VALUE_OK
MATCH,8393,0x0CF00400,61444,154258.0,137909.986,-0.035,FF FF FF C3 03 FF FF FF,FF FF FF C3 03 FF FF FF,[],190=120.375/exp 120.3739 VALUE_OK
MATCH,8394,0x0CF00400,61444,154263.0,137915.006,-0.014,FF FF FF D7 03 FF FF FF,FF FF FF D7 03 FF FF FF,[],190=122.875/exp 122.8911 VALUE_OK
MATCH,8395,0x0CF00400,61444,154268.0,137919.965,-0.055,FF FF FF EB 03 FF FF FF,FF FF FF EB 03 FF FF FF,[],190=125.375/exp 125.4335 VALUE_OK
MATCH,8396,0x0CF00400,61444,154273.0,137924.989,-0.03,FF FF FF 00 04 FF FF FF,FF FF FF 00 04 FF FF FF,[],190=128.0/exp 128.001 VALUE_OK
MATCH,8397,0x0CF00400,61444,154278.0,137930.0,-0.018,FF FF FF 15 04 FF FF FF,FF FF FF 15 04 FF FF FF,[],190=130.625/exp 130.5934 VALUE_OK
MATCH,8398,0x0CF00400,61444,154283.0,137934.952,-0.066,FF FF FF 2A 04 FF FF FF,FF FF FF 2A 04 FF FF FF,[],190=133.25/exp 133.2108 VALUE_OK
MATCH,8399,0x0CF00400,61444,154288.0,137939.951,-0.065,FF FF FF 3F 04 FF FF FF,FF FF FF 3F 04 FF FF FF,[],190=135.875/exp 135.8532 VALUE_OK
MATCH,8400,0x0CF00400,61444,154293.0,137944.971,-0.044,FF FF FF 54 04 FF FF FF,FF FF FF 54 04 FF FF FF,[],190=138.5/exp 138.5204 VALUE_OK
MATCH,8401,0x0CF00400,61444,154298.0,137949.99,-0.024,FF FF FF 6A 04 FF FF FF,FF FF FF 6A 04 FF FF FF,[],190=141.25/exp 141.2125 VALUE_OK
MATCH,8402,0x0CF00400,61444,154303.0,137954.954,-0.06,FF FF FF 7F 04 FF FF FF,FF FF FF 7F 04 FF FF FF,[],190=143.875/exp 143.9294 VALUE_OK
MATCH,8403,0x0CF00400,61444,154308.0,137959.981,-0.031,FF FF FF 95 04 FF FF FF,FF FF FF 95 04 FF FF FF,[],190=146.625/exp 146.6711 VALUE_OK
MATCH,8404,0x0CF00400,61444,154313.0,137965.001,-0.011,FF FF FF AC 04 FF FF FF,FF FF FF AC 04 FF FF FF,[],190=149.5/exp 149.4375 VALUE_OK
MATCH,8405,0x0CF00400,61444,154318.0,137969.956,-0.056,FF FF FF C2 04 FF FF FF,FF FF FF C2 04 FF FF FF,[],190=152.25/exp 152.2285 VALUE_OK
MATCH,8406,0x0CF00400,61444,154323.0,137974.972,-0.039,FF FF FF D8 04 FF FF FF,FF FF FF D8 04 FF FF FF,[],190=155.0/exp 155.0443 VALUE_OK
MATCH,8407,0x0CF00400,61444,154328.0,137980.003,-0.007,FF FF FF EF 04 FF FF FF,FF FF FF EF 04 FF FF FF,[],190=157.875/exp 157.8846 VALUE_OK
MATCH,8408,0x0CF00400,61444,154333.0,137984.971,-0.039,FF FF FF 06 05 FF FF FF,FF FF FF 06 05 FF FF FF,[],190=160.75/exp 160.7494 VALUE_OK
MATCH,8409,0x0CF00400,61444,154338.0,137989.987,-0.022,FF FF FF 1D 05 FF FF FF,FF FF FF 1D 05 FF FF FF,[],190=163.625/exp 163.6388 VALUE_OK
MATCH,8410,0x0CF00400,61444,154343.0,137995.01,0.002,FF FF FF 34 05 FF FF FF,FF FF FF 34 05 FF FF FF,[],190=166.5/exp 166.5527 VALUE_OK
MATCH,8411,0x0CF00400,61444,154348.0,137999.965,-0.043,FF FF FF 4C 05 FF FF FF,FF FF FF 4C 05 FF FF FF,[],190=169.5/exp 169.4909 VALUE_OK
MATCH,8412,0x0CF00400,61444,154353.0,138004.989,-0.019,FF FF FF 64 05 FF FF FF,FF FF FF 64 05 FF FF FF,[],190=172.5/exp 172.4535 VALUE_OK
MATCH,8413,0x0CF00400,61444,154358.0,138010.017,0.01,FF FF FF 7C 05 FF FF FF,FF FF FF 7C 05 FF FF FF,[],190=175.5/exp 175.4405 VALUE_OK
MATCH,8414,0x0CF00400,61444,154363.0,138014.964,-0.043,FF FF FF 94 05 FF FF FF,FF FF FF 94 05 FF FF FF,[],190=178.5/exp 178.4517 VALUE_OK
MATCH,8415,0x0CF00400,61444,154368.0,138019.988,-0.019,FF FF FF AC 05 FF FF FF,FF FF FF AC 05 FF FF FF,[],190=181.5/exp 181.4872 VALUE_OK
MATCH,8416,0x0CF00400,61444,154373.0,138025.007,0.001,FF FF FF C4 05 FF FF FF,FF FF FF C4 05 FF FF FF,[],190=184.5/exp 184.5469 VALUE_OK
MATCH,8417,0x0CF00400,61444,154378.0,138029.967,-0.039,FF FF FF DD 05 FF FF FF,FF FF FF DD 05 FF FF FF,[],190=187.625/exp 187.6307 VALUE_OK
MATCH,8418,0x0CF00400,61444,154383.0,138034.994,-0.011,FF FF FF F6 05 FF FF FF,FF FF FF F6 05 FF FF FF,[],190=190.75/exp 190.7386 VALUE_OK
MATCH,8419,0x0CF00400,61444,154388.0,138039.958,-0.047,FF FF FF 0F 06 FF FF FF,FF FF FF 0F 06 FF FF FF,[],190=193.875/exp 193.8705 VALUE_OK
MATCH,8420,0x0CF00400,61444,154393.0,138044.977,-0.027,FF FF FF 28 06 FF FF FF,FF FF FF 28 06 FF FF FF,[],190=197.0/exp 197.0265 VALUE_OK
MATCH,8421,0x0CF00400,61444,154398.0,138049.941,-0.063,FF FF FF 42 06 FF FF FF,FF FF FF 42 06 FF FF FF,[],190=200.25/exp 200.2064 VALUE_OK
MATCH,8422,0x0CF00400,61444,154403.0,138054.968,-0.034,FF FF FF 5B 06 FF FF FF,FF FF FF 5B 06 FF FF FF,[],190=203.375/exp 203.4101 VALUE_OK
MATCH,8423,0x0CF00400,61444,154408.0,138059.992,-0.01,FF FF FF 75 06 FF FF FF,FF FF FF 75 06 FF FF FF,[],190=206.625/exp 206.6378 VALUE_OK
MATCH,8424,0x0CF00400,61444,154413.0,138064.936,-0.066,FF FF FF 8F 06 FF FF FF,FF FF FF 8F 06 FF FF FF,[],190=209.875/exp 209.8892 VALUE_OK
UNLOGGED,,0x0CF00400,61444,,138069.967,,,FF FF FF A9 06 FF FF FF,[],
MATCH,8426,0x0CF00400,61444,154423.0,138074.982,-0.018,FF FF FF C4 06 FF FF FF,FF FF FF C4 06 FF FF FF,[],190=216.5/exp 216.4633 VALUE_OK
MATCH,8427,0x0CF00400,61444,154428.0,138079.946,-0.054,FF FF FF DE 06 FF FF FF,FF FF FF DE 06 FF FF FF,[],190=219.75/exp 219.7858 VALUE_OK
MATCH,8428,0x0CF00400,61444,154433.0,138084.974,-0.025,FF FF FF F9 06 FF FF FF,FF FF FF F9 06 FF FF FF,[],190=223.125/exp 223.132 VALUE_OK
MATCH,8429,0x0CF00400,61444,154438.0,138089.941,-0.057,FF FF FF 14 07 FF FF FF,FF FF FF 14 07 FF FF FF,[],190=226.5/exp 226.5017 VALUE_OK
MATCH,8430,0x0CF00400,61444,154443.0,138094.977,-0.02,FF FF FF 2F 07 FF FF FF,FF FF FF 2F 07 FF FF FF,[],190=229.875/exp 229.8948 VALUE_OK
MATCH,8431,0x0CF00400,61444,154448.0,138099.936,-0.061,FF FF FF 4A 07 FF FF FF,FF FF FF 4A 07 FF FF FF,[],190=233.25/exp 233.3115 VALUE_OK
MATCH,8432,0x0CF00400,61444,154453.0,138104.968,-0.028,FF FF FF 66 07 FF FF FF,FF FF FF 66 07 FF FF FF,[],190=236.75/exp 236.7515 VALUE_OK
MATCH,8433,0x0CF00400,61444,154458.0,138109.999,0.004,FF FF FF 82 07 FF FF FF,FF FF FF 82 07 FF FF FF,[],190=240.25/exp 240.2148 VALUE_OK
MATCH,8434,0x0CF00400,61444,154463.0,138114.959,-0.036,FF FF FF 9E 07 FF FF FF,FF FF FF 9E 07 FF FF FF,[],190=243.75/exp 243.7015 VALUE_OK
MATCH,8435,0x0CF00400,61444,154468.0,138119.99,-0.004,FF FF FF BA 07 FF FF FF,FF FF FF BA 07 FF FF FF,[],190=247.25/exp 247.2113 VALUE_OK
MATCH,8436,0x0CF00400,61444,154473.0,138124.954,-0.04,FF FF FF D6 07 FF FF FF,FF FF FF D6 07 FF FF FF,[],190=250.75/exp 250.7443 VALUE_OK
MATCH,8437,0x0CF00400,61444,154478.0,138129.982,-0.011,FF FF FF F2 07 FF FF FF,FF FF FF F2 07 FF FF FF,[],190=254.25/exp 254.3005 VALUE_OK
MATCH,8438,0x0CF00400,61444,154483.0,138134.925,-0.068,FF FF FF 0F 08 FF FF FF,FF FF FF 0F 08 FF FF FF,[],190=257.875/exp 257.8797 VALUE_OK
MATCH,8439,0x0CF00400,61444,154488.0,138139.949,-0.043,FF FF FF 2C 08 FF FF FF,FF FF FF 2C 08 FF FF FF,[],190=261.5/exp 261.4819 VALUE_OK
MATCH,8440,0x0CF00400,61444,154493.0,138144.968,-0.023,FF FF FF 49 08 FF FF FF,FF FF FF 49 08 FF FF FF,[],190=265.125/exp 265.1071 VALUE_OK
MATCH,8441,0x0CF00400,61444,154498.0,138149.936,-0.055,FF FF FF 66 08 FF FF FF,FF FF FF 66 08 FF FF FF,[],190=268.75/exp 268.7552 VALUE_OK
MATCH,8442,0x0CF00400,61444,154503.0,138154.971,-0.018,FF FF FF 83 08 FF FF FF,FF FF FF 83 08 FF FF FF,[],190=272.375/exp 272.4261 VALUE_OK
MATCH,8443,0x0CF00400,61444,154508.0,138159.931,-0.058,FF FF FF A1 08 FF FF FF,FF FF FF A1 08 FF FF FF,[],190=276.125/exp 276.1198 VALUE_OK
MATCH,8444,0x0CF00400,61444,154513.0,138164.958,-0.03,FF FF FF BF 08 FF FF FF,FF FF FF BF 08 FF FF FF,[],190=279.875/exp 279.8363 VALUE_OK
MATCH,8445,0x0CF00400,61444,154518.0,138169.974,-0.013,FF FF FF DD 08 FF FF FF,FF FF FF DD 08 FF FF FF,[],190=283.625/exp 283.5754 VALUE_OK
MATCH,8446,0x0CF00400,61444,154523.0,138174.933,-0.054,FF FF FF FB 08 FF FF FF,FF FF FF FB 08 FF FF FF,[],190=287.375/exp 287.3371 VALUE_OK
MATCH,8447,0x0CF00400,61444,154528.0,138179.949,-0.037,FF FF FF 19 09 FF FF FF,FF FF FF 19 09 FF FF FF,[],190=291.125/exp 291.1214 VALUE_OK
MATCH,8448,0x0CF00400,61444,154533.0,138184.969,-0.016,FF FF FF 37 09 FF FF FF,FF FF FF 37 09 FF FF FF,[],190=294.875/exp 294.9282 VALUE_OK
MATCH,8449,0x0CF00400,61444,154538.0,138189.976,-0.009,FF FF FF 56 09 FF FF FF,FF FF FF 56 09 FF FF FF,[],190=298.75/exp 298.7574 VALUE_OK
MATCH,8450,0x0CF00400,61444,154543.0,138194.927,-0.058,FF FF FF 75 09 FF FF FF,FF FF FF 75 09 FF FF FF,[],190=302.625/exp 302.609 VALUE_OK
MATCH,8451,0x0CF00400,61444,154548.0,138199.955,-0.029,FF FF FF 94 09 FF FF FF,FF FF FF 94 09 FF FF FF,[],190=306.5/exp 306.4829 VALUE_OK
MATCH,8452,0x0CF00400,61444,154553.0,138204.974,-0.009,FF FF FF B3 09 FF FF FF,FF FF FF B3 09 FF FF FF,[],190=310.375/exp 310.3791 VALUE_OK
MATCH,8453,0x0CF00400,61444,154558.0,138209.942,-0.041,FF FF FF D2 09 FF FF FF,FF FF FF D2 09 FF FF FF,[],190=314.25/exp 314.2975 VALUE_OK
MATCH,8454,0x0CF00400,61444,154563.0,138214.974,-0.008,FF FF FF F2 09 FF FF FF,FF FF FF F2 09 FF FF FF,[],190=318.25/exp 318.238 VALUE_OK
MATCH,8455,0x0CF00400,61444,154568.0,138219.941,-0.041,FF FF FF 12 0A FF FF FF,FF FF FF 12 0A FF FF FF,[],190=322.25/exp 322.2006 VALUE_OK
MATCH,8456,0x0CF00400,61444,154573.0,138224.96,-0.021,FF FF FF 31 0A FF FF FF,FF FF FF 31 0A FF FF FF,[],190=326.125/exp 326.1852 VALUE_OK
MATCH,8457,0x0CF00400,61444,154578.0,138229.924,-0.057,FF FF FF 52 0A FF FF FF,FF FF FF 52 0A FF FF FF,[],190=330.25/exp 330.1918 VALUE_OK
MATCH,8458,0x0CF00400,61444,154583.0,138234.936,-0.043,FF FF FF 72 0A FF FF FF,FF FF FF 72 0A FF FF FF,[],190=334.25/exp 334.2203 VALUE_OK
MATCH,8459,0x0CF00400,61444,154588.0,138239.967,-0.012,FF FF FF 92 0A FF FF FF,FF FF FF 92 0A FF FF FF,[],190=338.25/exp 338.2706 VALUE_OK
MATCH,8460,0x0CF00400,61444,154593.0,138244.923,-0.055,FF FF FF B3 0A FF FF FF,FF FF FF B3 0A FF FF FF,[],190=342.375/exp 342.3426 VALUE_OK
MATCH,8461,0x0CF00400,61444,154598.0,138249.938,-0.039,FF FF FF D3 0A FF FF FF,FF FF FF D3 0A FF FF FF,[],190=346.375/exp 346.4364 VALUE_OK
MATCH,8462,0x0CF00400,61444,154603.0,138254.958,-0.018,FF FF FF F4 0A FF FF FF,FF FF FF F4 0A FF FF FF,[],190=350.5/exp 350.5518 VALUE_OK
MATCH,8463,0x0CF00400,61444,154608.0,138259.917,-0.059,FF FF FF 16 0B FF FF FF,FF FF FF 16 0B FF FF FF,[],190=354.75/exp 354.6889 VALUE_OK
MATCH,8464,0x0CF00400,61444,154613.0,138264.937,-0.038,FF FF FF 37 0B FF FF FF,FF FF FF 37 0B FF FF FF,[],190=358.875/exp 358.8474 VALUE_OK
MATCH,8465,0x0CF00400,61444,154618.0,138269.96,-0.014,FF FF FF 58 0B FF FF FF,FF FF FF 58 0B FF FF FF,[],190=363.0/exp 363.0274 VALUE_OK
MATCH,8466,0x0CF00400,61444,154623.0,138274.912,-0.062,FF FF FF 7A 0B FF FF FF,FF FF FF 7A 0B FF FF FF,[],190=367.25/exp 367.2287 VALUE_OK
MATCH,8467,0x0CF00400,61444,154628.0,138279.94,-0.033,FF FF FF 9C 0B FF FF FF,FF FF FF 9C 0B FF FF FF,[],190=371.5/exp 371.4514 VALUE_OK
MATCH,8468,0x0CF00400,61444,154633.0,138284.963,-0.009,FF FF FF BE 0B FF FF FF,FF FF FF BE 0B FF FF FF,[],190=375.75/exp 375.6954 VALUE_OK
MATCH,8469,0x0CF00400,61444,154638.0,138289.914,-0.058,FF FF FF E0 0B FF FF FF,FF FF FF E0 0B FF FF FF,[],190=380.0/exp 379.9605 VALUE_OK
MATCH,8470,0x0CF00400,61444,154643.0,138294.938,-0.033,FF FF FF 02 0C FF FF FF,FF FF FF 02 0C FF FF FF,[],190=384.25/exp 384.2468 VALUE_OK
MATCH,8471,0x0CF00400,61444,154648.0,138299.954,-0.016,FF FF FF 24 0C FF FF FF,FF FF FF 24 0C FF FF FF,[],190=388.5/exp 388.5541 VALUE_OK
MATCH,8472,0x0CF00400,61444,154653.0,138304.901,-0.069,FF FF FF 47 0C FF FF FF,FF FF FF 47 0C FF FF FF,[],190=392.875/exp 392.8824 VALUE_OK
MATCH,8473,0x0CF00400,61444,154658.0,138309.937,-0.031,FF FF FF 6A 0C FF FF FF,FF FF FF 6A 0C FF FF FF,[],190=397.25/exp 397.2317 VALUE_OK
MATCH,8474,0x0CF00400,61444,154663.0,138314.94,-0.028,FF FF FF 8D 0C FF FF FF,FF FF FF 8D 0C FF FF FF,[],190=401.625/exp 401.6018 VALUE_OK
MATCH,8475,0x0CF00400,61444,154668.0,138319.912,-0.055,FF FF FF B0 0C FF FF FF,FF FF FF B0 0C FF FF FF,[],190=406.0/exp 405.9927 VALUE_OK
MATCH,8476,0x0CF00400,61444,154673.0,138324.939,-0.027,FF FF FF D3 0C FF FF FF,FF FF FF D3 0C FF FF FF,[],190=410.375/exp 410.4044 VALUE_OK
MATCH,8477,0x0CF00400,61444,154678.0,138329.911,-0.054,FF FF FF F7 0C FF FF FF,FF FF FF F7 0C FF FF FF,[],190=414.875/exp 414.8367 VALUE_OK
MATCH,8478,0x0CF00400,61444,154683.0,138334.93,-0.034,FF FF FF 1A 0D FF FF FF,FF FF FF 1A 0D FF FF FF,[],190=419.25/exp 419.2896 VALUE_OK
MATCH,8479,0x0CF00400,61444,154688.0,138339.958,-0.006,FF FF FF 3E 0D FF FF FF,FF FF FF 3E 0D FF FF FF,[],190=423.75/exp 423.763 VALUE_OK
MATCH,8480,0x0CF00400,61444,154693.0,138344.913,-0.051,FF FF FF 62 0D FF FF FF,FF FF FF 62 0D FF FF FF,[],190=428.25/exp 428.2568 VALUE_OK
MATCH,8481,0x0CF00400,61444,154698.0,138349.937,-0.026,FF FF FF 86 0D FF FF FF,FF FF FF 86 0D FF FF FF,[],190=432.75/exp 432.7711 VALUE_OK
MATCH,8482,0x0CF00400,61444,154703.0,138354.957,-0.005,FF FF FF AA 0D FF FF FF,FF FF FF AA 0D FF FF FF,[],190=437.25/exp 437.3056 VALUE_OK
MATCH,8483,0x0CF00400,61444,154708.0,138359.904,-0.058,FF FF FF CF 0D FF FF FF,FF FF FF CF 0D FF FF FF,[],190=441.875/exp 441.8604 VALUE_OK
MATCH,8484,0x0CF00400,61444,154713.0,138364.931,-0.03,FF FF FF F3 0D FF FF FF,FF FF FF F3 0D FF FF FF,[],190=446.375/exp 446.4354 VALUE_OK
MATCH,8485,0x0CF00400,61444,154718.0,138369.943,-0.017,FF FF FF 18 0E FF FF FF,FF FF FF 18 0E FF FF FF,[],190=451.0/exp 451.0305 VALUE_OK
MATCH,8486,0x0CF00400,61444,154723.0,138374.894,-0.066,FF FF FF 3D 0E FF FF FF,FF FF FF 3D 0E FF FF FF,[],190=455.625/exp 455.6456 VALUE_OK
MATCH,8487,0x0CF00400,61444,154728.0,138379.922,-0.037,FF FF FF 62 0E FF FF FF,FF FF FF 62 0E FF FF FF,[],190=460.25/exp 460.2807 VALUE_OK
MATCH,8488,0x0CF00400,61444,154733.0,138384.946,-0.012,FF FF FF 87 0E FF FF FF,FF FF FF 87 0E FF FF FF,[],190=464.875/exp 464.9356 VALUE_OK
MATCH,8489,0x0CF00400,61444,154738.0,138389.902,-0.056,FF FF FF AD 0E FF FF FF,FF FF FF AD 0E FF FF FF,[],190=469.625/exp 469.6104 VALUE_OK
MATCH,8490,0x0CF00400,61444,154743.0,138394.922,-0.034,FF FF FF D2 0E FF FF FF,FF FF FF D2 0E FF FF FF,[],190=474.25/exp 474.3049 VALUE_OK
MATCH,8491,0x0CF00400,61444,154748.0,138399.949,-0.007,FF FF FF F8 0E FF FF FF,FF FF FF F8 0E FF FF FF,[],190=479.0/exp 479.0191 VALUE_OK
MATCH,8492,0x0CF00400,61444,154753.0,138404.901,-0.055,FF FF FF 1E 0F FF FF FF,FF FF FF 1E 0F FF FF FF,[],190=483.75/exp 483.7529 VALUE_OK
MATCH,8493,0x0CF00400,61444,154758.0,138409.929,-0.026,FF FF FF 44 0F FF FF FF,FF FF FF 44 0F FF FF FF,[],190=488.5/exp 488.5062 VALUE_OK
MATCH,8494,0x0CF00400,61444,154763.0,138414.948,-0.006,FF FF FF 6A 0F FF FF FF,FF FF FF 6A 0F FF FF FF,[],190=493.25/exp 493.279 VALUE_OK
MATCH,8495,0x0CF00400,61444,154768.0,138419.899,-0.055,FF FF FF 91 0F FF FF FF,FF FF FF 91 0F FF FF FF,[],190=498.125/exp 498.0711 VALUE_OK
MATCH,8496,0x0CF00400,61444,154773.0,138424.919,-0.034,FF FF FF B7 0F FF FF FF,FF FF FF B7 0F FF FF FF,[],190=502.875/exp 502.8826 VALUE_OK
MATCH,8497,0x0CF00400,61444,154778.0,138429.942,-0.01,FF FF FF DE 0F FF FF FF,FF FF FF DE 0F FF FF FF,[],190=507.75/exp 507.7133 VALUE_OK
MATCH,8498,0x0CF00400,61444,154783.0,138434.882,-0.07,FF FF FF 05 10 FF FF FF,FF FF FF 05 10 FF FF FF,[],190=512.625/exp 512.5631 VALUE_OK
MATCH,8499,0x0CF00400,61444,154788.0,138439.929,-0.022,FF FF FF 2B 10 FF FF FF,FF FF FF 2B 10 FF FF FF,[],190=517.375/exp 517.4321 VALUE_OK
MATCH,8500,0x0CF00400,61444,154793.0,138444.885,-0.065,FF FF FF 53 10 FF FF FF,FF FF FF 53 10 FF FF FF,[],190=522.375/exp 522.32 VALUE_OK
MATCH,8501,0x0CF00400,61444,154798.0,138449.905,-0.044,FF FF FF 7A 10 FF FF FF,FF FF FF 7A 10 FF FF FF,[],190=527.25/exp 527.2269 VALUE_OK
MATCH,8502,0x0CF00400,61444,154803.0,138454.928,-0.02,FF FF FF A1 10 FF FF FF,FF FF FF A1 10 FF FF FF,[],190=532.125/exp 532.1526 VALUE_OK
MATCH,8503,0x0CF00400,61444,154808.0,138459.888,-0.06,FF FF FF C9 10 FF FF FF,FF FF FF C9 10 FF FF FF,[],190=537.125/exp 537.0971 VALUE_OK
MATCH,8504,0x0CF00400,61444,154813.0,138464.911,-0.035,FF FF FF F0 10 FF FF FF,FF FF FF F0 10 FF FF FF,[],190=542.0/exp 542.0603 VALUE_OK
MATCH,8505,0x0CF00400,61444,154818.0,138469.927,-0.019,FF FF FF 18 11 FF FF FF,FF FF FF 18 11 FF FF FF,[],190=547.0/exp 547.0422 VALUE_OK
MATCH,8506,0x0CF00400,61444,154823.0,138474.882,-0.063,FF FF FF 40 11 FF FF FF,FF FF FF 40 11 FF FF FF,[],190=552.0/exp 552.0426 VALUE_OK
MATCH,8507,0x0CF00400,61444,154828.0,138479.902,-0.042,FF FF FF 68 11 FF FF FF,FF FF FF 68 11 FF FF FF,[],190=557.0/exp 557.0614 VALUE_OK
MATCH,8508,0x0CF00400,61444,154833.0,138484.925,-0.018,FF FF FF 91 11 FF FF FF,FF FF FF 91 11 FF FF FF,[],190=562.125/exp 562.0987 VALUE_OK
MATCH,8509,0x0CF00400,61444,154838.0,138489.877,-0.066,FF FF FF B9 11 FF FF FF,FF FF FF B9 11 FF FF FF,[],190=567.125/exp 567.1543 VALUE_OK
MATCH,8510,0x0CF00400,61444,154843.0,138494.897,-0.044,FF FF FF E2 11 FF FF FF,FF FF FF E2 11 FF FF FF,[],190=572.25/exp 572.2281 VALUE_OK
MATCH,8511,0x0CF00400,61444,154848.0,138499.904,-0.037,FF FF FF 0B 12 FF FF FF,FF FF FF 0B 12 FF FF FF,[],190=577.375/exp 577.3201 VALUE_OK
MATCH,8512,0x0CF00400,61444,154853.0,138504.863,-0.077,FF FF FF 33 12 FF FF FF,FF FF FF 33 12 FF FF FF,[],190=582.375/exp 582.4302 VALUE_OK
MATCH,8513,0x0CF00400,61444,154858.0,138509.887,-0.051,FF FF FF 5C 12 FF FF FF,FF FF FF 5C 12 FF FF FF,[],190=587.5/exp 587.5582 VALUE_OK
MATCH,8514,0x0CF00400,61444,154863.0,138514.922,-0.015,FF FF FF 86 12 FF FF FF,FF FF FF 86 12 FF FF FF,[],190=592.75/exp 592.7042 VALUE_OK
MATCH,8515,0x0CF00400,61444,154868.0,138519.878,-0.059,FF FF FF AF 12 FF FF FF,FF FF FF AF 12 FF FF FF,[],190=597.875/exp 597.8681 VALUE_OK
MATCH,8516,0x0CF00400,61444,154873.0,138524.902,-0.034,FF FF FF D8 12 FF FF FF,FF FF FF D8 12 FF FF FF,[],190=603.0/exp 603.0497 VALUE_OK
MATCH,8517,0x0CF00400,61444,154878.0,138529.917,-0.018,FF FF FF 02 13 FF FF FF,FF FF FF 02 13 FF FF FF,[],190=608.25/exp 608.249 VALUE_OK
MATCH,8518,0x0CF00400,61444,154883.0,138534.873,-0.062,FF FF FF 2C 13 FF FF FF,FF FF FF 2C 13 FF FF FF,[],190=613.5/exp 613.4659 VALUE_OK
MATCH,8519,0x0CF00400,61444,154888.0,138539.892,-0.042,FF FF FF 56 13 FF FF FF,FF FF FF 56 13 FF FF FF,[],190=618.75/exp 618.7004 VALUE_OK
MATCH,8520,0x0CF00400,61444,154893.0,138544.92,-0.013,FF FF FF 80 13 FF FF FF,FF FF FF 80 13 FF FF FF,[],190=624.0/exp 623.9522 VALUE_OK
MATCH,8521,0x0CF00400,61444,154898.0,138549.868,-0.064,FF FF FF AA 13 FF FF FF,FF FF FF AA 13 FF FF FF,[],190=629.25/exp 629.2215 VALUE_OK
MATCH,8522,0x0CF00400,61444,154903.0,138554.891,-0.04,FF FF FF D4 13 FF FF FF,FF FF FF D4 13 FF FF FF,[],190=634.5/exp 634.508 VALUE_OK
MATCH,8523,0x0CF00400,61444,154908.0,138559.914,-0.016,FF FF FF FE 13 FF FF FF,FF FF FF FE 13 FF FF FF,[],190=639.75/exp 639.8118 VALUE_OK
MATCH,8524,0x0CF00400,61444,154913.0,138564.894,-0.036,FF FF FF 29 14 FF FF FF,FF FF FF 29 14 FF FF FF,[],190=645.125/exp 645.1326 VALUE_OK
MATCH,8525,0x0CF00400,61444,154918.0,138569.861,-0.068,FF FF FF 54 14 FF FF FF,FF FF FF 54 14 FF FF FF,[],190=650.5/exp 650.4705 VALUE_OK
MATCH,8526,0x0CF00400,61444,154923.0,138574.881,-0.047,FF FF FF 7F 14 FF FF FF,FF FF FF 7F 14 FF FF FF,[],190=655.875/exp 655.8254 VALUE_OK
MATCH,8527,0x0CF00400,61444,154928.0,138579.905,-0.022,FF FF FF AA 14 FF FF FF,FF FF FF AA 14 FF FF FF,[],190=661.25/exp 661.1971 VALUE_OK
MATCH,8528,0x0CF00400,61444,154933.0,138584.852,-0.075,FF FF FF D5 14 FF FF FF,FF FF FF D5 14 FF FF FF,[],190=666.625/exp 666.5856 VALUE_OK
MATCH,8529,0x0CF00400,61444,154938.0,138589.884,-0.041,FF FF FF 00 15 FF FF FF,FF FF FF 00 15 FF FF FF,[],190=672.0/exp 671.9908 VALUE_OK
MATCH,8530,0x0CF00400,61444,154943.0,138594.899,-0.025,FF FF FF 2B 15 FF FF FF,FF FF FF 2B 15 FF FF FF,[],190=677.375/exp 677.4127 VALUE_OK
MATCH,8531,0x0CF00400,61444,154948.0,138599.915,-0.009,FF FF FF 57 15 FF FF FF,FF FF FF 57 15 FF FF FF,[],190=682.875/exp 682.851 VALUE_OK
MATCH,8532,0x0CF00400,61444,154953.0,138604.874,-0.05,FF FF FF 82 15 FF FF FF,FF FF FF 82 15 FF FF FF,[],190=688.25/exp 688.3059 VALUE_OK
MATCH,8533,0x0CF00400,61444,154958.0,138609.89,-0.033,FF FF FF AE 15 FF FF FF,FF FF FF AE 15 FF FF FF,[],190=693.75/exp 693.7771 VALUE_OK
MATCH,8534,0x0CF00400,61444,154963.0,138614.905,-0.017,FF FF FF DA 15 FF FF FF,FF FF FF DA 15 FF FF FF,[],190=699.25/exp 699.2646 VALUE_OK
MATCH,8535,0x0CF00400,61444,154968.0,138619.865,-0.057,FF FF FF 06 16 FF FF FF,FF FF FF 06 16 FF FF FF,[],190=704.75/exp 704.7683 VALUE_OK
MATCH,8536,0x0CF00400,61444,154973.0,138624.88,-0.04,FF FF FF 32 16 FF FF FF,FF FF FF 32 16 FF FF FF,[],190=710.25/exp 710.2881 VALUE_OK
MATCH,8537,0x0CF00400,61444,154978.0,138629.9,-0.02,FF FF FF 5F 16 FF FF FF,FF FF FF 5F 16 FF FF FF,[],190=715.875/exp 715.824 VALUE_OK
MATCH,8538,0x0CF00400,61444,154983.0,138634.859,-0.06,FF FF FF 8B 16 FF FF FF,FF FF FF 8B 16 FF FF FF,[],190=721.375/exp 721.3758 VALUE_OK
MATCH,8539,0x0CF00400,61444,154988.0,138639.879,-0.039,FF FF FF B8 16 FF FF FF,FF FF FF B8 16 FF FF FF,[],190=727.0/exp 726.9435 VALUE_OK
MATCH,8540,0x0CF00400,61444,154993.0,138644.907,-0.01,FF FF FF E4 16 FF FF FF,FF FF FF E4 16 FF FF FF,[],190=732.5/exp 732.5269 VALUE_OK
MATCH,8541,0x0CF00400,61444,154998.0,138649.85,-0.067,FF FF FF 11 17 FF FF FF,FF FF FF 11 17 FF FF FF,[],190=738.125/exp 738.1261 VALUE_OK
MATCH,8542,0x0CF00400,61444,155003.0,138654.877,-0.039,FF FF FF 3E 17 FF FF FF,FF FF FF 3E 17 FF FF FF,[],190=743.75/exp 743.7408 VALUE_OK
MATCH,8543,0x0CF00400,61444,155008.0,138659.893,-0.022,FF FF FF 6B 17 FF FF FF,FF FF FF 6B 17 FF FF FF,[],190=749.375/exp 749.3711 VALUE_OK
MATCH,8544,0x0CF00400,61444,155013.0,138664.857,-0.058,FF FF FF 98 17 FF FF FF,FF FF FF 98 17 FF FF FF,[],190=755.0/exp 755.0168 VALUE_OK
MATCH,8545,0x0CF00400,61444,155018.0,138669.88,-0.033,FF FF FF C5 17 FF FF FF,FF FF FF C5 17 FF FF FF,[],190=760.625/exp 760.6778 VALUE_OK
MATCH,8546,0x0CF00400,61444,155023.0,138674.892,-0.021,FF FF FF F3 17 FF FF FF,FF FF FF F3 17 FF FF FF,[],190=766.375/exp 766.3541 VALUE_OK
MATCH,8547,0x0CF00400,61444,155028.0,138679.847,-0.065,FF FF FF 20 18 FF FF FF,FF FF FF 20 18 FF FF FF,[],190=772.0/exp 772.0455 VALUE_OK
MATCH,8548,0x0CF00400,61444,155033.0,138684.859,-0.052,FF FF FF 4E 18 FF FF FF,FF FF FF 4E 18 FF FF FF,[],190=777.75/exp 777.7521 VALUE_OK
MATCH,8549,0x0CF00400,61444,155038.0,138689.862,-0.048,FF FF FF 7C 18 FF FF FF,FF FF FF 7C 18 FF FF FF,[],190=783.5/exp 783.4736 VALUE_OK
UNLOGGED,,0x0CF00400,61444,,138694.878,,,FF FF FF AA 18 FF FF FF,[],
MATCH,8551,0x0CF00400,61444,155048.0,138699.897,-0.012,FF FF FF D8 18 FF FF FF,FF FF FF D8 18 FF FF FF,[],190=795.0/exp 794.9613 VALUE_OK
MATCH,8552,0x0CF00400,61444,155053.0,138704.861,-0.048,FF FF FF 06 19 FF FF FF,FF FF FF 06 19 FF FF FF,[],190=800.75/exp 800.7273 VALUE_OK
MATCH,8553,0x0CF00400,61444,155058.0,138709.885,-0.023,FF FF FF 34 19 FF FF FF,FF FF FF 34 19 FF FF FF,[],190=806.5/exp 806.5079 VALUE_OK
MATCH,8554,0x0CF00400,61444,155063.0,138714.836,-0.071,FF FF FF 62 19 FF FF FF,FF FF FF 62 19 FF FF FF,[],190=812.25/exp 812.3031 VALUE_OK
MATCH,8555,0x0CF00400,61444,155068.0,138719.864,-0.042,FF FF FF 91 19 FF FF FF,FF FF FF 91 19 FF FF FF,[],190=818.125/exp 818.1127 VALUE_OK
MATCH,8556,0x0CF00400,61444,155073.0,138724.883,-0.022,FF FF FF C0 19 FF FF FF,FF FF FF C0 19 FF FF FF,[],190=824.0/exp 823.9367 VALUE_OK
MATCH,8557,0x0CF00400,61444,155078.0,138729.839,-0.066,FF FF FF EE 19 FF FF FF,FF FF FF EE 19 FF FF FF,[],190=829.75/exp 829.775 VALUE_OK
MATCH,8558,0x0CF00400,61444,155083.0,138734.85,-0.053,FF FF FF 1D 1A FF FF FF,FF FF FF 1D 1A FF FF FF,[],190=835.625/exp 835.6275 VALUE_OK
MATCH,8559,0x0CF00400,61444,155088.0,138739.874,-0.028,FF FF FF 4C 1A FF FF FF,FF FF FF 4C 1A FF FF FF,[],190=841.5/exp 841.4941 VALUE_OK
MATCH,8560,0x0CF00400,61444,155093.0,138744.885,-0.017,FF FF FF 7B 1A FF FF FF,FF FF FF 7B 1A FF FF FF,[],190=847.375/exp 847.3747 VALUE_OK
MATCH,8561,0x0CF00400,61444,155098.0,138749.845,-0.056,FF FF FF AA 1A FF FF FF,FF FF FF AA 1A FF FF FF,[],190=853.25/exp 853.2692 VALUE_OK
MATCH,8562,0x0CF00400,61444,155103.0,138754.868,-0.032,FF FF FF D9 1A FF FF FF,FF FF FF D9 1A FF FF FF,[],190=859.125/exp 859.1775 VALUE_OK
MATCH,8563,0x0CF00400,61444,155108.0,138759.884,-0.016,FF FF FF 09 1B FF FF FF,FF FF FF 09 1B FF FF FF,[],190=865.125/exp 865.0996 VALUE_OK
MATCH,8564,0x0CF00400,61444,155113.0,138764.847,-0.052,FF FF FF 38 1B FF FF FF,FF FF FF 38 1B FF FF FF,[],190=871.0/exp 871.0353 VALUE_OK
MATCH,8565,0x0CF00400,61444,155118.0,138769.867,-0.031,FF FF FF 68 1B FF FF FF,FF FF FF 68 1B FF FF FF,[],190=877.0/exp 876.9846 VALUE_OK
MATCH,8566,0x0CF00400,61444,155123.0,138774.834,-0.064,FF FF FF 98 1B FF FF FF,FF FF FF 98 1B FF FF FF,[],190=883.0/exp 882.9473 VALUE_OK
MATCH,8567,0x0CF00400,61444,155128.0,138779.866,-0.03,FF FF FF C7 1B FF FF FF,FF FF FF C7 1B FF FF FF,[],190=888.875/exp 888.9234 VALUE_OK
MATCH,8568,0x0CF00400,61444,155133.0,138784.825,-0.071,FF FF FF F7 1B FF FF FF,FF FF FF F7 1B FF FF FF,[],190=894.875/exp 894.9128 VALUE_OK
MATCH,8569,0x0CF00400,61444,155138.0,138789.849,-0.045,FF FF FF 27 1C FF FF FF,FF FF FF 27 1C FF FF FF,[],190=900.875/exp 900.9154 VALUE_OK
MATCH,8570,0x0CF00400,61444,155143.0,138794.816,-0.077,FF FF FF 57 1C FF FF FF,FF FF FF 57 1C FF FF FF,[],190=906.875/exp 906.9311 VALUE_OK
MATCH,8571,0x0CF00400,61444,155148.0,138799.856,-0.036,FF FF FF 88 1C FF FF FF,FF FF FF 88 1C FF FF FF,[],190=913.0/exp 912.9597 VALUE_OK
MATCH,8572,0x0CF00400,61444,155153.0,138804.868,-0.023,FF FF FF B8 1C FF FF FF,FF FF FF B8 1C FF FF FF,[],190=919.0/exp 919.0013 VALUE_OK
MATCH,8573,0x0CF00400,61444,155158.0,138809.827,-0.064,FF FF FF E8 1C FF FF FF,FF FF FF E8 1C FF FF FF,[],190=925.0/exp 925.0557 VALUE_OK
MATCH,8574,0x0CF00400,61444,155163.0,138814.878,-0.011,FF FF FF 19 1D FF FF FF,FF FF FF 19 1D FF FF FF,[],190=931.125/exp 931.1228 VALUE_OK
MATCH,8575,0x0CF00400,61444,155168.0,138819.838,-0.051,FF FF FF 4A 1D FF FF FF,FF FF FF 4A 1D FF FF FF,[],190=937.25/exp 937.2026 VALUE_OK
MATCH,8576,0x0CF00400,61444,155173.0,138824.858,-0.03,FF FF FF 7A 1D FF FF FF,FF FF FF 7A 1D FF FF FF,[],190=943.25/exp 943.2948 VALUE_OK
MATCH,8577,0x0CF00400,61444,155178.0,138829.877,-0.011,FF FF FF AB 1D FF FF FF,FF FF FF AB 1D FF FF FF,[],190=949.375/exp 949.3996 VALUE_OK
MATCH,8578,0x0CF00400,61444,155183.0,138834.841,-0.046,FF FF FF DC 1D FF FF FF,FF FF FF DC 1D FF FF FF,[],190=955.5/exp 955.5166 VALUE_OK
MATCH,8579,0x0CF00400,61444,155188.0,138839.852,-0.034,FF FF FF 0D 1E FF FF FF,FF FF FF 0D 1E FF FF FF,[],190=961.625/exp 961.6459 VALUE_OK
MATCH,8580,0x0CF00400,61444,155193.0,138844.884,-0.002,FF FF FF 3E 1E FF FF FF,FF FF FF 3E 1E FF FF FF,[],190=967.75/exp 967.7874 VALUE_OK
MATCH,8581,0x0CF00400,61444,155198.0,138849.827,-0.059,FF FF FF 70 1E FF FF FF,FF FF FF 70 1E FF FF FF,[],190=974.0/exp 973.9409 VALUE_OK
MATCH,8582,0x0CF00400,61444,155203.0,138854.843,-0.042,FF FF FF A1 1E FF FF FF,FF FF FF A1 1E FF FF FF,[],190=980.125/exp 980.1065 VALUE_OK
MATCH,8583,0x0CF00400,61444,155208.0,138859.871,-0.013,FF FF FF D2 1E FF FF FF,FF FF FF D2 1E FF FF FF,[],190=986.25/exp 986.2838 VALUE_OK
MATCH,8584,0x0CF00400,61444,155213.0,138864.834,-0.049,FF FF FF 04 1F FF FF FF,FF FF FF 04 1F FF FF FF,[],190=992.5/exp 992.473 VALUE_OK
MATCH,8585,0x0CF00400,61444,155218.0,138869.845,-0.037,FF FF FF 35 1F FF FF FF,FF FF FF 35 1F FF FF FF,[],190=998.625/exp 998.6738 VALUE_OK
MATCH,8586,0x0CF00400,61444,155223.0,138874.861,-0.021,FF FF FF 67 1F FF FF FF,FF FF FF 67 1F FF FF FF,[],190=1004.875/exp 1004.8862 VALUE_OK
MATCH,8587,0x0CF00400,61444,155228.0,138879.82,-0.061,FF FF FF 99 1F FF FF FF,FF FF FF 99 1F FF FF FF,[],190=1011.125/exp 1011.1102 VALUE_OK
MATCH,8588,0x0CF00400,61444,155233.0,138884.844,-0.036,FF FF FF CB 1F FF FF FF,FF FF FF CB 1F FF FF FF,[],190=1017.375/exp 1017.3455 VALUE_OK
MATCH,8589,0x0CF00400,61444,155238.0,138889.868,-0.011,FF FF FF FD 1F FF FF FF,FF FF FF FD 1F FF FF FF,[],190=1023.625/exp 1023.5921 VALUE_OK
MATCH,8590,0x0CF00400,61444,155243.0,138894.875,-0.004,FF FF FF 2F 20 FF FF FF,FF FF FF 2F 20 FF FF FF,[],190=1029.875/exp 1029.8499 VALUE_OK
MATCH,8591,0x0CF00400,61444,155248.0,138899.819,-0.06,FF FF FF 61 20 FF FF FF,FF FF FF 61 20 FF FF FF,[],190=1036.125/exp 1036.1188 VALUE_OK
MATCH,8592,0x0CF00400,61444,155253.0,138904.83,-0.048,FF FF FF 93 20 FF FF FF,FF FF FF 93 20 FF FF FF,[],190=1042.375/exp 1042.3987 VALUE_OK
MATCH,8593,0x0CF00400,61444,155258.0,138909.838,-0.039,FF FF FF C6 20 FF FF FF,FF FF FF C6 20 FF FF FF,[],190=1048.75/exp 1048.6895 VALUE_OK
MATCH,8594,0x0CF00400,61444,155263.0,138914.853,-0.023,FF FF FF F8 20 FF FF FF,FF FF FF F8 20 FF FF FF,[],190=1055.0/exp 1054.9912 VALUE_OK
MATCH,8595,0x0CF00400,61444,155268.0,138919.853,-0.023,FF FF FF 2A 21 FF FF FF,FF FF FF 2A 21 FF FF FF,[],190=1061.25/exp 1061.3036 VALUE_OK
MATCH,8596,0x0CF00400,61444,155273.0,138924.862,-0.013,FF FF FF 5D 21 FF FF FF,FF FF FF 5D 21 FF FF FF,[],190=1067.625/exp 1067.6265 VALUE_OK
MATCH,8597,0x0CF00400,61444,155278.0,138929.821,-0.054,FF FF FF 90 21 FF FF FF,FF FF FF 90 21 FF FF FF,[],190=1074.0/exp 1073.9601 VALUE_OK
MATCH,8598,0x0CF00400,61444,155283.0,138934.824,-0.05,FF FF FF C2 21 FF FF FF,FF FF FF C2 21 FF FF FF,[],190=1080.25/exp 1080.304 VALUE_OK
MATCH,8599,0x0CF00400,61444,155288.0,138939.812,-0.061,FF FF FF F5 21 FF FF FF,FF FF FF F5 21 FF FF FF,[],190=1086.625/exp 1086.6583 VALUE_OK
MATCH,8600,0x0CF00400,61444,155293.0,138944.819,-0.053,FF FF FF 28 22 FF FF FF,FF FF FF 28 22 FF FF FF,[],190=1093.0/exp 1093.0228 VALUE_OK
MATCH,8601,0x0CF00400,61444,155298.0,138949.823,-0.048,FF FF FF 5B 22 FF FF FF,FF FF FF 5B 22 FF FF FF,[],190=1099.375/exp 1099.3974 VALUE_OK
MATCH,8602,0x0CF00400,61444,155303.0,138954.834,-0.036,FF FF FF 8E 22 FF FF FF,FF FF FF 8E 22 FF FF FF,[],190=1105.75/exp 1105.782 VALUE_OK
MATCH,8603,0x0CF00400,61444,155308.0,138959.85,-0.019,FF FF FF C1 22 FF FF FF,FF FF FF C1 22 FF FF FF,[],190=1112.125/exp 1112.1766 VALUE_OK
MATCH,8604,0x0CF00400,61444,155313.0,138964.862,-0.007,FF FF FF F5 22 FF FF FF,FF FF FF F5 22 FF FF FF,[],190=1118.625/exp 1118.5811 VALUE_OK
MATCH,8605,0x0CF00400,61444,155318.0,138969.801,-0.067,FF FF FF 28 23 FF FF FF,FF FF FF 28 23 FF FF FF,[],190=1125.0/exp 1124.9952 VALUE_OK
MATCH,8606,0x0CF00400,61444,155323.0,138974.809,-0.058,FF FF FF 5B 23 FF FF FF,FF FF FF 5B 23 FF FF FF,[],190=1131.375/exp 1131.419 VALUE_OK
MATCH,8607,0x0CF00400,61444,155328.0,138979.824,-0.042,FF FF FF 8F 23 FF FF FF,FF FF FF 8F 23 FF FF FF,[],190=1137.875/exp 1137.8524 VALUE_OK
MATCH,8608,0x0CF00400,61444,155333.0,138984.836,-0.029,FF FF FF C2 23 FF FF FF,FF FF FF C2 23 FF FF FF,[],190=1144.25/exp 1144.2952 VALUE_OK
MATCH,8609,0x0CF00400,61444,155338.0,138989.843,-0.021,FF FF FF F6 23 FF FF FF,FF FF FF F6 23 FF FF FF,[],190=1150.75/exp 1150.7473 VALUE_OK
MATCH,8610,0x0CF00400,61444,155343.0,138994.843,-0.021,FF FF FF 2A 24 FF FF FF,FF FF FF 2A 24 FF FF FF,[],190=1157.25/exp 1157.2086 VALUE_OK
MATCH,8611,0x0CF00400,61444,155348.0,138999.794,-0.07,FF FF FF 5D 24 FF FF FF,FF FF FF 5D 24 FF FF FF,[],190=1163.625/exp 1163.6791 VALUE_OK
MATCH,8612,0x0CF00400,61444,155353.0,139004.814,-0.048,FF FF FF 91 24 FF FF FF,FF FF FF 91 24 FF FF FF,[],190=1170.125/exp 1170.1587 VALUE_OK
MATCH,8613,0x0CF00400,61444,155358.0,139009.813,-0.048,FF FF FF C5 24 FF FF FF,FF FF FF C5 24 FF FF FF,[],190=1176.625/exp 1176.6472 VALUE_OK
MATCH,8614,0x0CF00400,61444,155363.0,139014.821,-0.039,FF FF FF F9 24 FF FF FF,FF FF FF F9 24 FF FF FF,[],190=1183.125/exp 1183.1445 VALUE_OK
MATCH,8615,0x0CF00400,61444,155368.0,139019.833,-0.027,FF FF FF 2D 25 FF FF FF,FF FF FF 2D 25 FF FF FF,[],190=1189.625/exp 1189.6506 VALUE_OK
MATCH,8616,0x0CF00400,61444,155373.0,139024.844,-0.015,FF FF FF 61 25 FF FF FF,FF FF FF 61 25 FF FF FF,[],190=1196.125/exp 1196.1653 VALUE_OK
MATCH,8617,0x0CF00400,61444,155378.0,139029.796,-0.063,FF FF FF 96 25 FF FF FF,FF FF FF 96 25 FF FF FF,[],190=1202.75/exp 1202.6886 VALUE_OK
MATCH,8618,0x0CF00400,61444,155383.0,139034.799,-0.058,FF FF FF CA 25 FF FF FF,FF FF FF CA 25 FF FF FF,[],190=1209.25/exp 1209.2203 VALUE_OK
MATCH,8619,0x0CF00400,61444,155388.0,139039.815,-0.041,FF FF FF FE 25 FF FF FF,FF FF FF FE 25 FF FF FF,[],190=1215.75/exp 1215.7603 VALUE_OK
MATCH,8620,0x0CF00400,61444,155393.0,139044.818,-0.037,FF FF FF 32 26 FF FF FF,FF FF FF 32 26 FF FF FF,[],190=1222.25/exp 1222.3086 VALUE_OK
MATCH,8621,0x0CF00400,61444,155398.0,139049.834,-0.021,FF FF FF 67 26 FF FF FF,FF FF FF 67 26 FF FF FF,[],190=1228.875/exp 1228.865 VALUE_OK
MATCH,8622,0x0CF00400,61444,155403.0,139054.841,-0.013,FF FF FF 9B 26 FF FF FF,FF FF FF 9B 26 FF FF FF,[],190=1235.375/exp 1235.4294 VALUE_OK
MATCH,8623,0x0CF00400,61444,155408.0,139059.785,-0.069,FF FF FF D0 26 FF FF FF,FF FF FF D0 26 FF FF FF,[],190=1242.0/exp 1242.0018 VALUE_OK
MATCH,8624,0x0CF00400,61444,155413.0,139064.832,-0.021,FF FF FF 05 27 FF FF FF,FF FF FF 05 27 FF FF FF,[],190=1248.625/exp 1248.582 VALUE_OK
MATCH,8625,0x0CF00400,61444,155418.0,139069.836,-0.016,FF FF FF 39 27 FF FF FF,FF FF FF 39 27 FF FF FF,[],190=1255.125/exp 1255.17 VALUE_OK
MATCH,8626,0x0CF00400,61444,155423.0,139074.783,-0.069,FF FF FF 6E 27 FF FF FF,FF FF FF 6E 27 FF FF FF,[],190=1261.75/exp 1261.7656 VALUE_OK
MATCH,8627,0x0CF00400,61444,155428.0,139079.803,-0.048,FF FF FF A3 27 FF FF FF,FF FF FF A3 27 FF FF FF,[],190=1268.375/exp 1268.3687 VALUE_OK
MATCH,8628,0x0CF00400,61444,155433.0,139084.81,-0.04,FF FF FF D8 27 FF FF FF,FF FF FF D8 27 FF FF FF,[],190=1275.0/exp 1274.9792 VALUE_OK
MATCH,8629,0x0CF00400,61444,155438.0,139089.814,-0.035,FF FF FF 0D 28 FF FF FF,FF FF FF 0D 28 FF FF FF,[],190=1281.625/exp 1281.5971 VALUE_OK
MATCH,8630,0x0CF00400,61444,155443.0,139094.817,-0.031,FF FF FF 42 28 FF FF FF,FF FF FF 42 28 FF FF FF,[],190=1288.25/exp 1288.2222 VALUE_OK
MATCH,8631,0x0CF00400,61444,155448.0,139099.837,-0.01,FF FF FF 77 28 FF FF FF,FF FF FF 77 28 FF FF FF,[],190=1294.875/exp 1294.8544 VALUE_OK
MATCH,8632,0x0CF00400,61444,155453.0,139104.78,-0.067,FF FF FF AC 28 FF FF FF,FF FF FF AC 28 FF FF FF,[],190=1301.5/exp 1301.4936 VALUE_OK
MATCH,8633,0x0CF00400,61444,155458.0,139109.788,-0.058,FF FF FF E1 28 FF FF FF,FF FF FF E1 28 FF FF FF,[],190=1308.125/exp 1308.1397 VALUE_OK
MATCH,8634,0x0CF00400,61444,155463.0,139114.8,-0.045,FF FF FF 16 29 FF FF FF,FF FF FF 16 29 FF FF FF,[],190=1314.75/exp 1314.7927 VALUE_OK
MATCH,8635,0x0CF00400,61444,155468.0,139119.811,-0.033,FF FF FF 4C 29 FF FF FF,FF FF FF 4C 29 FF FF FF,[],190=1321.5/exp 1321.4524 VALUE_OK
MATCH,8636,0x0CF00400,61444,155473.0,139124.831,-0.012,FF FF FF 81 29 FF FF FF,FF FF FF 81 29 FF FF FF,[],190=1328.125/exp 1328.1186 VALUE_OK
MATCH,8637,0x0CF00400,61444,155478.0,139129.834,-0.009,FF FF FF B6 29 FF FF FF,FF FF FF B6 29 FF FF FF,[],190=1334.75/exp 1334.7914 VALUE_OK
MATCH,8638,0x0CF00400,61444,155483.0,139134.786,-0.057,FF FF FF EC 29 FF FF FF,FF FF FF EC 29 FF FF FF,[],190=1341.5/exp 1341.4706 VALUE_OK
MATCH,8639,0x0CF00400,61444,155488.0,139139.781,-0.061,FF FF FF 21 2A FF FF FF,FF FF FF 21 2A FF FF FF,[],190=1348.125/exp 1348.1561 VALUE_OK
MATCH,8640,0x0CF00400,61444,155493.0,139144.797,-0.043,FF FF FF 57 2A FF FF FF,FF FF FF 57 2A FF FF FF,[],190=1354.875/exp 1354.8478 VALUE_OK
MATCH,8641,0x0CF00400,61444,155498.0,139149.804,-0.036,FF FF FF 8C 2A FF FF FF,FF FF FF 8C 2A FF FF FF,[],190=1361.5/exp 1361.5456 VALUE_OK
MATCH,8642,0x0CF00400,61444,155503.0,139154.816,-0.023,FF FF FF C2 2A FF FF FF,FF FF FF C2 2A FF FF FF,[],190=1368.25/exp 1368.2493 VALUE_OK
MATCH,8643,0x0CF00400,61444,155508.0,139159.835,-0.003,FF FF FF F8 2A FF FF FF,FF FF FF F8 2A FF FF FF,[],190=1375.0/exp 1374.959 VALUE_OK
MATCH,8644,0x0CF00400,61444,155513.0,139164.771,-0.067,FF FF FF 2D 2B FF FF FF,FF FF FF 2D 2B FF FF FF,[],190=1381.625/exp 1381.6744 VALUE_OK
MATCH,8645,0x0CF00400,61444,155518.0,139169.787,-0.05,FF FF FF 63 2B FF FF FF,FF FF FF 63 2B FF FF FF,[],190=1388.375/exp 1388.3955 VALUE_OK
MATCH,8646,0x0CF00400,61444,155523.0,139174.794,-0.042,FF FF FF 99 2B FF FF FF,FF FF FF 99 2B FF FF FF,[],190=1395.125/exp 1395.1222 VALUE_OK
MATCH,8647,0x0CF00400,61444,155528.0,139179.806,-0.029,FF FF FF CF 2B FF FF FF,FF FF FF CF 2B FF FF FF,[],190=1401.875/exp 1401.8544 VALUE_OK
MATCH,8648,0x0CF00400,61444,155533.0,139184.809,-0.026,FF FF FF 05 2C FF FF FF,FF FF FF 05 2C FF FF FF,[],190=1408.625/exp 1408.5919 VALUE_OK
MATCH,8649,0x0CF00400,61444,155538.0,139189.789,-0.045,FF FF FF 3B 2C FF FF FF,FF FF FF 3B 2C FF FF FF,[],190=1415.375/exp 1415.3347 VALUE_OK
MATCH,8650,0x0CF00400,61444,155543.0,139194.804,-0.029,FF FF FF 71 2C FF FF FF,FF FF FF 71 2C FF FF FF,[],190=1422.125/exp 1422.0827 VALUE_OK
MATCH,8651,0x0CF00400,61444,155548.0,139199.816,-0.017,FF FF FF A7 2C FF FF FF,FF FF FF A7 2C FF FF FF,[],190=1428.875/exp 1428.8357 VALUE_OK
MATCH,8652,0x0CF00400,61444,155553.0,139204.827,-0.005,FF FF FF DD 2C FF FF FF,FF FF FF DD 2C FF FF FF,[],190=1435.625/exp 1435.5937 VALUE_OK
MATCH,8653,0x0CF00400,61444,155558.0,139209.775,-0.057,FF FF FF 13 2D FF FF FF,FF FF FF 13 2D FF FF FF,[],190=1442.375/exp 1442.3565 VALUE_OK
MATCH,8654,0x0CF00400,61444,155563.0,139214.782,-0.049,FF FF FF 49 2D FF FF FF,FF FF FF 49 2D FF FF FF,[],190=1449.125/exp 1449.1241 VALUE_OK
MATCH,8655,0x0CF00400,61444,155568.0,139219.794,-0.036,FF FF FF 7F 2D FF FF FF,FF FF FF 7F 2D FF FF FF,[],190=1455.875/exp 1455.8963 VALUE_OK
MATCH,8656,0x0CF00400,61444,155573.0,139224.805,-0.024,FF FF FF B5 2D FF FF FF,FF FF FF B5 2D FF FF FF,[],190=1462.625/exp 1462.673 VALUE_OK
MATCH,8657,0x0CF00400,61444,155578.0,139229.813,-0.016,FF FF FF EC 2D FF FF FF,FF FF FF EC 2D FF FF FF,[],190=1469.5/exp 1469.4542 VALUE_OK
MATCH,8658,0x0CF00400,61444,155583.0,139234.812,-0.016,FF FF FF 22 2E FF FF FF,FF FF FF 22 2E FF FF FF,[],190=1476.25/exp 1476.2397 VALUE_OK
MATCH,8659,0x0CF00400,61444,155588.0,139239.768,-0.06,FF FF FF 58 2E FF FF FF,FF FF FF 58 2E FF FF FF,[],190=1483.0/exp 1483.0294 VALUE_OK
MATCH,8660,0x0CF00400,61444,155593.0,139244.779,-0.048,FF FF FF 8F 2E FF FF FF,FF FF FF 8F 2E FF FF FF,[],190=1489.875/exp 1489.8232 VALUE_OK
MATCH,8661,0x0CF00400,61444,155598.0,139249.783,-0.043,FF FF FF C5 2E FF FF FF,FF FF FF C5 2E FF FF FF,[],190=1496.625/exp 1496.6211 VALUE_OK
MATCH,8662,0x0CF00400,61444,155603.0,139254.794,-0.031,FF FF FF FB 2E FF FF FF,FF FF FF FB 2E FF FF FF,[],190=1503.375/exp 1503.4228 VALUE_OK
MATCH,8663,0x0CF00400,61444,155608.0,139259.802,-0.022,FF FF FF 32 2F FF FF FF,FF FF FF 32 2F FF FF FF,[],190=1510.25/exp 1510.2284 VALUE_OK
MATCH,8664,0x0CF00400,61444,155613.0,139264.818,-0.006,FF FF FF 68 2F FF FF FF,FF FF FF 68 2F FF FF FF,[],190=1517.0/exp 1517.0377 VALUE_OK
MATCH,8665,0x0CF00400,61444,155618.0,139269.773,-0.051,FF FF FF 9F 2F FF FF FF,FF FF FF 9F 2F FF FF FF,[],190=1523.875/exp 1523.8505 VALUE_OK
MATCH,8666,0x0CF00400,61444,155623.0,139274.777,-0.046,FF FF FF D5 2F FF FF FF,FF FF FF D5 2F FF FF FF,[],190=1530.625/exp 1530.6668 VALUE_OK
MATCH,8667,0x0CF00400,61444,155628.0,139279.78,-0.042,FF FF FF 0C 30 FF FF FF,FF FF FF 0C 30 FF FF FF,[],190=1537.5/exp 1537.4866 VALUE_OK
MATCH,8668,0x0CF00400,61444,155633.0,139284.788,-0.033,FF FF FF 42 30 FF FF FF,FF FF FF 42 30 FF FF FF,[],190=1544.25/exp 1544.3096 VALUE_OK
MATCH,8669,0x0CF00400,61444,155638.0,139289.791,-0.029,FF FF FF 79 30 FF FF FF,FF FF FF 79 30 FF FF FF,[],190=1551.125/exp 1551.1357 VALUE_OK
MATCH,8670,0x0CF00400,61444,155643.0,139294.819,-0.001,FF FF FF B0 30 FF FF FF,FF FF FF B0 30 FF FF FF,[],190=1558.0/exp 1557.965 VALUE_OK
MATCH,8671,0x0CF00400,61444,155648.0,139299.755,-0.065,FF FF FF E6 30 FF FF FF,FF FF FF E6 30 FF FF FF,[],190=1564.75/exp 1564.7972 VALUE_OK
MATCH,8672,0x0CF00400,61444,155653.0,139304.77,-0.049,FF FF FF 1D 31 FF FF FF,FF FF FF 1D 31 FF FF FF,[],190=1571.625/exp 1571.6322 VALUE_OK
MATCH,8673,0x0CF00400,61444,155658.0,139309.773,-0.045,FF FF FF 54 31 FF FF FF,FF FF FF 54 31 FF FF FF,[],190=1578.5/exp 1578.47 VALUE_OK
MATCH,8674,0x0CF00400,61444,155663.0,139314.765,-0.052,FF FF FF 8A 31 FF FF FF,FF FF FF 8A 31 FF FF FF,[],190=1585.25/exp 1585.3105 VALUE_OK
MATCH,8675,0x0CF00400,61444,155668.0,139319.776,-0.04,FF FF FF C1 31 FF FF FF,FF FF FF C1 31 FF FF FF,[],190=1592.125/exp 1592.1534 VALUE_OK
MATCH,8676,0x0CF00400,61444,155673.0,139324.792,-0.023,FF FF FF F8 31 FF FF FF,FF FF FF F8 31 FF FF FF,[],190=1599.0/exp 1598.9989 VALUE_OK
MATCH,8677,0x0CF00400,61444,155678.0,139329.795,-0.019,FF FF FF 2F 32 FF FF FF,FF FF FF 2F 32 FF FF FF,[],190=1605.875/exp 1605.8466 VALUE_OK
MATCH,8678,0x0CF00400,61444,155683.0,139334.799,-0.015,FF FF FF 66 32 FF FF FF,FF FF FF 66 32 FF FF FF,[],190=1612.75/exp 1612.6966 VALUE_OK
MATCH,8679,0x0CF00400,61444,155688.0,139339.751,-0.063,FF FF FF 9C 32 FF FF FF,FF FF FF 9C 32 FF FF FF,[],190=1619.5/exp 1619.5487 VALUE_OK
MATCH,8680,0x0CF00400,61444,155693.0,139344.77,-0.042,FF FF FF D3 32 FF FF FF,FF FF FF D3 32 FF FF FF,[],190=1626.375/exp 1626.4028 VALUE_OK
MATCH,8681,0x0CF00400,61444,155698.0,139349.782,-0.03,FF FF FF 0A 33 FF FF FF,FF FF FF 0A 33 FF FF FF,[],190=1633.25/exp 1633.2588 VALUE_OK
MATCH,8682,0x0CF00400,61444,155703.0,139354.801,-0.01,FF FF FF 41 33 FF FF FF,FF FF FF 41 33 FF FF FF,[],190=1640.125/exp 1640.1166 VALUE_OK
MATCH,8683,0x0CF00400,61444,155708.0,139359.749,-0.062,FF FF FF 78 33 FF FF FF,FF FF FF 78 33 FF FF FF,[],190=1647.0/exp 1646.9761 VALUE_OK
MATCH,8684,0x0CF00400,61444,155713.0,139364.756,-0.054,FF FF FF AF 33 FF FF FF,FF FF FF AF 33 FF FF FF,[],190=1653.875/exp 1653.8372 VALUE_OK
MATCH,8685,0x0CF00400,61444,155718.0,139369.768,-0.041,FF FF FF E6 33 FF FF FF,FF FF FF E6 33 FF FF FF,[],190=1660.75/exp 1660.6998 VALUE_OK
MATCH,8686,0x0CF00400,61444,155723.0,139374.772,-0.036,FF FF FF 1D 34 FF FF FF,FF FF FF 1D 34 FF FF FF,[],190=1667.625/exp 1667.5637 VALUE_OK
MATCH,8687,0x0CF00400,61444,155728.0,139379.779,-0.028,FF FF FF 53 34 FF FF FF,FF FF FF 53 34 FF FF FF,[],190=1674.375/exp 1674.4289 VALUE_OK
MATCH,8688,0x0CF00400,61444,155733.0,139384.79,-0.016,FF FF FF 8A 34 FF FF FF,FF FF FF 8A 34 FF FF FF,[],190=1681.25/exp 1681.2953 VALUE_OK
MATCH,8689,0x0CF00400,61444,155738.0,139389.746,-0.06,FF FF FF C1 34 FF FF FF,FF FF FF C1 34 FF FF FF,[],190=1688.125/exp 1688.1628 VALUE_OK
MATCH,8690,0x0CF00400,61444,155743.0,139394.754,-0.051,FF FF FF F8 34 FF FF FF,FF FF FF F8 34 FF FF FF,[],190=1695.0/exp 1695.0312 VALUE_OK
MATCH,8691,0x0CF00400,61444,155748.0,139399.765,-0.039,FF FF FF 2F 35 FF FF FF,FF FF FF 2F 35 FF FF FF,[],190=1701.875/exp 1701.9004 VALUE_OK
MATCH,8692,0x0CF00400,61444,155753.0,139404.769,-0.034,FF FF FF 66 35 FF FF FF,FF FF FF 66 35 FF FF FF,[],190=1708.75/exp 1708.7704 VALUE_OK
MATCH,8693,0x0CF00400,61444,155758.0,139409.788,-0.014,FF FF FF 9D 35 FF FF FF,FF FF FF 9D 35 FF FF FF,[],190=1715.625/exp 1715.641 VALUE_OK
MATCH,8694,0x0CF00400,61444,155763.0,139414.792,-0.01,FF FF FF D4 35 FF FF FF,FF FF FF D4 35 FF FF FF,[],190=1722.5/exp 1722.5122 VALUE_OK
MATCH,8695,0x0CF00400,61444,155768.0,139419.739,-0.063,FF FF FF 0B 36 FF FF FF,FF FF FF 0B 36 FF FF FF,[],190=1729.375/exp 1729.3838 VALUE_OK
MATCH,8696,0x0CF00400,61444,155773.0,139424.751,-0.05,FF FF FF 42 36 FF FF FF,FF FF FF 42 36 FF FF FF,[],190=1736.25/exp 1736.2557 VALUE_OK
MATCH,8697,0x0CF00400,61444,155778.0,139429.766,-0.034,FF FF FF 79 36 FF FF FF,FF FF FF 79 36 FF FF FF,[],190=1743.125/exp 1743.1278 VALUE_OK
MATCH,8698,0x0CF00400,61444,155783.0,139434.714,-0.085,FF FF FF B0 36 FF FF FF,FF FF FF B0 36 FF FF FF,[],190=1750.0/exp 1750.0 VALUE_OK
MATCH,8699,0x0CF00400,61444,155788.0,139439.71,-0.087,FF FF FF E7 36 FF FF FF,FF FF FF E7 36 FF FF FF,[],190=1756.875/exp 1756.8722 VALUE_OK
MATCH,8700,0x0CF00400,61444,155793.0,139444.733,-0.063,FF FF FF 1E 37 FF FF FF,FF FF FF 1E 37 FF FF FF,[],190=1763.75/exp 1763.7443 VALUE_OK
MATCH,8701,0x0CF00400,61444,155798.0,139449.745,-0.049,FF FF FF 55 37 FF FF FF,FF FF FF 55 37 FF FF FF,[],190=1770.625/exp 1770.6162 VALUE_OK
MATCH,8702,0x0CF00400,61444,155803.0,139454.701,-0.092,FF FF FF 8C 37 FF FF FF,FF FF FF 8C 37 FF FF FF,[],190=1777.5/exp 1777.4878 VALUE_OK
MATCH,8703,0x0CF00400,61444,155808.0,139459.748,-0.043,FF FF FF C3 37 FF FF FF,FF FF FF C3 37 FF FF FF,[],190=1784.375/exp 1784.359 VALUE_OK
MATCH,8704,0x0CF00400,61444,155813.0,139464.744,-0.047,FF FF FF FA 37 FF FF FF,FF FF FF FA 37 FF FF FF,[],190=1791.25/exp 1791.2296 VALUE_OK
MATCH,8705,0x0CF00400,61444,155818.0,139469.727,-0.063,FF FF FF 31 38 FF FF FF,FF FF FF 31 38 FF FF FF,[],190=1798.125/exp 1798.0996 VALUE_OK
MATCH,8706,0x0CF00400,61444,155823.0,139474.727,-0.061,FF FF FF 68 38 FF FF FF,FF FF FF 68 38 FF FF FF,[],190=1805.0/exp 1804.9688 VALUE_OK
MATCH,8707,0x0CF00400,61444,155828.0,139479.723,-0.064,FF FF FF 9F 38 FF FF FF,FF FF FF 9F 38 FF FF FF,[],190=1811.875/exp 1811.8372 VALUE_OK
MATCH,8708,0x0CF00400,61444,155833.0,139484.738,-0.048,FF FF FF D6 38 FF FF FF,FF FF FF D6 38 FF FF FF,[],190=1818.75/exp 1818.7047 VALUE_OK
MATCH,8709,0x0CF00400,61444,155838.0,139489.722,-0.063,FF FF FF 0D 39 FF FF FF,FF FF FF 0D 39 FF FF FF,[],190=1825.625/exp 1825.5711 VALUE_OK
MATCH,8710,0x0CF00400,61444,155843.0,139494.705,-0.079,FF FF FF 43 39 FF FF FF,FF FF FF 43 39 FF FF FF,[],190=1832.375/exp 1832.4363 VALUE_OK
MATCH,8711,0x0CF00400,61444,155848.0,139499.733,-0.049,FF FF FF 7A 39 FF FF FF,FF FF FF 7A 39 FF FF FF,[],190=1839.25/exp 1839.3002 VALUE_OK
MATCH,8712,0x0CF00400,61444,155853.0,139504.717,-0.064,FF FF FF B1 39 FF FF FF,FF FF FF B1 39 FF FF FF,[],190=1846.125/exp 1846.1628 VALUE_OK
MATCH,8713,0x0CF00400,61444,155858.0,139509.708,-0.072,FF FF FF E8 39 FF FF FF,FF FF FF E8 39 FF FF FF,[],190=1853.0/exp 1853.0239 VALUE_OK
MATCH,8714,0x0CF00400,61444,155863.0,139514.723,-0.055,FF FF FF 1F 3A FF FF FF,FF FF FF 1F 3A FF FF FF,[],190=1859.875/exp 1859.8834 VALUE_OK
MATCH,8715,0x0CF00400,61444,155868.0,139519.683,-0.094,FF FF FF 56 3A FF FF FF,FF FF FF 56 3A FF FF FF,[],190=1866.75/exp 1866.7412 VALUE_OK
MATCH,8716,0x0CF00400,61444,155873.0,139524.707,-0.068,FF FF FF 8D 3A FF FF FF,FF FF FF 8D 3A FF FF FF,[],190=1873.625/exp 1873.5972 VALUE_OK
MATCH,8717,0x0CF00400,61444,155878.0,139529.73,-0.044,FF FF FF C4 3A FF FF FF,FF FF FF C4 3A FF FF FF,[],190=1880.5/exp 1880.4513 VALUE_OK
MATCH,8718,0x0CF00400,61444,155883.0,139534.697,-0.076,FF FF FF FA 3A FF FF FF,FF FF FF FA 3A FF FF FF,[],190=1887.25/exp 1887.3034 VALUE_OK
MATCH,8719,0x0CF00400,61444,155888.0,139539.713,-0.059,FF FF FF 31 3B FF FF FF,FF FF FF 31 3B FF FF FF,[],190=1894.125/exp 1894.1534 VALUE_OK
MATCH,8720,0x0CF00400,61444,155893.0,139544.688,-0.082,FF FF FF 68 3B FF FF FF,FF FF FF 68 3B FF FF FF,[],190=1901.0/exp 1901.0011 VALUE_OK
MATCH,8721,0x0CF00400,61444,155898.0,139549.712,-0.057,FF FF FF 9F 3B FF FF FF,FF FF FF 9F 3B FF FF FF,[],190=1907.875/exp 1907.8466 VALUE_OK
MATCH,8722,0x0CF00400,61444,155903.0,139554.724,-0.044,FF FF FF D6 3B FF FF FF,FF FF FF D6 3B FF FF FF,[],190=1914.75/exp 1914.6895 VALUE_OK
MATCH,8723,0x0CF00400,61444,155908.0,139559.683,-0.084,FF FF FF 0C 3C FF FF FF,FF FF FF 0C 3C FF FF FF,[],190=1921.5/exp 1921.53 VALUE_OK
MATCH,8724,0x0CF00400,61444,155913.0,139564.707,-0.058,FF FF FF 43 3C FF FF FF,FF FF FF 43 3C FF FF FF,[],190=1928.375/exp 1928.3678 VALUE_OK
MATCH,8725,0x0CF00400,61444,155918.0,139569.71,-0.054,FF FF FF 7A 3C FF FF FF,FF FF FF 7A 3C FF FF FF,[],190=1935.25/exp 1935.2028 VALUE_OK
MATCH,8726,0x0CF00400,61444,155923.0,139574.734,-0.029,FF FF FF B0 3C FF FF FF,FF FF FF B0 3C FF FF FF,[],190=1942.0/exp 1942.035 VALUE_OK
MATCH,8727,0x0CF00400,61444,155928.0,139579.689,-0.073,FF FF FF E7 3C FF FF FF,FF FF FF E7 3C FF FF FF,[],190=1948.875/exp 1948.8643 VALUE_OK
MATCH,8728,0x0CF00400,61444,155933.0,139584.705,-0.056,FF FF FF 1E 3D FF FF FF,FF FF FF 1E 3D FF FF FF,[],190=1955.75/exp 1955.6904 VALUE_OK
MATCH,8729,0x0CF00400,61444,155938.0,139589.72,-0.04,FF FF FF 54 3D FF FF FF,FF FF FF 54 3D FF FF FF,[],190=1962.5/exp 1962.5134 VALUE_OK
MATCH,8730,0x0CF00400,61444,155943.0,139594.696,-0.063,FF FF FF 8B 3D FF FF FF,FF FF FF 8B 3D FF FF FF,[],190=1969.375/exp 1969.3332 VALUE_OK
MATCH,8731,0x0CF00400,61444,155948.0,139599.695,-0.063,FF FF FF C1 3D FF FF FF,FF FF FF C1 3D FF FF FF,[],190=1976.125/exp 1976.1495 VALUE_OK
MATCH,8732,0x0CF00400,61444,155953.0,139604.703,-0.053,FF FF FF F8 3D FF FF FF,FF FF FF F8 3D FF FF FF,[],190=1983.0/exp 1982.9623 VALUE_OK
MATCH,8733,0x0CF00400,61444,155958.0,139609.703,-0.052,FF FF FF 2E 3E FF FF FF,FF FF FF 2E 3E FF FF FF,[],190=1989.75/exp 1989.7716 VALUE_OK
MATCH,8734,0x0CF00400,61444,155963.0,139614.702,-0.052,FF FF FF 65 3E FF FF FF,FF FF FF 65 3E FF FF FF,[],190=1996.625/exp 1996.5772 VALUE_OK
MATCH,8735,0x0CF00400,61444,155968.0,139619.713,-0.04,FF FF FF 9B 3E FF FF FF,FF FF FF 9B 3E FF FF FF,[],190=2003.375/exp 2003.3789 VALUE_OK
MATCH,8736,0x0CF00400,61444,155973.0,139624.717,-0.035,FF FF FF D1 3E FF FF FF,FF FF FF D1 3E FF FF FF,[],190=2010.125/exp 2010.1768 VALUE_OK
MATCH,8737,0x0CF00400,61444,155978.0,139629.729,-0.023,FF FF FF 08 3F FF FF FF,FF FF FF 08 3F FF FF FF,[],190=2017.0/exp 2016.9706 VALUE_OK
MATCH,8738,0x0CF00400,61444,155983.0,139634.684,-0.067,FF FF FF 3E 3F FF FF FF,FF FF FF 3E 3F FF FF FF,[],190=2023.75/exp 2023.7603 VALUE_OK
MATCH,8739,0x0CF00400,61444,155988.0,139639.688,-0.062,FF FF FF 74 3F FF FF FF,FF FF FF 74 3F FF FF FF,[],190=2030.5/exp 2030.5458 VALUE_OK
MATCH,8740,0x0CF00400,61444,155993.0,139644.695,-0.054,FF FF FF AB 3F FF FF FF,FF FF FF AB 3F FF FF FF,[],190=2037.375/exp 2037.327 VALUE_OK
MATCH,8741,0x0CF00400,61444,155998.0,139649.699,-0.049,FF FF FF E1 3F FF FF FF,FF FF FF E1 3F FF FF FF,[],190=2044.125/exp 2044.1037 VALUE_OK
MATCH,8742,0x0CF00400,61444,156003.0,139654.698,-0.049,FF FF FF 17 40 FF FF FF,FF FF FF 17 40 FF FF FF,[],190=2050.875/exp 2050.8759 VALUE_OK
MATCH,8743,0x0CF00400,61444,156008.0,139659.714,-0.032,FF FF FF 4D 40 FF FF FF,FF FF FF 4D 40 FF FF FF,[],190=2057.625/exp 2057.6435 VALUE_OK
MATCH,8744,0x0CF00400,61444,156013.0,139664.681,-0.064,FF FF FF 83 40 FF FF FF,FF FF FF 83 40 FF FF FF,[],190=2064.375/exp 2064.4063 VALUE_OK
MATCH,8745,0x0CF00400,61444,156018.0,139669.689,-0.055,FF FF FF B9 40 FF FF FF,FF FF FF B9 40 FF FF FF,[],190=2071.125/exp 2071.1643 VALUE_OK
MATCH,8746,0x0CF00400,61444,156023.0,139674.692,-0.051,FF FF FF EF 40 FF FF FF,FF FF FF EF 40 FF FF FF,[],190=2077.875/exp 2077.9173 VALUE_OK
MATCH,8747,0x0CF00400,61444,156028.0,139679.704,-0.038,FF FF FF 25 41 FF FF FF,FF FF FF 25 41 FF FF FF,[],190=2084.625/exp 2084.6653 VALUE_OK
MATCH,8748,0x0CF00400,61444,156033.0,139684.707,-0.034,FF FF FF 5B 41 FF FF FF,FF FF FF 5B 41 FF FF FF,[],190=2091.375/exp 2091.4081 VALUE_OK
MATCH,8749,0x0CF00400,61444,156038.0,139689.715,-0.025,FF FF FF 91 41 FF FF FF,FF FF FF 91 41 FF FF FF,[],190=2098.125/exp 2098.1456 VALUE_OK
MATCH,8750,0x0CF00400,61444,156043.0,139694.675,-0.065,FF FF FF C7 41 FF FF FF,FF FF FF C7 41 FF FF FF,[],190=2104.875/exp 2104.8778 VALUE_OK
MATCH,8751,0x0CF00400,61444,156048.0,139699.682,-0.056,FF FF FF FD 41 FF FF FF,FF FF FF FD 41 FF FF FF,[],190=2111.625/exp 2111.6045 VALUE_OK
MATCH,8752,0x0CF00400,61444,156053.0,139704.674,-0.063,FF FF FF 33 42 FF FF FF,FF FF FF 33 42 FF FF FF,[],190=2118.375/exp 2118.3256 VALUE_OK
MATCH,8753,0x0CF00400,61444,156058.0,139709.694,-0.042,FF FF FF 68 42 FF FF FF,FF FF FF 68 42 FF FF FF,[],190=2125.0/exp 2125.041 VALUE_OK
MATCH,8754,0x0CF00400,61444,156063.0,139714.689,-0.046,FF FF FF 9E 42 FF FF FF,FF FF FF 9E 42 FF FF FF,[],190=2131.75/exp 2131.7507 VALUE_OK
MATCH,8755,0x0CF00400,61444,156068.0,139719.7,-0.034,FF FF FF D4 42 FF FF FF,FF FF FF D4 42 FF FF FF,[],190=2138.5/exp 2138.4544 VALUE_OK
MATCH,8756,0x0CF00400,61444,156073.0,139724.7,-0.034,FF FF FF 09 43 FF FF FF,FF FF FF 09 43 FF FF FF,[],190=2145.125/exp 2145.1522 VALUE_OK
MATCH,8757,0x0CF00400,61444,156078.0,139729.707,-0.026,FF FF FF 3F 43 FF FF FF,FF FF FF 3F 43 FF FF FF,[],190=2151.875/exp 2151.8439 VALUE_OK
MATCH,8758,0x0CF00400,61444,156083.0,139734.659,-0.073,FF FF FF 74 43 FF FF FF,FF FF FF 74 43 FF FF FF,[],190=2158.5/exp 2158.5294 VALUE_OK
MATCH,8759,0x0CF00400,61444,156088.0,139739.666,-0.065,FF FF FF AA 43 FF FF FF,FF FF FF AA 43 FF FF FF,[],190=2165.25/exp 2165.2086 VALUE_OK
MATCH,8760,0x0CF00400,61444,156093.0,139744.678,-0.052,FF FF FF DF 43 FF FF FF,FF FF FF DF 43 FF FF FF,[],190=2171.875/exp 2171.8814 VALUE_OK
MATCH,8761,0x0CF00400,61444,156098.0,139749.67,-0.059,FF FF FF 14 44 FF FF FF,FF FF FF 14 44 FF FF FF,[],190=2178.5/exp 2178.5476 VALUE_OK
MATCH,8762,0x0CF00400,61444,156103.0,139754.685,-0.042,FF FF FF 4A 44 FF FF FF,FF FF FF 4A 44 FF FF FF,[],190=2185.25/exp 2185.2073 VALUE_OK
MATCH,8763,0x0CF00400,61444,156108.0,139759.68,-0.047,FF FF FF 7F 44 FF FF FF,FF FF FF 7F 44 FF FF FF,[],190=2191.875/exp 2191.8603 VALUE_OK
MATCH,8764,0x0CF00400,61444,156113.0,139764.688,-0.038,FF FF FF B4 44 FF FF FF,FF FF FF B4 44 FF FF FF,[],190=2198.5/exp 2198.5064 VALUE_OK
MATCH,8765,0x0CF00400,61444,156118.0,139769.679,-0.046,FF FF FF E9 44 FF FF FF,FF FF FF E9 44 FF FF FF,[],190=2205.125/exp 2205.1456 VALUE_OK
MATCH,8766,0x0CF00400,61444,156123.0,139774.671,-0.053,FF FF FF 1E 45 FF FF FF,FF FF FF 1E 45 FF FF FF,[],190=2211.75/exp 2211.7778 VALUE_OK
MATCH,8767,0x0CF00400,61444,156128.0,139779.667,-0.056,FF FF FF 53 45 FF FF FF,FF FF FF 53 45 FF FF FF,[],190=2218.375/exp 2218.4029 VALUE_OK
MATCH,8768,0x0CF00400,61444,156133.0,139784.67,-0.052,FF FF FF 88 45 FF FF FF,FF FF FF 88 45 FF FF FF,[],190=2225.0/exp 2225.0208 VALUE_OK
MATCH,8769,0x0CF00400,61444,156138.0,139789.666,-0.055,FF FF FF BD 45 FF FF FF,FF FF FF BD 45 FF FF FF,[],190=2231.625/exp 2231.6313 VALUE_OK
MATCH,8770,0x0CF00400,61444,156143.0,139794.661,-0.059,FF FF FF F2 45 FF FF FF,FF FF FF F2 45 FF FF FF,[],190=2238.25/exp 2238.2344 VALUE_OK
MATCH,8771,0x0CF00400,61444,156148.0,139799.653,-0.065,FF FF FF 27 46 FF FF FF,FF FF FF 27 46 FF FF FF,[],190=2244.875/exp 2244.83 VALUE_OK
MATCH,8772,0x0CF00400,61444,156153.0,139804.648,-0.069,FF FF FF 5B 46 FF FF FF,FF FF FF 5B 46 FF FF FF,[],190=2251.375/exp 2251.418 VALUE_OK
MATCH,8773,0x0CF00400,61444,156158.0,139809.648,-0.068,FF FF FF 90 46 FF FF FF,FF FF FF 90 46 FF FF FF,[],190=2258.0/exp 2257.9982 VALUE_OK
MATCH,8774,0x0CF00400,61444,156163.0,139814.655,-0.059,FF FF FF C5 46 FF FF FF,FF FF FF C5 46 FF FF FF,[],190=2264.625/exp 2264.5706 VALUE_OK
MATCH,8775,0x0CF00400,61444,156168.0,139819.651,-0.062,FF FF FF F9 46 FF FF FF,FF FF FF F9 46 FF FF FF,[],190=2271.125/exp 2271.135 VALUE_OK
MATCH,8776,0x0CF00400,61444,156173.0,139824.646,-0.066,FF FF FF 2E 47 FF FF FF,FF FF FF 2E 47 FF FF FF,[],190=2277.75/exp 2277.6914 VALUE_OK
UNLOGGED,,0x0CF00400,61444,,139829.686,,,FF FF FF 62 47 FF FF FF,[],
MATCH,8778,0x0CF00400,61444,156183.0,139834.689,-0.022,FF FF FF 96 47 FF FF FF,FF FF FF 96 47 FF FF FF,[],190=2290.75/exp 2290.7797 VALUE_OK
MATCH,8779,0x0CF00400,61444,156188.0,139839.685,-0.025,FF FF FF CB 47 FF FF FF,FF FF FF CB 47 FF FF FF,[],190=2297.375/exp 2297.3114 VALUE_OK
UNLOGGED,,0x0CF00400,61444,,139844.689,,,FF FF FF FF 47 FF FF FF,[],
MATCH,8781,0x0CF00400,61444,156198.0,139849.676,-0.034,FF FF FF 33 48 FF FF FF,FF FF FF 33 48 FF FF FF,[],190=2310.375/exp 2310.3494 VALUE_OK
MATCH,8782,0x0CF00400,61444,156203.0,139854.668,-0.041,FF FF FF 67 48 FF FF FF,FF FF FF 67 48 FF FF FF,[],190=2316.875/exp 2316.8555 VALUE_OK
MATCH,8783,0x0CF00400,61444,156208.0,139859.667,-0.041,FF FF FF 9B 48 FF FF FF,FF FF FF 9B 48 FF FF FF,[],190=2323.375/exp 2323.3528 VALUE_OK
MATCH,8784,0x0CF00400,61444,156213.0,139864.667,-0.04,FF FF FF CF 48 FF FF FF,FF FF FF CF 48 FF FF FF,[],190=2329.875/exp 2329.8413 VALUE_OK
MATCH,8785,0x0CF00400,61444,156218.0,139869.662,-0.045,FF FF FF 03 49 FF FF FF,FF FF FF 03 49 FF FF FF,[],190=2336.375/exp 2336.3209 VALUE_OK
MATCH,8786,0x0CF00400,61444,156223.0,139874.654,-0.052,FF FF FF 36 49 FF FF FF,FF FF FF 36 49 FF FF FF,[],190=2342.75/exp 2342.7914 VALUE_OK
MATCH,8787,0x0CF00400,61444,156228.0,139879.649,-0.056,FF FF FF 6A 49 FF FF FF,FF FF FF 6A 49 FF FF FF,[],190=2349.25/exp 2349.2527 VALUE_OK
MATCH,8788,0x0CF00400,61444,156233.0,139884.649,-0.055,FF FF FF 9E 49 FF FF FF,FF FF FF 9E 49 FF FF FF,[],190=2355.75/exp 2355.7048 VALUE_OK
MATCH,8789,0x0CF00400,61444,156238.0,139889.649,-0.053,FF FF FF D1 49 FF FF FF,FF FF FF D1 49 FF FF FF,[],190=2362.125/exp 2362.1476 VALUE_OK
MATCH,8790,0x0CF00400,61444,156243.0,139894.644,-0.057,FF FF FF 05 4A FF FF FF,FF FF FF 05 4A FF FF FF,[],190=2368.625/exp 2368.581 VALUE_OK
MATCH,8791,0x0CF00400,61444,156248.0,139899.631,-0.069,FF FF FF 38 4A FF FF FF,FF FF FF 38 4A FF FF FF,[],190=2375.0/exp 2375.0048 VALUE_OK
MATCH,8792,0x0CF00400,61444,156253.0,139904.631,-0.068,FF FF FF 6B 4A FF FF FF,FF FF FF 6B 4A FF FF FF,[],190=2381.375/exp 2381.4189 VALUE_OK
MATCH,8793,0x0CF00400,61444,156258.0,139909.678,-0.02,FF FF FF 9F 4A FF FF FF,FF FF FF 9F 4A FF FF FF,[],190=2387.875/exp 2387.8234 VALUE_OK
MATCH,8794,0x0CF00400,61444,156263.0,139914.674,-0.023,FF FF FF D2 4A FF FF FF,FF FF FF D2 4A FF FF FF,[],190=2394.25/exp 2394.218 VALUE_OK
MATCH,8795,0x0CF00400,61444,156268.0,139919.678,-0.019,FF FF FF 05 4B FF FF FF,FF FF FF 05 4B FF FF FF,[],190=2400.625/exp 2400.6026 VALUE_OK
MATCH,8796,0x0CF00400,61444,156273.0,139924.665,-0.031,FF FF FF 38 4B FF FF FF,FF FF FF 38 4B FF FF FF,[],190=2407.0/exp 2406.9772 VALUE_OK
MATCH,8797,0x0CF00400,61444,156278.0,139929.665,-0.031,FF FF FF 6B 4B FF FF FF,FF FF FF 6B 4B FF FF FF,[],190=2413.375/exp 2413.3417 VALUE_OK
MATCH,8798,0x0CF00400,61444,156283.0,139934.656,-0.039,FF FF FF 9E 4B FF FF FF,FF FF FF 9E 4B FF FF FF,[],190=2419.75/exp 2419.696 VALUE_OK
MATCH,8799,0x0CF00400,61444,156288.0,139939.656,-0.038,FF FF FF D0 4B FF FF FF,FF FF FF D0 4B FF FF FF,[],190=2426.0/exp 2426.0399 VALUE_OK
MATCH,8800,0x0CF00400,61444,156293.0,139944.643,-0.051,FF FF FF 03 4C FF FF FF,FF FF FF 03 4C FF FF FF,[],190=2432.375/exp 2432.3735 VALUE_OK
MATCH,8801,0x0CF00400,61444,156298.0,139949.631,-0.062,FF FF FF 36 4C FF FF FF,FF FF FF 36 4C FF FF FF,[],190=2438.75/exp 2438.6964 VALUE_OK
MATCH,8802,0x0CF00400,61444,156303.0,139954.622,-0.069,FF FF FF 68 4C FF FF FF,FF FF FF 68 4C FF FF FF,[],190=2445.0/exp 2445.0088 VALUE_OK
MATCH,8803,0x0CF00400,61444,156308.0,139959.662,-0.028,FF FF FF 9A 4C FF FF FF,FF FF FF 9A 4C FF FF FF,[],190=2451.25/exp 2451.3105 VALUE_OK
MATCH,8804,0x0CF00400,61444,156313.0,139964.653,-0.036,FF FF FF CD 4C FF FF FF,FF FF FF CD 4C FF FF FF,[],190=2457.625/exp 2457.6013 VALUE_OK
MATCH,8805,0x0CF00400,61444,156318.0,139969.657,-0.032,FF FF FF FF 4C FF FF FF,FF FF FF FF 4C FF FF FF,[],190=2463.875/exp 2463.8812 VALUE_OK
MATCH,8806,0x0CF00400,61444,156323.0,139974.641,-0.047,FF FF FF 31 4D FF FF FF,FF FF FF 31 4D FF FF FF,[],190=2470.125/exp 2470.1501 VALUE_OK
MATCH,8807,0x0CF00400,61444,156328.0,139979.632,-0.055,FF FF FF 63 4D FF FF FF,FF FF FF 63 4D FF FF FF,[],190=2476.375/exp 2476.4079 VALUE_OK
MATCH,8808,0x0CF00400,61444,156333.0,139984.628,-0.058,FF FF FF 95 4D FF FF FF,FF FF FF 95 4D FF FF FF,[],190=2482.625/exp 2482.6545 VALUE_OK
MATCH,8809,0x0CF00400,61444,156338.0,139989.668,-0.017,FF FF FF C7 4D FF FF FF,FF FF FF C7 4D FF FF FF,[],190=2488.875/exp 2488.8898 VALUE_OK
MATCH,8810,0x0CF00400,61444,156343.0,139994.664,-0.02,FF FF FF F9 4D FF FF FF,FF FF FF F9 4D FF FF FF,[],190=2495.125/exp 2495.1138 VALUE_OK
MATCH,8811,0x0CF00400,61444,156348.0,139999.651,-0.033,FF FF FF 2B 4E FF FF FF,FF FF FF 2B 4E FF FF FF,[],190=2501.375/exp 2501.3262 VALUE_OK
MATCH,8812,0x0CF00400,61444,156353.0,140004.639,-0.044,FF FF FF 5C 4E FF FF FF,FF FF FF 5C 4E FF FF FF,[],190=2507.5/exp 2507.527 VALUE_OK
MATCH,8813,0x0CF00400,61444,156358.0,140009.646,-0.036,FF FF FF 8E 4E FF FF FF,FF FF FF 8E 4E FF FF FF,[],190=2513.75/exp 2513.7162 VALUE_OK
MATCH,8814,0x0CF00400,61444,156363.0,140014.63,-0.052,FF FF FF BF 4E FF FF FF,FF FF FF BF 4E FF FF FF,[],190=2519.875/exp 2519.8935 VALUE_OK
MATCH,8815,0x0CF00400,61444,156368.0,140019.63,-0.051,FF FF FF F0 4E FF FF FF,FF FF FF F0 4E FF FF FF,[],190=2526.0/exp 2526.0591 VALUE_OK
MATCH,8816,0x0CF00400,61444,156373.0,140024.657,-0.023,FF FF FF 22 4F FF FF FF,FF FF FF 22 4F FF FF FF,[],190=2532.25/exp 2532.2126 VALUE_OK
MATCH,8817,0x0CF00400,61444,156378.0,140029.656,-0.023,FF FF FF 53 4F FF FF FF,FF FF FF 53 4F FF FF FF,[],190=2538.375/exp 2538.3541 VALUE_OK
MATCH,8818,0x0CF00400,61444,156383.0,140034.656,-0.023,FF FF FF 84 4F FF FF FF,FF FF FF 84 4F FF FF FF,[],190=2544.5/exp 2544.4834 VALUE_OK
MATCH,8819,0x0CF00400,61444,156388.0,140039.644,-0.034,FF FF FF B5 4F FF FF FF,FF FF FF B5 4F FF FF FF,[],190=2550.625/exp 2550.6004 VALUE_OK
MATCH,8820,0x0CF00400,61444,156393.0,140044.635,-0.043,FF FF FF E6 4F FF FF FF,FF FF FF E6 4F FF FF FF,[],190=2556.75/exp 2556.7052 VALUE_OK
MATCH,8821,0x0CF00400,61444,156398.0,140049.615,-0.062,FF FF FF 16 50 FF FF FF,FF FF FF 16 50 FF FF FF,[],190=2562.75/exp 2562.7974 VALUE_OK
MATCH,8822,0x0CF00400,61444,156403.0,140054.61,-0.066,FF FF FF 47 50 FF FF FF,FF FF FF 47 50 FF FF FF,[],190=2568.875/exp 2568.8772 VALUE_OK
MATCH,8823,0x0CF00400,61444,156408.0,140059.654,-0.02,FF FF FF 78 50 FF FF FF,FF FF FF 78 50 FF FF FF,[],190=2575.0/exp 2574.9443 VALUE_OK
MATCH,8824,0x0CF00400,61444,156413.0,140064.657,-0.017,FF FF FF A8 50 FF FF FF,FF FF FF A8 50 FF FF FF,[],190=2581.0/exp 2580.9987 VALUE_OK
MATCH,8825,0x0CF00400,61444,156418.0,140069.649,-0.025,FF FF FF D8 50 FF FF FF,FF FF FF D8 50 FF FF FF,[],190=2587.0/exp 2587.0403 VALUE_OK
MATCH,8826,0x0CF00400,61444,156423.0,140074.648,-0.025,FF FF FF 09 51 FF FF FF,FF FF FF 09 51 FF FF FF,[],190=2593.125/exp 2593.0689 VALUE_OK
MATCH,8827,0x0CF00400,61444,156428.0,140079.64,-0.033,FF FF FF 39 51 FF FF FF,FF FF FF 39 51 FF FF FF,[],190=2599.125/exp 2599.0846 VALUE_OK
MATCH,8828,0x0CF00400,61444,156433.0,140084.639,-0.033,FF FF FF 69 51 FF FF FF,FF FF FF 69 51 FF FF FF,[],190=2605.125/exp 2605.0872 VALUE_OK
MATCH,8829,0x0CF00400,61444,156438.0,140089.643,-0.028,FF FF FF 99 51 FF FF FF,FF FF FF 99 51 FF FF FF,[],190=2611.125/exp 2611.0766 VALUE_OK
MATCH,8830,0x0CF00400,61444,156443.0,140094.635,-0.036,FF FF FF C8 51 FF FF FF,FF FF FF C8 51 FF FF FF,[],190=2617.0/exp 2617.0527 VALUE_OK
MATCH,8831,0x0CF00400,61444,156448.0,140099.63,-0.04,FF FF FF F8 51 FF FF FF,FF FF FF F8 51 FF FF FF,[],190=2623.0/exp 2623.0154 VALUE_OK
MATCH,8832,0x0CF00400,61444,156453.0,140104.609,-0.06,FF FF FF 28 52 FF FF FF,FF FF FF 28 52 FF FF FF,[],190=2629.0/exp 2628.9647 VALUE_OK
MATCH,8833,0x0CF00400,61444,156458.0,140109.649,-0.019,FF FF FF 57 52 FF FF FF,FF FF FF 57 52 FF FF FF,[],190=2634.875/exp 2634.9004 VALUE_OK
MATCH,8834,0x0CF00400,61444,156463.0,140114.637,-0.031,FF FF FF 87 52 FF FF FF,FF FF FF 87 52 FF FF FF,[],190=2640.875/exp 2640.8225 VALUE_OK
MATCH,8835,0x0CF00400,61444,156468.0,140119.616,-0.051,FF FF FF B6 52 FF FF FF,FF FF FF B6 52 FF FF FF,[],190=2646.75/exp 2646.7308 VALUE_OK
MATCH,8836,0x0CF00400,61444,156473.0,140124.651,-0.015,FF FF FF E5 52 FF FF FF,FF FF FF E5 52 FF FF FF,[],190=2652.625/exp 2652.6253 VALUE_OK
MATCH,8837,0x0CF00400,61444,156478.0,140129.627,-0.039,FF FF FF 14 53 FF FF FF,FF FF FF 14 53 FF FF FF,[],190=2658.5/exp 2658.5059 VALUE_OK
MATCH,8838,0x0CF00400,61444,156483.0,140134.615,-0.05,FF FF FF 43 53 FF FF FF,FF FF FF 43 53 FF FF FF,[],190=2664.375/exp 2664.3725 VALUE_OK
MATCH,8839,0x0CF00400,61444,156488.0,140139.646,-0.018,FF FF FF 72 53 FF FF FF,FF FF FF 72 53 FF FF FF,[],190=2670.25/exp 2670.225 VALUE_OK
MATCH,8840,0x0CF00400,61444,156493.0,140144.638,-0.025,FF FF FF A0 53 FF FF FF,FF FF FF A0 53 FF FF FF,[],190=2676.0/exp 2676.0633 VALUE_OK
MATCH,8841,0x0CF00400,61444,156498.0,140149.613,-0.05,FF FF FF CF 53 FF FF FF,FF FF FF CF 53 FF FF FF,[],190=2681.875/exp 2681.8873 VALUE_OK
MATCH,8842,0x0CF00400,61444,156503.0,140154.653,-0.009,FF FF FF FE 53 FF FF FF,FF FF FF FE 53 FF FF FF,[],190=2687.75/exp 2687.6969 VALUE_OK
MATCH,8843,0x0CF00400,61444,156508.0,140159.624,-0.038,FF FF FF 2C 54 FF FF FF,FF FF FF 2C 54 FF FF FF,[],190=2693.5/exp 2693.4921 VALUE_OK
MATCH,8844,0x0CF00400,61444,156513.0,140164.608,-0.053,FF FF FF 5A 54 FF FF FF,FF FF FF 5A 54 FF FF FF,[],190=2699.25/exp 2699.2727 VALUE_OK
MATCH,8845,0x0CF00400,61444,156518.0,140169.639,-0.021,FF FF FF 88 54 FF FF FF,FF FF FF 88 54 FF FF FF,[],190=2705.0/exp 2705.0387 VALUE_OK
MATCH,8846,0x0CF00400,61444,156523.0,140174.631,-0.029,FF FF FF B6 54 FF FF FF,FF FF FF B6 54 FF FF FF,[],190=2710.75/exp 2710.7899 VALUE_OK
MATCH,8847,0x0CF00400,61444,156528.0,140179.614,-0.045,FF FF FF E4 54 FF FF FF,FF FF FF E4 54 FF FF FF,[],190=2716.5/exp 2716.5264 VALUE_OK
MATCH,8848,0x0CF00400,61444,156533.0,140184.638,-0.02,FF FF FF 12 55 FF FF FF,FF FF FF 12 55 FF FF FF,[],190=2722.25/exp 2722.2479 VALUE_OK
MATCH,8849,0x0CF00400,61444,156538.0,140189.633,-0.025,FF FF FF 40 55 FF FF FF,FF FF FF 40 55 FF FF FF,[],190=2728.0/exp 2727.9545 VALUE_OK
MATCH,8850,0x0CF00400,61444,156543.0,140194.613,-0.044,FF FF FF 6D 55 FF FF FF,FF FF FF 6D 55 FF FF FF,[],190=2733.625/exp 2733.6459 VALUE_OK
MATCH,8851,0x0CF00400,61444,156548.0,140199.6,-0.056,FF FF FF 9B 55 FF FF FF,FF FF FF 9B 55 FF FF FF,[],190=2739.375/exp 2739.3222 VALUE_OK
MATCH,8852,0x0CF00400,61444,156553.0,140204.632,-0.023,FF FF FF C8 55 FF FF FF,FF FF FF C8 55 FF FF FF,[],190=2745.0/exp 2744.9832 VALUE_OK
MATCH,8853,0x0CF00400,61444,156558.0,140209.615,-0.04,FF FF FF F5 55 FF FF FF,FF FF FF F5 55 FF FF FF,[],190=2750.625/exp 2750.6289 VALUE_OK
MATCH,8854,0x0CF00400,61444,156563.0,140214.595,-0.059,FF FF FF 22 56 FF FF FF,FF FF FF 22 56 FF FF FF,[],190=2756.25/exp 2756.2592 VALUE_OK
MATCH,8855,0x0CF00400,61444,156568.0,140219.627,-0.026,FF FF FF 4F 56 FF FF FF,FF FF FF 4F 56 FF FF FF,[],190=2761.875/exp 2761.8739 VALUE_OK
MATCH,8856,0x0CF00400,61444,156573.0,140224.61,-0.042,FF FF FF 7C 56 FF FF FF,FF FF FF 7C 56 FF FF FF,[],190=2767.5/exp 2767.4731 VALUE_OK
MATCH,8857,0x0CF00400,61444,156578.0,140229.606,-0.045,FF FF FF A8 56 FF FF FF,FF FF FF A8 56 FF FF FF,[],190=2773.0/exp 2773.0565 VALUE_OK
MATCH,8858,0x0CF00400,61444,156583.0,140234.621,-0.029,FF FF FF D5 56 FF FF FF,FF FF FF D5 56 FF FF FF,[],190=2778.625/exp 2778.6242 VALUE_OK
MATCH,8859,0x0CF00400,61444,156588.0,140239.613,-0.037,FF FF FF 01 57 FF FF FF,FF FF FF 01 57 FF FF FF,[],190=2784.125/exp 2784.176 VALUE_OK
MATCH,8860,0x0CF00400,61444,156593.0,140244.588,-0.061,FF FF FF 2E 57 FF FF FF,FF FF FF 2E 57 FF FF FF,[],190=2789.75/exp 2789.7119 VALUE_OK
MATCH,8861,0x0CF00400,61444,156598.0,140249.62,-0.028,FF FF FF 5A 57 FF FF FF,FF FF FF 5A 57 FF FF FF,[],190=2795.25/exp 2795.2317 VALUE_OK
MATCH,8862,0x0CF00400,61444,156603.0,140254.615,-0.032,FF FF FF 86 57 FF FF FF,FF FF FF 86 57 FF FF FF,[],190=2800.75/exp 2800.7354 VALUE_OK
MATCH,8863,0x0CF00400,61444,156608.0,140259.595,-0.052,FF FF FF B2 57 FF FF FF,FF FF FF B2 57 FF FF FF,[],190=2806.25/exp 2806.2229 VALUE_OK
MATCH,8864,0x0CF00400,61444,156613.0,140264.622,-0.024,FF FF FF DE 57 FF FF FF,FF FF FF DE 57 FF FF FF,[],190=2811.75/exp 2811.6941 VALUE_OK
MATCH,8865,0x0CF00400,61444,156618.0,140269.602,-0.043,FF FF FF 09 58 FF FF FF,FF FF FF 09 58 FF FF FF,[],190=2817.125/exp 2817.149 VALUE_OK
MATCH,8866,0x0CF00400,61444,156623.0,140274.581,-0.063,FF FF FF 35 58 FF FF FF,FF FF FF 35 58 FF FF FF,[],190=2822.625/exp 2822.5873 VALUE_OK
MATCH,8867,0x0CF00400,61444,156628.0,140279.617,-0.026,FF FF FF 60 58 FF FF FF,FF FF FF 60 58 FF FF FF,[],190=2828.0/exp 2828.0092 VALUE_OK
MATCH,8868,0x0CF00400,61444,156633.0,140284.6,-0.043,FF FF FF 8B 58 FF FF FF,FF FF FF 8B 58 FF FF FF,[],190=2833.375/exp 2833.4144 VALUE_OK
MATCH,8869,0x0CF00400,61444,156638.0,140289.592,-0.05,FF FF FF B6 58 FF FF FF,FF FF FF B6 58 FF FF FF,[],190=2838.75/exp 2838.8029 VALUE_OK
MATCH,8870,0x0CF00400,61444,156643.0,140294.62,-0.021,FF FF FF E1 58 FF FF FF,FF FF FF E1 58 FF FF FF,[],190=2844.125/exp 2844.1746 VALUE_OK
MATCH,8871,0x0CF00400,61444,156648.0,140299.599,-0.041,FF FF FF 0C 59 FF FF FF,FF FF FF 0C 59 FF FF FF,[],190=2849.5/exp 2849.5295 VALUE_OK
MATCH,8872,0x0CF00400,61444,156653.0,140304.583,-0.056,FF FF FF 37 59 FF FF FF,FF FF FF 37 59 FF FF FF,[],190=2854.875/exp 2854.8674 VALUE_OK
MATCH,8873,0x0CF00400,61444,156658.0,140309.61,-0.028,FF FF FF 62 59 FF FF FF,FF FF FF 62 59 FF FF FF,[],190=2860.25/exp 2860.1882 VALUE_OK
MATCH,8874,0x0CF00400,61444,156663.0,140314.61,-0.028,FF FF FF 8C 59 FF FF FF,FF FF FF 8C 59 FF FF FF,[],190=2865.5/exp 2865.492 VALUE_OK
MATCH,8875,0x0CF00400,61444,156668.0,140319.593,-0.044,FF FF FF B6 59 FF FF FF,FF FF FF B6 59 FF FF FF,[],190=2870.75/exp 2870.7785 VALUE_OK
MATCH,8876,0x0CF00400,61444,156673.0,140324.581,-0.055,FF FF FF E0 59 FF FF FF,FF FF FF E0 59 FF FF FF,[],190=2876.0/exp 2876.0478 VALUE_OK
MATCH,8877,0x0CF00400,61444,156678.0,140329.604,-0.031,FF FF FF 0A 5A FF FF FF,FF FF FF 0A 5A FF FF FF,[],190=2881.25/exp 2881.2996 VALUE_OK
MATCH,8878,0x0CF00400,61444,156683.0,140334.592,-0.043,FF FF FF 34 5A FF FF FF,FF FF FF 34 5A FF FF FF,[],190=2886.5/exp 2886.5341 VALUE_OK
MATCH,8879,0x0CF00400,61444,156688.0,140339.568,-0.066,FF FF FF 5E 5A FF FF FF,FF FF FF 5E 5A FF FF FF,[],190=2891.75/exp 2891.751 VALUE_OK
MATCH,8880,0x0CF00400,61444,156693.0,140344.607,-0.025,FF FF FF 88 5A FF FF FF,FF FF FF 88 5A FF FF FF,[],190=2897.0/exp 2896.9503 VALUE_OK
MATCH,8881,0x0CF00400,61444,156698.0,140349.586,-0.046,FF FF FF B1 5A FF FF FF,FF FF FF B1 5A FF FF FF,[],190=2902.125/exp 2902.1319 VALUE_OK
MATCH,8882,0x0CF00400,61444,156703.0,140354.574,-0.057,FF FF FF DA 5A FF FF FF,FF FF FF DA 5A FF FF FF,[],190=2907.25/exp 2907.2958 VALUE_OK
MATCH,8883,0x0CF00400,61444,156708.0,140359.602,-0.028,FF FF FF 04 5B FF FF FF,FF FF FF 04 5B FF FF FF,[],190=2912.5/exp 2912.4418 VALUE_OK
MATCH,8884,0x0CF00400,61444,156713.0,140364.581,-0.048,FF FF FF 2D 5B FF FF FF,FF FF FF 2D 5B FF FF FF,[],190=2917.625/exp 2917.5698 VALUE_OK
MATCH,8885,0x0CF00400,61444,156718.0,140369.569,-0.059,FF FF FF 55 5B FF FF FF,FF FF FF 55 5B FF FF FF,[],190=2922.625/exp 2922.6799 VALUE_OK
MATCH,8886,0x0CF00400,61444,156723.0,140374.604,-0.023,FF FF FF 7E 5B FF FF FF,FF FF FF 7E 5B FF FF FF,[],190=2927.75/exp 2927.7719 VALUE_OK
MATCH,8887,0x0CF00400,61444,156728.0,140379.584,-0.043,FF FF FF A7 5B FF FF FF,FF FF FF A7 5B FF FF FF,[],190=2932.875/exp 2932.8457 VALUE_OK
MATCH,8888,0x0CF00400,61444,156733.0,140384.571,-0.055,FF FF FF CF 5B FF FF FF,FF FF FF CF 5B FF FF FF,[],190=2937.875/exp 2937.9013 VALUE_OK
MATCH,8889,0x0CF00400,61444,156738.0,140389.599,-0.026,FF FF FF F8 5B FF FF FF,FF FF FF F8 5B FF FF FF,[],190=2943.0/exp 2942.9386 VALUE_OK
MATCH,8890,0x0CF00400,61444,156743.0,140394.587,-0.037,FF FF FF 20 5C FF FF FF,FF FF FF 20 5C FF FF FF,[],190=2948.0/exp 2947.9574 VALUE_OK
MATCH,8891,0x0CF00400,61444,156748.0,140399.562,-0.061,FF FF FF 48 5C FF FF FF,FF FF FF 48 5C FF FF FF,[],190=2953.0/exp 2952.9578 VALUE_OK
MATCH,8892,0x0CF00400,61444,156753.0,140404.593,-0.029,FF FF FF 70 5C FF FF FF,FF FF FF 70 5C FF FF FF,[],190=2958.0/exp 2957.9397 VALUE_OK
MATCH,8893,0x0CF00400,61444,156758.0,140409.581,-0.041,FF FF FF 97 5C FF FF FF,FF FF FF 97 5C FF FF FF,[],190=2962.875/exp 2962.9029 VALUE_OK
MATCH,8894,0x0CF00400,61444,156763.0,140414.568,-0.053,FF FF FF BF 5C FF FF FF,FF FF FF BF 5C FF FF FF,[],190=2967.875/exp 2967.8474 VALUE_OK
MATCH,8895,0x0CF00400,61444,156768.0,140419.596,-0.024,FF FF FF E6 5C FF FF FF,FF FF FF E6 5C FF FF FF,[],190=2972.75/exp 2972.7731 VALUE_OK
MATCH,8896,0x0CF00400,61444,156773.0,140424.575,-0.044,FF FF FF 0D 5D FF FF FF,FF FF FF 0D 5D FF FF FF,[],190=2977.625/exp 2977.68 VALUE_OK
MATCH,8897,0x0CF00400,61444,156778.0,140429.559,-0.059,FF FF FF 35 5D FF FF FF,FF FF FF 35 5D FF FF FF,[],190=2982.625/exp 2982.5679 VALUE_OK
MATCH,8898,0x0CF00400,61444,156783.0,140434.607,-0.01,FF FF FF 5B 5D FF FF FF,FF FF FF 5B 5D FF FF FF,[],190=2987.375/exp 2987.4369 VALUE_OK
MATCH,8899,0x0CF00400,61444,156788.0,140439.598,-0.019,FF FF FF 82 5D FF FF FF,FF FF FF 82 5D FF FF FF,[],190=2992.25/exp 2992.2867 VALUE_OK
MATCH,8900,0x0CF00400,61444,156793.0,140444.622,0.005,FF FF FF A9 5D FF FF FF,FF FF FF A9 5D FF FF FF,[],190=2997.125/exp 2997.1174 VALUE_OK
MATCH,8901,0x0CF00400,61444,156798.0,140449.605,-0.012,FF FF FF CF 5D FF FF FF,FF FF FF CF 5D FF FF FF,[],190=3001.875/exp 3001.9289 VALUE_OK
MATCH,8902,0x0CF00400,61444,156803.0,140454.641,0.024,FF FF FF F6 5D FF FF FF,FF FF FF F6 5D FF FF FF,[],190=3006.75/exp 3006.721 VALUE_OK
MATCH,8903,0x0CF00400,61444,156808.0,140459.62,0.003,FF FF FF 1C 5E FF FF FF,FF FF FF 1C 5E FF FF FF,[],190=3011.5/exp 3011.4938 VALUE_OK
MATCH,8904,0x0CF00400,61444,156813.0,140464.6,-0.017,FF FF FF 42 5E FF FF FF,FF FF FF 42 5E FF FF FF,[],190=3016.25/exp 3016.2471 VALUE_OK
MATCH,8905,0x0CF00400,61444,156818.0,140469.583,-0.034,FF FF FF 68 5E FF FF FF,FF FF FF 68 5E FF FF FF,[],190=3021.0/exp 3020.9809 VALUE_OK
MATCH,8906,0x0CF00400,61444,156823.0,140474.623,0.007,FF FF FF 8E 5E FF FF FF,FF FF FF 8E 5E FF FF FF,[],190=3025.75/exp 3025.6951 VALUE_OK
MATCH,8907,0x0CF00400,61444,156828.0,140479.611,-0.005,FF FF FF B3 5E FF FF FF,FF FF FF B3 5E FF FF FF,[],190=3030.375/exp 3030.3896 VALUE_OK
MATCH,8908,0x0CF00400,61444,156833.0,140484.586,-0.03,FF FF FF D9 5E FF FF FF,FF FF FF D9 5E FF FF FF,[],190=3035.125/exp 3035.0644 VALUE_OK
MATCH,8909,0x0CF00400,61444,156838.0,140489.637,0.021,FF FF FF FE 5E FF FF FF,FF FF FF FE 5E FF FF FF,[],190=3039.75/exp 3039.7193 VALUE_OK
MATCH,8910,0x0CF00400,61444,156843.0,140494.609,-0.007,FF FF FF 23 5F FF FF FF,FF FF FF 23 5F FF FF FF,[],190=3044.375/exp 3044.3544 VALUE_OK
MATCH,8911,0x0CF00400,61444,156848.0,140499.592,-0.024,FF FF FF 48 5F FF FF FF,FF FF FF 48 5F FF FF FF,[],190=3049.0/exp 3048.9695 VALUE_OK
MATCH,8912,0x0CF00400,61444,156853.0,140504.58,-0.035,FF FF FF 6D 5F FF FF FF,FF FF FF 6D 5F FF FF FF,[],190=3053.625/exp 3053.5646 VALUE_OK
MATCH,8913,0x0CF00400,61444,156858.0,140509.62,0.005,FF FF FF 91 5F FF FF FF,FF FF FF 91 5F FF FF FF,[],190=3058.125/exp 3058.1396 VALUE_OK
MATCH,8914,0x0CF00400,61444,156863.0,140514.603,-0.012,FF FF FF B6 5F FF FF FF,FF FF FF B6 5F FF FF FF,[],190=3062.75/exp 3062.6944 VALUE_OK
MATCH,8915,0x0CF00400,61444,156868.0,140519.591,-0.023,FF FF FF DA 5F FF FF FF,FF FF FF DA 5F FF FF FF,[],190=3067.25/exp 3067.2289 VALUE_OK
MATCH,8916,0x0CF00400,61444,156873.0,140524.639,0.025,FF FF FF FE 5F FF FF FF,FF FF FF FE 5F FF FF FF,[],190=3071.75/exp 3071.7432 VALUE_OK
MATCH,8917,0x0CF00400,61444,156878.0,140529.611,-0.004,FF FF FF 22 60 FF FF FF,FF FF FF 22 60 FF FF FF,[],190=3076.25/exp 3076.237 VALUE_OK
MATCH,8918,0x0CF00400,61444,156883.0,140534.598,-0.016,FF FF FF 46 60 FF FF FF,FF FF FF 46 60 FF FF FF,[],190=3080.75/exp 3080.7104 VALUE_OK
MATCH,8919,0x0CF00400,61444,156888.0,140539.582,-0.032,FF FF FF 69 60 FF FF FF,FF FF FF 69 60 FF FF FF,[],190=3085.125/exp 3085.1633 VALUE_OK
MATCH,8920,0x0CF00400,61444,156893.0,140544.637,0.024,FF FF FF 8D 60 FF FF FF,FF FF FF 8D 60 FF FF FF,[],190=3089.625/exp 3089.5956 VALUE_OK
MATCH,8921,0x0CF00400,61444,156898.0,140549.629,0.015,FF FF FF B0 60 FF FF FF,FF FF FF B0 60 FF FF FF,[],190=3094.0/exp 3094.0073 VALUE_OK
MATCH,8922,0x0CF00400,61444,156903.0,140554.612,-0.002,FF FF FF D3 60 FF FF FF,FF FF FF D3 60 FF FF FF,[],190=3098.375/exp 3098.3982 VALUE_OK
MATCH,8923,0x0CF00400,61444,156908.0,140559.6,-0.014,FF FF FF F6 60 FF FF FF,FF FF FF F6 60 FF FF FF,[],190=3102.75/exp 3102.7683 VALUE_OK
MATCH,8924,0x0CF00400,61444,156913.0,140564.619,0.005,FF FF FF 19 61 FF FF FF,FF FF FF 19 61 FF FF FF,[],190=3107.125/exp 3107.1176 VALUE_OK
MATCH,8925,0x0CF00400,61444,156918.0,140569.599,-0.015,FF FF FF 3C 61 FF FF FF,FF FF FF 3C 61 FF FF FF,[],190=3111.5/exp 3111.4459 VALUE_OK
MATCH,8926,0x0CF00400,61444,156923.0,140574.587,-0.027,FF FF FF 5E 61 FF FF FF,FF FF FF 5E 61 FF FF FF,[],190=3115.75/exp 3115.7532 VALUE_OK
MATCH,8927,0x0CF00400,61444,156928.0,140579.63,0.017,FF FF FF 80 61 FF FF FF,FF FF FF 80 61 FF FF FF,[],190=3120.0/exp 3120.0395 VALUE_OK
MATCH,8928,0x0CF00400,61444,156933.0,140584.61,-0.004,FF FF FF A2 61 FF FF FF,FF FF FF A2 61 FF FF FF,[],190=3124.25/exp 3124.3046 VALUE_OK
MATCH,8929,0x0CF00400,61444,156938.0,140589.589,-0.024,FF FF FF C4 61 FF FF FF,FF FF FF C4 61 FF FF FF,[],190=3128.5/exp 3128.5486 VALUE_OK
MATCH,8930,0x0CF00400,61444,156943.0,140594.569,-0.044,FF FF FF E6 61 FF FF FF,FF FF FF E6 61 FF FF FF,[],190=3132.75/exp 3132.7713 VALUE_OK
MATCH,8931,0x0CF00400,61444,156948.0,140599.6,-0.012,FF FF FF 08 62 FF FF FF,FF FF FF 08 62 FF FF FF,[],190=3137.0/exp 3136.9726 VALUE_OK
MATCH,8932,0x0CF00400,61444,156953.0,140604.584,-0.028,FF FF FF 29 62 FF FF FF,FF FF FF 29 62 FF FF FF,[],190=3141.125/exp 3141.1526 VALUE_OK
MATCH,8933,0x0CF00400,61444,156958.0,140609.563,-0.048,FF FF FF 4A 62 FF FF FF,FF FF FF 4A 62 FF FF FF,[],190=3145.25/exp 3145.3111 VALUE_OK
MATCH,8934,0x0CF00400,61444,156963.0,140614.615,0.005,FF FF FF 6C 62 FF FF FF,FF FF FF 6C 62 FF FF FF,[],190=3149.5/exp 3149.4482 VALUE_OK
MATCH,8935,0x0CF00400,61444,156968.0,140619.598,-0.012,FF FF FF 8D 62 FF FF FF,FF FF FF 8D 62 FF FF FF,[],190=3153.625/exp 3153.5636 VALUE_OK
MATCH,8936,0x0CF00400,61444,156973.0,140624.578,-0.032,FF FF FF AD 62 FF FF FF,FF FF FF AD 62 FF FF FF,[],190=3157.625/exp 3157.6574 VALUE_OK
MATCH,8937,0x0CF00400,61444,156978.0,140629.565,-0.045,FF FF FF CE 62 FF FF FF,FF FF FF CE 62 FF FF FF,[],190=3161.75/exp 3161.7294 VALUE_OK
MATCH,8938,0x0CF00400,61444,156983.0,140634.609,0.0,FF FF FF EE 62 FF FF FF,FF FF FF EE 62 FF FF FF,[],190=3165.75/exp 3165.7797 VALUE_OK
MATCH,8939,0x0CF00400,61444,156988.0,140639.585,-0.024,FF FF FF 0E 63 FF FF FF,FF FF FF 0E 63 FF FF FF,[],190=3169.75/exp 3169.8082 VALUE_OK
MATCH,8940,0x0CF00400,61444,156993.0,140644.564,-0.044,FF FF FF 2F 63 FF FF FF,FF FF FF 2F 63 FF FF FF,[],190=3173.875/exp 3173.8148 VALUE_OK
MATCH,8941,0x0CF00400,61444,156998.0,140649.555,-0.052,FF FF FF 4E 63 FF FF FF,FF FF FF 4E 63 FF FF FF,[],190=3177.75/exp 3177.7994 VALUE_OK
MATCH,8942,0x0CF00400,61444,157003.0,140654.607,0.001,FF FF FF 6E 63 FF FF FF,FF FF FF 6E 63 FF FF FF,[],190=3181.75/exp 3181.762 VALUE_OK
MATCH,8943,0x0CF00400,61444,157008.0,140659.603,-0.003,FF FF FF 8E 63 FF FF FF,FF FF FF 8E 63 FF FF FF,[],190=3185.75/exp 3185.7025 VALUE_OK
MATCH,8944,0x0CF00400,61444,157013.0,140664.594,-0.012,FF FF FF AD 63 FF FF FF,FF FF FF AD 63 FF FF FF,[],190=3189.625/exp 3189.6209 VALUE_OK
MATCH,8945,0x0CF00400,61444,157018.0,140669.578,-0.028,FF FF FF CC 63 FF FF FF,FF FF FF CC 63 FF FF FF,[],190=3193.5/exp 3193.5171 VALUE_OK
MATCH,8946,0x0CF00400,61444,157023.0,140674.557,-0.048,FF FF FF EB 63 FF FF FF,FF FF FF EB 63 FF FF FF,[],190=3197.375/exp 3197.391 VALUE_OK
MATCH,8947,0x0CF00400,61444,157028.0,140679.593,-0.011,FF FF FF 0A 64 FF FF FF,FF FF FF 0A 64 FF FF FF,[],190=3201.25/exp 3201.2426 VALUE_OK
MATCH,8948,0x0CF00400,61444,157033.0,140684.576,-0.028,FF FF FF 29 64 FF FF FF,FF FF FF 29 64 FF FF FF,[],190=3205.125/exp 3205.0718 VALUE_OK
MATCH,8949,0x0CF00400,61444,157038.0,140689.588,-0.016,FF FF FF 47 64 FF FF FF,FF FF FF 47 64 FF FF FF,[],190=3208.875/exp 3208.8786 VALUE_OK
MATCH,8950,0x0CF00400,61444,157043.0,140694.568,-0.035,FF FF FF 65 64 FF FF FF,FF FF FF 65 64 FF FF FF,[],190=3212.625/exp 3212.6629 VALUE_OK
MATCH,8951,0x0CF00400,61444,157048.0,140699.559,-0.044,FF FF FF 83 64 FF FF FF,FF FF FF 83 64 FF FF FF,[],190=3216.375/exp 3216.4246 VALUE_OK
MATCH,8952,0x0CF00400,61444,157053.0,140704.594,-0.008,FF FF FF A1 64 FF FF FF,FF FF FF A1 64 FF FF FF,[],190=3220.125/exp 3220.1637 VALUE_OK
MATCH,8953,0x0CF00400,61444,157058.0,140709.578,-0.024,FF FF FF BF 64 FF FF FF,FF FF FF BF 64 FF FF FF,[],190=3223.875/exp 3223.8802 VALUE_OK
MATCH,8954,0x0CF00400,61444,157063.0,140714.557,-0.044,FF FF FF DD 64 FF FF FF,FF FF FF DD 64 FF FF FF,[],190=3227.625/exp 3227.5739 VALUE_OK
MATCH,8955,0x0CF00400,61444,157068.0,140719.609,0.009,FF FF FF FA 64 FF FF FF,FF FF FF FA 64 FF FF FF,[],190=3231.25/exp 3231.2448 VALUE_OK
MATCH,8956,0x0CF00400,61444,157073.0,140724.585,-0.015,FF FF FF 17 65 FF FF FF,FF FF FF 17 65 FF FF FF,[],190=3234.875/exp 3234.8929 VALUE_OK
MATCH,8957,0x0CF00400,61444,157078.0,140729.56,-0.04,FF FF FF 34 65 FF FF FF,FF FF FF 34 65 FF FF FF,[],190=3238.5/exp 3238.5181 VALUE_OK
MATCH,8958,0x0CF00400,61444,157083.0,140734.596,-0.003,FF FF FF 51 65 FF FF FF,FF FF FF 51 65 FF FF FF,[],190=3242.125/exp 3242.1203 VALUE_OK
MATCH,8959,0x0CF00400,61444,157088.0,140739.575,-0.024,FF FF FF 6E 65 FF FF FF,FF FF FF 6E 65 FF FF FF,[],190=3245.75/exp 3245.6995 VALUE_OK
MATCH,8960,0x0CF00400,61444,157093.0,140744.551,-0.048,FF FF FF 8A 65 FF FF FF,FF FF FF 8A 65 FF FF FF,[],190=3249.25/exp 3249.2557 VALUE_OK
MATCH,8961,0x0CF00400,61444,157098.0,140749.594,-0.004,FF FF FF A6 65 FF FF FF,FF FF FF A6 65 FF FF FF,[],190=3252.75/exp 3252.7887 VALUE_OK
UNLOGGED,,0x0CF00400,61444,,140754.578,,,FF FF FF C2 65 FF FF FF,[],
MATCH,8963,0x0CF00400,61444,157108.0,140759.561,-0.037,FF FF FF DE 65 FF FF FF,FF FF FF DE 65 FF FF FF,[],190=3259.75/exp 3259.7852 VALUE_OK
MATCH,8964,0x0CF00400,61444,157113.0,140764.601,0.004,FF FF FF FA 65 FF FF FF,FF FF FF FA 65 FF FF FF,[],190=3263.25/exp 3263.2485 VALUE_OK
MATCH,8965,0x0CF00400,61444,157118.0,140769.572,-0.025,FF FF FF 16 66 FF FF FF,FF FF FF 16 66 FF FF FF,[],190=3266.75/exp 3266.6885 VALUE_OK
MATCH,8966,0x0CF00400,61444,157123.0,140774.564,-0.033,FF FF FF 31 66 FF FF FF,FF FF FF 31 66 FF FF FF,[],190=3270.125/exp 3270.1052 VALUE_OK
MATCH,8967,0x0CF00400,61444,157128.0,140779.547,-0.049,FF FF FF 4C 66 FF FF FF,FF FF FF 4C 66 FF FF FF,[],190=3273.5/exp 3273.4983 VALUE_OK
MATCH,8968,0x0CF00400,61444,157133.0,140784.595,0.0,FF FF FF 67 66 FF FF FF,FF FF FF 67 66 FF FF FF,[],190=3276.875/exp 3276.868 VALUE_OK
MATCH,8969,0x0CF00400,61444,157138.0,140789.591,-0.004,FF FF FF 82 66 FF FF FF,FF FF FF 82 66 FF FF FF,[],190=3280.25/exp 3280.2142 VALUE_OK
MATCH,8970,0x0CF00400,61444,157143.0,140794.562,-0.033,FF FF FF 9C 66 FF FF FF,FF FF FF 9C 66 FF FF FF,[],190=3283.5/exp 3283.5367 VALUE_OK
MATCH,8971,0x0CF00400,61444,157148.0,140799.541,-0.053,FF FF FF B7 66 FF FF FF,FF FF FF B7 66 FF FF FF,[],190=3286.875/exp 3286.8356 VALUE_OK
MATCH,8972,0x0CF00400,61444,157153.0,140804.577,-0.016,FF FF FF D1 66 FF FF FF,FF FF FF D1 66 FF FF FF,[],190=3290.125/exp 3290.1108 VALUE_OK
MATCH,8973,0x0CF00400,61444,157158.0,140809.557,-0.036,FF FF FF EB 66 FF FF FF,FF FF FF EB 66 FF FF FF,[],190=3293.375/exp 3293.3622 VALUE_OK
MATCH,8974,0x0CF00400,61444,157163.0,140814.576,-0.016,FF FF FF 05 67 FF FF FF,FF FF FF 05 67 FF FF FF,[],190=3296.625/exp 3296.5899 VALUE_OK
MATCH,8975,0x0CF00400,61444,157168.0,140819.56,-0.032,FF FF FF 1E 67 FF FF FF,FF FF FF 1E 67 FF FF FF,[],190=3299.75/exp 3299.7936 VALUE_OK
MATCH,8976,0x0CF00400,61444,157173.0,140824.531,-0.06,FF FF FF 38 67 FF FF FF,FF FF FF 38 67 FF FF FF,[],190=3303.0/exp 3302.9735 VALUE_OK
MATCH,8977,0x0CF00400,61444,157178.0,140829.571,-0.019,FF FF FF 51 67 FF FF FF,FF FF FF 51 67 FF FF FF,[],190=3306.125/exp 3306.1295 VALUE_OK
MATCH,8978,0x0CF00400,61444,157183.0,140834.554,-0.036,FF FF FF 6A 67 FF FF FF,FF FF FF 6A 67 FF FF FF,[],190=3309.25/exp 3309.2614 VALUE_OK
MATCH,8979,0x0CF00400,61444,157188.0,140839.554,-0.035,FF FF FF 83 67 FF FF FF,FF FF FF 83 67 FF FF FF,[],190=3312.375/exp 3312.3693 VALUE_OK
MATCH,8980,0x0CF00400,61444,157193.0,140844.585,-0.003,FF FF FF 9C 67 FF FF FF,FF FF FF 9C 67 FF FF FF,[],190=3315.5/exp 3315.4531 VALUE_OK
MATCH,8981,0x0CF00400,61444,157198.0,140849.565,-0.023,FF FF FF B4 67 FF FF FF,FF FF FF B4 67 FF FF FF,[],190=3318.5/exp 3318.5128 VALUE_OK
MATCH,8982,0x0CF00400,61444,157203.0,140854.536,-0.052,FF FF FF CC 67 FF FF FF,FF FF FF CC 67 FF FF FF,[],190=3321.5/exp 3321.5483 VALUE_OK
MATCH,8983,0x0CF00400,61444,157208.0,140859.572,-0.015,FF FF FF E4 67 FF FF FF,FF FF FF E4 67 FF FF FF,[],190=3324.5/exp 3324.5595 VALUE_OK
MATCH,8984,0x0CF00400,61444,157213.0,140864.555,-0.031,FF FF FF FC 67 FF FF FF,FF FF FF FC 67 FF FF FF,[],190=3327.5/exp 3327.5465 VALUE_OK
MATCH,8985,0x0CF00400,61444,157218.0,140869.579,-0.007,FF FF FF 14 68 FF FF FF,FF FF FF 14 68 FF FF FF,[],190=3330.5/exp 3330.5091 VALUE_OK
MATCH,8986,0x0CF00400,61444,157223.0,140874.555,-0.031,FF FF FF 2C 68 FF FF FF,FF FF FF 2C 68 FF FF FF,[],190=3333.5/exp 3333.4473 VALUE_OK
MATCH,8987,0x0CF00400,61444,157228.0,140879.526,-0.059,FF FF FF 43 68 FF FF FF,FF FF FF 43 68 FF FF FF,[],190=3336.375/exp 3336.3612 VALUE_OK
MATCH,8988,0x0CF00400,61444,157233.0,140884.57,-0.014,FF FF FF 5A 68 FF FF FF,FF FF FF 5A 68 FF FF FF,[],190=3339.25/exp 3339.2506 VALUE_OK
MATCH,8989,0x0CF00400,61444,157238.0,140889.561,-0.022,FF FF FF 71 68 FF FF FF,FF FF FF 71 68 FF FF FF,[],190=3342.125/exp 3342.1154 VALUE_OK
MATCH,8990,0x0CF00400,61444,157243.0,140894.533,-0.05,FF FF FF 88 68 FF FF FF,FF FF FF 88 68 FF FF FF,[],190=3345.0/exp 3344.9557 VALUE_OK
MATCH,8991,0x0CF00400,61444,157248.0,140899.573,-0.009,FF FF FF 9E 68 FF FF FF,FF FF FF 9E 68 FF FF FF,[],190=3347.75/exp 3347.7715 VALUE_OK
MATCH,8992,0x0CF00400,61444,157253.0,140904.544,-0.038,FF FF FF B4 68 FF FF FF,FF FF FF B4 68 FF FF FF,[],190=3350.5/exp 3350.5625 VALUE_OK
MATCH,8993,0x0CF00400,61444,157258.0,140909.527,-0.054,FF FF FF CB 68 FF FF FF,FF FF FF CB 68 FF FF FF,[],190=3353.375/exp 3353.3289 VALUE_OK
MATCH,8994,0x0CF00400,61444,157263.0,140914.559,-0.021,FF FF FF E1 68 FF FF FF,FF FF FF E1 68 FF FF FF,[],190=3356.125/exp 3356.0706 VALUE_OK
MATCH,8995,0x0CF00400,61444,157268.0,140919.534,-0.046,FF FF FF F6 68 FF FF FF,FF FF FF F6 68 FF FF FF,[],190=3358.75/exp 3358.7875 VALUE_OK
MATCH,8996,0x0CF00400,61444,157273.0,140924.57,-0.009,FF FF FF 0C 69 FF FF FF,FF FF FF 0C 69 FF FF FF,[],190=3361.5/exp 3361.4796 VALUE_OK
MATCH,8997,0x0CF00400,61444,157278.0,140929.542,-0.036,FF FF FF 21 69 FF FF FF,FF FF FF 21 69 FF FF FF,[],190=3364.125/exp 3364.1468 VALUE_OK
MATCH,8998,0x0CF00400,61444,157283.0,140934.521,-0.057,FF FF FF 36 69 FF FF FF,FF FF FF 36 69 FF FF FF,[],190=3366.75/exp 3366.7892 VALUE_OK
MATCH,8999,0x0CF00400,61444,157288.0,140939.525,-0.052,FF FF FF 4B 69 FF FF FF,FF FF FF 4B 69 FF FF FF,[],190=3369.375/exp 3369.4066 VALUE_OK
MATCH,9000,0x0CF00400,61444,157293.0,140944.564,-0.012,FF FF FF 60 69 FF FF FF,FF FF FF 60 69 FF FF FF,[],190=3372.0/exp 3371.999 VALUE_OK
MATCH,9001,0x0CF00400,61444,157298.0,140949.536,-0.039,FF FF FF 75 69 FF FF FF,FF FF FF 75 69 FF FF FF,[],190=3374.625/exp 3374.5665 VALUE_OK
MATCH,9002,0x0CF00400,61444,157303.0,140954.519,-0.056,FF FF FF 89 69 FF FF FF,FF FF FF 89 69 FF FF FF,[],190=3377.125/exp 3377.1089 VALUE_OK
MATCH,9003,0x0CF00400,61444,157308.0,140959.555,-0.018,FF FF FF 9D 69 FF FF FF,FF FF FF 9D 69 FF FF FF,[],190=3379.625/exp 3379.6261 VALUE_OK
MATCH,9004,0x0CF00400,61444,157313.0,140964.526,-0.047,FF FF FF B1 69 FF FF FF,FF FF FF B1 69 FF FF FF,[],190=3382.125/exp 3382.1183 VALUE_OK
MATCH,9005,0x0CF00400,61444,157318.0,140969.562,-0.01,FF FF FF C5 69 FF FF FF,FF FF FF C5 69 FF FF FF,[],190=3384.625/exp 3384.5853 VALUE_OK
MATCH,9006,0x0CF00400,61444,157323.0,140974.537,-0.035,FF FF FF D8 69 FF FF FF,FF FF FF D8 69 FF FF FF,[],190=3387.0/exp 3387.0271 VALUE_OK
MATCH,9007,0x0CF00400,61444,157328.0,140979.509,-0.062,FF FF FF EC 69 FF FF FF,FF FF FF EC 69 FF FF FF,[],190=3389.5/exp 3389.4436 VALUE_OK
MATCH,9008,0x0CF00400,61444,157333.0,140984.548,-0.022,FF FF FF FF 69 FF FF FF,FF FF FF FF 69 FF FF FF,[],190=3391.875/exp 3391.8348 VALUE_OK
MATCH,9009,0x0CF00400,61444,157338.0,140989.516,-0.054,FF FF FF 12 6A FF FF FF,FF FF FF 12 6A FF FF FF,[],190=3394.25/exp 3394.2008 VALUE_OK
MATCH,9010,0x0CF00400,61444,157343.0,140994.551,-0.017,FF FF FF 24 6A FF FF FF,FF FF FF 24 6A FF FF FF,[],190=3396.5/exp 3396.5413 VALUE_OK
MATCH,9011,0x0CF00400,61444,157348.0,140999.531,-0.037,FF FF FF 37 6A FF FF FF,FF FF FF 37 6A FF FF FF,[],190=3398.875/exp 3398.8565 VALUE_OK
MATCH,9012,0x0CF00400,61444,157353.0,141004.502,-0.065,FF FF FF 49 6A FF FF FF,FF FF FF 49 6A FF FF FF,[],190=3401.125/exp 3401.1463 VALUE_OK
MATCH,9013,0x0CF00400,61444,157358.0,141009.538,-0.028,FF FF FF 5B 6A FF FF FF,FF FF FF 5B 6A FF FF FF,[],190=3403.375/exp 3403.4106 VALUE_OK
MATCH,9014,0x0CF00400,61444,157363.0,141014.509,-0.057,FF FF FF 6D 6A FF FF FF,FF FF FF 6D 6A FF FF FF,[],190=3405.625/exp 3405.6494 VALUE_OK
MATCH,9015,0x0CF00400,61444,157368.0,141019.553,-0.011,FF FF FF 7F 6A FF FF FF,FF FF FF 7F 6A FF FF FF,[],190=3407.875/exp 3407.8626 VALUE_OK
MATCH,9016,0x0CF00400,61444,157373.0,141024.533,-0.031,FF FF FF 90 6A FF FF FF,FF FF FF 90 6A FF FF FF,[],190=3410.0/exp 3410.0503 VALUE_OK
MATCH,9017,0x0CF00400,61444,157378.0,141029.504,-0.06,FF FF FF A2 6A FF FF FF,FF FF FF A2 6A FF FF FF,[],190=3412.25/exp 3412.2124 VALUE_OK
MATCH,9018,0x0CF00400,61444,157383.0,141034.548,-0.014,FF FF FF B3 6A FF FF FF,FF FF FF B3 6A FF FF FF,[],190=3414.375/exp 3414.3489 VALUE_OK
MATCH,9019,0x0CF00400,61444,157388.0,141039.515,-0.047,FF FF FF C4 6A FF FF FF,FF FF FF C4 6A FF FF FF,[],190=3416.5/exp 3416.4597 VALUE_OK
MATCH,9020,0x0CF00400,61444,157393.0,141044.555,-0.006,FF FF FF D4 6A FF FF FF,FF FF FF D4 6A FF FF FF,[],190=3418.5/exp 3418.5448 VALUE_OK
MATCH,9021,0x0CF00400,61444,157398.0,141049.526,-0.035,FF FF FF E5 6A FF FF FF,FF FF FF E5 6A FF FF FF,[],190=3420.625/exp 3420.6042 VALUE_OK
MATCH,9022,0x0CF00400,61444,157403.0,141054.51,-0.05,FF FF FF F5 6A FF FF FF,FF FF FF F5 6A FF FF FF,[],190=3422.625/exp 3422.6378 VALUE_OK
MATCH,9023,0x0CF00400,61444,157408.0,141059.507,-0.052,FF FF FF 05 6B FF FF FF,FF FF FF 05 6B FF FF FF,[],190=3424.625/exp 3424.6456 VALUE_OK
MATCH,9024,0x0CF00400,61444,157413.0,141064.53,-0.028,FF FF FF 15 6B FF FF FF,FF FF FF 15 6B FF FF FF,[],190=3426.625/exp 3426.6276 VALUE_OK
MATCH,9025,0x0CF00400,61444,157418.0,141069.533,-0.025,FF FF FF 25 6B FF FF FF,FF FF FF 25 6B FF FF FF,[],190=3428.625/exp 3428.5837 VALUE_OK
MATCH,9026,0x0CF00400,61444,157423.0,141074.533,-0.024,FF FF FF 34 6B FF FF FF,FF FF FF 34 6B FF FF FF,[],190=3430.5/exp 3430.5139 VALUE_OK
MATCH,9027,0x0CF00400,61444,157428.0,141079.532,-0.025,FF FF FF 43 6B FF FF FF,FF FF FF 43 6B FF FF FF,[],190=3432.375/exp 3432.4183 VALUE_OK
MATCH,9028,0x0CF00400,61444,157433.0,141084.532,-0.024,FF FF FF 52 6B FF FF FF,FF FF FF 52 6B FF FF FF,[],190=3434.25/exp 3434.2967 VALUE_OK
MATCH,9029,0x0CF00400,61444,157438.0,141089.524,-0.032,FF FF FF 61 6B FF FF FF,FF FF FF 61 6B FF FF FF,[],190=3436.125/exp 3436.1491 VALUE_OK
MATCH,9030,0x0CF00400,61444,157443.0,141094.527,-0.028,FF FF FF 70 6B FF FF FF,FF FF FF 70 6B FF FF FF,[],190=3438.0/exp 3437.9755 VALUE_OK
MATCH,9031,0x0CF00400,61444,157448.0,141099.527,-0.028,FF FF FF 7E 6B FF FF FF,FF FF FF 7E 6B FF FF FF,[],190=3439.75/exp 3439.7759 VALUE_OK
MATCH,9032,0x0CF00400,61444,157453.0,141104.518,-0.036,FF FF FF 8C 6B FF FF FF,FF FF FF 8C 6B FF FF FF,[],190=3441.5/exp 3441.5502 VALUE_OK
MATCH,9033,0x0CF00400,61444,157458.0,141109.518,-0.035,FF FF FF 9A 6B FF FF FF,FF FF FF 9A 6B FF FF FF,[],190=3443.25/exp 3443.2984 VALUE_OK
MATCH,9034,0x0CF00400,61444,157463.0,141114.513,-0.04,FF FF FF A8 6B FF FF FF,FF FF FF A8 6B FF FF FF,[],190=3445.0/exp 3445.0205 VALUE_OK
MATCH,9035,0x0CF00400,61444,157468.0,141119.513,-0.039,FF FF FF B6 6B FF FF FF,FF FF FF B6 6B FF FF FF,[],190=3446.75/exp 3446.7165 VALUE_OK
MATCH,9036,0x0CF00400,61444,157473.0,141124.513,-0.038,FF FF FF C3 6B FF FF FF,FF FF FF C3 6B FF FF FF,[],190=3448.375/exp 3448.3863 VALUE_OK
MATCH,9037,0x0CF00400,61444,157478.0,141129.516,-0.034,FF FF FF D0 6B FF FF FF,FF FF FF D0 6B FF FF FF,[],190=3450.0/exp 3450.03 VALUE_OK
MATCH,9038,0x0CF00400,61444,157483.0,141134.507,-0.043,FF FF FF DD 6B FF FF FF,FF FF FF DD 6B FF FF FF,[],190=3451.625/exp 3451.6474 VALUE_OK
MATCH,9039,0x0CF00400,61444,157488.0,141139.499,-0.05,FF FF FF EA 6B FF FF FF,FF FF FF EA 6B FF FF FF,[],190=3453.25/exp 3453.2385 VALUE_OK
MATCH,9040,0x0CF00400,61444,157493.0,141144.495,-0.053,FF FF FF F6 6B FF FF FF,FF FF FF F6 6B FF FF FF,[],190=3454.75/exp 3454.8034 VALUE_OK
MATCH,9041,0x0CF00400,61444,157498.0,141149.49,-0.057,FF FF FF 03 6C FF FF FF,FF FF FF 03 6C FF FF FF,[],190=3456.375/exp 3456.342 VALUE_OK
MATCH,9042,0x0CF00400,61444,157503.0,141154.482,-0.064,FF FF FF 0F 6C FF FF FF,FF FF FF 0F 6C FF FF FF,[],190=3457.875/exp 3457.8543 VALUE_OK
MATCH,9043,0x0CF00400,61444,157508.0,141159.481,-0.063,FF FF FF 1B 6C FF FF FF,FF FF FF 1B 6C FF FF FF,[],190=3459.375/exp 3459.3403 VALUE_OK
MATCH,9044,0x0CF00400,61444,157513.0,141164.477,-0.066,FF FF FF 26 6C FF FF FF,FF FF FF 26 6C FF FF FF,[],190=3460.75/exp 3460.7999 VALUE_OK
MATCH,9045,0x0CF00400,61444,157518.0,141169.476,-0.066,FF FF FF 32 6C FF FF FF,FF FF FF 32 6C FF FF FF,[],190=3462.25/exp 3462.2331 VALUE_OK
MATCH,9046,0x0CF00400,61444,157523.0,141174.476,-0.064,FF FF FF 3D 6C FF FF FF,FF FF FF 3D 6C FF FF FF,[],190=3463.625/exp 3463.6399 VALUE_OK
MATCH,9047,0x0CF00400,61444,157528.0,141179.527,-0.012,FF FF FF 48 6C FF FF FF,FF FF FF 48 6C FF FF FF,[],190=3465.0/exp 3465.0203 VALUE_OK
MATCH,9048,0x0CF00400,61444,157533.0,141184.527,-0.012,FF FF FF 53 6C FF FF FF,FF FF FF 53 6C FF FF FF,[],190=3466.375/exp 3466.3742 VALUE_OK
MATCH,9049,0x0CF00400,61444,157538.0,141189.49,-0.049,FF FF FF 5E 6C FF FF FF,FF FF FF 5E 6C FF FF FF,[],190=3467.75/exp 3467.7017 VALUE_OK
MATCH,9050,0x0CF00400,61444,157543.0,141194.486,-0.052,FF FF FF 68 6C FF FF FF,FF FF FF 68 6C FF FF FF,[],190=3469.0/exp 3469.0027 VALUE_OK
MATCH,9051,0x0CF00400,61444,157548.0,141199.485,-0.052,FF FF FF 72 6C FF FF FF,FF FF FF 72 6C FF FF FF,[],190=3470.25/exp 3470.2772 VALUE_OK
MATCH,9052,0x0CF00400,61444,157553.0,141204.493,-0.043,FF FF FF 7C 6C FF FF FF,FF FF FF 7C 6C FF FF FF,[],190=3471.5/exp 3471.5251 VALUE_OK
MATCH,9053,0x0CF00400,61444,157558.0,141209.488,-0.047,FF FF FF 86 6C FF FF FF,FF FF FF 86 6C FF FF FF,[],190=3472.75/exp 3472.7465 VALUE_OK
MATCH,9054,0x0CF00400,61444,157563.0,141214.48,-0.054,FF FF FF 90 6C FF FF FF,FF FF FF 90 6C FF FF FF,[],190=3474.0/exp 3473.9413 VALUE_OK
MATCH,9055,0x0CF00400,61444,157568.0,141219.476,-0.057,FF FF FF 99 6C FF FF FF,FF FF FF 99 6C FF FF FF,[],190=3475.125/exp 3475.1096 VALUE_OK
MATCH,9056,0x0CF00400,61444,157573.0,141224.471,-0.061,FF FF FF A2 6C FF FF FF,FF FF FF A2 6C FF FF FF,[],190=3476.25/exp 3476.2512 VALUE_OK
MATCH,9057,0x0CF00400,61444,157578.0,141229.471,-0.059,FF FF FF AB 6C FF FF FF,FF FF FF AB 6C FF FF FF,[],190=3477.375/exp 3477.3662 VALUE_OK
MATCH,9058,0x0CF00400,61444,157583.0,141234.53,0.001,FF FF FF B4 6C FF FF FF,FF FF FF B4 6C FF FF FF,[],190=3478.5/exp 3478.4546 VALUE_OK
MATCH,9059,0x0CF00400,61444,157588.0,141239.525,-0.004,FF FF FF BC 6C FF FF FF,FF FF FF BC 6C FF FF FF,[],190=3479.5/exp 3479.5163 VALUE_OK
MATCH,9060,0x0CF00400,61444,157593.0,141244.517,-0.012,FF FF FF C4 6C FF FF FF,FF FF FF C4 6C FF FF FF,[],190=3480.5/exp 3480.5514 VALUE_OK
MATCH,9061,0x0CF00400,61444,157598.0,141249.517,-0.012,FF FF FF CC 6C FF FF FF,FF FF FF CC 6C FF FF FF,[],190=3481.5/exp 3481.5597 VALUE_OK
MATCH,9062,0x0CF00400,61444,157603.0,141254.508,-0.021,FF FF FF D4 6C FF FF FF,FF FF FF D4 6C FF FF FF,[],190=3482.5/exp 3482.5414 VALUE_OK
MATCH,9063,0x0CF00400,61444,157608.0,141259.512,-0.016,FF FF FF DC 6C FF FF FF,FF FF FF DC 6C FF FF FF,[],190=3483.5/exp 3483.4963 VALUE_OK
MATCH,9064,0x0CF00400,61444,157613.0,141264.507,-0.021,FF FF FF E3 6C FF FF FF,FF FF FF E3 6C FF FF FF,[],190=3484.375/exp 3484.4246 VALUE_OK
MATCH,9065,0x0CF00400,61444,157618.0,141269.507,-0.02,FF FF FF EB 6C FF FF FF,FF FF FF EB 6C FF FF FF,[],190=3485.375/exp 3485.326 VALUE_OK
MATCH,9066,0x0CF00400,61444,157623.0,141274.498,-0.029,FF FF FF F2 6C FF FF FF,FF FF FF F2 6C FF FF FF,[],190=3486.25/exp 3486.2007 VALUE_OK
MATCH,9067,0x0CF00400,61444,157628.0,141279.498,-0.028,FF FF FF F8 6C FF FF FF,FF FF FF F8 6C FF FF FF,[],190=3487.0/exp 3487.0487 VALUE_OK
MATCH,9068,0x0CF00400,61444,157633.0,141284.493,-0.033,FF FF FF FF 6C FF FF FF,FF FF FF FF 6C FF FF FF,[],190=3487.875/exp 3487.8698 VALUE_OK
MATCH,9069,0x0CF00400,61444,157638.0,141289.493,-0.032,FF FF FF 05 6D FF FF FF,FF FF FF 05 6D FF FF FF,[],190=3488.625/exp 3488.6641 VALUE_OK
MATCH,9070,0x0CF00400,61444,157643.0,141294.485,-0.04,FF FF FF 0B 6D FF FF FF,FF FF FF 0B 6D FF FF FF,[],190=3489.375/exp 3489.4317 VALUE_OK
MATCH,9071,0x0CF00400,61444,157648.0,141299.48,-0.044,FF FF FF 11 6D FF FF FF,FF FF FF 11 6D FF FF FF,[],190=3490.125/exp 3490.1724 VALUE_OK
MATCH,9072,0x0CF00400,61444,157653.0,141304.479,-0.044,FF FF FF 17 6D FF FF FF,FF FF FF 17 6D FF FF FF,[],190=3490.875/exp 3490.8862 VALUE_OK
MATCH,9073,0x0CF00400,61444,157658.0,141309.471,-0.051,FF FF FF 1D 6D FF FF FF,FF FF FF 1D 6D FF FF FF,[],190=3491.625/exp 3491.5733 VALUE_OK
MATCH,9074,0x0CF00400,61444,157663.0,141314.498,-0.023,FF FF FF 22 6D FF FF FF,FF FF FF 22 6D FF FF FF,[],190=3492.25/exp 3492.2334 VALUE_OK
MATCH,9075,0x0CF00400,61444,157668.0,141319.498,-0.023,FF FF FF 27 6D FF FF FF,FF FF FF 27 6D FF FF FF,[],190=3492.875/exp 3492.8667 VALUE_OK
MATCH,9076,0x0CF00400,61444,157673.0,141324.49,-0.03,FF FF FF 2C 6D FF FF FF,FF FF FF 2C 6D FF FF FF,[],190=3493.5/exp 3493.4732 VALUE_OK
MATCH,9077,0x0CF00400,61444,157678.0,141329.489,-0.031,FF FF FF 30 6D FF FF FF,FF FF FF 30 6D FF FF FF,[],190=3494.0/exp 3494.0527 VALUE_OK
MATCH,9078,0x0CF00400,61444,157683.0,141334.481,-0.038,FF FF FF 35 6D FF FF FF,FF FF FF 35 6D FF FF FF,[],190=3494.625/exp 3494.6053 VALUE_OK
MATCH,9079,0x0CF00400,61444,157688.0,141339.48,-0.038,FF FF FF 39 6D FF FF FF,FF FF FF 39 6D FF FF FF,[],190=3495.125/exp 3495.1311 VALUE_OK
MATCH,9080,0x0CF00400,61444,157693.0,141344.484,-0.033,FF FF FF 3D 6D FF FF FF,FF FF FF 3D 6D FF FF FF,[],190=3495.625/exp 3495.6299 VALUE_OK
MATCH,9081,0x0CF00400,61444,157698.0,141349.476,-0.041,FF FF FF 41 6D FF FF FF,FF FF FF 41 6D FF FF FF,[],190=3496.125/exp 3496.1018 VALUE_OK
MATCH,9082,0x0CF00400,61444,157703.0,141354.475,-0.041,FF FF FF 44 6D FF FF FF,FF FF FF 44 6D FF FF FF,[],190=3496.5/exp 3496.5468 VALUE_OK
MATCH,9083,0x0CF00400,61444,157708.0,141359.466,-0.049,FF FF FF 48 6D FF FF FF,FF FF FF 48 6D FF FF FF,[],190=3497.0/exp 3496.9648 VALUE_OK
MATCH,9084,0x0CF00400,61444,157713.0,141364.466,-0.048,FF FF FF 4B 6D FF FF FF,FF FF FF 4B 6D FF FF FF,[],190=3497.375/exp 3497.3559 VALUE_OK
MATCH,9085,0x0CF00400,61444,157718.0,141369.461,-0.052,FF FF FF 4E 6D FF FF FF,FF FF FF 4E 6D FF FF FF,[],190=3497.75/exp 3497.7201 VALUE_OK
MATCH,9086,0x0CF00400,61444,157723.0,141374.465,-0.047,FF FF FF 50 6D FF FF FF,FF FF FF 50 6D FF FF FF,[],190=3498.0/exp 3498.0573 VALUE_OK
MATCH,9087,0x0CF00400,61444,157728.0,141379.457,-0.054,FF FF FF 53 6D FF FF FF,FF FF FF 53 6D FF FF FF,[],190=3498.375/exp 3498.3675 VALUE_OK
MATCH,9088,0x0CF00400,61444,157733.0,141384.452,-0.058,FF FF FF 55 6D FF FF FF,FF FF FF 55 6D FF FF FF,[],190=3498.625/exp 3498.6508 VALUE_OK
MATCH,9089,0x0CF00400,61444,157738.0,141389.448,-0.061,FF FF FF 57 6D FF FF FF,FF FF FF 57 6D FF FF FF,[],190=3498.875/exp 3498.9071 VALUE_OK
MATCH,9090,0x0CF00400,61444,157743.0,141394.443,-0.065,FF FF FF 59 6D FF FF FF,FF FF FF 59 6D FF FF FF,[],190=3499.125/exp 3499.1365 VALUE_OK
MATCH,9091,0x0CF00400,61444,157748.0,141399.443,-0.063,FF FF FF 5B 6D FF FF FF,FF FF FF 5B 6D FF FF FF,[],190=3499.375/exp 3499.3389 VALUE_OK
MATCH,9092,0x0CF00400,61444,157753.0,141404.502,-0.003,FF FF FF 5C 6D FF FF FF,FF FF FF 5C 6D FF FF FF,[],190=3499.5/exp 3499.5143 VALUE_OK
MATCH,9093,0x0CF00400,61444,157758.0,141409.494,-0.011,FF FF FF 5D 6D FF FF FF,FF FF FF 5D 6D FF FF FF,[],190=3499.625/exp 3499.6627 VALUE_OK
MATCH,9094,0x0CF00400,61444,157763.0,141414.49,-0.015,FF FF FF 5E 6D FF FF FF,FF FF FF 5E 6D FF FF FF,[],190=3499.75/exp 3499.7841 VALUE_OK
MATCH,9095,0x0CF00400,61444,157768.0,141419.493,-0.012,FF FF FF 5F 6D FF FF FF,FF FF FF 5F 6D FF FF FF,[],190=3499.875/exp 3499.8786 VALUE_OK
MATCH,9096,0x0CF00400,61444,157773.0,141424.488,-0.016,FF FF FF 60 6D FF FF FF,FF FF FF 60 6D FF FF FF,[],190=3500.0/exp 3499.946 VALUE_OK
MATCH,9097,0x0CF00400,61444,157778.0,141429.484,-0.02,FF FF FF 60 6D FF FF FF,FF FF FF 60 6D FF FF FF,[],190=3500.0/exp 3499.9865 VALUE_OK
MATCH,9098,0x0CF00400,61444,157783.0,141434.439,-0.065,FF FF FF 60 6D FF FF FF,FF FF FF 60 6D FF FF FF,[],190=3500.0/exp 3500.0 VALUE_OK
MATCH,9099,0x0CF00400,61444,157788.0,141439.467,-0.035,FF FF FF 60 6D FF FF FF,FF FF FF 60 6D FF FF FF,[],190=3500.0/exp 3499.9865 VALUE_OK
MATCH,9100,0x0CF00400,61444,157793.0,141444.462,-0.04,FF FF FF 60 6D FF FF FF,FF FF FF 60 6D FF FF FF,[],190=3500.0/exp 3499.946 VALUE_OK
MATCH,9101,0x0CF00400,61444,157798.0,141449.454,-0.047,FF FF FF 5F 6D FF FF FF,FF FF FF 5F 6D FF FF FF,[],190=3499.875/exp 3499.8786 VALUE_OK
MATCH,9102,0x0CF00400,61444,157803.0,141454.445,-0.055,FF FF FF 5E 6D FF FF FF,FF FF FF 5E 6D FF FF FF,[],190=3499.75/exp 3499.7841 VALUE_OK
MATCH,9103,0x0CF00400,61444,157808.0,141459.437,-0.062,FF FF FF 5D 6D FF FF FF,FF FF FF 5D 6D FF FF FF,[],190=3499.625/exp 3499.6627 VALUE_OK
MATCH,9104,0x0CF00400,61444,157813.0,141464.493,-0.005,FF FF FF 5C 6D FF FF FF,FF FF FF 5C 6D FF FF FF,[],190=3499.5/exp 3499.5143 VALUE_OK
MATCH,9105,0x0CF00400,61444,157818.0,141469.48,-0.017,FF FF FF 5B 6D FF FF FF,FF FF FF 5B 6D FF FF FF,[],190=3499.375/exp 3499.3389 VALUE_OK
MATCH,9106,0x0CF00400,61444,157823.0,141474.472,-0.025,FF FF FF 59 6D FF FF FF,FF FF FF 59 6D FF FF FF,[],190=3499.125/exp 3499.1365 VALUE_OK
MATCH,9107,0x0CF00400,61444,157828.0,141479.467,-0.03,FF FF FF 57 6D FF FF FF,FF FF FF 57 6D FF FF FF,[],190=3498.875/exp 3498.9071 VALUE_OK
MATCH,9108,0x0CF00400,61444,157833.0,141484.459,-0.037,FF FF FF 55 6D FF FF FF,FF FF FF 55 6D FF FF FF,[],190=3498.625/exp 3498.6508 VALUE_OK
MATCH,9109,0x0CF00400,61444,157838.0,141489.454,-0.041,FF FF FF 53 6D FF FF FF,FF FF FF 53 6D FF FF FF,[],190=3498.375/exp 3498.3675 VALUE_OK
MATCH,9110,0x0CF00400,61444,157843.0,141494.454,-0.04,FF FF FF 50 6D FF FF FF,FF FF FF 50 6D FF FF FF,[],190=3498.0/exp 3498.0573 VALUE_OK
MATCH,9111,0x0CF00400,61444,157848.0,141499.437,-0.057,FF FF FF 4E 6D FF FF FF,FF FF FF 4E 6D FF FF FF,[],190=3497.75/exp 3497.7201 VALUE_OK
MATCH,9112,0x0CF00400,61444,157853.0,141504.433,-0.059,FF FF FF 4B 6D FF FF FF,FF FF FF 4B 6D FF FF FF,[],190=3497.375/exp 3497.3559 VALUE_OK
MATCH,9113,0x0CF00400,61444,157858.0,141509.485,-0.006,FF FF FF 48 6D FF FF FF,FF FF FF 48 6D FF FF FF,[],190=3497.0/exp 3496.9648 VALUE_OK
MATCH,9114,0x0CF00400,61444,157863.0,141514.48,-0.011,FF FF FF 44 6D FF FF FF,FF FF FF 44 6D FF FF FF,[],190=3496.5/exp 3496.5468 VALUE_OK
MATCH,9115,0x0CF00400,61444,157868.0,141519.476,-0.015,FF FF FF 41 6D FF FF FF,FF FF FF 41 6D FF FF FF,[],190=3496.125/exp 3496.1018 VALUE_OK
MATCH,9116,0x0CF00400,61444,157873.0,141524.471,-0.02,FF FF FF 3D 6D FF FF FF,FF FF FF 3D 6D FF FF FF,[],190=3495.625/exp 3495.6299 VALUE_OK
MATCH,9117,0x0CF00400,61444,157878.0,141529.454,-0.036,FF FF FF 39 6D FF FF FF,FF FF FF 39 6D FF FF FF,[],190=3495.125/exp 3495.1311 VALUE_OK
MATCH,9118,0x0CF00400,61444,157883.0,141534.45,-0.04,FF FF FF 35 6D FF FF FF,FF FF FF 35 6D FF FF FF,[],190=3494.625/exp 3494.6053 VALUE_OK
MATCH,9119,0x0CF00400,61444,157888.0,141539.446,-0.043,FF FF FF 30 6D FF FF FF,FF FF FF 30 6D FF FF FF,[],190=3494.0/exp 3494.0527 VALUE_OK
MATCH,9120,0x0CF00400,61444,157893.0,141544.437,-0.051,FF FF FF 2C 6D FF FF FF,FF FF FF 2C 6D FF FF FF,[],190=3493.5/exp 3493.4732 VALUE_OK
MATCH,9121,0x0CF00400,61444,157898.0,141549.433,-0.054,FF FF FF 27 6D FF FF FF,FF FF FF 27 6D FF FF FF,[],190=3492.875/exp 3492.8667 VALUE_OK
MATCH,9122,0x0CF00400,61444,157903.0,141554.42,-0.066,FF FF FF 22 6D FF FF FF,FF FF FF 22 6D FF FF FF,[],190=3492.25/exp 3492.2334 VALUE_OK
MATCH,9123,0x0CF00400,61444,157908.0,141559.472,-0.012,FF FF FF 1D 6D FF FF FF,FF FF FF 1D 6D FF FF FF,[],190=3491.625/exp 3491.5733 VALUE_OK
MATCH,9124,0x0CF00400,61444,157913.0,141564.444,-0.04,FF FF FF 17 6D FF FF FF,FF FF FF 17 6D FF FF FF,[],190=3490.875/exp 3490.8862 VALUE_OK
MATCH,9125,0x0CF00400,61444,157918.0,141569.431,-0.052,FF FF FF 11 6D FF FF FF,FF FF FF 11 6D FF FF FF,[],190=3490.125/exp 3490.1724 VALUE_OK
MATCH,9126,0x0CF00400,61444,157923.0,141574.427,-0.055,FF FF FF 0B 6D FF FF FF,FF FF FF 0B 6D FF FF FF,[],190=3489.375/exp 3489.4317 VALUE_OK
MATCH,9127,0x0CF00400,61444,157928.0,141579.426,-0.055,FF FF FF 05 6D FF FF FF,FF FF FF 05 6D FF FF FF,[],190=3488.625/exp 3488.6641 VALUE_OK
MATCH,9128,0x0CF00400,61444,157933.0,141584.473,-0.007,FF FF FF FF 6C FF FF FF,FF FF FF FF 6C FF FF FF,[],190=3487.875/exp 3487.8698 VALUE_OK
MATCH,9129,0x0CF00400,61444,157938.0,141589.465,-0.015,FF FF FF F8 6C FF FF FF,FF FF FF F8 6C FF FF FF,[],190=3487.0/exp 3487.0487 VALUE_OK
MATCH,9130,0x0CF00400,61444,157943.0,141594.457,-0.023,FF FF FF F2 6C FF FF FF,FF FF FF F2 6C FF FF FF,[],190=3486.25/exp 3486.2007 VALUE_OK
MATCH,9131,0x0CF00400,61444,157948.0,141599.457,-0.022,FF FF FF EB 6C FF FF FF,FF FF FF EB 6C FF FF FF,[],190=3485.375/exp 3485.326 VALUE_OK
MATCH,9132,0x0CF00400,61444,157953.0,141604.444,-0.035,FF FF FF E3 6C FF FF FF,FF FF FF E3 6C FF FF FF,[],190=3484.375/exp 3484.4246 VALUE_OK
MATCH,9133,0x0CF00400,61444,157958.0,141609.44,-0.038,FF FF FF DC 6C FF FF FF,FF FF FF DC 6C FF FF FF,[],190=3483.5/exp 3483.4963 VALUE_OK
MATCH,9134,0x0CF00400,61444,157963.0,141614.428,-0.049,FF FF FF D4 6C FF FF FF,FF FF FF D4 6C FF FF FF,[],190=3482.5/exp 3482.5414 VALUE_OK
MATCH,9135,0x0CF00400,61444,157968.0,141619.423,-0.053,FF FF FF CC 6C FF FF FF,FF FF FF CC 6C FF FF FF,[],190=3481.5/exp 3481.5597 VALUE_OK
MATCH,9136,0x0CF00400,61444,157973.0,141624.415,-0.06,FF FF FF C4 6C FF FF FF,FF FF FF C4 6C FF FF FF,[],190=3480.5/exp 3480.5514 VALUE_OK
MATCH,9137,0x0CF00400,61444,157978.0,141629.47,-0.004,FF FF FF BC 6C FF FF FF,FF FF FF BC 6C FF FF FF,[],190=3479.5/exp 3479.5163 VALUE_OK
MATCH,9138,0x0CF00400,61444,157983.0,141634.462,-0.012,FF FF FF B4 6C FF FF FF,FF FF FF B4 6C FF FF FF,[],190=3478.5/exp 3478.4546 VALUE_OK
MATCH,9139,0x0CF00400,61444,157988.0,141639.453,-0.021,FF FF FF AB 6C FF FF FF,FF FF FF AB 6C FF FF FF,[],190=3477.375/exp 3477.3662 VALUE_OK
MATCH,9140,0x0CF00400,61444,157993.0,141644.441,-0.032,FF FF FF A2 6C FF FF FF,FF FF FF A2 6C FF FF FF,[],190=3476.25/exp 3476.2512 VALUE_OK
MATCH,9141,0x0CF00400,61444,157998.0,141649.436,-0.037,FF FF FF 99 6C FF FF FF,FF FF FF 99 6C FF FF FF,[],190=3475.125/exp 3475.1096 VALUE_OK
MATCH,9142,0x0CF00400,61444,158003.0,141654.432,-0.04,FF FF FF 90 6C FF FF FF,FF FF FF 90 6C FF FF FF,[],190=3474.0/exp 3473.9413 VALUE_OK
MATCH,9143,0x0CF00400,61444,158008.0,141659.427,-0.044,FF FF FF 86 6C FF FF FF,FF FF FF 86 6C FF FF FF,[],190=3472.75/exp 3472.7465 VALUE_OK
MATCH,9144,0x0CF00400,61444,158013.0,141664.423,-0.047,FF FF FF 7C 6C FF FF FF,FF FF FF 7C 6C FF FF FF,[],190=3471.5/exp 3471.5251 VALUE_OK
MATCH,9145,0x0CF00400,61444,158018.0,141669.407,-0.062,FF FF FF 72 6C FF FF FF,FF FF FF 72 6C FF FF FF,[],190=3470.25/exp 3470.2772 VALUE_OK
MATCH,9146,0x0CF00400,61444,158023.0,141674.454,-0.014,FF FF FF 68 6C FF FF FF,FF FF FF 68 6C FF FF FF,[],190=3469.0/exp 3469.0027 VALUE_OK
MATCH,9147,0x0CF00400,61444,158028.0,141679.445,-0.023,FF FF FF 5E 6C FF FF FF,FF FF FF 5E 6C FF FF FF,[],190=3467.75/exp 3467.7017 VALUE_OK
MATCH,9148,0x0CF00400,61444,158033.0,141684.445,-0.022,FF FF FF 53 6C FF FF FF,FF FF FF 53 6C FF FF FF,[],190=3466.375/exp 3466.3742 VALUE_OK
MATCH,9149,0x0CF00400,61444,158038.0,141689.409,-0.058,FF FF FF 48 6C FF FF FF,FF FF FF 48 6C FF FF FF,[],190=3465.0/exp 3465.0203 VALUE_OK
MATCH,9150,0x0CF00400,61444,158043.0,141694.4,-0.066,FF FF FF 3D 6C FF FF FF,FF FF FF 3D 6C FF FF FF,[],190=3463.625/exp 3463.6399 VALUE_OK
MATCH,9151,0x0CF00400,61444,158048.0,141699.452,-0.012,FF FF FF 32 6C FF FF FF,FF FF FF 32 6C FF FF FF,[],190=3462.25/exp 3462.2331 VALUE_OK
MATCH,9152,0x0CF00400,61444,158053.0,141704.439,-0.025,FF FF FF 26 6C FF FF FF,FF FF FF 26 6C FF FF FF,[],190=3460.75/exp 3460.7999 VALUE_OK
MATCH,9153,0x0CF00400,61444,158058.0,141709.439,-0.025,FF FF FF 1B 6C FF FF FF,FF FF FF 1B 6C FF FF FF,[],190=3459.375/exp 3459.3403 VALUE_OK
MATCH,9154,0x0CF00400,61444,158063.0,141714.426,-0.037,FF FF FF 0F 6C FF FF FF,FF FF FF 0F 6C FF FF FF,[],190=3457.875/exp 3457.8543 VALUE_OK
MATCH,9155,0x0CF00400,61444,158068.0,141719.426,-0.036,FF FF FF 03 6C FF FF FF,FF FF FF 03 6C FF FF FF,[],190=3456.375/exp 3456.342 VALUE_OK
MATCH,9156,0x0CF00400,61444,158073.0,141724.421,-0.041,FF FF FF F6 6B FF FF FF,FF FF FF F6 6B FF FF FF,[],190=3454.75/exp 3454.8034 VALUE_OK
MATCH,9157,0x0CF00400,61444,158078.0,141729.413,-0.048,FF FF FF EA 6B FF FF FF,FF FF FF EA 6B FF FF FF,[],190=3453.25/exp 3453.2385 VALUE_OK
MATCH,9158,0x0CF00400,61444,158083.0,141734.412,-0.048,FF FF FF DD 6B FF FF FF,FF FF FF DD 6B FF FF FF,[],190=3451.625/exp 3451.6474 VALUE_OK
MATCH,9159,0x0CF00400,61444,158088.0,141739.408,-0.051,FF FF FF D0 6B FF FF FF,FF FF FF D0 6B FF FF FF,[],190=3450.0/exp 3450.03 VALUE_OK
MATCH,9160,0x0CF00400,61444,158093.0,141744.451,-0.007,FF FF FF C3 6B FF FF FF,FF FF FF C3 6B FF FF FF,[],190=3448.375/exp 3448.3863 VALUE_OK
MATCH,9161,0x0CF00400,61444,158098.0,141749.443,-0.015,FF FF FF B6 6B FF FF FF,FF FF FF B6 6B FF FF FF,[],190=3446.75/exp 3446.7165 VALUE_OK
MATCH,9162,0x0CF00400,61444,158103.0,141754.438,-0.02,FF FF FF A8 6B FF FF FF,FF FF FF A8 6B FF FF FF,[],190=3445.0/exp 3445.0205 VALUE_OK
MATCH,9163,0x0CF00400,61444,158108.0,141759.434,-0.023,FF FF FF 9A 6B FF FF FF,FF FF FF 9A 6B FF FF FF,[],190=3443.25/exp 3443.2984 VALUE_OK
MATCH,9164,0x0CF00400,61444,158113.0,141764.43,-0.027,FF FF FF 8C 6B FF FF FF,FF FF FF 8C 6B FF FF FF,[],190=3441.5/exp 3441.5502 VALUE_OK
MATCH,9165,0x0CF00400,61444,158118.0,141769.425,-0.031,FF FF FF 7E 6B FF FF FF,FF FF FF 7E 6B FF FF FF,[],190=3439.75/exp 3439.7759 VALUE_OK
MATCH,9166,0x0CF00400,61444,158123.0,141774.421,-0.035,FF FF FF 70 6B FF FF FF,FF FF FF 70 6B FF FF FF,[],190=3438.0/exp 3437.9755 VALUE_OK
MATCH,9167,0x0CF00400,61444,158128.0,141779.412,-0.043,FF FF FF 61 6B FF FF FF,FF FF FF 61 6B FF FF FF,[],190=3436.125/exp 3436.1491 VALUE_OK
MATCH,9168,0x0CF00400,61444,158133.0,141784.412,-0.042,FF FF FF 52 6B FF FF FF,FF FF FF 52 6B FF FF FF,[],190=3434.25/exp 3434.2967 VALUE_OK
MATCH,9169,0x0CF00400,61444,158138.0,141789.407,-0.046,FF FF FF 43 6B FF FF FF,FF FF FF 43 6B FF FF FF,[],190=3432.375/exp 3432.4183 VALUE_OK
MATCH,9170,0x0CF00400,61444,158143.0,141794.395,-0.057,FF FF FF 34 6B FF FF FF,FF FF FF 34 6B FF FF FF,[],190=3430.5/exp 3430.5139 VALUE_OK
MATCH,9171,0x0CF00400,61444,158148.0,141799.391,-0.06,FF FF FF 25 6B FF FF FF,FF FF FF 25 6B FF FF FF,[],190=3428.625/exp 3428.5837 VALUE_OK
MATCH,9172,0x0CF00400,61444,158153.0,141804.442,-0.008,FF FF FF 15 6B FF FF FF,FF FF FF 15 6B FF FF FF,[],190=3426.625/exp 3426.6276 VALUE_OK
MATCH,9173,0x0CF00400,61444,158158.0,141809.433,-0.017,FF FF FF 05 6B FF FF FF,FF FF FF 05 6B FF FF FF,[],190=3424.625/exp 3424.6456 VALUE_OK
MATCH,9174,0x0CF00400,61444,158163.0,141814.405,-0.044,FF FF FF F5 6A FF FF FF,FF FF FF F5 6A FF FF FF,[],190=3422.625/exp 3422.6378 VALUE_OK
MATCH,9175,0x0CF00400,61444,158168.0,141819.416,-0.032,FF FF FF E5 6A FF FF FF,FF FF FF E5 6A FF FF FF,[],190=3420.625/exp 3420.6042 VALUE_OK
MATCH,9176,0x0CF00400,61444,158173.0,141824.452,0.004,FF FF FF D4 6A FF FF FF,FF FF FF D4 6A FF FF FF,[],190=3418.5/exp 3418.5448 VALUE_OK
MATCH,9177,0x0CF00400,61444,158178.0,141829.42,-0.028,FF FF FF C4 6A FF FF FF,FF FF FF C4 6A FF FF FF,[],190=3416.5/exp 3416.4597 VALUE_OK
MATCH,9178,0x0CF00400,61444,158183.0,141834.399,-0.048,FF FF FF B3 6A FF FF FF,FF FF FF B3 6A FF FF FF,[],190=3414.375/exp 3414.3489 VALUE_OK
MATCH,9179,0x0CF00400,61444,158188.0,141839.423,-0.023,FF FF FF A2 6A FF FF FF,FF FF FF A2 6A FF FF FF,[],190=3412.25/exp 3412.2124 VALUE_OK
MATCH,9180,0x0CF00400,61444,158193.0,141844.398,-0.048,FF FF FF 90 6A FF FF FF,FF FF FF 90 6A FF FF FF,[],190=3410.0/exp 3410.0503 VALUE_OK
MATCH,9181,0x0CF00400,61444,158198.0,141849.426,-0.019,FF FF FF 7F 6A FF FF FF,FF FF FF 7F 6A FF FF FF,[],190=3407.875/exp 3407.8626 VALUE_OK
MATCH,9182,0x0CF00400,61444,158203.0,141854.393,-0.052,FF FF FF 6D 6A FF FF FF,FF FF FF 6D 6A FF FF FF,[],190=3405.625/exp 3405.6494 VALUE_OK
MATCH,9183,0x0CF00400,61444,158208.0,141859.429,-0.015,FF FF FF 5B 6A FF FF FF,FF FF FF 5B 6A FF FF FF,[],190=3403.375/exp 3403.4106 VALUE_OK
MATCH,9184,0x0CF00400,61444,158213.0,141864.401,-0.042,FF FF FF 49 6A FF FF FF,FF FF FF 49 6A FF FF FF,[],190=3401.125/exp 3401.1463 VALUE_OK
MATCH,9185,0x0CF00400,61444,158218.0,141869.436,-0.006,FF FF FF 37 6A FF FF FF,FF FF FF 37 6A FF FF FF,[],190=3398.875/exp 3398.8565 VALUE_OK
MATCH,9186,0x0CF00400,61444,158223.0,141874.403,-0.039,FF FF FF 24 6A FF FF FF,FF FF FF 24 6A FF FF FF,[],190=3396.5/exp 3396.5413 VALUE_OK
MATCH,9187,0x0CF00400,61444,158228.0,141879.439,-0.003,FF FF FF 12 6A FF FF FF,FF FF FF 12 6A FF FF FF,[],190=3394.25/exp 3394.2008 VALUE_OK
MATCH,9188,0x0CF00400,61444,158233.0,141884.414,-0.027,FF FF FF FF 69 FF FF FF,FF FF FF FF 69 FF FF FF,[],190=3391.875/exp 3391.8348 VALUE_OK
MATCH,9189,0x0CF00400,61444,158238.0,141889.382,-0.059,FF FF FF EC 69 FF FF FF,FF FF FF EC 69 FF FF FF,[],190=3389.5/exp 3389.4436 VALUE_OK
MATCH,9190,0x0CF00400,61444,158243.0,141894.421,-0.019,FF FF FF D8 69 FF FF FF,FF FF FF D8 69 FF FF FF,[],190=3387.0/exp 3387.0271 VALUE_OK
MATCH,9191,0x0CF00400,61444,158248.0,141899.389,-0.05,FF FF FF C5 69 FF FF FF,FF FF FF C5 69 FF FF FF,[],190=3384.625/exp 3384.5853 VALUE_OK
MATCH,9192,0x0CF00400,61444,158253.0,141904.421,-0.017,FF FF FF B1 69 FF FF FF,FF FF FF B1 69 FF FF FF,[],190=3382.125/exp 3382.1183 VALUE_OK
MATCH,9193,0x0CF00400,61444,158258.0,141909.396,-0.042,FF FF FF 9D 69 FF FF FF,FF FF FF 9D 69 FF FF FF,[],190=3379.625/exp 3379.6261 VALUE_OK
MATCH,9194,0x0CF00400,61444,158263.0,141914.428,-0.009,FF FF FF 89 69 FF FF FF,FF FF FF 89 69 FF FF FF,[],190=3377.125/exp 3377.1089 VALUE_OK
MATCH,9195,0x0CF00400,61444,158268.0,141919.391,-0.046,FF FF FF 75 69 FF FF FF,FF FF FF 75 69 FF FF FF,[],190=3374.625/exp 3374.5665 VALUE_OK
MATCH,9196,0x0CF00400,61444,158273.0,141924.431,-0.005,FF FF FF 60 69 FF FF FF,FF FF FF 60 69 FF FF FF,[],190=3372.0/exp 3371.999 VALUE_OK
MATCH,9197,0x0CF00400,61444,158278.0,141929.398,-0.038,FF FF FF 4B 69 FF FF FF,FF FF FF 4B 69 FF FF FF,[],190=3369.375/exp 3369.4066 VALUE_OK
MATCH,9198,0x0CF00400,61444,158283.0,141934.434,-0.001,FF FF FF 36 69 FF FF FF,FF FF FF 36 69 FF FF FF,[],190=3366.75/exp 3366.7892 VALUE_OK
MATCH,9199,0x0CF00400,61444,158288.0,141939.374,-0.061,FF FF FF 21 69 FF FF FF,FF FF FF 21 69 FF FF FF,[],190=3364.125/exp 3364.1468 VALUE_OK
MATCH,9200,0x0CF00400,61444,158293.0,141944.409,-0.025,FF FF FF 0C 69 FF FF FF,FF FF FF 0C 69 FF FF FF,[],190=3361.5/exp 3361.4796 VALUE_OK
MATCH,9201,0x0CF00400,61444,158298.0,141949.384,-0.049,FF FF FF F6 68 FF FF FF,FF FF FF F6 68 FF FF FF,[],190=3358.75/exp 3358.7875 VALUE_OK
MATCH,9202,0x0CF00400,61444,158303.0,141954.416,-0.016,FF FF FF E1 68 FF FF FF,FF FF FF E1 68 FF FF FF,[],190=3356.125/exp 3356.0706 VALUE_OK
MATCH,9203,0x0CF00400,61444,158308.0,141959.396,-0.036,FF FF FF CB 68 FF FF FF,FF FF FF CB 68 FF FF FF,[],190=3353.375/exp 3353.3289 VALUE_OK
MATCH,9204,0x0CF00400,61444,158313.0,141964.419,-0.012,FF FF FF B4 68 FF FF FF,FF FF FF B4 68 FF FF FF,[],190=3350.5/exp 3350.5625 VALUE_OK
MATCH,9205,0x0CF00400,61444,158318.0,141969.395,-0.036,FF FF FF 9E 68 FF FF FF,FF FF FF 9E 68 FF FF FF,[],190=3347.75/exp 3347.7715 VALUE_OK
MATCH,9206,0x0CF00400,61444,158323.0,141974.426,-0.004,FF FF FF 88 68 FF FF FF,FF FF FF 88 68 FF FF FF,[],190=3345.0/exp 3344.9557 VALUE_OK
MATCH,9207,0x0CF00400,61444,158328.0,141979.406,-0.024,FF FF FF 71 68 FF FF FF,FF FF FF 71 68 FF FF FF,[],190=3342.125/exp 3342.1154 VALUE_OK
MATCH,9208,0x0CF00400,61444,158333.0,141984.377,-0.053,FF FF FF 5A 68 FF FF FF,FF FF FF 5A 68 FF FF FF,[],190=3339.25/exp 3339.2506 VALUE_OK
MATCH,9209,0x0CF00400,61444,158338.0,141989.409,-0.02,FF FF FF 43 68 FF FF FF,FF FF FF 43 68 FF FF FF,[],190=3336.375/exp 3336.3612 VALUE_OK
MATCH,9210,0x0CF00400,61444,158343.0,141994.376,-0.052,FF FF FF 2C 68 FF FF FF,FF FF FF 2C 68 FF FF FF,[],190=3333.5/exp 3333.4473 VALUE_OK
MATCH,9211,0x0CF00400,61444,158348.0,141999.4,-0.027,FF FF FF 14 68 FF FF FF,FF FF FF 14 68 FF FF FF,[],190=3330.5/exp 3330.5091 VALUE_OK
MATCH,9212,0x0CF00400,61444,158353.0,142004.375,-0.052,FF FF FF FC 67 FF FF FF,FF FF FF FC 67 FF FF FF,[],190=3327.5/exp 3327.5465 VALUE_OK
MATCH,9213,0x0CF00400,61444,158358.0,142009.395,-0.031,FF FF FF E4 67 FF FF FF,FF FF FF E4 67 FF FF FF,[],190=3324.5/exp 3324.5595 VALUE_OK
MATCH,9214,0x0CF00400,61444,158363.0,142014.418,-0.007,FF FF FF CC 67 FF FF FF,FF FF FF CC 67 FF FF FF,[],190=3321.5/exp 3321.5483 VALUE_OK
MATCH,9215,0x0CF00400,61444,158368.0,142019.39,-0.035,FF FF FF B4 67 FF FF FF,FF FF FF B4 67 FF FF FF,[],190=3318.5/exp 3318.5128 VALUE_OK
MATCH,9216,0x0CF00400,61444,158373.0,142024.409,-0.015,FF FF FF 9C 67 FF FF FF,FF FF FF 9C 67 FF FF FF,[],190=3315.5/exp 3315.4531 VALUE_OK
MATCH,9217,0x0CF00400,61444,158378.0,142029.385,-0.039,FF FF FF 83 67 FF FF FF,FF FF FF 83 67 FF FF FF,[],190=3312.375/exp 3312.3693 VALUE_OK
MATCH,9218,0x0CF00400,61444,158383.0,142034.409,-0.014,FF FF FF 6A 67 FF FF FF,FF FF FF 6A 67 FF FF FF,[],190=3309.25/exp 3309.2614 VALUE_OK
MATCH,9219,0x0CF00400,61444,158388.0,142039.384,-0.039,FF FF FF 51 67 FF FF FF,FF FF FF 51 67 FF FF FF,[],190=3306.125/exp 3306.1295 VALUE_OK
MATCH,9220,0x0CF00400,61444,158393.0,142044.411,-0.011,FF FF FF 38 67 FF FF FF,FF FF FF 38 67 FF FF FF,[],190=3303.0/exp 3302.9735 VALUE_OK
MATCH,9221,0x0CF00400,61444,158398.0,142049.383,-0.039,FF FF FF 1E 67 FF FF FF,FF FF FF 1E 67 FF FF FF,[],190=3299.75/exp 3299.7936 VALUE_OK
MATCH,9222,0x0CF00400,61444,158403.0,142054.415,-0.006,FF FF FF 05 67 FF FF FF,FF FF FF 05 67 FF FF FF,[],190=3296.625/exp 3296.5899 VALUE_OK
MATCH,9223,0x0CF00400,61444,158408.0,142059.386,-0.035,FF FF FF EB 66 FF FF FF,FF FF FF EB 66 FF FF FF,[],190=3293.375/exp 3293.3622 VALUE_OK
MATCH,9224,0x0CF00400,61444,158413.0,142064.394,-0.026,FF FF FF D1 66 FF FF FF,FF FF FF D1 66 FF FF FF,[],190=3290.125/exp 3290.1108 VALUE_OK
MATCH,9225,0x0CF00400,61444,158418.0,142069.361,-0.059,FF FF FF B7 66 FF FF FF,FF FF FF B7 66 FF FF FF,[],190=3286.875/exp 3286.8356 VALUE_OK
MATCH,9226,0x0CF00400,61444,158423.0,142074.381,-0.038,FF FF FF 9C 66 FF FF FF,FF FF FF 9C 66 FF FF FF,[],190=3283.5/exp 3283.5367 VALUE_OK
MATCH,9227,0x0CF00400,61444,158428.0,142079.368,-0.05,FF FF FF 82 66 FF FF FF,FF FF FF 82 66 FF FF FF,[],190=3280.25/exp 3280.2142 VALUE_OK
MATCH,9228,0x0CF00400,61444,158433.0,142084.396,-0.021,FF FF FF 67 66 FF FF FF,FF FF FF 67 66 FF FF FF,[],190=3276.875/exp 3276.868 VALUE_OK
MATCH,9229,0x0CF00400,61444,158438.0,142089.367,-0.049,FF FF FF 4C 66 FF FF FF,FF FF FF 4C 66 FF FF FF,[],190=3273.5/exp 3273.4983 VALUE_OK
MATCH,9230,0x0CF00400,61444,158443.0,142094.407,-0.008,FF FF FF 31 66 FF FF FF,FF FF FF 31 66 FF FF FF,[],190=3270.125/exp 3270.1052 VALUE_OK
MATCH,9231,0x0CF00400,61444,158448.0,142099.378,-0.037,FF FF FF 16 66 FF FF FF,FF FF FF 16 66 FF FF FF,[],190=3266.75/exp 3266.6885 VALUE_OK
MATCH,9232,0x0CF00400,61444,158453.0,142104.362,-0.053,FF FF FF FA 65 FF FF FF,FF FF FF FA 65 FF FF FF,[],190=3263.25/exp 3263.2485 VALUE_OK
MATCH,9233,0x0CF00400,61444,158458.0,142109.385,-0.029,FF FF FF DE 65 FF FF FF,FF FF FF DE 65 FF FF FF,[],190=3259.75/exp 3259.7852 VALUE_OK
MATCH,9234,0x0CF00400,61444,158463.0,142114.361,-0.052,FF FF FF C2 65 FF FF FF,FF FF FF C2 65 FF FF FF,[],190=3256.25/exp 3256.2985 VALUE_OK
MATCH,9235,0x0CF00400,61444,158468.0,142119.396,-0.016,FF FF FF A6 65 FF FF FF,FF FF FF A6 65 FF FF FF,[],190=3252.75/exp 3252.7887 VALUE_OK
MATCH,9236,0x0CF00400,61444,158473.0,142124.376,-0.036,FF FF FF 8A 65 FF FF FF,FF FF FF 8A 65 FF FF FF,[],190=3249.25/exp 3249.2557 VALUE_OK
MATCH,9237,0x0CF00400,61444,158478.0,142129.401,-0.01,FF FF FF 6E 65 FF FF FF,FF FF FF 6E 65 FF FF FF,[],190=3245.75/exp 3245.6995 VALUE_OK
MATCH,9238,0x0CF00400,61444,158483.0,142134.364,-0.047,FF FF FF 51 65 FF FF FF,FF FF FF 51 65 FF FF FF,[],190=3242.125/exp 3242.1203 VALUE_OK
MATCH,9239,0x0CF00400,61444,158488.0,142139.388,-0.022,FF FF FF 34 65 FF FF FF,FF FF FF 34 65 FF FF FF,[],190=3238.5/exp 3238.5181 VALUE_OK
MATCH,9240,0x0CF00400,61444,158493.0,142144.355,-0.054,FF FF FF 17 65 FF FF FF,FF FF FF 17 65 FF FF FF,[],190=3234.875/exp 3234.8929 VALUE_OK
MATCH,9241,0x0CF00400,61444,158498.0,142149.399,-0.009,FF FF FF FA 64 FF FF FF,FF FF FF FA 64 FF FF FF,[],190=3231.25/exp 3231.2448 VALUE_OK
MATCH,9242,0x0CF00400,61444,158503.0,142154.37,-0.038,FF FF FF DD 64 FF FF FF,FF FF FF DD 64 FF FF FF,[],190=3227.625/exp 3227.5739 VALUE_OK
MATCH,9243,0x0CF00400,61444,158508.0,142159.35,-0.057,FF FF FF BF 64 FF FF FF,FF FF FF BF 64 FF FF FF,[],190=3223.875/exp 3223.8802 VALUE_OK
MATCH,9244,0x0CF00400,61444,158513.0,142164.373,-0.033,FF FF FF A1 64 FF FF FF,FF FF FF A1 64 FF FF FF,[],190=3220.125/exp 3220.1637 VALUE_OK
MATCH,9245,0x0CF00400,61444,158518.0,142169.405,-0.0,FF FF FF 83 64 FF FF FF,FF FF FF 83 64 FF FF FF,[],190=3216.375/exp 3216.4246 VALUE_OK
MATCH,9246,0x0CF00400,61444,158523.0,142174.361,-0.044,FF FF FF 65 64 FF FF FF,FF FF FF 65 64 FF FF FF,[],190=3212.625/exp 3212.6629 VALUE_OK
MATCH,9247,0x0CF00400,61444,158528.0,142179.384,-0.021,FF FF FF 47 64 FF FF FF,FF FF FF 47 64 FF FF FF,[],190=3208.875/exp 3208.8786 VALUE_OK
MATCH,9248,0x0CF00400,61444,158533.0,142184.352,-0.052,FF FF FF 29 64 FF FF FF,FF FF FF 29 64 FF FF FF,[],190=3205.125/exp 3205.0718 VALUE_OK
MATCH,9249,0x0CF00400,61444,158538.0,142189.347,-0.056,FF FF FF 0A 64 FF FF FF,FF FF FF 0A 64 FF FF FF,[],190=3201.25/exp 3201.2426 VALUE_OK
MATCH,9250,0x0CF00400,61444,158543.0,142194.378,-0.024,FF FF FF EB 63 FF FF FF,FF FF FF EB 63 FF FF FF,[],190=3197.375/exp 3197.391 VALUE_OK
MATCH,9251,0x0CF00400,61444,158548.0,142199.342,-0.06,FF FF FF CC 63 FF FF FF,FF FF FF CC 63 FF FF FF,[],190=3193.5/exp 3193.5171 VALUE_OK
MATCH,9252,0x0CF00400,61444,158553.0,142204.37,-0.03,FF FF FF AD 63 FF FF FF,FF FF FF AD 63 FF FF FF,[],190=3189.625/exp 3189.6209 VALUE_OK
MATCH,9253,0x0CF00400,61444,158558.0,142209.345,-0.055,FF FF FF 8E 63 FF FF FF,FF FF FF 8E 63 FF FF FF,[],190=3185.75/exp 3185.7025 VALUE_OK
MATCH,9254,0x0CF00400,61444,158563.0,142214.377,-0.022,FF FF FF 6E 63 FF FF FF,FF FF FF 6E 63 FF FF FF,[],190=3181.75/exp 3181.762 VALUE_OK
MATCH,9255,0x0CF00400,61444,158568.0,142219.352,-0.046,FF FF FF 4E 63 FF FF FF,FF FF FF 4E 63 FF FF FF,[],190=3177.75/exp 3177.7994 VALUE_OK
MATCH,9256,0x0CF00400,61444,158573.0,142224.388,-0.009,FF FF FF 2F 63 FF FF FF,FF FF FF 2F 63 FF FF FF,[],190=3173.875/exp 3173.8148 VALUE_OK
MATCH,9257,0x0CF00400,61444,158578.0,142229.355,-0.042,FF FF FF 0E 63 FF FF FF,FF FF FF 0E 63 FF FF FF,[],190=3169.75/exp 3169.8082 VALUE_OK
MATCH,9258,0x0CF00400,61444,158583.0,142234.387,-0.009,FF FF FF EE 62 FF FF FF,FF FF FF EE 62 FF FF FF,[],190=3165.75/exp 3165.7797 VALUE_OK
MATCH,9259,0x0CF00400,61444,158588.0,142239.35,-0.046,FF FF FF CE 62 FF FF FF,FF FF FF CE 62 FF FF FF,[],190=3161.75/exp 3161.7294 VALUE_OK
MATCH,9260,0x0CF00400,61444,158593.0,142244.37,-0.025,FF FF FF AD 62 FF FF FF,FF FF FF AD 62 FF FF FF,[],190=3157.625/exp 3157.6574 VALUE_OK
MATCH,9261,0x0CF00400,61444,158598.0,142249.338,-0.057,FF FF FF 8D 62 FF FF FF,FF FF FF 8D 62 FF FF FF,[],190=3153.625/exp 3153.5636 VALUE_OK
MATCH,9262,0x0CF00400,61444,158603.0,142254.365,-0.028,FF FF FF 6C 62 FF FF FF,FF FF FF 6C 62 FF FF FF,[],190=3149.5/exp 3149.4482 VALUE_OK
MATCH,9263,0x0CF00400,61444,158608.0,142259.38,-0.013,FF FF FF 4A 62 FF FF FF,FF FF FF 4A 62 FF FF FF,[],190=3145.25/exp 3145.3111 VALUE_OK
MATCH,9264,0x0CF00400,61444,158613.0,142264.348,-0.045,FF FF FF 29 62 FF FF FF,FF FF FF 29 62 FF FF FF,[],190=3141.125/exp 3141.1526 VALUE_OK
MATCH,9265,0x0CF00400,61444,158618.0,142269.371,-0.021,FF FF FF 08 62 FF FF FF,FF FF FF 08 62 FF FF FF,[],190=3137.0/exp 3136.9726 VALUE_OK
MATCH,9266,0x0CF00400,61444,158623.0,142274.343,-0.048,FF FF FF E6 61 FF FF FF,FF FF FF E6 61 FF FF FF,[],190=3132.75/exp 3132.7713 VALUE_OK
MATCH,9267,0x0CF00400,61444,158628.0,142279.375,-0.015,FF FF FF C4 61 FF FF FF,FF FF FF C4 61 FF FF FF,[],190=3128.5/exp 3128.5486 VALUE_OK
MATCH,9268,0x0CF00400,61444,158633.0,142284.338,-0.052,FF FF FF A2 61 FF FF FF,FF FF FF A2 61 FF FF FF,[],190=3124.25/exp 3124.3046 VALUE_OK
MATCH,9269,0x0CF00400,61444,158638.0,142289.366,-0.023,FF FF FF 80 61 FF FF FF,FF FF FF 80 61 FF FF FF,[],190=3120.0/exp 3120.0395 VALUE_OK
MATCH,9270,0x0CF00400,61444,158643.0,142294.329,-0.06,FF FF FF 5E 61 FF FF FF,FF FF FF 5E 61 FF FF FF,[],190=3115.75/exp 3115.7532 VALUE_OK
UNLOGGED,,0x0CF00400,61444,,142299.349,,,FF FF FF 3C 61 FF FF FF,[],
MATCH,9272,0x0CF00400,61444,158653.0,142304.376,-0.011,FF FF FF 19 61 FF FF FF,FF FF FF 19 61 FF FF FF,[],190=3107.125/exp 3107.1176 VALUE_OK
MATCH,9273,0x0CF00400,61444,158658.0,142309.352,-0.035,FF FF FF F6 60 FF FF FF,FF FF FF F6 60 FF FF FF,[],190=3102.75/exp 3102.7683 VALUE_OK
UNLOGGED,,0x0CF00400,61444,,142314.363,,,FF FF FF D3 60 FF FF FF,[],
MATCH,9275,0x0CF00400,61444,158668.0,142319.339,-0.047,FF FF FF B0 60 FF FF FF,FF FF FF B0 60 FF FF FF,[],190=3094.0/exp 3094.0073 VALUE_OK
MATCH,9276,0x0CF00400,61444,158673.0,142324.375,-0.011,FF FF FF 8D 60 FF FF FF,FF FF FF 8D 60 FF FF FF,[],190=3089.625/exp 3089.5956 VALUE_OK
MATCH,9277,0x0CF00400,61444,158678.0,142329.342,-0.043,FF FF FF 69 60 FF FF FF,FF FF FF 69 60 FF FF FF,[],190=3085.125/exp 3085.1633 VALUE_OK
MATCH,9278,0x0CF00400,61444,158683.0,142334.377,-0.007,FF FF FF 46 60 FF FF FF,FF FF FF 46 60 FF FF FF,[],190=3080.75/exp 3080.7104 VALUE_OK
MATCH,9279,0x0CF00400,61444,158688.0,142339.337,-0.047,FF FF FF 22 60 FF FF FF,FF FF FF 22 60 FF FF FF,[],190=3076.25/exp 3076.237 VALUE_OK
MATCH,9280,0x0CF00400,61444,158693.0,142344.377,-0.006,FF FF FF FE 5F FF FF FF,FF FF FF FE 5F FF FF FF,[],190=3071.75/exp 3071.7432 VALUE_OK
MATCH,9281,0x0CF00400,61444,158698.0,142349.332,-0.051,FF FF FF DA 5F FF FF FF,FF FF FF DA 5F FF FF FF,[],190=3067.25/exp 3067.2289 VALUE_OK
MATCH,9282,0x0CF00400,61444,158703.0,142354.356,-0.026,FF FF FF B6 5F FF FF FF,FF FF FF B6 5F FF FF FF,[],190=3062.75/exp 3062.6944 VALUE_OK
MATCH,9283,0x0CF00400,61444,158708.0,142359.319,-0.063,FF FF FF 91 5F FF FF FF,FF FF FF 91 5F FF FF FF,[],190=3058.125/exp 3058.1396 VALUE_OK
MATCH,9284,0x0CF00400,61444,158713.0,142364.347,-0.033,FF FF FF 6D 5F FF FF FF,FF FF FF 6D 5F FF FF FF,[],190=3053.625/exp 3053.5646 VALUE_OK
MATCH,9285,0x0CF00400,61444,158718.0,142369.366,-0.014,FF FF FF 48 5F FF FF FF,FF FF FF 48 5F FF FF FF,[],190=3049.0/exp 3048.9695 VALUE_OK
MATCH,9286,0x0CF00400,61444,158723.0,142374.33,-0.049,FF FF FF 23 5F FF FF FF,FF FF FF 23 5F FF FF FF,[],190=3044.375/exp 3044.3544 VALUE_OK
MATCH,9287,0x0CF00400,61444,158728.0,142379.365,-0.013,FF FF FF FE 5E FF FF FF,FF FF FF FE 5E FF FF FF,[],190=3039.75/exp 3039.7193 VALUE_OK
MATCH,9288,0x0CF00400,61444,158733.0,142384.321,-0.057,FF FF FF D9 5E FF FF FF,FF FF FF D9 5E FF FF FF,[],190=3035.125/exp 3035.0644 VALUE_OK
MATCH,9289,0x0CF00400,61444,158738.0,142389.352,-0.025,FF FF FF B3 5E FF FF FF,FF FF FF B3 5E FF FF FF,[],190=3030.375/exp 3030.3896 VALUE_OK
MATCH,9290,0x0CF00400,61444,158743.0,142394.312,-0.065,FF FF FF 8E 5E FF FF FF,FF FF FF 8E 5E FF FF FF,[],190=3025.75/exp 3025.6951 VALUE_OK
MATCH,9291,0x0CF00400,61444,158748.0,142399.339,-0.036,FF FF FF 68 5E FF FF FF,FF FF FF 68 5E FF FF FF,[],190=3021.0/exp 3020.9809 VALUE_OK
MATCH,9292,0x0CF00400,61444,158753.0,142404.363,-0.012,FF FF FF 42 5E FF FF FF,FF FF FF 42 5E FF FF FF,[],190=3016.25/exp 3016.2471 VALUE_OK
MATCH,9293,0x0CF00400,61444,158758.0,142409.326,-0.048,FF FF FF 1C 5E FF FF FF,FF FF FF 1C 5E FF FF FF,[],190=3011.5/exp 3011.4938 VALUE_OK
MATCH,9294,0x0CF00400,61444,158763.0,142414.358,-0.015,FF FF FF F6 5D FF FF FF,FF FF FF F6 5D FF FF FF,[],190=3006.75/exp 3006.721 VALUE_OK
MATCH,9295,0x0CF00400,61444,158768.0,142419.326,-0.047,FF FF FF CF 5D FF FF FF,FF FF FF CF 5D FF FF FF,[],190=3001.875/exp 3001.9289 VALUE_OK
MATCH,9296,0x0CF00400,61444,158773.0,142424.345,-0.027,FF FF FF A9 5D FF FF FF,FF FF FF A9 5D FF FF FF,[],190=2997.125/exp 2997.1174 VALUE_OK
MATCH,9297,0x0CF00400,61444,158778.0,142429.313,-0.059,FF FF FF 82 5D FF FF FF,FF FF FF 82 5D FF FF FF,[],190=2992.25/exp 2992.2867 VALUE_OK
MATCH,9298,0x0CF00400,61444,158783.0,142434.316,-0.054,FF FF FF 5B 5D FF FF FF,FF FF FF 5B 5D FF FF FF,[],190=2987.375/exp 2987.4369 VALUE_OK
MATCH,9299,0x0CF00400,61444,158788.0,142439.328,-0.041,FF FF FF 35 5D FF FF FF,FF FF FF 35 5D FF FF FF,[],190=2982.625/exp 2982.5679 VALUE_OK
MATCH,9300,0x0CF00400,61444,158793.0,142444.367,-0.001,FF FF FF 0D 5D FF FF FF,FF FF FF 0D 5D FF FF FF,[],190=2977.625/exp 2977.68 VALUE_OK
MATCH,9301,0x0CF00400,61444,158798.0,142449.347,-0.021,FF FF FF E6 5C FF FF FF,FF FF FF E6 5C FF FF FF,[],190=2972.75/exp 2972.7731 VALUE_OK
MATCH,9302,0x0CF00400,61444,158803.0,142454.322,-0.046,FF FF FF BF 5C FF FF FF,FF FF FF BF 5C FF FF FF,[],190=2967.875/exp 2967.8474 VALUE_OK
MATCH,9303,0x0CF00400,61444,158808.0,142459.358,-0.009,FF FF FF 97 5C FF FF FF,FF FF FF 97 5C FF FF FF,[],190=2962.875/exp 2962.9029 VALUE_OK
MATCH,9304,0x0CF00400,61444,158813.0,142464.329,-0.038,FF FF FF 70 5C FF FF FF,FF FF FF 70 5C FF FF FF,[],190=2958.0/exp 2957.9397 VALUE_OK
MATCH,9305,0x0CF00400,61444,158818.0,142469.301,-0.065,FF FF FF 48 5C FF FF FF,FF FF FF 48 5C FF FF FF,[],190=2953.0/exp 2952.9578 VALUE_OK
MATCH,9306,0x0CF00400,61444,158823.0,142474.349,-0.016,FF FF FF 20 5C FF FF FF,FF FF FF 20 5C FF FF FF,[],190=2948.0/exp 2947.9574 VALUE_OK
MATCH,9307,0x0CF00400,61444,158828.0,142479.32,-0.045,FF FF FF F8 5B FF FF FF,FF FF FF F8 5B FF FF FF,[],190=2943.0/exp 2942.9386 VALUE_OK
MATCH,9308,0x0CF00400,61444,158833.0,142484.364,0.0,FF FF FF CF 5B FF FF FF,FF FF FF CF 5B FF FF FF,[],190=2937.875/exp 2937.9013 VALUE_OK
MATCH,9309,0x0CF00400,61444,158838.0,142489.331,-0.033,FF FF FF A7 5B FF FF FF,FF FF FF A7 5B FF FF FF,[],190=2932.875/exp 2932.8457 VALUE_OK
MATCH,9310,0x0CF00400,61444,158843.0,142494.315,-0.048,FF FF FF 7E 5B FF FF FF,FF FF FF 7E 5B FF FF FF,[],190=2927.75/exp 2927.7719 VALUE_OK
MATCH,9311,0x0CF00400,61444,158848.0,142499.347,-0.015,FF FF FF 55 5B FF FF FF,FF FF FF 55 5B FF FF FF,[],190=2922.625/exp 2922.6799 VALUE_OK
MATCH,9312,0x0CF00400,61444,158853.0,142504.318,-0.044,FF FF FF 2D 5B FF FF FF,FF FF FF 2D 5B FF FF FF,[],190=2917.625/exp 2917.5698 VALUE_OK
MATCH,9313,0x0CF00400,61444,158858.0,142509.301,-0.06,FF FF FF 04 5B FF FF FF,FF FF FF 04 5B FF FF FF,[],190=2912.5/exp 2912.4418 VALUE_OK
MATCH,9314,0x0CF00400,61444,158863.0,142514.353,-0.007,FF FF FF DA 5A FF FF FF,FF FF FF DA 5A FF FF FF,[],190=2907.25/exp 2907.2958 VALUE_OK
MATCH,9315,0x0CF00400,61444,158868.0,142519.328,-0.032,FF FF FF B1 5A FF FF FF,FF FF FF B1 5A FF FF FF,[],190=2902.125/exp 2902.1319 VALUE_OK
MATCH,9316,0x0CF00400,61444,158873.0,142524.304,-0.055,FF FF FF 88 5A FF FF FF,FF FF FF 88 5A FF FF FF,[],190=2897.0/exp 2896.9503 VALUE_OK
MATCH,9317,0x0CF00400,61444,158878.0,142529.335,-0.023,FF FF FF 5E 5A FF FF FF,FF FF FF 5E 5A FF FF FF,[],190=2891.75/exp 2891.751 VALUE_OK
MATCH,9318,0x0CF00400,61444,158883.0,142534.315,-0.042,FF FF FF 34 5A FF FF FF,FF FF FF 34 5A FF FF FF,[],190=2886.5/exp 2886.5341 VALUE_OK
MATCH,9319,0x0CF00400,61444,158888.0,142539.35,-0.007,FF FF FF 0A 5A FF FF FF,FF FF FF 0A 5A FF FF FF,[],190=2881.25/exp 2881.2996 VALUE_OK
MATCH,9320,0x0CF00400,61444,158893.0,142544.334,-0.022,FF FF FF E0 59 FF FF FF,FF FF FF E0 59 FF FF FF,[],190=2876.0/exp 2876.0478 VALUE_OK
MATCH,9321,0x0CF00400,61444,158898.0,142549.305,-0.051,FF FF FF B6 59 FF FF FF,FF FF FF B6 59 FF FF FF,[],190=2870.75/exp 2870.7785 VALUE_OK
MATCH,9322,0x0CF00400,61444,158903.0,142554.345,-0.01,FF FF FF 8C 59 FF FF FF,FF FF FF 8C 59 FF FF FF,[],190=2865.5/exp 2865.492 VALUE_OK
MATCH,9323,0x0CF00400,61444,158908.0,142559.317,-0.038,FF FF FF 62 59 FF FF FF,FF FF FF 62 59 FF FF FF,[],190=2860.25/exp 2860.1882 VALUE_OK
MATCH,9324,0x0CF00400,61444,158913.0,142564.328,-0.026,FF FF FF 37 59 FF FF FF,FF FF FF 37 59 FF FF FF,[],190=2854.875/exp 2854.8674 VALUE_OK
MATCH,9325,0x0CF00400,61444,158918.0,142569.304,-0.049,FF FF FF 0C 59 FF FF FF,FF FF FF 0C 59 FF FF FF,[],190=2849.5/exp 2849.5295 VALUE_OK
MATCH,9326,0x0CF00400,61444,158923.0,142574.343,-0.009,FF FF FF E1 58 FF FF FF,FF FF FF E1 58 FF FF FF,[],190=2844.125/exp 2844.1746 VALUE_OK
MATCH,9327,0x0CF00400,61444,158928.0,142579.323,-0.029,FF FF FF B6 58 FF FF FF,FF FF FF B6 58 FF FF FF,[],190=2838.75/exp 2838.8029 VALUE_OK
MATCH,9328,0x0CF00400,61444,158933.0,142584.29,-0.062,FF FF FF 8B 58 FF FF FF,FF FF FF 8B 58 FF FF FF,[],190=2833.375/exp 2833.4144 VALUE_OK
MATCH,9329,0x0CF00400,61444,158938.0,142589.326,-0.024,FF FF FF 60 58 FF FF FF,FF FF FF 60 58 FF FF FF,[],190=2828.0/exp 2828.0092 VALUE_OK
MATCH,9330,0x0CF00400,61444,158943.0,142594.297,-0.053,FF FF FF 35 58 FF FF FF,FF FF FF 35 58 FF FF FF,[],190=2822.625/exp 2822.5873 VALUE_OK
MATCH,9331,0x0CF00400,61444,158948.0,142599.341,-0.008,FF FF FF 09 58 FF FF FF,FF FF FF 09 58 FF FF FF,[],190=2817.125/exp 2817.149 VALUE_OK
MATCH,9332,0x0CF00400,61444,158953.0,142604.32,-0.029,FF FF FF DE 57 FF FF FF,FF FF FF DE 57 FF FF FF,[],190=2811.75/exp 2811.6941 VALUE_OK
MATCH,9333,0x0CF00400,61444,158958.0,142609.3,-0.048,FF FF FF B2 57 FF FF FF,FF FF FF B2 57 FF FF FF,[],190=2806.25/exp 2806.2229 VALUE_OK
MATCH,9334,0x0CF00400,61444,158963.0,142614.344,-0.003,FF FF FF 86 57 FF FF FF,FF FF FF 86 57 FF FF FF,[],190=2800.75/exp 2800.7354 VALUE_OK
MATCH,9335,0x0CF00400,61444,158968.0,142619.303,-0.044,FF FF FF 5A 57 FF FF FF,FF FF FF 5A 57 FF FF FF,[],190=2795.25/exp 2795.2317 VALUE_OK
MATCH,9336,0x0CF00400,61444,158973.0,142624.279,-0.067,FF FF FF 2E 57 FF FF FF,FF FF FF 2E 57 FF FF FF,[],190=2789.75/exp 2789.7119 VALUE_OK
MATCH,9337,0x0CF00400,61444,158978.0,142629.322,-0.023,FF FF FF 01 57 FF FF FF,FF FF FF 01 57 FF FF FF,[],190=2784.125/exp 2784.176 VALUE_OK
MATCH,9338,0x0CF00400,61444,158983.0,142634.293,-0.051,FF FF FF D5 56 FF FF FF,FF FF FF D5 56 FF FF FF,[],190=2778.625/exp 2778.6242 VALUE_OK
MATCH,9339,0x0CF00400,61444,158988.0,142639.341,-0.002,FF FF FF A8 56 FF FF FF,FF FF FF A8 56 FF FF FF,[],190=2773.0/exp 2773.0565 VALUE_OK
MATCH,9340,0x0CF00400,61444,158993.0,142644.305,-0.038,FF FF FF 7C 56 FF FF FF,FF FF FF 7C 56 FF FF FF,[],190=2767.5/exp 2767.4731 VALUE_OK
MATCH,9341,0x0CF00400,61444,158998.0,142649.28,-0.063,FF FF FF 4F 56 FF FF FF,FF FF FF 4F 56 FF FF FF,[],190=2761.875/exp 2761.8739 VALUE_OK
MATCH,9342,0x0CF00400,61444,159003.0,142654.32,-0.021,FF FF FF 22 56 FF FF FF,FF FF FF 22 56 FF FF FF,[],190=2756.25/exp 2756.2592 VALUE_OK
MATCH,9343,0x0CF00400,61444,159008.0,142659.299,-0.042,FF FF FF F5 55 FF FF FF,FF FF FF F5 55 FF FF FF,[],190=2750.625/exp 2750.6289 VALUE_OK
MATCH,9344,0x0CF00400,61444,159013.0,142664.336,-0.004,FF FF FF C8 55 FF FF FF,FF FF FF C8 55 FF FF FF,[],190=2745.0/exp 2744.9832 VALUE_OK
MATCH,9345,0x0CF00400,61444,159018.0,142669.311,-0.029,FF FF FF 9B 55 FF FF FF,FF FF FF 9B 55 FF FF FF,[],190=2739.375/exp 2739.3222 VALUE_OK
MATCH,9346,0x0CF00400,61444,159023.0,142674.283,-0.056,FF FF FF 6D 55 FF FF FF,FF FF FF 6D 55 FF FF FF,[],190=2733.625/exp 2733.6459 VALUE_OK
MATCH,9347,0x0CF00400,61444,159028.0,142679.326,-0.012,FF FF FF 40 55 FF FF FF,FF FF FF 40 55 FF FF FF,[],190=2728.0/exp 2727.9545 VALUE_OK
MATCH,9348,0x0CF00400,61444,159033.0,142684.298,-0.04,FF FF FF 12 55 FF FF FF,FF FF FF 12 55 FF FF FF,[],190=2722.25/exp 2722.2479 VALUE_OK
MATCH,9349,0x0CF00400,61444,159038.0,142689.313,-0.024,FF FF FF E4 54 FF FF FF,FF FF FF E4 54 FF FF FF,[],190=2716.5/exp 2716.5264 VALUE_OK
MATCH,9350,0x0CF00400,61444,159043.0,142694.289,-0.048,FF FF FF B6 54 FF FF FF,FF FF FF B6 54 FF FF FF,[],190=2710.75/exp 2710.7899 VALUE_OK
MATCH,9351,0x0CF00400,61444,159048.0,142699.32,-0.016,FF FF FF 88 54 FF FF FF,FF FF FF 88 54 FF FF FF,[],190=2705.0/exp 2705.0387 VALUE_OK
MATCH,9352,0x0CF00400,61444,159053.0,142704.3,-0.035,FF FF FF 5A 54 FF FF FF,FF FF FF 5A 54 FF FF FF,[],190=2699.25/exp 2699.2727 VALUE_OK
MATCH,9353,0x0CF00400,61444,159058.0,142709.279,-0.056,FF FF FF 2C 54 FF FF FF,FF FF FF 2C 54 FF FF FF,[],190=2693.5/exp 2693.4921 VALUE_OK
MATCH,9354,0x0CF00400,61444,159063.0,142714.331,-0.003,FF FF FF FE 53 FF FF FF,FF FF FF FE 53 FF FF FF,[],190=2687.75/exp 2687.6969 VALUE_OK
MATCH,9355,0x0CF00400,61444,159068.0,142719.295,-0.039,FF FF FF CF 53 FF FF FF,FF FF FF CF 53 FF FF FF,[],190=2681.875/exp 2681.8873 VALUE_OK
MATCH,9356,0x0CF00400,61444,159073.0,142724.278,-0.055,FF FF FF A0 53 FF FF FF,FF FF FF A0 53 FF FF FF,[],190=2676.0/exp 2676.0633 VALUE_OK
MATCH,9357,0x0CF00400,61444,159078.0,142729.31,-0.022,FF FF FF 72 53 FF FF FF,FF FF FF 72 53 FF FF FF,[],190=2670.25/exp 2670.225 VALUE_OK
MATCH,9358,0x0CF00400,61444,159083.0,142734.285,-0.046,FF FF FF 43 53 FF FF FF,FF FF FF 43 53 FF FF FF,[],190=2664.375/exp 2664.3725 VALUE_OK
MATCH,9359,0x0CF00400,61444,159088.0,142739.317,-0.013,FF FF FF 14 53 FF FF FF,FF FF FF 14 53 FF FF FF,[],190=2658.5/exp 2658.5059 VALUE_OK
MATCH,9360,0x0CF00400,61444,159093.0,142744.3,-0.03,FF FF FF E5 52 FF FF FF,FF FF FF E5 52 FF FF FF,[],190=2652.625/exp 2652.6253 VALUE_OK
MATCH,9361,0x0CF00400,61444,159098.0,142749.272,-0.058,FF FF FF B6 52 FF FF FF,FF FF FF B6 52 FF FF FF,[],190=2646.75/exp 2646.7308 VALUE_OK
MATCH,9362,0x0CF00400,61444,159103.0,142754.315,-0.013,FF FF FF 87 52 FF FF FF,FF FF FF 87 52 FF FF FF,[],190=2640.875/exp 2640.8225 VALUE_OK
MATCH,9363,0x0CF00400,61444,159108.0,142759.287,-0.041,FF FF FF 57 52 FF FF FF,FF FF FF 57 52 FF FF FF,[],190=2634.875/exp 2634.9004 VALUE_OK
MATCH,9364,0x0CF00400,61444,159113.0,142764.255,-0.072,FF FF FF 28 52 FF FF FF,FF FF FF 28 52 FF FF FF,[],190=2629.0/exp 2628.9647 VALUE_OK
MATCH,9365,0x0CF00400,61444,159118.0,142769.302,-0.024,FF FF FF F8 51 FF FF FF,FF FF FF F8 51 FF FF FF,[],190=2623.0/exp 2623.0154 VALUE_OK
MATCH,9366,0x0CF00400,61444,159123.0,142774.29,-0.035,FF FF FF C8 51 FF FF FF,FF FF FF C8 51 FF FF FF,[],190=2617.0/exp 2617.0527 VALUE_OK
MATCH,9367,0x0CF00400,61444,159128.0,142779.277,-0.048,FF FF FF 99 51 FF FF FF,FF FF FF 99 51 FF FF FF,[],190=2611.125/exp 2611.0766 VALUE_OK
MATCH,9368,0x0CF00400,61444,159133.0,142784.321,-0.003,FF FF FF 69 51 FF FF FF,FF FF FF 69 51 FF FF FF,[],190=2605.125/exp 2605.0872 VALUE_OK
MATCH,9369,0x0CF00400,61444,159138.0,142789.304,-0.02,FF FF FF 39 51 FF FF FF,FF FF FF 39 51 FF FF FF,[],190=2599.125/exp 2599.0846 VALUE_OK
MATCH,9370,0x0CF00400,61444,159143.0,142794.292,-0.031,FF FF FF 09 51 FF FF FF,FF FF FF 09 51 FF FF FF,[],190=2593.125/exp 2593.0689 VALUE_OK
MATCH,9371,0x0CF00400,61444,159148.0,142799.271,-0.052,FF FF FF D8 50 FF FF FF,FF FF FF D8 50 FF FF FF,[],190=2587.0/exp 2587.0403 VALUE_OK
MATCH,9372,0x0CF00400,61444,159153.0,142804.307,-0.015,FF FF FF A8 50 FF FF FF,FF FF FF A8 50 FF FF FF,[],190=2581.0/exp 2580.9987 VALUE_OK
MATCH,9373,0x0CF00400,61444,159158.0,142809.286,-0.035,FF FF FF 78 50 FF FF FF,FF FF FF 78 50 FF FF FF,[],190=2575.0/exp 2574.9443 VALUE_OK
MATCH,9374,0x0CF00400,61444,159163.0,142814.29,-0.031,FF FF FF 47 50 FF FF FF,FF FF FF 47 50 FF FF FF,[],190=2568.875/exp 2568.8772 VALUE_OK
MATCH,9375,0x0CF00400,61444,159168.0,142819.265,-0.055,FF FF FF 16 50 FF FF FF,FF FF FF 16 50 FF FF FF,[],190=2562.75/exp 2562.7974 VALUE_OK
MATCH,9376,0x0CF00400,61444,159173.0,142824.317,-0.002,FF FF FF E6 4F FF FF FF,FF FF FF E6 4F FF FF FF,[],190=2556.75/exp 2556.7052 VALUE_OK
MATCH,9377,0x0CF00400,61444,159178.0,142829.292,-0.027,FF FF FF B5 4F FF FF FF,FF FF FF B5 4F FF FF FF,[],190=2550.625/exp 2550.6004 VALUE_OK
MATCH,9378,0x0CF00400,61444,159183.0,142834.272,-0.046,FF FF FF 84 4F FF FF FF,FF FF FF 84 4F FF FF FF,[],190=2544.5/exp 2544.4834 VALUE_OK
MATCH,9379,0x0CF00400,61444,159188.0,142839.3,-0.017,FF FF FF 53 4F FF FF FF,FF FF FF 53 4F FF FF FF,[],190=2538.375/exp 2538.3541 VALUE_OK
MATCH,9380,0x0CF00400,61444,159193.0,142844.271,-0.046,FF FF FF 22 4F FF FF FF,FF FF FF 22 4F FF FF FF,[],190=2532.25/exp 2532.2126 VALUE_OK
MATCH,9381,0x0CF00400,61444,159198.0,142849.258,-0.058,FF FF FF F0 4E FF FF FF,FF FF FF F0 4E FF FF FF,[],190=2526.0/exp 2526.0591 VALUE_OK
MATCH,9382,0x0CF00400,61444,159203.0,142854.29,-0.025,FF FF FF BF 4E FF FF FF,FF FF FF BF 4E FF FF FF,[],190=2519.875/exp 2519.8935 VALUE_OK
MATCH,9383,0x0CF00400,61444,159208.0,142859.277,-0.037,FF FF FF 8E 4E FF FF FF,FF FF FF 8E 4E FF FF FF,[],190=2513.75/exp 2513.7162 VALUE_OK
MATCH,9384,0x0CF00400,61444,159213.0,142864.301,-0.013,FF FF FF 5C 4E FF FF FF,FF FF FF 5C 4E FF FF FF,[],190=2507.5/exp 2507.527 VALUE_OK
MATCH,9385,0x0CF00400,61444,159218.0,142869.281,-0.032,FF FF FF 2B 4E FF FF FF,FF FF FF 2B 4E FF FF FF,[],190=2501.375/exp 2501.3262 VALUE_OK
MATCH,9386,0x0CF00400,61444,159223.0,142874.264,-0.049,FF FF FF F9 4D FF FF FF,FF FF FF F9 4D FF FF FF,[],190=2495.125/exp 2495.1138 VALUE_OK
MATCH,9387,0x0CF00400,61444,159228.0,142879.3,-0.012,FF FF FF C7 4D FF FF FF,FF FF FF C7 4D FF FF FF,[],190=2488.875/exp 2488.8898 VALUE_OK
MATCH,9388,0x0CF00400,61444,159233.0,142884.272,-0.04,FF FF FF 95 4D FF FF FF,FF FF FF 95 4D FF FF FF,[],190=2482.625/exp 2482.6545 VALUE_OK
MATCH,9389,0x0CF00400,61444,159238.0,142889.243,-0.068,FF FF FF 63 4D FF FF FF,FF FF FF 63 4D FF FF FF,[],190=2476.375/exp 2476.4079 VALUE_OK
MATCH,9390,0x0CF00400,61444,159243.0,142894.282,-0.027,FF FF FF 31 4D FF FF FF,FF FF FF 31 4D FF FF FF,[],190=2470.125/exp 2470.1501 VALUE_OK
MATCH,9391,0x0CF00400,61444,159248.0,142899.266,-0.043,FF FF FF FF 4C FF FF FF,FF FF FF FF 4C FF FF FF,[],190=2463.875/exp 2463.8812 VALUE_OK
MATCH,9392,0x0CF00400,61444,159253.0,142904.297,-0.011,FF FF FF CD 4C FF FF FF,FF FF FF CD 4C FF FF FF,[],190=2457.625/exp 2457.6013 VALUE_OK
MATCH,9393,0x0CF00400,61444,159258.0,142909.273,-0.035,FF FF FF 9A 4C FF FF FF,FF FF FF 9A 4C FF FF FF,[],190=2451.25/exp 2451.3105 VALUE_OK
MATCH,9394,0x0CF00400,61444,159263.0,142914.244,-0.063,FF FF FF 68 4C FF FF FF,FF FF FF 68 4C FF FF FF,[],190=2445.0/exp 2445.0088 VALUE_OK
MATCH,9395,0x0CF00400,61444,159268.0,142919.284,-0.022,FF FF FF 36 4C FF FF FF,FF FF FF 36 4C FF FF FF,[],190=2438.75/exp 2438.6964 VALUE_OK
MATCH,9396,0x0CF00400,61444,159273.0,142924.264,-0.041,FF FF FF 03 4C FF FF FF,FF FF FF 03 4C FF FF FF,[],190=2432.375/exp 2432.3735 VALUE_OK
MATCH,9397,0x0CF00400,61444,159278.0,142929.243,-0.062,FF FF FF D0 4B FF FF FF,FF FF FF D0 4B FF FF FF,[],190=2426.0/exp 2426.0399 VALUE_OK
MATCH,9398,0x0CF00400,61444,159283.0,142934.275,-0.028,FF FF FF 9E 4B FF FF FF,FF FF FF 9E 4B FF FF FF,[],190=2419.75/exp 2419.696 VALUE_OK
MATCH,9399,0x0CF00400,61444,159288.0,142939.286,-0.017,FF FF FF 6B 4B FF FF FF,FF FF FF 6B 4B FF FF FF,[],190=2413.375/exp 2413.3417 VALUE_OK
MATCH,9400,0x0CF00400,61444,159293.0,142944.258,-0.044,FF FF FF 38 4B FF FF FF,FF FF FF 38 4B FF FF FF,[],190=2407.0/exp 2406.9772 VALUE_OK
MATCH,9401,0x0CF00400,61444,159298.0,142949.241,-0.061,FF FF FF 05 4B FF FF FF,FF FF FF 05 4B FF FF FF,[],190=2400.625/exp 2400.6026 VALUE_OK
MATCH,9402,0x0CF00400,61444,159303.0,142954.277,-0.023,FF FF FF D2 4A FF FF FF,FF FF FF D2 4A FF FF FF,[],190=2394.25/exp 2394.218 VALUE_OK
MATCH,9403,0x0CF00400,61444,159308.0,142959.253,-0.047,FF FF FF 9F 4A FF FF FF,FF FF FF 9F 4A FF FF FF,[],190=2387.875/exp 2387.8234 VALUE_OK
MATCH,9404,0x0CF00400,61444,159313.0,142964.284,-0.015,FF FF FF 6B 4A FF FF FF,FF FF FF 6B 4A FF FF FF,[],190=2381.375/exp 2381.4189 VALUE_OK
MATCH,9405,0x0CF00400,61444,159318.0,142969.255,-0.044,FF FF FF 38 4A FF FF FF,FF FF FF 38 4A FF FF FF,[],190=2375.0/exp 2375.0048 VALUE_OK
MATCH,9406,0x0CF00400,61444,159323.0,142974.243,-0.055,FF FF FF 05 4A FF FF FF,FF FF FF 05 4A FF FF FF,[],190=2368.625/exp 2368.581 VALUE_OK
MATCH,9407,0x0CF00400,61444,159328.0,142979.283,-0.014,FF FF FF D1 49 FF FF FF,FF FF FF D1 49 FF FF FF,[],190=2362.125/exp 2362.1476 VALUE_OK
MATCH,9408,0x0CF00400,61444,159333.0,142984.258,-0.038,FF FF FF 9E 49 FF FF FF,FF FF FF 9E 49 FF FF FF,[],190=2355.75/exp 2355.7048 VALUE_OK
MATCH,9409,0x0CF00400,61444,159338.0,142989.23,-0.066,FF FF FF 6A 49 FF FF FF,FF FF FF 6A 49 FF FF FF,[],190=2349.25/exp 2349.2527 VALUE_OK
MATCH,9410,0x0CF00400,61444,159343.0,142994.265,-0.029,FF FF FF 36 49 FF FF FF,FF FF FF 36 49 FF FF FF,[],190=2342.75/exp 2342.7914 VALUE_OK
MATCH,9411,0x0CF00400,61444,159348.0,142999.245,-0.049,FF FF FF 03 49 FF FF FF,FF FF FF 03 49 FF FF FF,[],190=2336.375/exp 2336.3209 VALUE_OK
MATCH,9412,0x0CF00400,61444,159353.0,143004.284,-0.009,FF FF FF CF 48 FF FF FF,FF FF FF CF 48 FF FF FF,[],190=2329.875/exp 2329.8413 VALUE_OK
MATCH,9413,0x0CF00400,61444,159358.0,143009.256,-0.037,FF FF FF 9B 48 FF FF FF,FF FF FF 9B 48 FF FF FF,[],190=2323.375/exp 2323.3528 VALUE_OK
MATCH,9414,0x0CF00400,61444,159363.0,143014.231,-0.061,FF FF FF 67 48 FF FF FF,FF FF FF 67 48 FF FF FF,[],190=2316.875/exp 2316.8555 VALUE_OK
MATCH,9415,0x0CF00400,61444,159368.0,143019.271,-0.02,FF FF FF 33 48 FF FF FF,FF FF FF 33 48 FF FF FF,[],190=2310.375/exp 2310.3494 VALUE_OK
MATCH,9416,0x0CF00400,61444,159373.0,143024.254,-0.036,FF FF FF FF 47 FF FF FF,FF FF FF FF 47 FF FF FF,[],190=2303.875/exp 2303.8347 VALUE_OK
MATCH,9417,0x0CF00400,61444,159378.0,143029.294,0.004,FF FF FF CA 47 FF FF FF,FF FF FF CA 47 FF FF FF,[],190=2297.25/exp 2297.3114 VALUE_OK
MATCH,9418,0x0CF00400,61444,159383.0,143034.261,-0.029,FF FF FF 96 47 FF FF FF,FF FF FF 96 47 FF FF FF,[],190=2290.75/exp 2290.7797 VALUE_OK
MATCH,9419,0x0CF00400,61444,159388.0,143039.233,-0.056,FF FF FF 62 47 FF FF FF,FF FF FF 62 47 FF FF FF,[],190=2284.25/exp 2284.2397 VALUE_OK
MATCH,9420,0x0CF00400,61444,159393.0,143044.272,-0.016,FF FF FF 2E 47 FF FF FF,FF FF FF 2E 47 FF FF FF,[],190=2277.75/exp 2277.6914 VALUE_OK
MATCH,9421,0x0CF00400,61444,159398.0,143049.248,-0.04,FF FF FF F9 46 FF FF FF,FF FF FF F9 46 FF FF FF,[],190=2271.125/exp 2271.135 VALUE_OK
MATCH,9422,0x0CF00400,61444,159403.0,143054.224,-0.063,FF FF FF C5 46 FF FF FF,FF FF FF C5 46 FF FF FF,[],190=2264.625/exp 2264.5706 VALUE_OK
MATCH,9423,0x0CF00400,61444,159408.0,143059.259,-0.027,FF FF FF 90 46 FF FF FF,FF FF FF 90 46 FF FF FF,[],190=2258.0/exp 2257.9982 VALUE_OK
MATCH,9424,0x0CF00400,61444,159413.0,143064.27,-0.015,FF FF FF 5B 46 FF FF FF,FF FF FF 5B 46 FF FF FF,[],190=2251.375/exp 2251.418 VALUE_OK
MATCH,9425,0x0CF00400,61444,159418.0,143069.246,-0.039,FF FF FF 27 46 FF FF FF,FF FF FF 27 46 FF FF FF,[],190=2244.875/exp 2244.83 VALUE_OK
MATCH,9426,0x0CF00400,61444,159423.0,143074.225,-0.059,FF FF FF F2 45 FF FF FF,FF FF FF F2 45 FF FF FF,[],190=2238.25/exp 2238.2344 VALUE_OK
MATCH,9427,0x0CF00400,61444,159428.0,143079.265,-0.018,FF FF FF BD 45 FF FF FF,FF FF FF BD 45 FF FF FF,[],190=2231.625/exp 2231.6313 VALUE_OK
MATCH,9428,0x0CF00400,61444,159433.0,143084.237,-0.045,FF FF FF 88 45 FF FF FF,FF FF FF 88 45 FF FF FF,[],190=2225.0/exp 2225.0208 VALUE_OK
MATCH,9429,0x0CF00400,61444,159438.0,143089.272,-0.01,FF FF FF 53 45 FF FF FF,FF FF FF 53 45 FF FF FF,[],190=2218.375/exp 2218.4029 VALUE_OK
MATCH,9430,0x0CF00400,61444,159443.0,143094.248,-0.033,FF FF FF 1E 45 FF FF FF,FF FF FF 1E 45 FF FF FF,[],190=2211.75/exp 2211.7778 VALUE_OK
MATCH,9431,0x0CF00400,61444,159448.0,143099.227,-0.054,FF FF FF E9 44 FF FF FF,FF FF FF E9 44 FF FF FF,[],190=2205.125/exp 2205.1456 VALUE_OK
MATCH,9432,0x0CF00400,61444,159453.0,143104.271,-0.009,FF FF FF B4 44 FF FF FF,FF FF FF B4 44 FF FF FF,[],190=2198.5/exp 2198.5064 VALUE_OK
MATCH,9433,0x0CF00400,61444,159458.0,143109.238,-0.041,FF FF FF 7F 44 FF FF FF,FF FF FF 7F 44 FF FF FF,[],190=2191.875/exp 2191.8603 VALUE_OK
MATCH,9434,0x0CF00400,61444,159463.0,143114.218,-0.061,FF FF FF 4A 44 FF FF FF,FF FF FF 4A 44 FF FF FF,[],190=2185.25/exp 2185.2073 VALUE_OK
MATCH,9435,0x0CF00400,61444,159468.0,143119.253,-0.024,FF FF FF 14 44 FF FF FF,FF FF FF 14 44 FF FF FF,[],190=2178.5/exp 2178.5476 VALUE_OK
MATCH,9436,0x0CF00400,61444,159473.0,143124.237,-0.04,FF FF FF DF 43 FF FF FF,FF FF FF DF 43 FF FF FF,[],190=2171.875/exp 2171.8814 VALUE_OK
MATCH,9437,0x0CF00400,61444,159478.0,143129.272,-0.004,FF FF FF AA 43 FF FF FF,FF FF FF AA 43 FF FF FF,[],190=2165.25/exp 2165.2086 VALUE_OK
MATCH,9438,0x0CF00400,61444,159483.0,143134.244,-0.032,FF FF FF 74 43 FF FF FF,FF FF FF 74 43 FF FF FF,[],190=2158.5/exp 2158.5294 VALUE_OK
MATCH,9439,0x0CF00400,61444,159488.0,143139.228,-0.047,FF FF FF 3F 43 FF FF FF,FF FF FF 3F 43 FF FF FF,[],190=2151.875/exp 2151.8439 VALUE_OK
MATCH,9440,0x0CF00400,61444,159493.0,143144.263,-0.011,FF FF FF 09 43 FF FF FF,FF FF FF 09 43 FF FF FF,[],190=2145.125/exp 2145.1522 VALUE_OK
MATCH,9441,0x0CF00400,61444,159498.0,143149.247,-0.027,FF FF FF D4 42 FF FF FF,FF FF FF D4 42 FF FF FF,[],190=2138.5/exp 2138.4544 VALUE_OK
MATCH,9442,0x0CF00400,61444,159503.0,143154.214,-0.06,FF FF FF 9E 42 FF FF FF,FF FF FF 9E 42 FF FF FF,[],190=2131.75/exp 2131.7507 VALUE_OK
MATCH,9443,0x0CF00400,61444,159508.0,143159.262,-0.01,FF FF FF 68 42 FF FF FF,FF FF FF 68 42 FF FF FF,[],190=2125.0/exp 2125.041 VALUE_OK
MATCH,9444,0x0CF00400,61444,159513.0,143164.221,-0.051,FF FF FF 33 42 FF FF FF,FF FF FF 33 42 FF FF FF,[],190=2118.375/exp 2118.3256 VALUE_OK
MATCH,9445,0x0CF00400,61444,159518.0,143169.273,0.002,FF FF FF FD 41 FF FF FF,FF FF FF FD 41 FF FF FF,[],190=2111.625/exp 2111.6045 VALUE_OK
MATCH,9446,0x0CF00400,61444,159523.0,143174.244,-0.027,FF FF FF C7 41 FF FF FF,FF FF FF C7 41 FF FF FF,[],190=2104.875/exp 2104.8778 VALUE_OK
MATCH,9447,0x0CF00400,61444,159528.0,143179.22,-0.051,FF FF FF 91 41 FF FF FF,FF FF FF 91 41 FF FF FF,[],190=2098.125/exp 2098.1456 VALUE_OK
MATCH,9448,0x0CF00400,61444,159533.0,143184.255,-0.015,FF FF FF 5B 41 FF FF FF,FF FF FF 5B 41 FF FF FF,[],190=2091.375/exp 2091.4081 VALUE_OK
MATCH,9449,0x0CF00400,61444,159538.0,143189.207,-0.062,FF FF FF 25 41 FF FF FF,FF FF FF 25 41 FF FF FF,[],190=2084.625/exp 2084.6653 VALUE_OK
MATCH,9450,0x0CF00400,61444,159543.0,143194.242,-0.026,FF FF FF EF 40 FF FF FF,FF FF FF EF 40 FF FF FF,[],190=2077.875/exp 2077.9173 VALUE_OK
MATCH,9451,0x0CF00400,61444,159548.0,143199.223,-0.045,FF FF FF B9 40 FF FF FF,FF FF FF B9 40 FF FF FF,[],190=2071.125/exp 2071.1643 VALUE_OK
MATCH,9452,0x0CF00400,61444,159553.0,143204.262,-0.005,FF FF FF 83 40 FF FF FF,FF FF FF 83 40 FF FF FF,[],190=2064.375/exp 2064.4063 VALUE_OK
MATCH,9453,0x0CF00400,61444,159558.0,143209.234,-0.033,FF FF FF 4D 40 FF FF FF,FF FF FF 4D 40 FF FF FF,[],190=2057.625/exp 2057.6435 VALUE_OK
MATCH,9454,0x0CF00400,61444,159563.0,143214.202,-0.064,FF FF FF 17 40 FF FF FF,FF FF FF 17 40 FF FF FF,[],190=2050.875/exp 2050.8759 VALUE_OK
MATCH,9455,0x0CF00400,61444,159568.0,143219.245,-0.02,FF FF FF E1 3F FF FF FF,FF FF FF E1 3F FF FF FF,[],190=2044.125/exp 2044.1037 VALUE_OK
MATCH,9456,0x0CF00400,61444,159573.0,143224.216,-0.048,FF FF FF AB 3F FF FF FF,FF FF FF AB 3F FF FF FF,[],190=2037.375/exp 2037.327 VALUE_OK
MATCH,9457,0x0CF00400,61444,159578.0,143229.252,-0.011,FF FF FF 74 3F FF FF FF,FF FF FF 74 3F FF FF FF,[],190=2030.5/exp 2030.5458 VALUE_OK
MATCH,9458,0x0CF00400,61444,159583.0,143234.224,-0.039,FF FF FF 3E 3F FF FF FF,FF FF FF 3E 3F FF FF FF,[],190=2023.75/exp 2023.7603 VALUE_OK
MATCH,9459,0x0CF00400,61444,159588.0,143239.263,0.001,FF FF FF 08 3F FF FF FF,FF FF FF 08 3F FF FF FF,[],190=2017.0/exp 2016.9706 VALUE_OK
MATCH,9460,0x0CF00400,61444,159593.0,143244.227,-0.035,FF FF FF D1 3E FF FF FF,FF FF FF D1 3E FF FF FF,[],190=2010.125/exp 2010.1768 VALUE_OK
MATCH,9461,0x0CF00400,61444,159598.0,143249.202,-0.06,FF FF FF 9B 3E FF FF FF,FF FF FF 9B 3E FF FF FF,[],190=2003.375/exp 2003.3789 VALUE_OK
MATCH,9462,0x0CF00400,61444,159603.0,143254.23,-0.03,FF FF FF 65 3E FF FF FF,FF FF FF 65 3E FF FF FF,[],190=1996.625/exp 1996.5772 VALUE_OK
UNLOGGED,,0x0CF00400,61444,,143259.205,,,FF FF FF 2E 3E FF FF FF,[],
MATCH,9464,0x0CF00400,61444,159613.0,143264.249,-0.011,FF FF FF F8 3D FF FF FF,FF FF FF F8 3D FF FF FF,[],190=1983.0/exp 1982.9623 VALUE_OK
UNLOGGED,,0x0CF00400,61444,,143269.216,,,FF FF FF C1 3D FF FF FF,[],
MATCH,9466,0x0CF00400,61444,159623.0,143274.256,-0.004,FF FF FF 8B 3D FF FF FF,FF FF FF 8B 3D FF FF FF,[],190=1969.375/exp 1969.3332 VALUE_OK
MATCH,9467,0x0CF00400,61444,159628.0,143279.223,-0.037,FF FF FF 54 3D FF FF FF,FF FF FF 54 3D FF FF FF,[],190=1962.5/exp 1962.5134 VALUE_OK
MATCH,9468,0x0CF00400,61444,159633.0,143284.191,-0.068,FF FF FF 1E 3D FF FF FF,FF FF FF 1E 3D FF FF FF,[],190=1955.75/exp 1955.6904 VALUE_OK
MATCH,9469,0x0CF00400,61444,159638.0,143289.226,-0.031,FF FF FF E7 3C FF FF FF,FF FF FF E7 3C FF FF FF,[],190=1948.875/exp 1948.8643 VALUE_OK
MATCH,9470,0x0CF00400,61444,159643.0,143294.206,-0.051,FF FF FF B0 3C FF FF FF,FF FF FF B0 3C FF FF FF,[],190=1942.0/exp 1942.035 VALUE_OK
MATCH,9471,0x0CF00400,61444,159648.0,143299.233,-0.023,FF FF FF 7A 3C FF FF FF,FF FF FF 7A 3C FF FF FF,[],190=1935.25/exp 1935.2028 VALUE_OK
MATCH,9472,0x0CF00400,61444,159653.0,143304.213,-0.042,FF FF FF 43 3C FF FF FF,FF FF FF 43 3C FF FF FF,[],190=1928.375/exp 1928.3678 VALUE_OK
MATCH,9473,0x0CF00400,61444,159658.0,143309.237,-0.018,FF FF FF 0C 3C FF FF FF,FF FF FF 0C 3C FF FF FF,[],190=1921.5/exp 1921.53 VALUE_OK
MATCH,9474,0x0CF00400,61444,159663.0,143314.188,-0.066,FF FF FF D6 3B FF FF FF,FF FF FF D6 3B FF FF FF,[],190=1914.75/exp 1914.6895 VALUE_OK
MATCH,9475,0x0CF00400,61444,159668.0,143319.232,-0.021,FF FF FF 9F 3B FF FF FF,FF FF FF 9F 3B FF FF FF,[],190=1907.875/exp 1907.8466 VALUE_OK
MATCH,9476,0x0CF00400,61444,159673.0,143324.195,-0.057,FF FF FF 68 3B FF FF FF,FF FF FF 68 3B FF FF FF,[],190=1901.0/exp 1901.0011 VALUE_OK
MATCH,9477,0x0CF00400,61444,159678.0,143329.227,-0.024,FF FF FF 31 3B FF FF FF,FF FF FF 31 3B FF FF FF,[],190=1894.125/exp 1894.1534 VALUE_OK
MATCH,9478,0x0CF00400,61444,159683.0,143334.202,-0.049,FF FF FF FA 3A FF FF FF,FF FF FF FA 3A FF FF FF,[],190=1887.25/exp 1887.3034 VALUE_OK
MATCH,9479,0x0CF00400,61444,159688.0,143339.242,-0.008,FF FF FF C4 3A FF FF FF,FF FF FF C4 3A FF FF FF,[],190=1880.5/exp 1880.4513 VALUE_OK
MATCH,9480,0x0CF00400,61444,159693.0,143344.205,-0.045,FF FF FF 8D 3A FF FF FF,FF FF FF 8D 3A FF FF FF,[],190=1873.625/exp 1873.5972 VALUE_OK
MATCH,9481,0x0CF00400,61444,159698.0,143349.177,-0.072,FF FF FF 56 3A FF FF FF,FF FF FF 56 3A FF FF FF,[],190=1866.75/exp 1866.7412 VALUE_OK
MATCH,9482,0x0CF00400,61444,159703.0,143354.22,-0.027,FF FF FF 1F 3A FF FF FF,FF FF FF 1F 3A FF FF FF,[],190=1859.875/exp 1859.8834 VALUE_OK
MATCH,9483,0x0CF00400,61444,159708.0,143359.208,-0.039,FF FF FF E8 39 FF FF FF,FF FF FF E8 39 FF FF FF,[],190=1853.0/exp 1853.0239 VALUE_OK
MATCH,9484,0x0CF00400,61444,159713.0,143364.236,-0.01,FF FF FF B1 39 FF FF FF,FF FF FF B1 39 FF FF FF,[],190=1846.125/exp 1846.1628 VALUE_OK
MATCH,9485,0x0CF00400,61444,159718.0,143369.211,-0.035,FF FF FF 7A 39 FF FF FF,FF FF FF 7A 39 FF FF FF,[],190=1839.25/exp 1839.3002 VALUE_OK
MATCH,9486,0x0CF00400,61444,159723.0,143374.195,-0.05,FF FF FF 43 39 FF FF FF,FF FF FF 43 39 FF FF FF,[],190=1832.375/exp 1832.4363 VALUE_OK
MATCH,9487,0x0CF00400,61444,159728.0,143379.178,-0.066,FF FF FF 0D 39 FF FF FF,FF FF FF 0D 39 FF FF FF,[],190=1825.625/exp 1825.5711 VALUE_OK
MATCH,9488,0x0CF00400,61444,159733.0,143384.222,-0.021,FF FF FF D6 38 FF FF FF,FF FF FF D6 38 FF FF FF,[],190=1818.75/exp 1818.7047 VALUE_OK
MATCH,9489,0x0CF00400,61444,159738.0,143389.209,-0.033,FF FF FF 9F 38 FF FF FF,FF FF FF 9F 38 FF FF FF,[],190=1811.875/exp 1811.8372 VALUE_OK
MATCH,9490,0x0CF00400,61444,159743.0,143394.233,-0.009,FF FF FF 68 38 FF FF FF,FF FF FF 68 38 FF FF FF,[],190=1805.0/exp 1804.9688 VALUE_OK
MATCH,9491,0x0CF00400,61444,159748.0,143399.2,-0.042,FF FF FF 31 38 FF FF FF,FF FF FF 31 38 FF FF FF,[],190=1798.125/exp 1798.0996 VALUE_OK
MATCH,9492,0x0CF00400,61444,159753.0,143404.184,-0.057,FF FF FF FA 37 FF FF FF,FF FF FF FA 37 FF FF FF,[],190=1791.25/exp 1791.2296 VALUE_OK
MATCH,9493,0x0CF00400,61444,159758.0,143409.219,-0.021,FF FF FF C3 37 FF FF FF,FF FF FF C3 37 FF FF FF,[],190=1784.375/exp 1784.359 VALUE_OK
MATCH,9494,0x0CF00400,61444,159763.0,143414.187,-0.052,FF FF FF 8C 37 FF FF FF,FF FF FF 8C 37 FF FF FF,[],190=1777.5/exp 1777.4878 VALUE_OK
MATCH,9495,0x0CF00400,61444,159768.0,143419.222,-0.016,FF FF FF 55 37 FF FF FF,FF FF FF 55 37 FF FF FF,[],190=1770.625/exp 1770.6162 VALUE_OK
MATCH,9496,0x0CF00400,61444,159773.0,143424.194,-0.044,FF FF FF 1E 37 FF FF FF,FF FF FF 1E 37 FF FF FF,[],190=1763.75/exp 1763.7443 VALUE_OK
MATCH,9497,0x0CF00400,61444,159778.0,143429.225,-0.012,FF FF FF E7 36 FF FF FF,FF FF FF E7 36 FF FF FF,[],190=1756.875/exp 1756.8722 VALUE_OK
MATCH,9498,0x0CF00400,61444,159783.0,143434.213,-0.024,FF FF FF B0 36 FF FF FF,FF FF FF B0 36 FF FF FF,[],190=1750.0/exp 1750.0 VALUE_OK
MATCH,9499,0x0CF00400,61444,159788.0,143439.188,-0.048,FF FF FF 79 36 FF FF FF,FF FF FF 79 36 FF FF FF,[],190=1743.125/exp 1743.1278 VALUE_OK
MATCH,9500,0x0CF00400,61444,159793.0,143444.216,-0.019,FF FF FF 42 36 FF FF FF,FF FF FF 42 36 FF FF FF,[],190=1736.25/exp 1736.2557 VALUE_OK
MATCH,9501,0x0CF00400,61444,159798.0,143449.184,-0.051,FF FF FF 0B 36 FF FF FF,FF FF FF 0B 36 FF FF FF,[],190=1729.375/exp 1729.3838 VALUE_OK
MATCH,9502,0x0CF00400,61444,159803.0,143454.219,-0.015,FF FF FF D4 35 FF FF FF,FF FF FF D4 35 FF FF FF,[],190=1722.5/exp 1722.5122 VALUE_OK
MATCH,9503,0x0CF00400,61444,159808.0,143459.199,-0.035,FF FF FF 9D 35 FF FF FF,FF FF FF 9D 35 FF FF FF,[],190=1715.625/exp 1715.641 VALUE_OK
MATCH,9504,0x0CF00400,61444,159813.0,143464.166,-0.067,FF FF FF 66 35 FF FF FF,FF FF FF 66 35 FF FF FF,[],190=1708.75/exp 1708.7704 VALUE_OK
MATCH,9505,0x0CF00400,61444,159818.0,143469.214,-0.018,FF FF FF 2F 35 FF FF FF,FF FF FF 2F 35 FF FF FF,[],190=1701.875/exp 1701.9004 VALUE_OK
MATCH,9506,0x0CF00400,61444,159823.0,143474.189,-0.042,FF FF FF F8 34 FF FF FF,FF FF FF F8 34 FF FF FF,[],190=1695.0/exp 1695.0312 VALUE_OK
MATCH,9507,0x0CF00400,61444,159828.0,143479.173,-0.057,FF FF FF C1 34 FF FF FF,FF FF FF C1 34 FF FF FF,[],190=1688.125/exp 1688.1628 VALUE_OK
MATCH,9508,0x0CF00400,61444,159833.0,143484.204,-0.025,FF FF FF 8A 34 FF FF FF,FF FF FF 8A 34 FF FF FF,[],190=1681.25/exp 1681.2953 VALUE_OK
MATCH,9509,0x0CF00400,61444,159838.0,143489.18,-0.049,FF FF FF 53 34 FF FF FF,FF FF FF 53 34 FF FF FF,[],190=1674.375/exp 1674.4289 VALUE_OK
MATCH,9510,0x0CF00400,61444,159843.0,143494.155,-0.073,FF FF FF 1D 34 FF FF FF,FF FF FF 1D 34 FF FF FF,[],190=1667.625/exp 1667.5637 VALUE_OK
MATCH,9511,0x0CF00400,61444,159848.0,143499.199,-0.027,FF FF FF E6 33 FF FF FF,FF FF FF E6 33 FF FF FF,[],190=1660.75/exp 1660.6998 VALUE_OK
MATCH,9512,0x0CF00400,61444,159853.0,143504.174,-0.052,FF FF FF AF 33 FF FF FF,FF FF FF AF 33 FF FF FF,[],190=1653.875/exp 1653.8372 VALUE_OK
MATCH,9513,0x0CF00400,61444,159858.0,143509.206,-0.019,FF FF FF 78 33 FF FF FF,FF FF FF 78 33 FF FF FF,[],190=1647.0/exp 1646.9761 VALUE_OK
MATCH,9514,0x0CF00400,61444,159863.0,143514.182,-0.042,FF FF FF 41 33 FF FF FF,FF FF FF 41 33 FF FF FF,[],190=1640.125/exp 1640.1166 VALUE_OK
MATCH,9515,0x0CF00400,61444,159868.0,143519.217,-0.006,FF FF FF 0A 33 FF FF FF,FF FF FF 0A 33 FF FF FF,[],190=1633.25/exp 1633.2588 VALUE_OK
MATCH,9516,0x0CF00400,61444,159873.0,143524.185,-0.038,FF FF FF D3 32 FF FF FF,FF FF FF D3 32 FF FF FF,[],190=1626.375/exp 1626.4028 VALUE_OK
MATCH,9517,0x0CF00400,61444,159878.0,143529.212,-0.011,FF FF FF 9C 32 FF FF FF,FF FF FF 9C 32 FF FF FF,[],190=1619.5/exp 1619.5487 VALUE_OK
MATCH,9518,0x0CF00400,61444,159883.0,143534.176,-0.046,FF FF FF 66 32 FF FF FF,FF FF FF 66 32 FF FF FF,[],190=1612.75/exp 1612.6966 VALUE_OK
MATCH,9519,0x0CF00400,61444,159888.0,143539.215,-0.006,FF FF FF 2F 32 FF FF FF,FF FF FF 2F 32 FF FF FF,[],190=1605.875/exp 1605.8466 VALUE_OK
MATCH,9520,0x0CF00400,61444,159893.0,143544.191,-0.03,FF FF FF F8 31 FF FF FF,FF FF FF F8 31 FF FF FF,[],190=1599.0/exp 1598.9989 VALUE_OK
MATCH,9521,0x0CF00400,61444,159898.0,143549.154,-0.067,FF FF FF C1 31 FF FF FF,FF FF FF C1 31 FF FF FF,[],190=1592.125/exp 1592.1534 VALUE_OK
MATCH,9522,0x0CF00400,61444,159903.0,143554.182,-0.037,FF FF FF 8A 31 FF FF FF,FF FF FF 8A 31 FF FF FF,[],190=1585.25/exp 1585.3105 VALUE_OK
MATCH,9523,0x0CF00400,61444,159908.0,143559.141,-0.078,FF FF FF 54 31 FF FF FF,FF FF FF 54 31 FF FF FF,[],190=1578.5/exp 1578.47 VALUE_OK
MATCH,9524,0x0CF00400,61444,159913.0,143564.153,-0.064,FF FF FF 1D 31 FF FF FF,FF FF FF 1D 31 FF FF FF,[],190=1571.625/exp 1571.6322 VALUE_OK
MATCH,9525,0x0CF00400,61444,159918.0,143569.18,-0.036,FF FF FF E6 30 FF FF FF,FF FF FF E6 30 FF FF FF,[],190=1564.75/exp 1564.7972 VALUE_OK
MATCH,9526,0x0CF00400,61444,159923.0,143574.16,-0.055,FF FF FF B0 30 FF FF FF,FF FF FF B0 30 FF FF FF,[],190=1558.0/exp 1557.965 VALUE_OK
MATCH,9527,0x0CF00400,61444,159928.0,143579.176,-0.038,FF FF FF 79 30 FF FF FF,FF FF FF 79 30 FF FF FF,[],190=1551.125/exp 1551.1357 VALUE_OK
MATCH,9528,0x0CF00400,61444,159933.0,143584.147,-0.066,FF FF FF 42 30 FF FF FF,FF FF FF 42 30 FF FF FF,[],190=1544.25/exp 1544.3096 VALUE_OK
MATCH,9529,0x0CF00400,61444,159938.0,143589.182,-0.03,FF FF FF 0C 30 FF FF FF,FF FF FF 0C 30 FF FF FF,[],190=1537.5/exp 1537.4866 VALUE_OK
MATCH,9530,0x0CF00400,61444,159943.0,143594.15,-0.061,FF FF FF D5 2F FF FF FF,FF FF FF D5 2F FF FF FF,[],190=1530.625/exp 1530.6668 VALUE_OK
MATCH,9531,0x0CF00400,61444,159948.0,143599.19,-0.02,FF FF FF 9F 2F FF FF FF,FF FF FF 9F 2F FF FF FF,[],190=1523.875/exp 1523.8505 VALUE_OK
MATCH,9532,0x0CF00400,61444,159953.0,143604.145,-0.065,FF FF FF 68 2F FF FF FF,FF FF FF 68 2F FF FF FF,[],190=1517.0/exp 1517.0377 VALUE_OK
MATCH,9533,0x0CF00400,61444,159958.0,143609.169,-0.039,FF FF FF 32 2F FF FF FF,FF FF FF 32 2F FF FF FF,[],190=1510.25/exp 1510.2284 VALUE_OK
MATCH,9534,0x0CF00400,61444,159963.0,143614.14,-0.068,FF FF FF FB 2E FF FF FF,FF FF FF FB 2E FF FF FF,[],190=1503.375/exp 1503.4228 VALUE_OK
MATCH,9535,0x0CF00400,61444,159968.0,143619.168,-0.038,FF FF FF C5 2E FF FF FF,FF FF FF C5 2E FF FF FF,[],190=1496.625/exp 1496.6211 VALUE_OK
MATCH,9536,0x0CF00400,61444,159973.0,143624.203,-0.002,FF FF FF 8F 2E FF FF FF,FF FF FF 8F 2E FF FF FF,[],190=1489.875/exp 1489.8232 VALUE_OK
MATCH,9537,0x0CF00400,61444,159978.0,143629.171,-0.034,FF FF FF 58 2E FF FF FF,FF FF FF 58 2E FF FF FF,[],190=1483.0/exp 1483.0294 VALUE_OK
MATCH,9538,0x0CF00400,61444,159983.0,143634.19,-0.015,FF FF FF 22 2E FF FF FF,FF FF FF 22 2E FF FF FF,[],190=1476.25/exp 1476.2397 VALUE_OK
MATCH,9539,0x0CF00400,61444,159988.0,143639.166,-0.038,FF FF FF EC 2D FF FF FF,FF FF FF EC 2D FF FF FF,[],190=1469.5/exp 1469.4542 VALUE_OK
MATCH,9540,0x0CF00400,61444,159993.0,143644.198,-0.006,FF FF FF B5 2D FF FF FF,FF FF FF B5 2D FF FF FF,[],190=1462.625/exp 1462.673 VALUE_OK
MATCH,9541,0x0CF00400,61444,159998.0,143649.161,-0.043,FF FF FF 7F 2D FF FF FF,FF FF FF 7F 2D FF FF FF,[],190=1455.875/exp 1455.8963 VALUE_OK
MATCH,9542,0x0CF00400,61444,160003.0,143654.193,-0.01,FF FF FF 49 2D FF FF FF,FF FF FF 49 2D FF FF FF,[],190=1449.125/exp 1449.1241 VALUE_OK
MATCH,9543,0x0CF00400,61444,160008.0,143659.16,-0.042,FF FF FF 13 2D FF FF FF,FF FF FF 13 2D FF FF FF,[],190=1442.375/exp 1442.3565 VALUE_OK
MATCH,9544,0x0CF00400,61444,160013.0,143664.191,-0.011,FF FF FF DD 2C FF FF FF,FF FF FF DD 2C FF FF FF,[],190=1435.625/exp 1435.5937 VALUE_OK
MATCH,9545,0x0CF00400,61444,160018.0,143669.159,-0.042,FF FF FF A7 2C FF FF FF,FF FF FF A7 2C FF FF FF,[],190=1428.875/exp 1428.8357 VALUE_OK
MATCH,9546,0x0CF00400,61444,160023.0,143674.183,-0.018,FF FF FF 71 2C FF FF FF,FF FF FF 71 2C FF FF FF,[],190=1422.125/exp 1422.0827 VALUE_OK
MATCH,9547,0x0CF00400,61444,160028.0,143679.146,-0.054,FF FF FF 3B 2C FF FF FF,FF FF FF 3B 2C FF FF FF,[],190=1415.375/exp 1415.3347 VALUE_OK
MATCH,9548,0x0CF00400,61444,160033.0,143684.178,-0.021,FF FF FF 05 2C FF FF FF,FF FF FF 05 2C FF FF FF,[],190=1408.625/exp 1408.5919 VALUE_OK
MATCH,9549,0x0CF00400,61444,160038.0,143689.189,-0.01,FF FF FF CF 2B FF FF FF,FF FF FF CF 2B FF FF FF,[],190=1401.875/exp 1401.8544 VALUE_OK
MATCH,9550,0x0CF00400,61444,160043.0,143694.157,-0.042,FF FF FF 99 2B FF FF FF,FF FF FF 99 2B FF FF FF,[],190=1395.125/exp 1395.1222 VALUE_OK
MATCH,9551,0x0CF00400,61444,160048.0,143699.184,-0.014,FF FF FF 63 2B FF FF FF,FF FF FF 63 2B FF FF FF,[],190=1388.375/exp 1388.3955 VALUE_OK
MATCH,9552,0x0CF00400,61444,160053.0,143704.148,-0.049,FF FF FF 2D 2B FF FF FF,FF FF FF 2D 2B FF FF FF,[],190=1381.625/exp 1381.6744 VALUE_OK
MATCH,9553,0x0CF00400,61444,160058.0,143709.191,-0.005,FF FF FF F8 2A FF FF FF,FF FF FF F8 2A FF FF FF,[],190=1375.0/exp 1374.959 VALUE_OK
MATCH,9554,0x0CF00400,61444,160063.0,143714.147,-0.049,FF FF FF C2 2A FF FF FF,FF FF FF C2 2A FF FF FF,[],190=1368.25/exp 1368.2493 VALUE_OK
MATCH,9555,0x0CF00400,61444,160068.0,143719.174,-0.021,FF FF FF 8C 2A FF FF FF,FF FF FF 8C 2A FF FF FF,[],190=1361.5/exp 1361.5456 VALUE_OK
MATCH,9556,0x0CF00400,61444,160073.0,143724.142,-0.053,FF FF FF 57 2A FF FF FF,FF FF FF 57 2A FF FF FF,[],190=1354.875/exp 1354.8478 VALUE_OK
MATCH,9557,0x0CF00400,61444,160078.0,143729.17,-0.024,FF FF FF 21 2A FF FF FF,FF FF FF 21 2A FF FF FF,[],190=1348.125/exp 1348.1561 VALUE_OK
MATCH,9558,0x0CF00400,61444,160083.0,143734.15,-0.043,FF FF FF EC 29 FF FF FF,FF FF FF EC 29 FF FF FF,[],190=1341.5/exp 1341.4706 VALUE_OK
MATCH,9559,0x0CF00400,61444,160088.0,143739.173,-0.02,FF FF FF B6 29 FF FF FF,FF FF FF B6 29 FF FF FF,[],190=1334.75/exp 1334.7914 VALUE_OK
MATCH,9560,0x0CF00400,61444,160093.0,143744.149,-0.043,FF FF FF 81 29 FF FF FF,FF FF FF 81 29 FF FF FF,[],190=1328.125/exp 1328.1186 VALUE_OK
MATCH,9561,0x0CF00400,61444,160098.0,143749.169,-0.022,FF FF FF 4C 29 FF FF FF,FF FF FF 4C 29 FF FF FF,[],190=1321.5/exp 1321.4524 VALUE_OK
MATCH,9562,0x0CF00400,61444,160103.0,143754.136,-0.055,FF FF FF 16 29 FF FF FF,FF FF FF 16 29 FF FF FF,[],190=1314.75/exp 1314.7927 VALUE_OK
MATCH,9563,0x0CF00400,61444,160108.0,143759.172,-0.018,FF FF FF E1 28 FF FF FF,FF FF FF E1 28 FF FF FF,[],190=1308.125/exp 1308.1397 VALUE_OK
MATCH,9564,0x0CF00400,61444,160113.0,143764.143,-0.046,FF FF FF AC 28 FF FF FF,FF FF FF AC 28 FF FF FF,[],190=1301.5/exp 1301.4936 VALUE_OK
MATCH,9565,0x0CF00400,61444,160118.0,143769.171,-0.017,FF FF FF 77 28 FF FF FF,FF FF FF 77 28 FF FF FF,[],190=1294.875/exp 1294.8544 VALUE_OK
MATCH,9566,0x0CF00400,61444,160123.0,143774.13,-0.058,FF FF FF 42 28 FF FF FF,FF FF FF 42 28 FF FF FF,[],190=1288.25/exp 1288.2222 VALUE_OK
MATCH,9567,0x0CF00400,61444,160128.0,143779.166,-0.021,FF FF FF 0D 28 FF FF FF,FF FF FF 0D 28 FF FF FF,[],190=1281.625/exp 1281.5971 VALUE_OK
MATCH,9568,0x0CF00400,61444,160133.0,143784.141,-0.046,FF FF FF D8 27 FF FF FF,FF FF FF D8 27 FF FF FF,[],190=1275.0/exp 1274.9792 VALUE_OK
MATCH,9569,0x0CF00400,61444,160138.0,143789.169,-0.017,FF FF FF A3 27 FF FF FF,FF FF FF A3 27 FF FF FF,[],190=1268.375/exp 1268.3687 VALUE_OK
MATCH,9570,0x0CF00400,61444,160143.0,143794.128,-0.057,FF FF FF 6E 27 FF FF FF,FF FF FF 6E 27 FF FF FF,[],190=1261.75/exp 1261.7656 VALUE_OK
MATCH,9571,0x0CF00400,61444,160148.0,143799.16,-0.024,FF FF FF 39 27 FF FF FF,FF FF FF 39 27 FF FF FF,[],190=1255.125/exp 1255.17 VALUE_OK
MATCH,9572,0x0CF00400,61444,160153.0,143804.131,-0.053,FF FF FF 05 27 FF FF FF,FF FF FF 05 27 FF FF FF,[],190=1248.625/exp 1248.582 VALUE_OK
MATCH,9573,0x0CF00400,61444,160158.0,143809.159,-0.024,FF FF FF D0 26 FF FF FF,FF FF FF D0 26 FF FF FF,[],190=1242.0/exp 1242.0018 VALUE_OK
MATCH,9574,0x0CF00400,61444,160163.0,143814.166,-0.016,FF FF FF 9B 26 FF FF FF,FF FF FF 9B 26 FF FF FF,[],190=1235.375/exp 1235.4294 VALUE_OK
MATCH,9575,0x0CF00400,61444,160168.0,143819.138,-0.044,FF FF FF 67 26 FF FF FF,FF FF FF 67 26 FF FF FF,[],190=1228.875/exp 1228.865 VALUE_OK
MATCH,9576,0x0CF00400,61444,160173.0,143824.158,-0.023,FF FF FF 32 26 FF FF FF,FF FF FF 32 26 FF FF FF,[],190=1222.25/exp 1222.3086 VALUE_OK
MATCH,9577,0x0CF00400,61444,160178.0,143829.137,-0.043,FF FF FF FE 25 FF FF FF,FF FF FF FE 25 FF FF FF,[],190=1215.75/exp 1215.7603 VALUE_OK
MATCH,9578,0x0CF00400,61444,160183.0,143834.161,-0.019,FF FF FF CA 25 FF FF FF,FF FF FF CA 25 FF FF FF,[],190=1209.25/exp 1209.2203 VALUE_OK
MATCH,9579,0x0CF00400,61444,160188.0,143839.132,-0.047,FF FF FF 96 25 FF FF FF,FF FF FF 96 25 FF FF FF,[],190=1202.75/exp 1202.6886 VALUE_OK
MATCH,9580,0x0CF00400,61444,160193.0,143844.16,-0.018,FF FF FF 61 25 FF FF FF,FF FF FF 61 25 FF FF FF,[],190=1196.125/exp 1196.1653 VALUE_OK
MATCH,9581,0x0CF00400,61444,160198.0,143849.123,-0.055,FF FF FF 2D 25 FF FF FF,FF FF FF 2D 25 FF FF FF,[],190=1189.625/exp 1189.6506 VALUE_OK
MATCH,9582,0x0CF00400,61444,160203.0,143854.151,-0.026,FF FF FF F9 24 FF FF FF,FF FF FF F9 24 FF FF FF,[],190=1183.125/exp 1183.1445 VALUE_OK
MATCH,9583,0x0CF00400,61444,160208.0,143859.118,-0.058,FF FF FF C5 24 FF FF FF,FF FF FF C5 24 FF FF FF,[],190=1176.625/exp 1176.6472 VALUE_OK
MATCH,9584,0x0CF00400,61444,160213.0,143864.158,-0.017,FF FF FF 91 24 FF FF FF,FF FF FF 91 24 FF FF FF,[],190=1170.125/exp 1170.1587 VALUE_OK
MATCH,9585,0x0CF00400,61444,160218.0,143869.118,-0.057,FF FF FF 5D 24 FF FF FF,FF FF FF 5D 24 FF FF FF,[],190=1163.625/exp 1163.6791 VALUE_OK
MATCH,9586,0x0CF00400,61444,160223.0,143874.141,-0.033,FF FF FF 2A 24 FF FF FF,FF FF FF 2A 24 FF FF FF,[],190=1157.25/exp 1157.2086 VALUE_OK
MATCH,9587,0x0CF00400,61444,160228.0,143879.116,-0.057,FF FF FF F6 23 FF FF FF,FF FF FF F6 23 FF FF FF,[],190=1150.75/exp 1150.7473 VALUE_OK
MATCH,9588,0x0CF00400,61444,160233.0,143884.152,-0.02,FF FF FF C2 23 FF FF FF,FF FF FF C2 23 FF FF FF,[],190=1144.25/exp 1144.2952 VALUE_OK
MATCH,9589,0x0CF00400,61444,160238.0,143889.112,-0.059,FF FF FF 8F 23 FF FF FF,FF FF FF 8F 23 FF FF FF,[],190=1137.875/exp 1137.8524 VALUE_OK
MATCH,9590,0x0CF00400,61444,160243.0,143894.139,-0.031,FF FF FF 5B 23 FF FF FF,FF FF FF 5B 23 FF FF FF,[],190=1131.375/exp 1131.419 VALUE_OK
MATCH,9591,0x0CF00400,61444,160248.0,143899.111,-0.059,FF FF FF 28 23 FF FF FF,FF FF FF 28 23 FF FF FF,[],190=1125.0/exp 1124.9952 VALUE_OK
MATCH,9592,0x0CF00400,61444,160253.0,143904.146,-0.022,FF FF FF F5 22 FF FF FF,FF FF FF F5 22 FF FF FF,[],190=1118.625/exp 1118.5811 VALUE_OK
MATCH,9593,0x0CF00400,61444,160258.0,143909.114,-0.054,FF FF FF C1 22 FF FF FF,FF FF FF C1 22 FF FF FF,[],190=1112.125/exp 1112.1766 VALUE_OK
MATCH,9594,0x0CF00400,61444,160263.0,143914.138,-0.029,FF FF FF 8E 22 FF FF FF,FF FF FF 8E 22 FF FF FF,[],190=1105.75/exp 1105.782 VALUE_OK
MATCH,9595,0x0CF00400,61444,160268.0,143919.105,-0.061,FF FF FF 5B 22 FF FF FF,FF FF FF 5B 22 FF FF FF,[],190=1099.375/exp 1099.3974 VALUE_OK
MATCH,9596,0x0CF00400,61444,160273.0,143924.14,-0.025,FF FF FF 28 22 FF FF FF,FF FF FF 28 22 FF FF FF,[],190=1093.0/exp 1093.0228 VALUE_OK
MATCH,9597,0x0CF00400,61444,160278.0,143929.108,-0.057,FF FF FF F5 21 FF FF FF,FF FF FF F5 21 FF FF FF,[],190=1086.625/exp 1086.6583 VALUE_OK
MATCH,9598,0x0CF00400,61444,160283.0,143934.135,-0.028,FF FF FF C2 21 FF FF FF,FF FF FF C2 21 FF FF FF,[],190=1080.25/exp 1080.304 VALUE_OK
MATCH,9599,0x0CF00400,61444,160288.0,143939.147,-0.016,FF FF FF 90 21 FF FF FF,FF FF FF 90 21 FF FF FF,[],190=1074.0/exp 1073.9601 VALUE_OK
MATCH,9600,0x0CF00400,61444,160293.0,143944.103,-0.06,FF FF FF 5D 21 FF FF FF,FF FF FF 5D 21 FF FF FF,[],190=1067.625/exp 1067.6265 VALUE_OK
MATCH,9601,0x0CF00400,61444,160298.0,143949.13,-0.031,FF FF FF 2A 21 FF FF FF,FF FF FF 2A 21 FF FF FF,[],190=1061.25/exp 1061.3036 VALUE_OK
MATCH,9602,0x0CF00400,61444,160303.0,143954.113,-0.048,FF FF FF F8 20 FF FF FF,FF FF FF F8 20 FF FF FF,[],190=1055.0/exp 1054.9912 VALUE_OK
MATCH,9603,0x0CF00400,61444,160308.0,143959.141,-0.019,FF FF FF C6 20 FF FF FF,FF FF FF C6 20 FF FF FF,[],190=1048.75/exp 1048.6895 VALUE_OK
MATCH,9604,0x0CF00400,61444,160313.0,143964.109,-0.05,FF FF FF 93 20 FF FF FF,FF FF FF 93 20 FF FF FF,[],190=1042.375/exp 1042.3987 VALUE_OK
MATCH,9605,0x0CF00400,61444,160318.0,143969.132,-0.026,FF FF FF 61 20 FF FF FF,FF FF FF 61 20 FF FF FF,[],190=1036.125/exp 1036.1188 VALUE_OK
MATCH,9606,0x0CF00400,61444,160323.0,143974.108,-0.05,FF FF FF 2F 20 FF FF FF,FF FF FF 2F 20 FF FF FF,[],190=1029.875/exp 1029.8499 VALUE_OK
UNLOGGED,,0x0CF00400,61444,,143979.139,,,FF FF FF FD 1F FF FF FF,[],
MATCH,9608,0x0CF00400,61444,160333.0,143984.111,-0.046,FF FF FF CB 1F FF FF FF,FF FF FF CB 1F FF FF FF,[],190=1017.375/exp 1017.3455 VALUE_OK
MATCH,9609,0x0CF00400,61444,160338.0,143989.147,-0.009,FF FF FF 99 1F FF FF FF,FF FF FF 99 1F FF FF FF,[],190=1011.125/exp 1011.1102 VALUE_OK
MATCH,9610,0x0CF00400,61444,160343.0,143994.122,-0.034,FF FF FF 67 1F FF FF FF,FF FF FF 67 1F FF FF FF,[],190=1004.875/exp 1004.8862 VALUE_OK
MATCH,9611,0x0CF00400,61444,160348.0,143999.101,-0.054,FF FF FF 35 1F FF FF FF,FF FF FF 35 1F FF FF FF,[],190=998.625/exp 998.6738 VALUE_OK
MATCH,9612,0x0CF00400,61444,160353.0,144004.149,-0.005,FF FF FF 04 1F FF FF FF,FF FF FF 04 1F FF FF FF,[],190=992.5/exp 992.473 VALUE_OK
UNLOGGED,,0x0CF00400,61444,,144009.117,,,FF FF FF D2 1E FF FF FF,[],
MATCH,9614,0x0CF00400,61444,160363.0,144014.092,-0.062,FF FF FF A1 1E FF FF FF,FF FF FF A1 1E FF FF FF,[],190=980.125/exp 980.1065 VALUE_OK
MATCH,9615,0x0CF00400,61444,160368.0,144019.135,-0.018,FF FF FF 70 1E FF FF FF,FF FF FF 70 1E FF FF FF,[],190=974.0/exp 973.9409 VALUE_OK
MATCH,9616,0x0CF00400,61444,160373.0,144024.127,-0.025,FF FF FF 3E 1E FF FF FF,FF FF FF 3E 1E FF FF FF,[],190=967.75/exp 967.7874 VALUE_OK
MATCH,9617,0x0CF00400,61444,160378.0,144029.09,-0.062,FF FF FF 0D 1E FF FF FF,FF FF FF 0D 1E FF FF FF,[],190=961.625/exp 961.6459 VALUE_OK
MATCH,9618,0x0CF00400,61444,160383.0,144034.138,-0.013,FF FF FF DC 1D FF FF FF,FF FF FF DC 1D FF FF FF,[],190=955.5/exp 955.5166 VALUE_OK
MATCH,9619,0x0CF00400,61444,160388.0,144039.106,-0.044,FF FF FF AB 1D FF FF FF,FF FF FF AB 1D FF FF FF,[],190=949.375/exp 949.3996 VALUE_OK
MATCH,9620,0x0CF00400,61444,160393.0,144044.085,-0.064,FF FF FF 7A 1D FF FF FF,FF FF FF 7A 1D FF FF FF,[],190=943.25/exp 943.2948 VALUE_OK
MATCH,9621,0x0CF00400,61444,160398.0,144049.125,-0.023,FF FF FF 4A 1D FF FF FF,FF FF FF 4A 1D FF FF FF,[],190=937.25/exp 937.2026 VALUE_OK
MATCH,9622,0x0CF00400,61444,160403.0,144054.096,-0.052,FF FF FF 19 1D FF FF FF,FF FF FF 19 1D FF FF FF,[],190=931.125/exp 931.1228 VALUE_OK
MATCH,9623,0x0CF00400,61444,160408.0,144059.14,-0.007,FF FF FF E8 1C FF FF FF,FF FF FF E8 1C FF FF FF,[],190=925.0/exp 925.0557 VALUE_OK
MATCH,9624,0x0CF00400,61444,160413.0,144064.095,-0.052,FF FF FF B8 1C FF FF FF,FF FF FF B8 1C FF FF FF,[],190=919.0/exp 919.0013 VALUE_OK
MATCH,9625,0x0CF00400,61444,160418.0,144069.135,-0.011,FF FF FF 88 1C FF FF FF,FF FF FF 88 1C FF FF FF,[],190=913.0/exp 912.9597 VALUE_OK
MATCH,9626,0x0CF00400,61444,160423.0,144074.106,-0.039,FF FF FF 57 1C FF FF FF,FF FF FF 57 1C FF FF FF,[],190=906.875/exp 906.9311 VALUE_OK
MATCH,9627,0x0CF00400,61444,160428.0,144079.094,-0.051,FF FF FF 27 1C FF FF FF,FF FF FF 27 1C FF FF FF,[],190=900.875/exp 900.9154 VALUE_OK
MATCH,9628,0x0CF00400,61444,160433.0,144084.089,-0.055,FF FF FF F7 1B FF FF FF,FF FF FF F7 1B FF FF FF,[],190=894.875/exp 894.9128 VALUE_OK
MATCH,9629,0x0CF00400,61444,160438.0,144089.081,-0.061,FF FF FF C7 1B FF FF FF,FF FF FF C7 1B FF FF FF,[],190=888.875/exp 888.9234 VALUE_OK
MATCH,9630,0x0CF00400,61444,160443.0,144094.128,-0.013,FF FF FF 98 1B FF FF FF,FF FF FF 98 1B FF FF FF,[],190=883.0/exp 882.9473 VALUE_OK
MATCH,9631,0x0CF00400,61444,160448.0,144099.112,-0.029,FF FF FF 68 1B FF FF FF,FF FF FF 68 1B FF FF FF,[],190=877.0/exp 876.9846 VALUE_OK
MATCH,9632,0x0CF00400,61444,160453.0,144104.096,-0.044,FF FF FF 38 1B FF FF FF,FF FF FF 38 1B FF FF FF,[],190=871.0/exp 871.0353 VALUE_OK
MATCH,9633,0x0CF00400,61444,160458.0,144109.127,-0.012,FF FF FF 09 1B FF FF FF,FF FF FF 09 1B FF FF FF,[],190=865.125/exp 865.0996 VALUE_OK
MATCH,9634,0x0CF00400,61444,160463.0,144114.111,-0.028,FF FF FF D9 1A FF FF FF,FF FF FF D9 1A FF FF FF,[],190=859.125/exp 859.1775 VALUE_OK
MATCH,9635,0x0CF00400,61444,160468.0,144119.082,-0.057,FF FF FF AA 1A FF FF FF,FF FF FF AA 1A FF FF FF,[],190=853.25/exp 853.2692 VALUE_OK
MATCH,9636,0x0CF00400,61444,160473.0,144124.118,-0.02,FF FF FF 7B 1A FF FF FF,FF FF FF 7B 1A FF FF FF,[],190=847.375/exp 847.3747 VALUE_OK
MATCH,9637,0x0CF00400,61444,160478.0,144129.101,-0.036,FF FF FF 4C 1A FF FF FF,FF FF FF 4C 1A FF FF FF,[],190=841.5/exp 841.4941 VALUE_OK
MATCH,9638,0x0CF00400,61444,160483.0,144134.077,-0.059,FF FF FF 1D 1A FF FF FF,FF FF FF 1D 1A FF FF FF,[],190=835.625/exp 835.6275 VALUE_OK
MATCH,9639,0x0CF00400,61444,160488.0,144139.12,-0.015,FF FF FF EE 19 FF FF FF,FF FF FF EE 19 FF FF FF,[],190=829.75/exp 829.775 VALUE_OK
MATCH,9640,0x0CF00400,61444,160493.0,144144.1,-0.035,FF FF FF C0 19 FF FF FF,FF FF FF C0 19 FF FF FF,[],190=824.0/exp 823.9367 VALUE_OK
MATCH,9641,0x0CF00400,61444,160498.0,144149.075,-0.059,FF FF FF 91 19 FF FF FF,FF FF FF 91 19 FF FF FF,[],190=818.125/exp 818.1127 VALUE_OK
MATCH,9642,0x0CF00400,61444,160503.0,144154.107,-0.026,FF FF FF 62 19 FF FF FF,FF FF FF 62 19 FF FF FF,[],190=812.25/exp 812.3031 VALUE_OK
MATCH,9643,0x0CF00400,61444,160508.0,144159.086,-0.047,FF FF FF 34 19 FF FF FF,FF FF FF 34 19 FF FF FF,[],190=806.5/exp 806.5079 VALUE_OK
MATCH,9644,0x0CF00400,61444,160513.0,144164.07,-0.062,FF FF FF 06 19 FF FF FF,FF FF FF 06 19 FF FF FF,[],190=800.75/exp 800.7273 VALUE_OK
MATCH,9645,0x0CF00400,61444,160518.0,144169.114,-0.016,FF FF FF D8 18 FF FF FF,FF FF FF D8 18 FF FF FF,[],190=795.0/exp 794.9613 VALUE_OK
MATCH,9646,0x0CF00400,61444,160523.0,144174.093,-0.037,FF FF FF AA 18 FF FF FF,FF FF FF AA 18 FF FF FF,[],190=789.25/exp 789.2101 VALUE_OK
MATCH,9647,0x0CF00400,61444,160528.0,144179.073,-0.056,FF FF FF 7C 18 FF FF FF,FF FF FF 7C 18 FF FF FF,[],190=783.5/exp 783.4736 VALUE_OK
MATCH,9648,0x0CF00400,61444,160533.0,144184.1,-0.028,FF FF FF 4E 18 FF FF FF,FF FF FF 4E 18 FF FF FF,[],190=777.75/exp 777.7521 VALUE_OK
MATCH,9649,0x0CF00400,61444,160538.0,144189.124,-0.004,FF FF FF 20 18 FF FF FF,FF FF FF 20 18 FF FF FF,[],190=772.0/exp 772.0455 VALUE_OK
MATCH,9650,0x0CF00400,61444,160543.0,144194.103,-0.025,FF FF FF F3 17 FF FF FF,FF FF FF F3 17 FF FF FF,[],190=766.375/exp 766.3541 VALUE_OK
MATCH,9651,0x0CF00400,61444,160548.0,144199.083,-0.044,FF FF FF C5 17 FF FF FF,FF FF FF C5 17 FF FF FF,[],190=760.625/exp 760.6778 VALUE_OK
MATCH,9652,0x0CF00400,61444,160553.0,144204.126,-0.0,FF FF FF 98 17 FF FF FF,FF FF FF 98 17 FF FF FF,[],190=755.0/exp 755.0168 VALUE_OK
MATCH,9653,0x0CF00400,61444,160558.0,144209.094,-0.032,FF FF FF 6B 17 FF FF FF,FF FF FF 6B 17 FF FF FF,[],190=749.375/exp 749.3711 VALUE_OK
MATCH,9654,0x0CF00400,61444,160563.0,144214.073,-0.053,FF FF FF 3E 17 FF FF FF,FF FF FF 3E 17 FF FF FF,[],190=743.75/exp 743.7408 VALUE_OK
MATCH,9655,0x0CF00400,61444,160568.0,144219.105,-0.019,FF FF FF 11 17 FF FF FF,FF FF FF 11 17 FF FF FF,[],190=738.125/exp 738.1261 VALUE_OK
UNLOGGED,,0x0CF00400,61444,,144224.096,,,FF FF FF E4 16 FF FF FF,[],
MATCH,9657,0x0CF00400,61444,160578.0,144229.064,-0.06,FF FF FF B8 16 FF FF FF,FF FF FF B8 16 FF FF FF,[],190=727.0/exp 726.9435 VALUE_OK
MATCH,9658,0x0CF00400,61444,160583.0,144234.103,-0.02,FF FF FF 8B 16 FF FF FF,FF FF FF 8B 16 FF FF FF,[],190=721.375/exp 721.3758 VALUE_OK
MATCH,9659,0x0CF00400,61444,160588.0,144239.075,-0.047,FF FF FF 5F 16 FF FF FF,FF FF FF 5F 16 FF FF FF,[],190=715.875/exp 715.824 VALUE_OK
MATCH,9660,0x0CF00400,61444,160593.0,144244.05,-0.072,FF FF FF 32 16 FF FF FF,FF FF FF 32 16 FF FF FF,[],190=710.25/exp 710.2881 VALUE_OK
MATCH,9661,0x0CF00400,61444,160598.0,144249.094,-0.026,FF FF FF 06 16 FF FF FF,FF FF FF 06 16 FF FF FF,[],190=704.75/exp 704.7683 VALUE_OK
MATCH,9662,0x0CF00400,61444,160603.0,144254.07,-0.05,FF FF FF DA 15 FF FF FF,FF FF FF DA 15 FF FF FF,[],190=699.25/exp 699.2646 VALUE_OK
MATCH,9663,0x0CF00400,61444,160608.0,144259.117,-0.002,FF FF FF AE 15 FF FF FF,FF FF FF AE 15 FF FF FF,[],190=693.75/exp 693.7771 VALUE_OK
MATCH,9664,0x0CF00400,61444,160613.0,144264.093,-0.026,FF FF FF 82 15 FF FF FF,FF FF FF 82 15 FF FF FF,[],190=688.25/exp 688.3059 VALUE_OK
MATCH,9665,0x0CF00400,61444,160618.0,144269.065,-0.053,FF FF FF 57 15 FF FF FF,FF FF FF 57 15 FF FF FF,[],190=682.875/exp 682.851 VALUE_OK
MATCH,9666,0x0CF00400,61444,160623.0,144274.109,-0.008,FF FF FF 2B 15 FF FF FF,FF FF FF 2B 15 FF FF FF,[],190=677.375/exp 677.4127 VALUE_OK
MATCH,9667,0x0CF00400,61444,160628.0,144279.088,-0.029,FF FF FF 00 15 FF FF FF,FF FF FF 00 15 FF FF FF,[],190=672.0/exp 671.9908 VALUE_OK
MATCH,9668,0x0CF00400,61444,160633.0,144284.056,-0.06,FF FF FF D5 14 FF FF FF,FF FF FF D5 14 FF FF FF,[],190=666.625/exp 666.5856 VALUE_OK
MATCH,9669,0x0CF00400,61444,160638.0,144289.099,-0.016,FF FF FF AA 14 FF FF FF,FF FF FF AA 14 FF FF FF,[],190=661.25/exp 661.1971 VALUE_OK
MATCH,9670,0x0CF00400,61444,160643.0,144294.079,-0.036,FF FF FF 7F 14 FF FF FF,FF FF FF 7F 14 FF FF FF,[],190=655.875/exp 655.8254 VALUE_OK
MATCH,9671,0x0CF00400,61444,160648.0,144299.058,-0.056,FF FF FF 54 14 FF FF FF,FF FF FF 54 14 FF FF FF,[],190=650.5/exp 650.4705 VALUE_OK
MATCH,9672,0x0CF00400,61444,160653.0,144304.082,-0.031,FF FF FF 29 14 FF FF FF,FF FF FF 29 14 FF FF FF,[],190=645.125/exp 645.1326 VALUE_OK
MATCH,9673,0x0CF00400,61444,160658.0,144309.074,-0.038,FF FF FF FE 13 FF FF FF,FF FF FF FE 13 FF FF FF,[],190=639.75/exp 639.8118 VALUE_OK
MATCH,9674,0x0CF00400,61444,160663.0,144314.089,-0.022,FF FF FF D4 13 FF FF FF,FF FF FF D4 13 FF FF FF,[],190=634.5/exp 634.508 VALUE_OK
MATCH,9675,0x0CF00400,61444,160668.0,144319.061,-0.05,FF FF FF AA 13 FF FF FF,FF FF FF AA 13 FF FF FF,[],190=629.25/exp 629.2215 VALUE_OK
MATCH,9676,0x0CF00400,61444,160673.0,144324.108,-0.002,FF FF FF 80 13 FF FF FF,FF FF FF 80 13 FF FF FF,[],190=624.0/exp 623.9522 VALUE_OK
MATCH,9677,0x0CF00400,61444,160678.0,144329.076,-0.034,FF FF FF 56 13 FF FF FF,FF FF FF 56 13 FF FF FF,[],190=618.75/exp 618.7004 VALUE_OK
MATCH,9678,0x0CF00400,61444,160683.0,144334.055,-0.054,FF FF FF 2C 13 FF FF FF,FF FF FF 2C 13 FF FF FF,[],190=613.5/exp 613.4659 VALUE_OK
MATCH,9679,0x0CF00400,61444,160688.0,144339.095,-0.013,FF FF FF 02 13 FF FF FF,FF FF FF 02 13 FF FF FF,[],190=608.25/exp 608.249 VALUE_OK
MATCH,9680,0x0CF00400,61444,160693.0,144344.074,-0.034,FF FF FF D8 12 FF FF FF,FF FF FF D8 12 FF FF FF,[],190=603.0/exp 603.0497 VALUE_OK
MATCH,9681,0x0CF00400,61444,160698.0,144349.046,-0.061,FF FF FF AF 12 FF FF FF,FF FF FF AF 12 FF FF FF,[],190=597.875/exp 597.8681 VALUE_OK
MATCH,9682,0x0CF00400,61444,160703.0,144354.093,-0.013,FF FF FF 86 12 FF FF FF,FF FF FF 86 12 FF FF FF,[],190=592.75/exp 592.7042 VALUE_OK
MATCH,9683,0x0CF00400,61444,160708.0,144359.073,-0.033,FF FF FF 5C 12 FF FF FF,FF FF FF 5C 12 FF FF FF,[],190=587.5/exp 587.5582 VALUE_OK
MATCH,9684,0x0CF00400,61444,160713.0,144364.052,-0.053,FF FF FF 33 12 FF FF FF,FF FF FF 33 12 FF FF FF,[],190=582.375/exp 582.4302 VALUE_OK
MATCH,9685,0x0CF00400,61444,160718.0,144369.088,-0.016,FF FF FF 0B 12 FF FF FF,FF FF FF 0B 12 FF FF FF,[],190=577.375/exp 577.3201 VALUE_OK
MATCH,9686,0x0CF00400,61444,160723.0,144374.071,-0.033,FF FF FF E2 11 FF FF FF,FF FF FF E2 11 FF FF FF,[],190=572.25/exp 572.2281 VALUE_OK
MATCH,9687,0x0CF00400,61444,160728.0,144379.047,-0.056,FF FF FF B9 11 FF FF FF,FF FF FF B9 11 FF FF FF,[],190=567.125/exp 567.1543 VALUE_OK
MATCH,9688,0x0CF00400,61444,160733.0,144384.094,-0.008,FF FF FF 91 11 FF FF FF,FF FF FF 91 11 FF FF FF,[],190=562.125/exp 562.0987 VALUE_OK
MATCH,9689,0x0CF00400,61444,160738.0,144389.066,-0.036,FF FF FF 68 11 FF FF FF,FF FF FF 68 11 FF FF FF,[],190=557.0/exp 557.0614 VALUE_OK
MATCH,9690,0x0CF00400,61444,160743.0,144394.041,-0.06,FF FF FF 40 11 FF FF FF,FF FF FF 40 11 FF FF FF,[],190=552.0/exp 552.0426 VALUE_OK
MATCH,9691,0x0CF00400,61444,160748.0,144399.081,-0.019,FF FF FF 18 11 FF FF FF,FF FF FF 18 11 FF FF FF,[],190=547.0/exp 547.0422 VALUE_OK
MATCH,9692,0x0CF00400,61444,160753.0,144404.065,-0.035,FF FF FF F0 10 FF FF FF,FF FF FF F0 10 FF FF FF,[],190=542.0/exp 542.0603 VALUE_OK
MATCH,9693,0x0CF00400,61444,160758.0,144409.036,-0.063,FF FF FF C9 10 FF FF FF,FF FF FF C9 10 FF FF FF,[],190=537.125/exp 537.0971 VALUE_OK
MATCH,9694,0x0CF00400,61444,160763.0,144414.076,-0.022,FF FF FF A1 10 FF FF FF,FF FF FF A1 10 FF FF FF,[],190=532.125/exp 532.1526 VALUE_OK
MATCH,9695,0x0CF00400,61444,160768.0,144419.051,-0.046,FF FF FF 7A 10 FF FF FF,FF FF FF 7A 10 FF FF FF,[],190=527.25/exp 527.2269 VALUE_OK
MATCH,9696,0x0CF00400,61444,160773.0,144424.027,-0.069,FF FF FF 53 10 FF FF FF,FF FF FF 53 10 FF FF FF,[],190=522.375/exp 522.32 VALUE_OK
MATCH,9697,0x0CF00400,61444,160778.0,144429.066,-0.029,FF FF FF 2B 10 FF FF FF,FF FF FF 2B 10 FF FF FF,[],190=517.375/exp 517.4321 VALUE_OK
MATCH,9698,0x0CF00400,61444,160783.0,144434.05,-0.044,FF FF FF 05 10 FF FF FF,FF FF FF 05 10 FF FF FF,[],190=512.625/exp 512.5631 VALUE_OK
MATCH,9699,0x0CF00400,61444,160788.0,144439.061,-0.032,FF FF FF DE 0F FF FF FF,FF FF FF DE 0F FF FF FF,[],190=507.75/exp 507.7133 VALUE_OK
MATCH,9700,0x0CF00400,61444,160793.0,144444.089,-0.004,FF FF FF B7 0F FF FF FF,FF FF FF B7 0F FF FF FF,[],190=502.875/exp 502.8826 VALUE_OK
MATCH,9701,0x0CF00400,61444,160798.0,144449.068,-0.025,FF FF FF 91 0F FF FF FF,FF FF FF 91 0F FF FF FF,[],190=498.125/exp 498.0711 VALUE_OK
MATCH,9702,0x0CF00400,61444,160803.0,144454.048,-0.044,FF FF FF 6A 0F FF FF FF,FF FF FF 6A 0F FF FF FF,[],190=493.25/exp 493.279 VALUE_OK
MATCH,9703,0x0CF00400,61444,160808.0,144459.096,0.005,FF FF FF 44 0F FF FF FF,FF FF FF 44 0F FF FF FF,[],190=488.5/exp 488.5062 VALUE_OK
MATCH,9704,0x0CF00400,61444,160813.0,144464.063,-0.028,FF FF FF 1E 0F FF FF FF,FF FF FF 1E 0F FF FF FF,[],190=483.75/exp 483.7529 VALUE_OK
MATCH,9705,0x0CF00400,61444,160818.0,144469.046,-0.045,FF FF FF F8 0E FF FF FF,FF FF FF F8 0E FF FF FF,[],190=479.0/exp 479.0191 VALUE_OK
MATCH,9706,0x0CF00400,61444,160823.0,144474.086,-0.004,FF FF FF D2 0E FF FF FF,FF FF FF D2 0E FF FF FF,[],190=474.25/exp 474.3049 VALUE_OK
MATCH,9707,0x0CF00400,61444,160828.0,144479.062,-0.028,FF FF FF AD 0E FF FF FF,FF FF FF AD 0E FF FF FF,[],190=469.625/exp 469.6104 VALUE_OK
MATCH,9708,0x0CF00400,61444,160833.0,144484.037,-0.052,FF FF FF 87 0E FF FF FF,FF FF FF 87 0E FF FF FF,[],190=464.875/exp 464.9356 VALUE_OK
MATCH,9709,0x0CF00400,61444,160838.0,144489.077,-0.011,FF FF FF 62 0E FF FF FF,FF FF FF 62 0E FF FF FF,[],190=460.25/exp 460.2807 VALUE_OK
MATCH,9710,0x0CF00400,61444,160843.0,144494.052,-0.036,FF FF FF 3D 0E FF FF FF,FF FF FF 3D 0E FF FF FF,[],190=455.625/exp 455.6456 VALUE_OK
MATCH,9711,0x0CF00400,61444,160848.0,144499.032,-0.055,FF FF FF 18 0E FF FF FF,FF FF FF 18 0E FF FF FF,[],190=451.0/exp 451.0305 VALUE_OK
MATCH,9712,0x0CF00400,61444,160853.0,144504.083,-0.003,FF FF FF F3 0D FF FF FF,FF FF FF F3 0D FF FF FF,[],190=446.375/exp 446.4354 VALUE_OK
MATCH,9713,0x0CF00400,61444,160858.0,144509.055,-0.031,FF FF FF CF 0D FF FF FF,FF FF FF CF 0D FF FF FF,[],190=441.875/exp 441.8604 VALUE_OK
MATCH,9714,0x0CF00400,61444,160863.0,144514.034,-0.051,FF FF FF AA 0D FF FF FF,FF FF FF AA 0D FF FF FF,[],190=437.25/exp 437.3056 VALUE_OK
MATCH,9715,0x0CF00400,61444,160868.0,144519.082,-0.002,FF FF FF 86 0D FF FF FF,FF FF FF 86 0D FF FF FF,[],190=432.75/exp 432.7711 VALUE_OK
MATCH,9716,0x0CF00400,61444,160873.0,144524.054,-0.03,FF FF FF 62 0D FF FF FF,FF FF FF 62 0D FF FF FF,[],190=428.25/exp 428.2568 VALUE_OK
MATCH,9717,0x0CF00400,61444,160878.0,144529.029,-0.055,FF FF FF 3E 0D FF FF FF,FF FF FF 3E 0D FF FF FF,[],190=423.75/exp 423.763 VALUE_OK
MATCH,9718,0x0CF00400,61444,160883.0,144534.06,-0.023,FF FF FF 1A 0D FF FF FF,FF FF FF 1A 0D FF FF FF,[],190=419.25/exp 419.2896 VALUE_OK
MATCH,9719,0x0CF00400,61444,160888.0,144539.04,-0.042,FF FF FF F7 0C FF FF FF,FF FF FF F7 0C FF FF FF,[],190=414.875/exp 414.8367 VALUE_OK
MATCH,9720,0x0CF00400,61444,160893.0,144544.084,0.003,FF FF FF D3 0C FF FF FF,FF FF FF D3 0C FF FF FF,[],190=410.375/exp 410.4044 VALUE_OK
MATCH,9721,0x0CF00400,61444,160898.0,144549.063,-0.018,FF FF FF B0 0C FF FF FF,FF FF FF B0 0C FF FF FF,[],190=406.0/exp 405.9927 VALUE_OK
MATCH,9722,0x0CF00400,61444,160903.0,144554.035,-0.046,FF FF FF 8D 0C FF FF FF,FF FF FF 8D 0C FF FF FF,[],190=401.625/exp 401.6018 VALUE_OK
MATCH,9723,0x0CF00400,61444,160908.0,144559.014,-0.066,FF FF FF 6A 0C FF FF FF,FF FF FF 6A 0C FF FF FF,[],190=397.25/exp 397.2317 VALUE_OK
MATCH,9724,0x0CF00400,61444,160913.0,144564.03,-0.049,FF FF FF 47 0C FF FF FF,FF FF FF 47 0C FF FF FF,[],190=392.875/exp 392.8824 VALUE_OK
MATCH,9725,0x0CF00400,61444,160918.0,144569.077,-0.001,FF FF FF 24 0C FF FF FF,FF FF FF 24 0C FF FF FF,[],190=388.5/exp 388.5541 VALUE_OK
MATCH,9726,0x0CF00400,61444,160923.0,144574.049,-0.029,FF FF FF 02 0C FF FF FF,FF FF FF 02 0C FF FF FF,[],190=384.25/exp 384.2468 VALUE_OK
MATCH,9727,0x0CF00400,61444,160928.0,144579.02,-0.057,FF FF FF E0 0B FF FF FF,FF FF FF E0 0B FF FF FF,[],190=380.0/exp 379.9605 VALUE_OK
MATCH,9728,0x0CF00400,61444,160933.0,144584.064,-0.012,FF FF FF BE 0B FF FF FF,FF FF FF BE 0B FF FF FF,[],190=375.75/exp 375.6954 VALUE_OK
MATCH,9729,0x0CF00400,61444,160938.0,144589.031,-0.045,FF FF FF 9C 0B FF FF FF,FF FF FF 9C 0B FF FF FF,[],190=371.5/exp 371.4514 VALUE_OK
MATCH,9730,0x0CF00400,61444,160943.0,144594.063,-0.012,FF FF FF 7A 0B FF FF FF,FF FF FF 7A 0B FF FF FF,[],190=367.25/exp 367.2287 VALUE_OK
MATCH,9731,0x0CF00400,61444,160948.0,144599.038,-0.037,FF FF FF 58 0B FF FF FF,FF FF FF 58 0B FF FF FF,[],190=363.0/exp 363.0274 VALUE_OK
MATCH,9732,0x0CF00400,61444,160953.0,144604.07,-0.004,FF FF FF 37 0B FF FF FF,FF FF FF 37 0B FF FF FF,[],190=358.875/exp 358.8474 VALUE_OK
MATCH,9733,0x0CF00400,61444,160958.0,144609.042,-0.032,FF FF FF 16 0B FF FF FF,FF FF FF 16 0B FF FF FF,[],190=354.75/exp 354.6889 VALUE_OK
MATCH,9734,0x0CF00400,61444,160963.0,144614.013,-0.06,FF FF FF F4 0A FF FF FF,FF FF FF F4 0A FF FF FF,[],190=350.5/exp 350.5518 VALUE_OK
MATCH,9735,0x0CF00400,61444,160968.0,144619.049,-0.023,FF FF FF D3 0A FF FF FF,FF FF FF D3 0A FF FF FF,[],190=346.375/exp 346.4364 VALUE_OK
MATCH,9736,0x0CF00400,61444,160973.0,144624.02,-0.052,FF FF FF B3 0A FF FF FF,FF FF FF B3 0A FF FF FF,[],190=342.375/exp 342.3426 VALUE_OK
MATCH,9737,0x0CF00400,61444,160978.0,144629.06,-0.011,FF FF FF 92 0A FF FF FF,FF FF FF 92 0A FF FF FF,[],190=338.25/exp 338.2706 VALUE_OK
MATCH,9738,0x0CF00400,61444,160983.0,144634.023,-0.047,FF FF FF 72 0A FF FF FF,FF FF FF 72 0A FF FF FF,[],190=334.25/exp 334.2203 VALUE_OK
MATCH,9739,0x0CF00400,61444,160988.0,144639.067,-0.002,FF FF FF 52 0A FF FF FF,FF FF FF 52 0A FF FF FF,[],190=330.25/exp 330.1918 VALUE_OK
MATCH,9740,0x0CF00400,61444,160993.0,144644.03,-0.039,FF FF FF 31 0A FF FF FF,FF FF FF 31 0A FF FF FF,[],190=326.125/exp 326.1852 VALUE_OK
MATCH,9741,0x0CF00400,61444,160998.0,144649.018,-0.051,FF FF FF 12 0A FF FF FF,FF FF FF 12 0A FF FF FF,[],190=322.25/exp 322.2006 VALUE_OK
MATCH,9742,0x0CF00400,61444,161003.0,144654.061,-0.007,FF FF FF F2 09 FF FF FF,FF FF FF F2 09 FF FF FF,[],190=318.25/exp 318.238 VALUE_OK
MATCH,9743,0x0CF00400,61444,161008.0,144659.041,-0.026,FF FF FF D2 09 FF FF FF,FF FF FF D2 09 FF FF FF,[],190=314.25/exp 314.2975 VALUE_OK
MATCH,9744,0x0CF00400,61444,161013.0,144664.016,-0.051,FF FF FF B3 09 FF FF FF,FF FF FF B3 09 FF FF FF,[],190=310.375/exp 310.3791 VALUE_OK
MATCH,9745,0x0CF00400,61444,161018.0,144669.064,-0.002,FF FF FF 94 09 FF FF FF,FF FF FF 94 09 FF FF FF,[],190=306.5/exp 306.4829 VALUE_OK
MATCH,9746,0x0CF00400,61444,161023.0,144674.031,-0.035,FF FF FF 75 09 FF FF FF,FF FF FF 75 09 FF FF FF,[],190=302.625/exp 302.609 VALUE_OK
MATCH,9747,0x0CF00400,61444,161028.0,144679.007,-0.058,FF FF FF 56 09 FF FF FF,FF FF FF 56 09 FF FF FF,[],190=298.75/exp 298.7574 VALUE_OK
MATCH,9748,0x0CF00400,61444,161033.0,144684.031,-0.033,FF FF FF 37 09 FF FF FF,FF FF FF 37 09 FF FF FF,[],190=294.875/exp 294.9282 VALUE_OK
MATCH,9749,0x0CF00400,61444,161038.0,144689.046,-0.017,FF FF FF 19 09 FF FF FF,FF FF FF 19 09 FF FF FF,[],190=291.125/exp 291.1214 VALUE_OK
MATCH,9750,0x0CF00400,61444,161043.0,144694.022,-0.041,FF FF FF FB 08 FF FF FF,FF FF FF FB 08 FF FF FF,[],190=287.375/exp 287.3371 VALUE_OK
MATCH,9751,0x0CF00400,61444,161048.0,144699.053,-0.009,FF FF FF DD 08 FF FF FF,FF FF FF DD 08 FF FF FF,[],190=283.625/exp 283.5754 VALUE_OK
MATCH,9752,0x0CF00400,61444,161053.0,144704.033,-0.029,FF FF FF BF 08 FF FF FF,FF FF FF BF 08 FF FF FF,[],190=279.875/exp 279.8363 VALUE_OK
MATCH,9753,0x0CF00400,61444,161058.0,144709.0,-0.061,FF FF FF A1 08 FF FF FF,FF FF FF A1 08 FF FF FF,[],190=276.125/exp 276.1198 VALUE_OK
MATCH,9754,0x0CF00400,61444,161063.0,144714.052,-0.008,FF FF FF 83 08 FF FF FF,FF FF FF 83 08 FF FF FF,[],190=272.375/exp 272.4261 VALUE_OK
MATCH,9755,0x0CF00400,61444,161068.0,144719.027,-0.033,FF FF FF 66 08 FF FF FF,FF FF FF 66 08 FF FF FF,[],190=268.75/exp 268.7552 VALUE_OK
MATCH,9756,0x0CF00400,61444,161073.0,144724.003,-0.056,FF FF FF 49 08 FF FF FF,FF FF FF 49 08 FF FF FF,[],190=265.125/exp 265.1071 VALUE_OK
MATCH,9757,0x0CF00400,61444,161078.0,144729.046,-0.012,FF FF FF 2C 08 FF FF FF,FF FF FF 2C 08 FF FF FF,[],190=261.5/exp 261.4819 VALUE_OK
MATCH,9758,0x0CF00400,61444,161083.0,144734.014,-0.044,FF FF FF 0F 08 FF FF FF,FF FF FF 0F 08 FF FF FF,[],190=257.875/exp 257.8797 VALUE_OK
MATCH,9759,0x0CF00400,61444,161088.0,144739.061,0.004,FF FF FF F2 07 FF FF FF,FF FF FF F2 07 FF FF FF,[],190=254.25/exp 254.3005 VALUE_OK
MATCH,9760,0x0CF00400,61444,161093.0,144744.029,-0.028,FF FF FF D6 07 FF FF FF,FF FF FF D6 07 FF FF FF,[],190=250.75/exp 250.7443 VALUE_OK
UNLOGGED,,0x0CF00400,61444,,144749.009,,,FF FF FF BA 07 FF FF FF,[],
MATCH,9762,0x0CF00400,61444,161103.0,144754.056,-0.001,FF FF FF 9E 07 FF FF FF,FF FF FF 9E 07 FF FF FF,[],190=243.75/exp 243.7015 VALUE_OK
MATCH,9763,0x0CF00400,61444,161108.0,144759.039,-0.018,FF FF FF 82 07 FF FF FF,FF FF FF 82 07 FF FF FF,[],190=240.25/exp 240.2148 VALUE_OK
MATCH,9764,0x0CF00400,61444,161113.0,144764.003,-0.053,FF FF FF 66 07 FF FF FF,FF FF FF 66 07 FF FF FF,[],190=236.75/exp 236.7515 VALUE_OK
MATCH,9765,0x0CF00400,61444,161118.0,144769.051,-0.004,FF FF FF 4A 07 FF FF FF,FF FF FF 4A 07 FF FF FF,[],190=233.25/exp 233.3115 VALUE_OK
MATCH,9766,0x0CF00400,61444,161123.0,144774.034,-0.021,FF FF FF 2F 07 FF FF FF,FF FF FF 2F 07 FF FF FF,[],190=229.875/exp 229.8948 VALUE_OK
MATCH,9767,0x0CF00400,61444,161128.0,144779.01,-0.045,FF FF FF 14 07 FF FF FF,FF FF FF 14 07 FF FF FF,[],190=226.5/exp 226.5017 VALUE_OK
MATCH,9768,0x0CF00400,61444,161133.0,144783.993,-0.061,FF FF FF F9 06 FF FF FF,FF FF FF F9 06 FF FF FF,[],190=223.125/exp 223.132 VALUE_OK
MATCH,9769,0x0CF00400,61444,161138.0,144789.045,-0.008,FF FF FF DE 06 FF FF FF,FF FF FF DE 06 FF FF FF,[],190=219.75/exp 219.7858 VALUE_OK
MATCH,9770,0x0CF00400,61444,161143.0,144794.024,-0.028,FF FF FF C4 06 FF FF FF,FF FF FF C4 06 FF FF FF,[],190=216.5/exp 216.4633 VALUE_OK
MATCH,9771,0x0CF00400,61444,161148.0,144799.0,-0.052,FF FF FF A9 06 FF FF FF,FF FF FF A9 06 FF FF FF,[],190=213.125/exp 213.1644 VALUE_OK
MATCH,9772,0x0CF00400,61444,161153.0,144804.028,-0.023,FF FF FF 8F 06 FF FF FF,FF FF FF 8F 06 FF FF FF,[],190=209.875/exp 209.8892 VALUE_OK
MATCH,9773,0x0CF00400,61444,161158.0,144809.004,-0.046,FF FF FF 75 06 FF FF FF,FF FF FF 75 06 FF FF FF,[],190=206.625/exp 206.6378 VALUE_OK
MATCH,9774,0x0CF00400,61444,161163.0,144814.031,-0.018,FF FF FF 5B 06 FF FF FF,FF FF FF 5B 06 FF FF FF,[],190=203.375/exp 203.4101 VALUE_OK
MATCH,9775,0x0CF00400,61444,161168.0,144819.011,-0.038,FF FF FF 42 06 FF FF FF,FF FF FF 42 06 FF FF FF,[],190=200.25/exp 200.2064 VALUE_OK
MATCH,9776,0x0CF00400,61444,161173.0,144824.038,-0.01,FF FF FF 28 06 FF FF FF,FF FF FF 28 06 FF FF FF,[],190=197.0/exp 197.0265 VALUE_OK
MATCH,9777,0x0CF00400,61444,161178.0,144829.018,-0.03,FF FF FF 0F 06 FF FF FF,FF FF FF 0F 06 FF FF FF,[],190=193.875/exp 193.8705 VALUE_OK
MATCH,9778,0x0CF00400,61444,161183.0,144834.002,-0.046,FF FF FF F6 05 FF FF FF,FF FF FF F6 05 FF FF FF,[],190=190.75/exp 190.7386 VALUE_OK
MATCH,9779,0x0CF00400,61444,161188.0,144839.045,-0.002,FF FF FF DD 05 FF FF FF,FF FF FF DD 05 FF FF FF,[],190=187.625/exp 187.6307 VALUE_OK
MATCH,9780,0x0CF00400,61444,161193.0,144844.021,-0.026,FF FF FF C4 05 FF FF FF,FF FF FF C4 05 FF FF FF,[],190=184.5/exp 184.5469 VALUE_OK
MATCH,9781,0x0CF00400,61444,161198.0,144848.992,-0.054,FF FF FF AC 05 FF FF FF,FF FF FF AC 05 FF FF FF,[],190=181.5/exp 181.4872 VALUE_OK
MATCH,9782,0x0CF00400,61444,161203.0,144854.028,-0.017,FF FF FF 94 05 FF FF FF,FF FF FF 94 05 FF FF FF,[],190=178.5/exp 178.4517 VALUE_OK
MATCH,9783,0x0CF00400,61444,161208.0,144859.003,-0.042,FF FF FF 7C 05 FF FF FF,FF FF FF 7C 05 FF FF FF,[],190=175.5/exp 175.4405 VALUE_OK
MATCH,9784,0x0CF00400,61444,161213.0,144864.035,-0.009,FF FF FF 64 05 FF FF FF,FF FF FF 64 05 FF FF FF,[],190=172.5/exp 172.4535 VALUE_OK
MATCH,9785,0x0CF00400,61444,161218.0,144869.002,-0.042,FF FF FF 4C 05 FF FF FF,FF FF FF 4C 05 FF FF FF,[],190=169.5/exp 169.4909 VALUE_OK
MATCH,9786,0x0CF00400,61444,161223.0,144874.038,-0.005,FF FF FF 34 05 FF FF FF,FF FF FF 34 05 FF FF FF,[],190=166.5/exp 166.5527 VALUE_OK
MATCH,9787,0x0CF00400,61444,161228.0,144879.009,-0.034,FF FF FF 1D 05 FF FF FF,FF FF FF 1D 05 FF FF FF,[],190=163.625/exp 163.6388 VALUE_OK
MATCH,9788,0x0CF00400,61444,161233.0,144883.997,-0.045,FF FF FF 06 05 FF FF FF,FF FF FF 06 05 FF FF FF,[],190=160.75/exp 160.7494 VALUE_OK
MATCH,9789,0x0CF00400,61444,161238.0,144889.036,-0.005,FF FF FF EF 04 FF FF FF,FF FF FF EF 04 FF FF FF,[],190=157.875/exp 157.8846 VALUE_OK
MATCH,9790,0x0CF00400,61444,161243.0,144894.004,-0.037,FF FF FF D8 04 FF FF FF,FF FF FF D8 04 FF FF FF,[],190=155.0/exp 155.0443 VALUE_OK
MATCH,9791,0x0CF00400,61444,161248.0,144898.979,-0.061,FF FF FF C2 04 FF FF FF,FF FF FF C2 04 FF FF FF,[],190=152.25/exp 152.2285 VALUE_OK
MATCH,9792,0x0CF00400,61444,161253.0,144904.015,-0.024,FF FF FF AC 04 FF FF FF,FF FF FF AC 04 FF FF FF,[],190=149.5/exp 149.4375 VALUE_OK
MATCH,9793,0x0CF00400,61444,161258.0,144908.991,-0.048,FF FF FF 95 04 FF FF FF,FF FF FF 95 04 FF FF FF,[],190=146.625/exp 146.6711 VALUE_OK
MATCH,9794,0x0CF00400,61444,161263.0,144914.018,-0.02,FF FF FF 7F 04 FF FF FF,FF FF FF 7F 04 FF FF FF,[],190=143.875/exp 143.9294 VALUE_OK
MATCH,9795,0x0CF00400,61444,161268.0,144918.986,-0.051,FF FF FF 6A 04 FF FF FF,FF FF FF 6A 04 FF FF FF,[],190=141.25/exp 141.2125 VALUE_OK
MATCH,9796,0x0CF00400,61444,161273.0,144924.025,-0.011,FF FF FF 54 04 FF FF FF,FF FF FF 54 04 FF FF FF,[],190=138.5/exp 138.5204 VALUE_OK
MATCH,9797,0x0CF00400,61444,161278.0,144928.997,-0.039,FF FF FF 3F 04 FF FF FF,FF FF FF 3F 04 FF FF FF,[],190=135.875/exp 135.8532 VALUE_OK
MATCH,9798,0x0CF00400,61444,161283.0,144933.964,-0.071,FF FF FF 2A 04 FF FF FF,FF FF FF 2A 04 FF FF FF,[],190=133.25/exp 133.2108 VALUE_OK
MATCH,9799,0x0CF00400,61444,161288.0,144938.98,-0.054,FF FF FF 15 04 FF FF FF,FF FF FF 15 04 FF FF FF,[],190=130.625/exp 130.5934 VALUE_OK
MATCH,9800,0x0CF00400,61444,161293.0,144944.023,-0.01,FF FF FF 00 04 FF FF FF,FF FF FF 00 04 FF FF FF,[],190=128.0/exp 128.001 VALUE_OK
MATCH,9801,0x0CF00400,61444,161298.0,144948.991,-0.042,FF FF FF EB 03 FF FF FF,FF FF FF EB 03 FF FF FF,[],190=125.375/exp 125.4335 VALUE_OK
MATCH,9802,0x0CF00400,61444,161303.0,144953.962,-0.07,FF FF FF D7 03 FF FF FF,FF FF FF D7 03 FF FF FF,[],190=122.875/exp 122.8911 VALUE_OK
MATCH,9803,0x0CF00400,61444,161308.0,144959.002,-0.028,FF FF FF C3 03 FF FF FF,FF FF FF C3 03 FF FF FF,[],190=120.375/exp 120.3739 VALUE_OK
MATCH,9804,0x0CF00400,61444,161313.0,144963.969,-0.061,FF FF FF AF 03 FF FF FF,FF FF FF AF 03 FF FF FF,[],190=117.875/exp 117.8817 VALUE_OK
MATCH,9805,0x0CF00400,61444,161318.0,144969.009,-0.02,FF FF FF 9B 03 FF FF FF,FF FF FF 9B 03 FF FF FF,[],190=115.375/exp 115.4147 VALUE_OK
MATCH,9806,0x0CF00400,61444,161323.0,144973.98,-0.048,FF FF FF 88 03 FF FF FF,FF FF FF 88 03 FF FF FF,[],190=113.0/exp 112.9729 VALUE_OK
MATCH,9807,0x0CF00400,61444,161328.0,144979.012,-0.015,FF FF FF 74 03 FF FF FF,FF FF FF 74 03 FF FF FF,[],190=110.5/exp 110.5564 VALUE_OK
MATCH,9808,0x0CF00400,61444,161333.0,144983.983,-0.044,FF FF FF 61 03 FF FF FF,FF FF FF 61 03 FF FF FF,[],190=108.125/exp 108.1652 VALUE_OK
MATCH,9809,0x0CF00400,61444,161338.0,144989.023,-0.003,FF FF FF 4E 03 FF FF FF,FF FF FF 4E 03 FF FF FF,[],190=105.75/exp 105.7992 VALUE_OK
MATCH,9810,0x0CF00400,61444,161343.0,144993.987,-0.039,FF FF FF 3C 03 FF FF FF,FF FF FF 3C 03 FF FF FF,[],190=103.5/exp 103.4587 VALUE_OK
MATCH,9811,0x0CF00400,61444,161348.0,144998.958,-0.067,FF FF FF 29 03 FF FF FF,FF FF FF 29 03 FF FF FF,[],190=101.125/exp 101.1435 VALUE_OK
MATCH,9812,0x0CF00400,61444,161353.0,145003.994,-0.03,FF FF FF 17 03 FF FF FF,FF FF FF 17 03 FF FF FF,[],190=98.875/exp 98.8537 VALUE_OK
MATCH,9813,0x0CF00400,61444,161358.0,145008.973,-0.05,FF FF FF 05 03 FF FF FF,FF FF FF 05 03 FF FF FF,[],190=96.625/exp 96.5894 VALUE_OK
MATCH,9814,0x0CF00400,61444,161363.0,145014.013,-0.009,FF FF FF F3 02 FF FF FF,FF FF FF F3 02 FF FF FF,[],190=94.375/exp 94.3506 VALUE_OK
MATCH,9815,0x0CF00400,61444,161368.0,145018.976,-0.046,FF FF FF E1 02 FF FF FF,FF FF FF E1 02 FF FF FF,[],190=92.125/exp 92.1374 VALUE_OK
MATCH,9816,0x0CF00400,61444,161373.0,145024.02,-0.001,FF FF FF D0 02 FF FF FF,FF FF FF D0 02 FF FF FF,[],190=90.0/exp 89.9497 VALUE_OK
MATCH,9817,0x0CF00400,61444,161378.0,145028.991,-0.03,FF FF FF BE 02 FF FF FF,FF FF FF BE 02 FF FF FF,[],190=87.75/exp 87.7876 VALUE_OK
MATCH,9818,0x0CF00400,61444,161383.0,145033.951,-0.069,FF FF FF AD 02 FF FF FF,FF FF FF AD 02 FF FF FF,[],190=85.625/exp 85.6511 VALUE_OK
MATCH,9819,0x0CF00400,61444,161388.0,145038.995,-0.024,FF FF FF 9C 02 FF FF FF,FF FF FF 9C 02 FF FF FF,[],190=83.5/exp 83.5403 VALUE_OK
MATCH,9820,0x0CF00400,61444,161393.0,145043.962,-0.057,FF FF FF 8C 02 FF FF FF,FF FF FF 8C 02 FF FF FF,[],190=81.5/exp 81.4552 VALUE_OK
MATCH,9821,0x0CF00400,61444,161398.0,145048.998,-0.019,FF FF FF 7B 02 FF FF FF,FF FF FF 7B 02 FF FF FF,[],190=79.375/exp 79.3958 VALUE_OK
MATCH,9822,0x0CF00400,61444,161403.0,145053.985,-0.032,FF FF FF 6B 02 FF FF FF,FF FF FF 6B 02 FF FF FF,[],190=77.375/exp 77.3622 VALUE_OK
MATCH,9823,0x0CF00400,61444,161408.0,145058.952,-0.064,FF FF FF 5B 02 FF FF FF,FF FF FF 5B 02 FF FF FF,[],190=75.375/exp 75.3544 VALUE_OK
MATCH,9824,0x0CF00400,61444,161413.0,145063.968,-0.047,FF FF FF 4B 02 FF FF FF,FF FF FF 4B 02 FF FF FF,[],190=73.375/exp 73.3724 VALUE_OK
MATCH,9825,0x0CF00400,61444,161418.0,145068.94,-0.074,FF FF FF 3B 02 FF FF FF,FF FF FF 3B 02 FF FF FF,[],190=71.375/exp 71.4163 VALUE_OK
MATCH,9826,0x0CF00400,61444,161423.0,145073.975,-0.038,FF FF FF 2C 02 FF FF FF,FF FF FF 2C 02 FF FF FF,[],190=69.5/exp 69.4861 VALUE_OK
MATCH,9827,0x0CF00400,61444,161428.0,145078.947,-0.065,FF FF FF 1D 02 FF FF FF,FF FF FF 1D 02 FF FF FF,[],190=67.625/exp 67.5817 VALUE_OK
MATCH,9828,0x0CF00400,61444,161433.0,145083.978,-0.033,FF FF FF 0E 02 FF FF FF,FF FF FF 0E 02 FF FF FF,[],190=65.75/exp 65.7033 VALUE_OK
MATCH,9829,0x0CF00400,61444,161438.0,145088.962,-0.048,FF FF FF FF 01 FF FF FF,FF FF FF FF 01 FF FF FF,[],190=63.875/exp 63.8509 VALUE_OK
MATCH,9830,0x0CF00400,61444,161443.0,145093.997,-0.012,FF FF FF F0 01 FF FF FF,FF FF FF F0 01 FF FF FF,[],190=62.0/exp 62.0245 VALUE_OK
MATCH,9831,0x0CF00400,61444,161448.0,145098.965,-0.044,FF FF FF E2 01 FF FF FF,FF FF FF E2 01 FF FF FF,[],190=60.25/exp 60.2241 VALUE_OK
MATCH,9832,0x0CF00400,61444,161453.0,145103.996,-0.012,FF FF FF D4 01 FF FF FF,FF FF FF D4 01 FF FF FF,[],190=58.5/exp 58.4498 VALUE_OK
MATCH,9833,0x0CF00400,61444,161458.0,145108.968,-0.04,FF FF FF C6 01 FF FF FF,FF FF FF C6 01 FF FF FF,[],190=56.75/exp 56.7016 VALUE_OK
MATCH,9834,0x0CF00400,61444,161463.0,145113.948,-0.059,FF FF FF B8 01 FF FF FF,FF FF FF B8 01 FF FF FF,[],190=55.0/exp 54.9795 VALUE_OK
MATCH,9835,0x0CF00400,61444,161468.0,145118.979,-0.027,FF FF FF AA 01 FF FF FF,FF FF FF AA 01 FF FF FF,[],190=53.25/exp 53.2835 VALUE_OK
MATCH,9836,0x0CF00400,61444,161473.0,145123.946,-0.059,FF FF FF 9D 01 FF FF FF,FF FF FF 9D 01 FF FF FF,[],190=51.625/exp 51.6137 VALUE_OK
MATCH,9837,0x0CF00400,61444,161478.0,145128.99,-0.014,FF FF FF 90 01 FF FF FF,FF FF FF 90 01 FF FF FF,[],190=50.0/exp 49.97 VALUE_OK
MATCH,9838,0x0CF00400,61444,161483.0,145133.958,-0.046,FF FF FF 83 01 FF FF FF,FF FF FF 83 01 FF FF FF,[],190=48.375/exp 48.3526 VALUE_OK
MATCH,9839,0x0CF00400,61444,161488.0,145138.985,-0.018,FF FF FF 76 01 FF FF FF,FF FF FF 76 01 FF FF FF,[],190=46.75/exp 46.7615 VALUE_OK
MATCH,9840,0x0CF00400,61444,161493.0,145143.953,-0.049,FF FF FF 6A 01 FF FF FF,FF FF FF 6A 01 FF FF FF,[],190=45.25/exp 45.1966 VALUE_OK
MATCH,9841,0x0CF00400,61444,161498.0,145148.992,-0.009,FF FF FF 5D 01 FF FF FF,FF FF FF 5D 01 FF FF FF,[],190=43.625/exp 43.658 VALUE_OK
MATCH,9842,0x0CF00400,61444,161503.0,145153.956,-0.045,FF FF FF 51 01 FF FF FF,FF FF FF 51 01 FF FF FF,[],190=42.125/exp 42.1457 VALUE_OK
MATCH,9843,0x0CF00400,61444,161508.0,145158.931,-0.069,FF FF FF 45 01 FF FF FF,FF FF FF 45 01 FF FF FF,[],190=40.625/exp 40.6597 VALUE_OK
MATCH,9844,0x0CF00400,61444,161513.0,145163.963,-0.036,FF FF FF 3A 01 FF FF FF,FF FF FF 3A 01 FF FF FF,[],190=39.25/exp 39.2001 VALUE_OK
MATCH,9845,0x0CF00400,61444,161518.0,145168.934,-0.064,FF FF FF 2E 01 FF FF FF,FF FF FF 2E 01 FF FF FF,[],190=37.75/exp 37.7669 VALUE_OK
MATCH,9846,0x0CF00400,61444,161523.0,145173.978,-0.019,FF FF FF 23 01 FF FF FF,FF FF FF 23 01 FF FF FF,[],190=36.375/exp 36.3601 VALUE_OK
MATCH,9847,0x0CF00400,61444,161528.0,145178.945,-0.052,FF FF FF 18 01 FF FF FF,FF FF FF 18 01 FF FF FF,[],190=35.0/exp 34.9797 VALUE_OK
MATCH,9848,0x0CF00400,61444,161533.0,145183.977,-0.019,FF FF FF 0D 01 FF FF FF,FF FF FF 0D 01 FF FF FF,[],190=33.625/exp 33.6258 VALUE_OK
MATCH,9849,0x0CF00400,61444,161538.0,145188.929,-0.066,FF FF FF 02 01 FF FF FF,FF FF FF 02 01 FF FF FF,[],190=32.25/exp 32.2983 VALUE_OK
MATCH,9850,0x0CF00400,61444,161543.0,145193.96,-0.034,FF FF FF F8 00 FF FF FF,FF FF FF F8 00 FF FF FF,[],190=31.0/exp 30.9973 VALUE_OK
MATCH,9851,0x0CF00400,61444,161548.0,145198.931,-0.062,FF FF FF EE 00 FF FF FF,FF FF FF EE 00 FF FF FF,[],190=29.75/exp 29.7228 VALUE_OK
MATCH,9852,0x0CF00400,61444,161553.0,145203.971,-0.021,FF FF FF E4 00 FF FF FF,FF FF FF E4 00 FF FF FF,[],190=28.5/exp 28.4749 VALUE_OK
MATCH,9853,0x0CF00400,61444,161558.0,145208.935,-0.057,FF FF FF DA 00 FF FF FF,FF FF FF DA 00 FF FF FF,[],190=27.25/exp 27.2535 VALUE_OK
MATCH,9854,0x0CF00400,61444,161563.0,145213.974,-0.016,FF FF FF D0 00 FF FF FF,FF FF FF D0 00 FF FF FF,[],190=26.0/exp 26.0587 VALUE_OK
MATCH,9855,0x0CF00400,61444,161568.0,145218.946,-0.044,FF FF FF C7 00 FF FF FF,FF FF FF C7 00 FF FF FF,[],190=24.875/exp 24.8904 VALUE_OK
MATCH,9856,0x0CF00400,61444,161573.0,145223.989,-0.0,FF FF FF BE 00 FF FF FF,FF FF FF BE 00 FF FF FF,[],190=23.75/exp 23.7488 VALUE_OK
MATCH,9857,0x0CF00400,61444,161578.0,145228.949,-0.04,FF FF FF B5 00 FF FF FF,FF FF FF B5 00 FF FF FF,[],190=22.625/exp 22.6338 VALUE_OK
MATCH,9858,0x0CF00400,61444,161583.0,145233.988,-0.0,FF FF FF AC 00 FF FF FF,FF FF FF AC 00 FF FF FF,[],190=21.5/exp 21.5454 VALUE_OK
MATCH,9859,0x0CF00400,61444,161588.0,145238.956,-0.032,FF FF FF A4 00 FF FF FF,FF FF FF A4 00 FF FF FF,[],190=20.5/exp 20.4837 VALUE_OK
MATCH,9860,0x0CF00400,61444,161593.0,145243.927,-0.061,FF FF FF 9C 00 FF FF FF,FF FF FF 9C 00 FF FF FF,[],190=19.5/exp 19.4486 VALUE_OK
MATCH,9861,0x0CF00400,61444,161598.0,145248.963,-0.024,FF FF FF 94 00 FF FF FF,FF FF FF 94 00 FF FF FF,[],190=18.5/exp 18.4403 VALUE_OK
MATCH,9862,0x0CF00400,61444,161603.0,145253.939,-0.047,FF FF FF 8C 00 FF FF FF,FF FF FF 8C 00 FF FF FF,[],190=17.5/exp 17.4586 VALUE_OK
MATCH,9863,0x0CF00400,61444,161608.0,145258.978,-0.007,FF FF FF 84 00 FF FF FF,FF FF FF 84 00 FF FF FF,[],190=16.5/exp 16.5037 VALUE_OK
MATCH,9864,0x0CF00400,61444,161613.0,145263.934,-0.051,FF FF FF 7D 00 FF FF FF,FF FF FF 7D 00 FF FF FF,[],190=15.625/exp 15.5754 VALUE_OK
MATCH,9865,0x0CF00400,61444,161618.0,145268.969,-0.015,FF FF FF 75 00 FF FF FF,FF FF FF 75 00 FF FF FF,[],190=14.625/exp 14.674 VALUE_OK
MATCH,9866,0x0CF00400,61444,161623.0,145273.937,-0.047,FF FF FF 6E 00 FF FF FF,FF FF FF 6E 00 FF FF FF,[],190=13.75/exp 13.7993 VALUE_OK
MATCH,9867,0x0CF00400,61444,161628.0,145278.98,-0.003,FF FF FF 68 00 FF FF FF,FF FF FF 68 00 FF FF FF,[],190=13.0/exp 12.9513 VALUE_OK
MATCH,9868,0x0CF00400,61444,161633.0,145283.936,-0.047,FF FF FF 61 00 FF FF FF,FF FF FF 61 00 FF FF FF,[],190=12.125/exp 12.1302 VALUE_OK
MATCH,9869,0x0CF00400,61444,161638.0,145288.907,-0.075,FF FF FF 5B 00 FF FF FF,FF FF FF 5B 00 FF FF FF,[],190=11.375/exp 11.3359 VALUE_OK
MATCH,9870,0x0CF00400,61444,161643.0,145293.943,-0.037,FF FF FF 55 00 FF FF FF,FF FF FF 55 00 FF FF FF,[],190=10.625/exp 10.5683 VALUE_OK
MATCH,9871,0x0CF00400,61444,161648.0,145298.93,-0.049,FF FF FF 4F 00 FF FF FF,FF FF FF 4F 00 FF FF FF,[],190=9.875/exp 9.8276 VALUE_OK
MATCH,9872,0x0CF00400,61444,161653.0,145303.954,-0.024,FF FF FF 49 00 FF FF FF,FF FF FF 49 00 FF FF FF,[],190=9.125/exp 9.1138 VALUE_OK
MATCH,9873,0x0CF00400,61444,161658.0,145308.926,-0.052,FF FF FF 43 00 FF FF FF,FF FF FF 43 00 FF FF FF,[],190=8.375/exp 8.4267 VALUE_OK
MATCH,9874,0x0CF00400,61444,161663.0,145313.941,-0.036,FF FF FF 3E 00 FF FF FF,FF FF FF 3E 00 FF FF FF,[],190=7.75/exp 7.7666 VALUE_OK
MATCH,9875,0x0CF00400,61444,161668.0,145318.904,-0.072,FF FF FF 39 00 FF FF FF,FF FF FF 39 00 FF FF FF,[],190=7.125/exp 7.1333 VALUE_OK
MATCH,9876,0x0CF00400,61444,161673.0,145323.944,-0.031,FF FF FF 34 00 FF FF FF,FF FF FF 34 00 FF FF FF,[],190=6.5/exp 6.5268 VALUE_OK
MATCH,9877,0x0CF00400,61444,161678.0,145328.911,-0.063,FF FF FF 30 00 FF FF FF,FF FF FF 30 00 FF FF FF,[],190=6.0/exp 5.9473 VALUE_OK
MATCH,9878,0x0CF00400,61444,161683.0,145333.943,-0.03,FF FF FF 2B 00 FF FF FF,FF FF FF 2B 00 FF FF FF,[],190=5.375/exp 5.3947 VALUE_OK
MATCH,9879,0x0CF00400,61444,161688.0,145338.916,-0.056,FF FF FF 27 00 FF FF FF,FF FF FF 27 00 FF FF FF,[],190=4.875/exp 4.8689 VALUE_OK
MATCH,9880,0x0CF00400,61444,161693.0,145343.951,-0.02,FF FF FF 23 00 FF FF FF,FF FF FF 23 00 FF FF FF,[],190=4.375/exp 4.3701 VALUE_OK
MATCH,9881,0x0CF00400,61444,161698.0,145348.926,-0.045,FF FF FF 1F 00 FF FF FF,FF FF FF 1F 00 FF FF FF,[],190=3.875/exp 3.8982 VALUE_OK
MATCH,9882,0x0CF00400,61444,161703.0,145353.962,-0.008,FF FF FF 1C 00 FF FF FF,FF FF FF 1C 00 FF FF FF,[],190=3.5/exp 3.4532 VALUE_OK
MATCH,9883,0x0CF00400,61444,161708.0,145358.934,-0.036,FF FF FF 18 00 FF FF FF,FF FF FF 18 00 FF FF FF,[],190=3.0/exp 3.0352 VALUE_OK
MATCH,9884,0x0CF00400,61444,161713.0,145363.897,-0.072,FF FF FF 15 00 FF FF FF,FF FF FF 15 00 FF FF FF,[],190=2.625/exp 2.6441 VALUE_OK
MATCH,9885,0x0CF00400,61444,161718.0,145368.933,-0.035,FF FF FF 12 00 FF FF FF,FF FF FF 12 00 FF FF FF,[],190=2.25/exp 2.2799 VALUE_OK
MATCH,9886,0x0CF00400,61444,161723.0,145373.908,-0.059,FF FF FF 10 00 FF FF FF,FF FF FF 10 00 FF FF FF,[],190=2.0/exp 1.9427 VALUE_OK
MATCH,9887,0x0CF00400,61444,161728.0,145378.944,-0.022,FF FF FF 0D 00 FF FF FF,FF FF FF 0D 00 FF FF FF,[],190=1.625/exp 1.6325 VALUE_OK
MATCH,9888,0x0CF00400,61444,161733.0,145383.911,-0.054,FF FF FF 0B 00 FF FF FF,FF FF FF 0B 00 FF FF FF,[],190=1.375/exp 1.3492 VALUE_OK
MATCH,9889,0x0CF00400,61444,161738.0,145388.943,-0.021,FF FF FF 09 00 FF FF FF,FF FF FF 09 00 FF FF FF,[],190=1.125/exp 1.0929 VALUE_OK
MATCH,9890,0x0CF00400,61444,161743.0,145393.918,-0.046,FF FF FF 07 00 FF FF FF,FF FF FF 07 00 FF FF FF,[],190=0.875/exp 0.8635 VALUE_OK
MATCH,9891,0x0CF00400,61444,161748.0,145398.954,-0.009,FF FF FF 05 00 FF FF FF,FF FF FF 05 00 FF FF FF,[],190=0.625/exp 0.6611 VALUE_OK
MATCH,9892,0x0CF00400,61444,161753.0,145403.933,-0.03,FF FF FF 04 00 FF FF FF,FF FF FF 04 00 FF FF FF,[],190=0.5/exp 0.4857 VALUE_OK
MATCH,9893,0x0CF00400,61444,161758.0,145408.901,-0.061,FF FF FF 03 00 FF FF FF,FF FF FF 03 00 FF FF FF,[],190=0.375/exp 0.3373 VALUE_OK
MATCH,9894,0x0CF00400,61444,161763.0,145413.924,-0.037,FF FF FF 02 00 FF FF FF,FF FF FF 02 00 FF FF FF,[],190=0.25/exp 0.2159 VALUE_OK
MATCH,9895,0x0CF00400,61444,161768.0,145418.904,-0.056,FF FF FF 01 00 FF FF FF,FF FF FF 01 00 FF FF FF,[],190=0.125/exp 0.1214 VALUE_OK
MATCH,9896,0x0CF00400,61444,161773.0,145423.936,-0.023,FF FF FF 00 00 FF FF FF,FF FF FF 00 00 FF FF FF,[],190=0.0/exp 0.054 VALUE_OK
MATCH,9897,0x0CF00400,61444,161778.0,145428.907,-0.052,FF FF FF 00 00 FF FF FF,FF FF FF 00 00 FF FF FF,[],190=0.0/exp 0.0135 VALUE_OK
MATCH,9898,0x0CF00400,61444,161783.0,145433.931,-0.027,FF FF FF 00 00 FF FF FF,FF FF FF 00 00 FF FF FF,[],190=0.0/exp 0.0 VALUE_OK
MATCH,9899,0x0CF00400,61444,161788.0,145438.93,-0.027,FF FF FF 00 00 FF FF FF,FF FF FF 00 00 FF FF FF,[],190=0.0/exp 0.0135 VALUE_OK
MATCH,9900,0x0CF00400,61444,161793.0,145443.898,-0.058,FF FF FF 00 00 FF FF FF,FF FF FF 00 00 FF FF FF,[],190=0.0/exp 0.054 VALUE_OK
MATCH,9901,0x0CF00400,61444,161798.0,145448.933,-0.022,FF FF FF 01 00 FF FF FF,FF FF FF 01 00 FF FF FF,[],190=0.125/exp 0.1214 VALUE_OK
MATCH,9902,0x0CF00400,61444,161803.0,145453.905,-0.05,FF FF FF 02 00 FF FF FF,FF FF FF 02 00 FF FF FF,[],190=0.25/exp 0.2159 VALUE_OK
MATCH,9903,0x0CF00400,61444,161808.0,145458.944,-0.01,FF FF FF 03 00 FF FF FF,FF FF FF 03 00 FF FF FF,[],190=0.375/exp 0.3373 VALUE_OK
MATCH,9904,0x0CF00400,61444,161813.0,145463.92,-0.034,FF FF FF 04 00 FF FF FF,FF FF FF 04 00 FF FF FF,[],190=0.5/exp 0.4857 VALUE_OK
MATCH,9905,0x0CF00400,61444,161818.0,145468.947,-0.006,FF FF FF 05 00 FF FF FF,FF FF FF 05 00 FF FF FF,[],190=0.625/exp 0.6611 VALUE_OK
MATCH,9906,0x0CF00400,61444,161823.0,145473.919,-0.034,FF FF FF 07 00 FF FF FF,FF FF FF 07 00 FF FF FF,[],190=0.875/exp 0.8635 VALUE_OK
MATCH,9907,0x0CF00400,61444,161828.0,145478.883,-0.069,FF FF FF 09 00 FF FF FF,FF FF FF 09 00 FF FF FF,[],190=1.125/exp 1.0929 VALUE_OK
MATCH,9908,0x0CF00400,61444,161833.0,145483.918,-0.033,FF FF FF 0B 00 FF FF FF,FF FF FF 0B 00 FF FF FF,[],190=1.375/exp 1.3492 VALUE_OK
MATCH,9909,0x0CF00400,61444,161838.0,145488.893,-0.057,FF FF FF 0D 00 FF FF FF,FF FF FF 0D 00 FF FF FF,[],190=1.625/exp 1.6325 VALUE_OK
MATCH,9910,0x0CF00400,61444,161843.0,145493.929,-0.02,FF FF FF 10 00 FF FF FF,FF FF FF 10 00 FF FF FF,[],190=2.0/exp 1.9427 VALUE_OK
MATCH,9911,0x0CF00400,61444,161848.0,145498.893,-0.056,FF FF FF 12 00 FF FF FF,FF FF FF 12 00 FF FF FF,[],190=2.25/exp 2.2799 VALUE_OK
MATCH,9912,0x0CF00400,61444,161853.0,145503.924,-0.023,FF FF FF 15 00 FF FF FF,FF FF FF 15 00 FF FF FF,[],190=2.625/exp 2.6441 VALUE_OK
MATCH,9913,0x0CF00400,61444,161858.0,145508.904,-0.043,FF FF FF 18 00 FF FF FF,FF FF FF 18 00 FF FF FF,[],190=3.0/exp 3.0352 VALUE_OK
MATCH,9914,0x0CF00400,61444,161863.0,145513.935,-0.011,FF FF FF 1C 00 FF FF FF,FF FF FF 1C 00 FF FF FF,[],190=3.5/exp 3.4532 VALUE_OK
MATCH,9915,0x0CF00400,61444,161868.0,145518.907,-0.039,FF FF FF 1F 00 FF FF FF,FF FF FF 1F 00 FF FF FF,[],190=3.875/exp 3.8982 VALUE_OK
MATCH,9916,0x0CF00400,61444,161873.0,145523.871,-0.074,FF FF FF 23 00 FF FF FF,FF FF FF 23 00 FF FF FF,[],190=4.375/exp 4.3701 VALUE_OK
MATCH,9917,0x0CF00400,61444,161878.0,145528.906,-0.038,FF FF FF 27 00 FF FF FF,FF FF FF 27 00 FF FF FF,[],190=4.875/exp 4.8689 VALUE_OK
MATCH,9918,0x0CF00400,61444,161883.0,145533.873,-0.07,FF FF FF 2B 00 FF FF FF,FF FF FF 2B 00 FF FF FF,[],190=5.375/exp 5.3947 VALUE_OK
MATCH,9919,0x0CF00400,61444,161888.0,145538.913,-0.029,FF FF FF 30 00 FF FF FF,FF FF FF 30 00 FF FF FF,[],190=6.0/exp 5.9473 VALUE_OK
MATCH,9920,0x0CF00400,61444,161893.0,145543.888,-0.053,FF FF FF 34 00 FF FF FF,FF FF FF 34 00 FF FF FF,[],190=6.5/exp 6.5268 VALUE_OK
MATCH,9921,0x0CF00400,61444,161898.0,145548.92,-0.02,FF FF FF 39 00 FF FF FF,FF FF FF 39 00 FF FF FF,[],190=7.125/exp 7.1333 VALUE_OK
MATCH,9922,0x0CF00400,61444,161903.0,145553.899,-0.04,FF FF FF 3E 00 FF FF FF,FF FF FF 3E 00 FF FF FF,[],190=7.75/exp 7.7666 VALUE_OK
MATCH,9923,0x0CF00400,61444,161908.0,145558.927,-0.012,FF FF FF 43 00 FF FF FF,FF FF FF 43 00 FF FF FF,[],190=8.375/exp 8.4267 VALUE_OK
MATCH,9924,0x0CF00400,61444,161913.0,145563.874,-0.064,FF FF FF 49 00 FF FF FF,FF FF FF 49 00 FF FF FF,[],190=9.125/exp 9.1138 VALUE_OK
MATCH,9925,0x0CF00400,61444,161918.0,145568.922,-0.015,FF FF FF 4F 00 FF FF FF,FF FF FF 4F 00 FF FF FF,[],190=9.875/exp 9.8276 VALUE_OK
MATCH,9926,0x0CF00400,61444,161923.0,145573.878,-0.059,FF FF FF 55 00 FF FF FF,FF FF FF 55 00 FF FF FF,[],190=10.625/exp 10.5683 VALUE_OK
MATCH,9927,0x0CF00400,61444,161928.0,145578.913,-0.023,FF FF FF 5B 00 FF FF FF,FF FF FF 5B 00 FF FF FF,[],190=11.375/exp 11.3359 VALUE_OK
MATCH,9928,0x0CF00400,61444,161933.0,145583.885,-0.05,FF FF FF 61 00 FF FF FF,FF FF FF 61 00 FF FF FF,[],190=12.125/exp 12.1302 VALUE_OK
MATCH,9929,0x0CF00400,61444,161938.0,145588.928,-0.006,FF FF FF 68 00 FF FF FF,FF FF FF 68 00 FF FF FF,[],190=13.0/exp 12.9513 VALUE_OK
MATCH,9930,0x0CF00400,61444,161943.0,145593.892,-0.042,FF FF FF 6E 00 FF FF FF,FF FF FF 6E 00 FF FF FF,[],190=13.75/exp 13.7993 VALUE_OK
MATCH,9931,0x0CF00400,61444,161948.0,145598.867,-0.066,FF FF FF 75 00 FF FF FF,FF FF FF 75 00 FF FF FF,[],190=14.625/exp 14.674 VALUE_OK
MATCH,9932,0x0CF00400,61444,161953.0,145603.903,-0.029,FF FF FF 7D 00 FF FF FF,FF FF FF 7D 00 FF FF FF,[],190=15.625/exp 15.5754 VALUE_OK
MATCH,9933,0x0CF00400,61444,161958.0,145608.882,-0.049,FF FF FF 84 00 FF FF FF,FF FF FF 84 00 FF FF FF,[],190=16.5/exp 16.5037 VALUE_OK
MATCH,9934,0x0CF00400,61444,161963.0,145613.914,-0.016,FF FF FF 8C 00 FF FF FF,FF FF FF 8C 00 FF FF FF,[],190=17.5/exp 17.4586 VALUE_OK
MATCH,9935,0x0CF00400,61444,161968.0,145618.881,-0.049,FF FF FF 94 00 FF FF FF,FF FF FF 94 00 FF FF FF,[],190=18.5/exp 18.4403 VALUE_OK
MATCH,9936,0x0CF00400,61444,161973.0,145623.913,-0.016,FF FF FF 9C 00 FF FF FF,FF FF FF 9C 00 FF FF FF,[],190=19.5/exp 19.4486 VALUE_OK
MATCH,9937,0x0CF00400,61444,161978.0,145628.884,-0.045,FF FF FF A4 00 FF FF FF,FF FF FF A4 00 FF FF FF,[],190=20.5/exp 20.4837 VALUE_OK
MATCH,9938,0x0CF00400,61444,161983.0,145633.924,-0.004,FF FF FF AC 00 FF FF FF,FF FF FF AC 00 FF FF FF,[],190=21.5/exp 21.5454 VALUE_OK
MATCH,9939,0x0CF00400,61444,161988.0,145638.887,-0.041,FF FF FF B5 00 FF FF FF,FF FF FF B5 00 FF FF FF,[],190=22.625/exp 22.6338 VALUE_OK
MATCH,9940,0x0CF00400,61444,161993.0,145643.931,0.004,FF FF FF BE 00 FF FF FF,FF FF FF BE 00 FF FF FF,[],190=23.75/exp 23.7488 VALUE_OK
MATCH,9941,0x0CF00400,61444,161998.0,145648.895,-0.032,FF FF FF C7 00 FF FF FF,FF FF FF C7 00 FF FF FF,[],190=24.875/exp 24.8904 VALUE_OK
UNLOGGED,,0x0CF00400,61444,,145653.866,,,FF FF FF D0 00 FF FF FF,[],
MATCH,9943,0x0CF00400,61444,162008.0,145658.898,-0.028,FF FF FF DA 00 FF FF FF,FF FF FF DA 00 FF FF FF,[],190=27.25/exp 27.2535 VALUE_OK
MATCH,9944,0x0CF00400,61444,162013.0,145663.873,-0.053,FF FF FF E4 00 FF FF FF,FF FF FF E4 00 FF FF FF,[],190=28.5/exp 28.4749 VALUE_OK
MATCH,9945,0x0CF00400,61444,162018.0,145668.905,-0.02,FF FF FF EE 00 FF FF FF,FF FF FF EE 00 FF FF FF,[],190=29.75/exp 29.7228 VALUE_OK
MATCH,9946,0x0CF00400,61444,162023.0,145673.876,-0.048,FF FF FF F8 00 FF FF FF,FF FF FF F8 00 FF FF FF,[],190=31.0/exp 30.9973 VALUE_OK
MATCH,9947,0x0CF00400,61444,162028.0,145678.916,-0.007,FF FF FF 02 01 FF FF FF,FF FF FF 02 01 FF FF FF,[],190=32.25/exp 32.2983 VALUE_OK
MATCH,9948,0x0CF00400,61444,162033.0,145683.879,-0.044,FF FF FF 0D 01 FF FF FF,FF FF FF 0D 01 FF FF FF,[],190=33.625/exp 33.6258 VALUE_OK
MATCH,9949,0x0CF00400,61444,162038.0,145688.891,-0.031,FF FF FF 18 01 FF FF FF,FF FF FF 18 01 FF FF FF,[],190=35.0/exp 34.9797 VALUE_OK
MATCH,9950,0x0CF00400,61444,162043.0,145693.866,-0.056,FF FF FF 23 01 FF FF FF,FF FF FF 23 01 FF FF FF,[],190=36.375/exp 36.3601 VALUE_OK
MATCH,9951,0x0CF00400,61444,162048.0,145698.894,-0.027,FF FF FF 2E 01 FF FF FF,FF FF FF 2E 01 FF FF FF,[],190=37.75/exp 37.7669 VALUE_OK
MATCH,9952,0x0CF00400,61444,162053.0,145703.865,-0.055,FF FF FF 3A 01 FF FF FF,FF FF FF 3A 01 FF FF FF,[],190=39.25/exp 39.2001 VALUE_OK
MATCH,9953,0x0CF00400,61444,162058.0,145708.905,-0.014,FF FF FF 45 01 FF FF FF,FF FF FF 45 01 FF FF FF,[],190=40.625/exp 40.6597 VALUE_OK
MATCH,9954,0x0CF00400,61444,162063.0,145713.868,-0.051,FF FF FF 51 01 FF FF FF,FF FF FF 51 01 FF FF FF,[],190=42.125/exp 42.1457 VALUE_OK
MATCH,9955,0x0CF00400,61444,162068.0,145718.908,-0.01,FF FF FF 5D 01 FF FF FF,FF FF FF 5D 01 FF FF FF,[],190=43.625/exp 43.658 VALUE_OK
MATCH,9956,0x0CF00400,61444,162073.0,145723.876,-0.041,FF FF FF 6A 01 FF FF FF,FF FF FF 6A 01 FF FF FF,[],190=45.25/exp 45.1966 VALUE_OK
MATCH,9957,0x0CF00400,61444,162078.0,145728.851,-0.066,FF FF FF 76 01 FF FF FF,FF FF FF 76 01 FF FF FF,[],190=46.75/exp 46.7615 VALUE_OK
MATCH,9958,0x0CF00400,61444,162083.0,145733.895,-0.02,FF FF FF 83 01 FF FF FF,FF FF FF 83 01 FF FF FF,[],190=48.375/exp 48.3526 VALUE_OK
MATCH,9959,0x0CF00400,61444,162088.0,145738.867,-0.048,FF FF FF 90 01 FF FF FF,FF FF FF 90 01 FF FF FF,[],190=50.0/exp 49.97 VALUE_OK
MATCH,9960,0x0CF00400,61444,162093.0,145743.89,-0.024,FF FF FF 9D 01 FF FF FF,FF FF FF 9D 01 FF FF FF,[],190=51.625/exp 51.6137 VALUE_OK
MATCH,9961,0x0CF00400,61444,162098.0,145748.865,-0.049,FF FF FF AA 01 FF FF FF,FF FF FF AA 01 FF FF FF,[],190=53.25/exp 53.2835 VALUE_OK
MATCH,9962,0x0CF00400,61444,162103.0,145753.905,-0.008,FF FF FF B8 01 FF FF FF,FF FF FF B8 01 FF FF FF,[],190=55.0/exp 54.9795 VALUE_OK
MATCH,9963,0x0CF00400,61444,162108.0,145758.868,-0.044,FF FF FF C6 01 FF FF FF,FF FF FF C6 01 FF FF FF,[],190=56.75/exp 56.7016 VALUE_OK
MATCH,9964,0x0CF00400,61444,162113.0,145763.904,-0.008,FF FF FF D4 01 FF FF FF,FF FF FF D4 01 FF FF FF,[],190=58.5/exp 58.4498 VALUE_OK
MATCH,9965,0x0CF00400,61444,162118.0,145768.871,-0.04,FF FF FF E2 01 FF FF FF,FF FF FF E2 01 FF FF FF,[],190=60.25/exp 60.2241 VALUE_OK
MATCH,9966,0x0CF00400,61444,162123.0,145773.851,-0.06,FF FF FF F0 01 FF FF FF,FF FF FF F0 01 FF FF FF,[],190=62.0/exp 62.0245 VALUE_OK
MATCH,9967,0x0CF00400,61444,162128.0,145778.882,-0.027,FF FF FF FF 01 FF FF FF,FF FF FF FF 01 FF FF FF,[],190=63.875/exp 63.8509 VALUE_OK
MATCH,9968,0x0CF00400,61444,162133.0,145783.842,-0.067,FF FF FF 0E 02 FF FF FF,FF FF FF 0E 02 FF FF FF,[],190=65.75/exp 65.7033 VALUE_OK
MATCH,9969,0x0CF00400,61444,162138.0,145788.877,-0.03,FF FF FF 1D 02 FF FF FF,FF FF FF 1D 02 FF FF FF,[],190=67.625/exp 67.5817 VALUE_OK
MATCH,9970,0x0CF00400,61444,162143.0,145793.853,-0.054,FF FF FF 2C 02 FF FF FF,FF FF FF 2C 02 FF FF FF,[],190=69.5/exp 69.4861 VALUE_OK
MATCH,9971,0x0CF00400,61444,162148.0,145798.889,-0.017,FF FF FF 3B 02 FF FF FF,FF FF FF 3B 02 FF FF FF,[],190=71.375/exp 71.4163 VALUE_OK
MATCH,9972,0x0CF00400,61444,162153.0,145803.856,-0.049,FF FF FF 4B 02 FF FF FF,FF FF FF 4B 02 FF FF FF,[],190=73.375/exp 73.3724 VALUE_OK
MATCH,9973,0x0CF00400,61444,162158.0,145808.884,-0.02,FF FF FF 5B 02 FF FF FF,FF FF FF 5B 02 FF FF FF,[],190=75.375/exp 75.3544 VALUE_OK
MATCH,9974,0x0CF00400,61444,162163.0,145813.835,-0.069,FF FF FF 6B 02 FF FF FF,FF FF FF 6B 02 FF FF FF,[],190=77.375/exp 77.3622 VALUE_OK
MATCH,9975,0x0CF00400,61444,162168.0,145818.871,-0.032,FF FF FF 7B 02 FF FF FF,FF FF FF 7B 02 FF FF FF,[],190=79.375/exp 79.3958 VALUE_OK
MATCH,9976,0x0CF00400,61444,162173.0,145823.838,-0.064,FF FF FF 8C 02 FF FF FF,FF FF FF 8C 02 FF FF FF,[],190=81.5/exp 81.4552 VALUE_OK
MATCH,9977,0x0CF00400,61444,162178.0,145828.882,-0.019,FF FF FF 9C 02 FF FF FF,FF FF FF 9C 02 FF FF FF,[],190=83.5/exp 83.5403 VALUE_OK
MATCH,9978,0x0CF00400,61444,162183.0,145833.849,-0.051,FF FF FF AD 02 FF FF FF,FF FF FF AD 02 FF FF FF,[],190=85.625/exp 85.6511 VALUE_OK
MATCH,9979,0x0CF00400,61444,162188.0,145838.893,-0.006,FF FF FF BE 02 FF FF FF,FF FF FF BE 02 FF FF FF,[],190=87.75/exp 87.7876 VALUE_OK
MATCH,9980,0x0CF00400,61444,162193.0,145843.865,-0.034,FF FF FF D0 02 FF FF FF,FF FF FF D0 02 FF FF FF,[],190=90.0/exp 89.9497 VALUE_OK
MATCH,9981,0x0CF00400,61444,162198.0,145848.9,0.001,FF FF FF E1 02 FF FF FF,FF FF FF E1 02 FF FF FF,[],190=92.125/exp 92.1374 VALUE_OK
MATCH,9982,0x0CF00400,61444,162203.0,145853.871,-0.028,FF FF FF F3 02 FF FF FF,FF FF FF F3 02 FF FF FF,[],190=94.375/exp 94.3506 VALUE_OK
MATCH,9983,0x0CF00400,61444,162208.0,145858.839,-0.059,FF FF FF 05 03 FF FF FF,FF FF FF 05 03 FF FF FF,[],190=96.625/exp 96.5894 VALUE_OK
MATCH,9984,0x0CF00400,61444,162213.0,145863.871,-0.026,FF FF FF 17 03 FF FF FF,FF FF FF 17 03 FF FF FF,[],190=98.875/exp 98.8537 VALUE_OK
MATCH,9985,0x0CF00400,61444,162218.0,145868.843,-0.053,FF FF FF 29 03 FF FF FF,FF FF FF 29 03 FF FF FF,[],190=101.125/exp 101.1435 VALUE_OK
MATCH,9986,0x0CF00400,61444,162223.0,145873.879,-0.016,FF FF FF 3C 03 FF FF FF,FF FF FF 3C 03 FF FF FF,[],190=103.5/exp 103.4587 VALUE_OK
MATCH,9987,0x0CF00400,61444,162228.0,145878.854,-0.041,FF FF FF 4E 03 FF FF FF,FF FF FF 4E 03 FF FF FF,[],190=105.75/exp 105.7992 VALUE_OK
MATCH,9988,0x0CF00400,61444,162233.0,145883.89,-0.004,FF FF FF 61 03 FF FF FF,FF FF FF 61 03 FF FF FF,[],190=108.125/exp 108.1652 VALUE_OK
MATCH,9989,0x0CF00400,61444,162238.0,145888.857,-0.037,FF FF FF 74 03 FF FF FF,FF FF FF 74 03 FF FF FF,[],190=110.5/exp 110.5564 VALUE_OK
MATCH,9990,0x0CF00400,61444,162243.0,145893.897,0.004,FF FF FF 88 03 FF FF FF,FF FF FF 88 03 FF FF FF,[],190=113.0/exp 112.9729 VALUE_OK
MATCH,9991,0x0CF00400,61444,162248.0,145898.868,-0.025,FF FF FF 9B 03 FF FF FF,FF FF FF 9B 03 FF FF FF,[],190=115.375/exp 115.4147 VALUE_OK
MATCH,9992,0x0CF00400,61444,162253.0,145903.84,-0.053,FF FF FF AF 03 FF FF FF,FF FF FF AF 03 FF FF FF,[],190=117.875/exp 117.8817 VALUE_OK
MATCH,9993,0x0CF00400,61444,162258.0,145908.875,-0.017,FF FF FF C3 03 FF FF FF,FF FF FF C3 03 FF FF FF,[],190=120.375/exp 120.3739 VALUE_OK
MATCH,9994,0x0CF00400,61444,162263.0,145913.847,-0.044,FF FF FF D7 03 FF FF FF,FF FF FF D7 03 FF FF FF,[],190=122.875/exp 122.8911 VALUE_OK
MATCH,9995,0x0CF00400,61444,162268.0,145918.883,-0.008,FF FF FF EB 03 FF FF FF,FF FF FF EB 03 FF FF FF,[],190=125.375/exp 125.4335 VALUE_OK
MATCH,9996,0x0CF00400,61444,162273.0,145923.858,-0.032,FF FF FF 00 04 FF FF FF,FF FF FF 00 04 FF FF FF,[],190=128.0/exp 128.001 VALUE_OK
MATCH,9997,0x0CF00400,61444,162278.0,145928.886,-0.004,FF FF FF 15 04 FF FF FF,FF FF FF 15 04 FF FF FF,[],190=130.625/exp 130.5934 VALUE_OK
MATCH,9998,0x0CF00400,61444,162283.0,145933.849,-0.041,FF FF FF 2A 04 FF FF FF,FF FF FF 2A 04 FF FF FF,[],190=133.25/exp 133.2108 VALUE_OK
MATCH,9999,0x0CF00400,61444,162288.0,145938.868,-0.021,FF FF FF 3F 04 FF FF FF,FF FF FF 3F 04 FF FF FF,[],190=135.875/exp 135.8532 VALUE_OK
MATCH,10000,0x0CF00400,61444,162293.0,145943.836,-0.052,FF FF FF 54 04 FF FF FF,FF FF FF 54 04 FF FF FF,[],190=138.5/exp 138.5204 VALUE_OK
MATCH,10001,0x0CF00400,61444,162298.0,145948.876,-0.011,FF FF FF 6A 04 FF FF FF,FF FF FF 6A 04 FF FF FF,[],190=141.25/exp 141.2125 VALUE_OK
MATCH,10002,0x0CF00400,61444,162303.0,145953.855,-0.032,FF FF FF 7F 04 FF FF FF,FF FF FF 7F 04 FF FF FF,[],190=143.875/exp 143.9294 VALUE_OK
MATCH,10003,0x0CF00400,61444,162308.0,145958.835,-0.052,FF FF FF 95 04 FF FF FF,FF FF FF 95 04 FF FF FF,[],190=146.625/exp 146.6711 VALUE_OK
MATCH,10004,0x0CF00400,61444,162313.0,145963.87,-0.016,FF FF FF AC 04 FF FF FF,FF FF FF AC 04 FF FF FF,[],190=149.5/exp 149.4375 VALUE_OK
MATCH,10005,0x0CF00400,61444,162318.0,145968.846,-0.039,FF FF FF C2 04 FF FF FF,FF FF FF C2 04 FF FF FF,[],190=152.25/exp 152.2285 VALUE_OK
MATCH,10006,0x0CF00400,61444,162323.0,145973.881,-0.003,FF FF FF D8 04 FF FF FF,FF FF FF D8 04 FF FF FF,[],190=155.0/exp 155.0443 VALUE_OK
MATCH,10007,0x0CF00400,61444,162328.0,145978.865,-0.019,FF FF FF EF 04 FF FF FF,FF FF FF EF 04 FF FF FF,[],190=157.875/exp 157.8846 VALUE_OK
MATCH,10008,0x0CF00400,61444,162333.0,145983.853,-0.031,FF FF FF 06 05 FF FF FF,FF FF FF 06 05 FF FF FF,[],190=160.75/exp 160.7494 VALUE_OK
MATCH,10009,0x0CF00400,61444,162338.0,145988.82,-0.063,FF FF FF 1D 05 FF FF FF,FF FF FF 1D 05 FF FF FF,[],190=163.625/exp 163.6388 VALUE_OK
MATCH,10010,0x0CF00400,61444,162343.0,145993.859,-0.023,FF FF FF 34 05 FF FF FF,FF FF FF 34 05 FF FF FF,[],190=166.5/exp 166.5527 VALUE_OK
MATCH,10011,0x0CF00400,61444,162348.0,145998.835,-0.047,FF FF FF 4C 05 FF FF FF,FF FF FF 4C 05 FF FF FF,[],190=169.5/exp 169.4909 VALUE_OK
MATCH,10012,0x0CF00400,61444,162353.0,146003.878,-0.003,FF FF FF 64 05 FF FF FF,FF FF FF 64 05 FF FF FF,[],190=172.5/exp 172.4535 VALUE_OK
MATCH,10013,0x0CF00400,61444,162358.0,146008.854,-0.027,FF FF FF 7C 05 FF FF FF,FF FF FF 7C 05 FF FF FF,[],190=175.5/exp 175.4405 VALUE_OK
MATCH,10014,0x0CF00400,61444,162363.0,146013.822,-0.058,FF FF FF 94 05 FF FF FF,FF FF FF 94 05 FF FF FF,[],190=178.5/exp 178.4517 VALUE_OK
MATCH,10015,0x0CF00400,61444,162368.0,146018.861,-0.018,FF FF FF AC 05 FF FF FF,FF FF FF AC 05 FF FF FF,[],190=181.5/exp 181.4872 VALUE_OK
MATCH,10016,0x0CF00400,61444,162373.0,146023.837,-0.042,FF FF FF C4 05 FF FF FF,FF FF FF C4 05 FF FF FF,[],190=184.5/exp 184.5469 VALUE_OK
MATCH,10017,0x0CF00400,61444,162378.0,146028.876,-0.002,FF FF FF DD 05 FF FF FF,FF FF FF DD 05 FF FF FF,[],190=187.625/exp 187.6307 VALUE_OK
MATCH,10018,0x0CF00400,61444,162383.0,146033.86,-0.018,FF FF FF F6 05 FF FF FF,FF FF FF F6 05 FF FF FF,[],190=190.75/exp 190.7386 VALUE_OK
MATCH,10019,0x0CF00400,61444,162388.0,146038.839,-0.038,FF FF FF 0F 06 FF FF FF,FF FF FF 0F 06 FF FF FF,[],190=193.875/exp 193.8705 VALUE_OK
MATCH,10020,0x0CF00400,61444,162393.0,146043.811,-0.066,FF FF FF 28 06 FF FF FF,FF FF FF 28 06 FF FF FF,[],190=197.0/exp 197.0265 VALUE_OK
MATCH,10021,0x0CF00400,61444,162398.0,146048.858,-0.017,FF FF FF 42 06 FF FF FF,FF FF FF 42 06 FF FF FF,[],190=200.25/exp 200.2064 VALUE_OK
MATCH,10022,0x0CF00400,61444,162403.0,146053.838,-0.037,FF FF FF 5B 06 FF FF FF,FF FF FF 5B 06 FF FF FF,[],190=203.375/exp 203.4101 VALUE_OK
MATCH,10023,0x0CF00400,61444,162408.0,146058.814,-0.06,FF FF FF 75 06 FF FF FF,FF FF FF 75 06 FF FF FF,[],190=206.625/exp 206.6378 VALUE_OK
MATCH,10024,0x0CF00400,61444,162413.0,146063.841,-0.032,FF FF FF 8F 06 FF FF FF,FF FF FF 8F 06 FF FF FF,[],190=209.875/exp 209.8892 VALUE_OK
MATCH,10025,0x0CF00400,61444,162418.0,146068.825,-0.047,FF FF FF A9 06 FF FF FF,FF FF FF A9 06 FF FF FF,[],190=213.125/exp 213.1644 VALUE_OK
MATCH,10026,0x0CF00400,61444,162423.0,146073.86,-0.011,FF FF FF C4 06 FF FF FF,FF FF FF C4 06 FF FF FF,[],190=216.5/exp 216.4633 VALUE_OK
MATCH,10027,0x0CF00400,61444,162428.0,146078.843,-0.028,FF FF FF DE 06 FF FF FF,FF FF FF DE 06 FF FF FF,[],190=219.75/exp 219.7858 VALUE_OK
MATCH,10028,0x0CF00400,61444,162433.0,146083.819,-0.052,FF FF FF F9 06 FF FF FF,FF FF FF F9 06 FF FF FF,[],190=223.125/exp 223.132 VALUE_OK
MATCH,10029,0x0CF00400,61444,162438.0,146088.803,-0.067,FF FF FF 14 07 FF FF FF,FF FF FF 14 07 FF FF FF,[],190=226.5/exp 226.5017 VALUE_OK
MATCH,10030,0x0CF00400,61444,162443.0,146093.858,-0.01,FF FF FF 2F 07 FF FF FF,FF FF FF 2F 07 FF FF FF,[],190=229.875/exp 229.8948 VALUE_OK
MATCH,10031,0x0CF00400,61444,162448.0,146098.838,-0.03,FF FF FF 4A 07 FF FF FF,FF FF FF 4A 07 FF FF FF,[],190=233.25/exp 233.3115 VALUE_OK
MATCH,10032,0x0CF00400,61444,162453.0,146103.817,-0.05,FF FF FF 66 07 FF FF FF,FF FF FF 66 07 FF FF FF,[],190=236.75/exp 236.7515 VALUE_OK
MATCH,10033,0x0CF00400,61444,162458.0,146108.869,0.003,FF FF FF 82 07 FF FF FF,FF FF FF 82 07 FF FF FF,[],190=240.25/exp 240.2148 VALUE_OK
MATCH,10034,0x0CF00400,61444,162463.0,146113.848,-0.018,FF FF FF 9E 07 FF FF FF,FF FF FF 9E 07 FF FF FF,[],190=243.75/exp 243.7015 VALUE_OK
MATCH,10035,0x0CF00400,61444,162468.0,146118.828,-0.038,FF FF FF BA 07 FF FF FF,FF FF FF BA 07 FF FF FF,[],190=247.25/exp 247.2113 VALUE_OK
MATCH,10036,0x0CF00400,61444,162473.0,146123.811,-0.054,FF FF FF D6 07 FF FF FF,FF FF FF D6 07 FF FF FF,[],190=250.75/exp 250.7443 VALUE_OK
MATCH,10037,0x0CF00400,61444,162478.0,146128.855,-0.009,FF FF FF F2 07 FF FF FF,FF FF FF F2 07 FF FF FF,[],190=254.25/exp 254.3005 VALUE_OK
MATCH,10038,0x0CF00400,61444,162483.0,146133.818,-0.046,FF FF FF 0F 08 FF FF FF,FF FF FF 0F 08 FF FF FF,[],190=257.875/exp 257.8797 VALUE_OK
MATCH,10039,0x0CF00400,61444,162488.0,146138.794,-0.069,FF FF FF 2C 08 FF FF FF,FF FF FF 2C 08 FF FF FF,[],190=261.5/exp 261.4819 VALUE_OK
MATCH,10040,0x0CF00400,61444,162493.0,146143.829,-0.033,FF FF FF 49 08 FF FF FF,FF FF FF 49 08 FF FF FF,[],190=265.125/exp 265.1071 VALUE_OK
MATCH,10041,0x0CF00400,61444,162498.0,146148.817,-0.044,FF FF FF 66 08 FF FF FF,FF FF FF 66 08 FF FF FF,[],190=268.75/exp 268.7552 VALUE_OK
MATCH,10042,0x0CF00400,61444,162503.0,146153.804,-0.056,FF FF FF 83 08 FF FF FF,FF FF FF 83 08 FF FF FF,[],190=272.375/exp 272.4261 VALUE_OK
MATCH,10043,0x0CF00400,61444,162508.0,146158.848,-0.011,FF FF FF A1 08 FF FF FF,FF FF FF A1 08 FF FF FF,[],190=276.125/exp 276.1198 VALUE_OK
MATCH,10044,0x0CF00400,61444,162513.0,146163.828,-0.031,FF FF FF BF 08 FF FF FF,FF FF FF BF 08 FF FF FF,[],190=279.875/exp 279.8363 VALUE_OK
MATCH,10045,0x0CF00400,61444,162518.0,146168.795,-0.063,FF FF FF DD 08 FF FF FF,FF FF FF DD 08 FF FF FF,[],190=283.625/exp 283.5754 VALUE_OK
MATCH,10046,0x0CF00400,61444,162523.0,146173.839,-0.018,FF FF FF FB 08 FF FF FF,FF FF FF FB 08 FF FF FF,[],190=287.375/exp 287.3371 VALUE_OK
MATCH,10047,0x0CF00400,61444,162528.0,146178.806,-0.051,FF FF FF 19 09 FF FF FF,FF FF FF 19 09 FF FF FF,[],190=291.125/exp 291.1214 VALUE_OK
MATCH,10048,0x0CF00400,61444,162533.0,146183.778,-0.078,FF FF FF 37 09 FF FF FF,FF FF FF 37 09 FF FF FF,[],190=294.875/exp 294.9282 VALUE_OK
MATCH,10049,0x0CF00400,61444,162538.0,146188.805,-0.049,FF FF FF 56 09 FF FF FF,FF FF FF 56 09 FF FF FF,[],190=298.75/exp 298.7574 VALUE_OK
MATCH,10050,0x0CF00400,61444,162543.0,146193.841,-0.012,FF FF FF 75 09 FF FF FF,FF FF FF 75 09 FF FF FF,[],190=302.625/exp 302.609 VALUE_OK
MATCH,10051,0x0CF00400,61444,162548.0,146198.816,-0.037,FF FF FF 94 09 FF FF FF,FF FF FF 94 09 FF FF FF,[],190=306.5/exp 306.4829 VALUE_OK
MATCH,10052,0x0CF00400,61444,162553.0,146203.788,-0.064,FF FF FF B3 09 FF FF FF,FF FF FF B3 09 FF FF FF,[],190=310.375/exp 310.3791 VALUE_OK
MATCH,10053,0x0CF00400,61444,162558.0,146208.844,-0.007,FF FF FF D2 09 FF FF FF,FF FF FF D2 09 FF FF FF,[],190=314.25/exp 314.2975 VALUE_OK
MATCH,10054,0x0CF00400,61444,162563.0,146213.823,-0.028,FF FF FF F2 09 FF FF FF,FF FF FF F2 09 FF FF FF,[],190=318.25/exp 318.238 VALUE_OK
MATCH,10055,0x0CF00400,61444,162568.0,146218.81,-0.04,FF FF FF 12 0A FF FF FF,FF FF FF 12 0A FF FF FF,[],190=322.25/exp 322.2006 VALUE_OK
MATCH,10056,0x0CF00400,61444,162573.0,146223.782,-0.067,FF FF FF 31 0A FF FF FF,FF FF FF 31 0A FF FF FF,[],190=326.125/exp 326.1852 VALUE_OK
MATCH,10057,0x0CF00400,61444,162578.0,146228.83,-0.018,FF FF FF 52 0A FF FF FF,FF FF FF 52 0A FF FF FF,[],190=330.25/exp 330.1918 VALUE_OK
MATCH,10058,0x0CF00400,61444,162583.0,146233.793,-0.055,FF FF FF 72 0A FF FF FF,FF FF FF 72 0A FF FF FF,[],190=334.25/exp 334.2203 VALUE_OK
UNLOGGED,,0x0CF00400,61444,,146238.841,,,FF FF FF 92 0A FF FF FF,[],
MATCH,10060,0x0CF00400,61444,162593.0,146243.816,-0.031,FF FF FF B3 0A FF FF FF,FF FF FF B3 0A FF FF FF,[],190=342.375/exp 342.3426 VALUE_OK
MATCH,10061,0x0CF00400,61444,162598.0,146248.784,-0.062,FF FF FF D3 0A FF FF FF,FF FF FF D3 0A FF FF FF,[],190=346.375/exp 346.4364 VALUE_OK
MATCH,10062,0x0CF00400,61444,162603.0,146253.827,-0.018,FF FF FF F4 0A FF FF FF,FF FF FF F4 0A FF FF FF,[],190=350.5/exp 350.5518 VALUE_OK
MATCH,10063,0x0CF00400,61444,162608.0,146258.799,-0.045,FF FF FF 16 0B FF FF FF,FF FF FF 16 0B FF FF FF,[],190=354.75/exp 354.6889 VALUE_OK
MATCH,10064,0x0CF00400,61444,162613.0,146263.839,-0.004,FF FF FF 37 0B FF FF FF,FF FF FF 37 0B FF FF FF,[],190=358.875/exp 358.8474 VALUE_OK
MATCH,10065,0x0CF00400,61444,162618.0,146268.814,-0.029,FF FF FF 58 0B FF FF FF,FF FF FF 58 0B FF FF FF,[],190=363.0/exp 363.0274 VALUE_OK
MATCH,10066,0x0CF00400,61444,162623.0,146273.785,-0.058,FF FF FF 7A 0B FF FF FF,FF FF FF 7A 0B FF FF FF,[],190=367.25/exp 367.2287 VALUE_OK
MATCH,10067,0x0CF00400,61444,162628.0,146278.829,-0.013,FF FF FF 9C 0B FF FF FF,FF FF FF 9C 0B FF FF FF,[],190=371.5/exp 371.4514 VALUE_OK
MATCH,10068,0x0CF00400,61444,162633.0,146283.805,-0.036,FF FF FF BE 0B FF FF FF,FF FF FF BE 0B FF FF FF,[],190=375.75/exp 375.6954 VALUE_OK
MATCH,10069,0x0CF00400,61444,162638.0,146288.776,-0.065,FF FF FF E0 0B FF FF FF,FF FF FF E0 0B FF FF FF,[],190=380.0/exp 379.9605 VALUE_OK
MATCH,10070,0x0CF00400,61444,162643.0,146293.816,-0.023,FF FF FF 02 0C FF FF FF,FF FF FF 02 0C FF FF FF,[],190=384.25/exp 384.2468 VALUE_OK
MATCH,10071,0x0CF00400,61444,162648.0,146298.783,-0.056,FF FF FF 24 0C FF FF FF,FF FF FF 24 0C FF FF FF,[],190=388.5/exp 388.5541 VALUE_OK
MATCH,10072,0x0CF00400,61444,162653.0,146303.814,-0.024,FF FF FF 47 0C FF FF FF,FF FF FF 47 0C FF FF FF,[],190=392.875/exp 392.8824 VALUE_OK
MATCH,10073,0x0CF00400,61444,162658.0,146308.802,-0.035,FF FF FF 6A 0C FF FF FF,FF FF FF 6A 0C FF FF FF,[],190=397.25/exp 397.2317 VALUE_OK
MATCH,10074,0x0CF00400,61444,162663.0,146313.826,-0.011,FF FF FF 8D 0C FF FF FF,FF FF FF 8D 0C FF FF FF,[],190=401.625/exp 401.6018 VALUE_OK
MATCH,10075,0x0CF00400,61444,162668.0,146318.813,-0.023,FF FF FF B0 0C FF FF FF,FF FF FF B0 0C FF FF FF,[],190=406.0/exp 405.9927 VALUE_OK
MATCH,10076,0x0CF00400,61444,162673.0,146323.793,-0.043,FF FF FF D3 0C FF FF FF,FF FF FF D3 0C FF FF FF,[],190=410.375/exp 410.4044 VALUE_OK
MATCH,10077,0x0CF00400,61444,162678.0,146328.78,-0.055,FF FF FF F7 0C FF FF FF,FF FF FF F7 0C FF FF FF,[],190=414.875/exp 414.8367 VALUE_OK
MATCH,10078,0x0CF00400,61444,162683.0,146333.82,-0.014,FF FF FF 1A 0D FF FF FF,FF FF FF 1A 0D FF FF FF,[],190=419.25/exp 419.2896 VALUE_OK
MATCH,10079,0x0CF00400,61444,162688.0,146338.795,-0.039,FF FF FF 3E 0D FF FF FF,FF FF FF 3E 0D FF FF FF,[],190=423.75/exp 423.763 VALUE_OK
MATCH,10080,0x0CF00400,61444,162693.0,146343.771,-0.062,FF FF FF 62 0D FF FF FF,FF FF FF 62 0D FF FF FF,[],190=428.25/exp 428.2568 VALUE_OK
MATCH,10081,0x0CF00400,61444,162698.0,146348.814,-0.018,FF FF FF 86 0D FF FF FF,FF FF FF 86 0D FF FF FF,[],190=432.75/exp 432.7711 VALUE_OK
MATCH,10082,0x0CF00400,61444,162703.0,146353.786,-0.045,FF FF FF AA 0D FF FF FF,FF FF FF AA 0D FF FF FF,[],190=437.25/exp 437.3056 VALUE_OK
MATCH,10083,0x0CF00400,61444,162708.0,146358.817,-0.013,FF FF FF CF 0D FF FF FF,FF FF FF CF 0D FF FF FF,[],190=441.875/exp 441.8604 VALUE_OK
MATCH,10084,0x0CF00400,61444,162713.0,146363.797,-0.033,FF FF FF F3 0D FF FF FF,FF FF FF F3 0D FF FF FF,[],190=446.375/exp 446.4354 VALUE_OK
MATCH,10085,0x0CF00400,61444,162718.0,146368.761,-0.068,FF FF FF 18 0E FF FF FF,FF FF FF 18 0E FF FF FF,[],190=451.0/exp 451.0305 VALUE_OK
MATCH,10086,0x0CF00400,61444,162723.0,146373.796,-0.032,FF FF FF 3D 0E FF FF FF,FF FF FF 3D 0E FF FF FF,[],190=455.625/exp 455.6456 VALUE_OK
MATCH,10087,0x0CF00400,61444,162728.0,146378.776,-0.051,FF FF FF 62 0E FF FF FF,FF FF FF 62 0E FF FF FF,[],190=460.25/exp 460.2807 VALUE_OK
MATCH,10088,0x0CF00400,61444,162733.0,146383.819,-0.007,FF FF FF 87 0E FF FF FF,FF FF FF 87 0E FF FF FF,[],190=464.875/exp 464.9356 VALUE_OK
MATCH,10089,0x0CF00400,61444,162738.0,146388.791,-0.035,FF FF FF AD 0E FF FF FF,FF FF FF AD 0E FF FF FF,[],190=469.625/exp 469.6104 VALUE_OK
MATCH,10090,0x0CF00400,61444,162743.0,146393.762,-0.064,FF FF FF D2 0E FF FF FF,FF FF FF D2 0E FF FF FF,[],190=474.25/exp 474.3049 VALUE_OK
MATCH,10091,0x0CF00400,61444,162748.0,146398.806,-0.018,FF FF FF F8 0E FF FF FF,FF FF FF F8 0E FF FF FF,[],190=479.0/exp 479.0191 VALUE_OK
MATCH,10092,0x0CF00400,61444,162753.0,146403.778,-0.046,FF FF FF 1E 0F FF FF FF,FF FF FF 1E 0F FF FF FF,[],190=483.75/exp 483.7529 VALUE_OK
MATCH,10093,0x0CF00400,61444,162758.0,146408.826,0.003,FF FF FF 44 0F FF FF FF,FF FF FF 44 0F FF FF FF,[],190=488.5/exp 488.5062 VALUE_OK
MATCH,10094,0x0CF00400,61444,162763.0,146413.793,-0.03,FF FF FF 6A 0F FF FF FF,FF FF FF 6A 0F FF FF FF,[],190=493.25/exp 493.279 VALUE_OK
MATCH,10095,0x0CF00400,61444,162768.0,146418.765,-0.057,FF FF FF 91 0F FF FF FF,FF FF FF 91 0F FF FF FF,[],190=498.125/exp 498.0711 VALUE_OK
MATCH,10096,0x0CF00400,61444,162773.0,146423.804,-0.017,FF FF FF B7 0F FF FF FF,FF FF FF B7 0F FF FF FF,[],190=502.875/exp 502.8826 VALUE_OK
MATCH,10097,0x0CF00400,61444,162778.0,146428.78,-0.041,FF FF FF DE 0F FF FF FF,FF FF FF DE 0F FF FF FF,[],190=507.75/exp 507.7133 VALUE_OK
MATCH,10098,0x0CF00400,61444,162783.0,146433.799,-0.021,FF FF FF 05 10 FF FF FF,FF FF FF 05 10 FF FF FF,[],190=512.625/exp 512.5631 VALUE_OK
MATCH,10099,0x0CF00400,61444,162788.0,146438.743,-0.077,FF FF FF 2B 10 FF FF FF,FF FF FF 2B 10 FF FF FF,[],190=517.375/exp 517.4321 VALUE_OK
MATCH,10100,0x0CF00400,61444,162793.0,146443.783,-0.035,FF FF FF 53 10 FF FF FF,FF FF FF 53 10 FF FF FF,[],190=522.375/exp 522.32 VALUE_OK
MATCH,10101,0x0CF00400,61444,162798.0,146448.758,-0.059,FF FF FF 7A 10 FF FF FF,FF FF FF 7A 10 FF FF FF,[],190=527.25/exp 527.2269 VALUE_OK
MATCH,10102,0x0CF00400,61444,162803.0,146453.802,-0.014,FF FF FF A1 10 FF FF FF,FF FF FF A1 10 FF FF FF,[],190=532.125/exp 532.1526 VALUE_OK
MATCH,10103,0x0CF00400,61444,162808.0,146458.777,-0.039,FF FF FF C9 10 FF FF FF,FF FF FF C9 10 FF FF FF,[],190=537.125/exp 537.0971 VALUE_OK
MATCH,10104,0x0CF00400,61444,162813.0,146463.757,-0.058,FF FF FF F0 10 FF FF FF,FF FF FF F0 10 FF FF FF,[],190=542.0/exp 542.0603 VALUE_OK
MATCH,10105,0x0CF00400,61444,162818.0,146468.792,-0.022,FF FF FF 18 11 FF FF FF,FF FF FF 18 11 FF FF FF,[],190=547.0/exp 547.0422 VALUE_OK
MATCH,10106,0x0CF00400,61444,162823.0,146473.768,-0.046,FF FF FF 40 11 FF FF FF,FF FF FF 40 11 FF FF FF,[],190=552.0/exp 552.0426 VALUE_OK
MATCH,10107,0x0CF00400,61444,162828.0,146478.739,-0.074,FF FF FF 68 11 FF FF FF,FF FF FF 68 11 FF FF FF,[],190=557.0/exp 557.0614 VALUE_OK
MATCH,10108,0x0CF00400,61444,162833.0,146483.783,-0.028,FF FF FF 91 11 FF FF FF,FF FF FF 91 11 FF FF FF,[],190=562.125/exp 562.0987 VALUE_OK
MATCH,10109,0x0CF00400,61444,162838.0,146488.754,-0.057,FF FF FF B9 11 FF FF FF,FF FF FF B9 11 FF FF FF,[],190=567.125/exp 567.1543 VALUE_OK
MATCH,10110,0x0CF00400,61444,162843.0,146493.79,-0.02,FF FF FF E2 11 FF FF FF,FF FF FF E2 11 FF FF FF,[],190=572.25/exp 572.2281 VALUE_OK
MATCH,10111,0x0CF00400,61444,162848.0,146498.757,-0.052,FF FF FF 0B 12 FF FF FF,FF FF FF 0B 12 FF FF FF,[],190=577.375/exp 577.3201 VALUE_OK
MATCH,10112,0x0CF00400,61444,162853.0,146503.741,-0.067,FF FF FF 33 12 FF FF FF,FF FF FF 33 12 FF FF FF,[],190=582.375/exp 582.4302 VALUE_OK
MATCH,10113,0x0CF00400,61444,162858.0,146508.781,-0.026,FF FF FF 5C 12 FF FF FF,FF FF FF 5C 12 FF FF FF,[],190=587.5/exp 587.5582 VALUE_OK
MATCH,10114,0x0CF00400,61444,162863.0,146513.772,-0.034,FF FF FF 86 12 FF FF FF,FF FF FF 86 12 FF FF FF,[],190=592.75/exp 592.7042 VALUE_OK
MATCH,10115,0x0CF00400,61444,162868.0,146518.748,-0.058,FF FF FF AF 12 FF FF FF,FF FF FF AF 12 FF FF FF,[],190=597.875/exp 597.8681 VALUE_OK
MATCH,10116,0x0CF00400,61444,162873.0,146523.791,-0.013,FF FF FF D8 12 FF FF FF,FF FF FF D8 12 FF FF FF,[],190=603.0/exp 603.0497 VALUE_OK
MATCH,10117,0x0CF00400,61444,162878.0,146528.759,-0.045,FF FF FF 02 13 FF FF FF,FF FF FF 02 13 FF FF FF,[],190=608.25/exp 608.249 VALUE_OK
MATCH,10118,0x0CF00400,61444,162883.0,146533.734,-0.069,FF FF FF 2C 13 FF FF FF,FF FF FF 2C 13 FF FF FF,[],190=613.5/exp 613.4659 VALUE_OK
MATCH,10119,0x0CF00400,61444,162888.0,146538.774,-0.028,FF FF FF 56 13 FF FF FF,FF FF FF 56 13 FF FF FF,[],190=618.75/exp 618.7004 VALUE_OK
MATCH,10120,0x0CF00400,61444,162893.0,146543.757,-0.044,FF FF FF 80 13 FF FF FF,FF FF FF 80 13 FF FF FF,[],190=624.0/exp 623.9522 VALUE_OK
MATCH,10121,0x0CF00400,61444,162898.0,146548.789,-0.011,FF FF FF AA 13 FF FF FF,FF FF FF AA 13 FF FF FF,[],190=629.25/exp 629.2215 VALUE_OK
MATCH,10122,0x0CF00400,61444,162903.0,146553.768,-0.032,FF FF FF D4 13 FF FF FF,FF FF FF D4 13 FF FF FF,[],190=634.5/exp 634.508 VALUE_OK
MATCH,10123,0x0CF00400,61444,162908.0,146558.748,-0.052,FF FF FF FE 13 FF FF FF,FF FF FF FE 13 FF FF FF,[],190=639.75/exp 639.8118 VALUE_OK
MATCH,10124,0x0CF00400,61444,162913.0,146563.747,-0.052,FF FF FF 29 14 FF FF FF,FF FF FF 29 14 FF FF FF,[],190=645.125/exp 645.1326 VALUE_OK
MATCH,10125,0x0CF00400,61444,162918.0,146568.735,-0.062,FF FF FF 54 14 FF FF FF,FF FF FF 54 14 FF FF FF,[],190=650.5/exp 650.4705 VALUE_OK
MATCH,10126,0x0CF00400,61444,162923.0,146573.77,-0.026,FF FF FF 7F 14 FF FF FF,FF FF FF 7F 14 FF FF FF,[],190=655.875/exp 655.8254 VALUE_OK
MATCH,10127,0x0CF00400,61444,162928.0,146578.746,-0.05,FF FF FF AA 14 FF FF FF,FF FF FF AA 14 FF FF FF,[],190=661.25/exp 661.1971 VALUE_OK
MATCH,10128,0x0CF00400,61444,162933.0,146583.777,-0.018,FF FF FF D5 14 FF FF FF,FF FF FF D5 14 FF FF FF,[],190=666.625/exp 666.5856 VALUE_OK
MATCH,10129,0x0CF00400,61444,162938.0,146588.765,-0.029,FF FF FF 00 15 FF FF FF,FF FF FF 00 15 FF FF FF,[],190=672.0/exp 671.9908 VALUE_OK
MATCH,10130,0x0CF00400,61444,162943.0,146593.737,-0.057,FF FF FF 2B 15 FF FF FF,FF FF FF 2B 15 FF FF FF,[],190=677.375/exp 677.4127 VALUE_OK
MATCH,10131,0x0CF00400,61444,162948.0,146598.768,-0.025,FF FF FF 57 15 FF FF FF,FF FF FF 57 15 FF FF FF,[],190=682.875/exp 682.851 VALUE_OK
MATCH,10132,0x0CF00400,61444,162953.0,146603.748,-0.044,FF FF FF 82 15 FF FF FF,FF FF FF 82 15 FF FF FF,[],190=688.25/exp 688.3059 VALUE_OK
MATCH,10133,0x0CF00400,61444,162958.0,146608.723,-0.068,FF FF FF AE 15 FF FF FF,FF FF FF AE 15 FF FF FF,[],190=693.75/exp 693.7771 VALUE_OK
MATCH,10134,0x0CF00400,61444,162963.0,146613.759,-0.031,FF FF FF DA 15 FF FF FF,FF FF FF DA 15 FF FF FF,[],190=699.25/exp 699.2646 VALUE_OK
MATCH,10135,0x0CF00400,61444,162968.0,146618.734,-0.055,FF FF FF 06 16 FF FF FF,FF FF FF 06 16 FF FF FF,[],190=704.75/exp 704.7683 VALUE_OK
MATCH,10136,0x0CF00400,61444,162973.0,146623.77,-0.018,FF FF FF 32 16 FF FF FF,FF FF FF 32 16 FF FF FF,[],190=710.25/exp 710.2881 VALUE_OK
MATCH,10137,0x0CF00400,61444,162978.0,146628.745,-0.043,FF FF FF 5F 16 FF FF FF,FF FF FF 5F 16 FF FF FF,[],190=715.875/exp 715.824 VALUE_OK
MATCH,10138,0x0CF00400,61444,162983.0,146633.725,-0.062,FF FF FF 8B 16 FF FF FF,FF FF FF 8B 16 FF FF FF,[],190=721.375/exp 721.3758 VALUE_OK
MATCH,10139,0x0CF00400,61444,162988.0,146638.761,-0.025,FF FF FF B8 16 FF FF FF,FF FF FF B8 16 FF FF FF,[],190=727.0/exp 726.9435 VALUE_OK
MATCH,10140,0x0CF00400,61444,162993.0,146643.744,-0.041,FF FF FF E4 16 FF FF FF,FF FF FF E4 16 FF FF FF,[],190=732.5/exp 732.5269 VALUE_OK
MATCH,10141,0x0CF00400,61444,162998.0,146648.712,-0.072,FF FF FF 11 17 FF FF FF,FF FF FF 11 17 FF FF FF,[],190=738.125/exp 738.1261 VALUE_OK
MATCH,10142,0x0CF00400,61444,163003.0,146653.755,-0.028,FF FF FF 3E 17 FF FF FF,FF FF FF 3E 17 FF FF FF,[],190=743.75/exp 743.7408 VALUE_OK
MATCH,10143,0x0CF00400,61444,163008.0,146658.731,-0.051,FF FF FF 6B 17 FF FF FF,FF FF FF 6B 17 FF FF FF,[],190=749.375/exp 749.3711 VALUE_OK
MATCH,10144,0x0CF00400,61444,163013.0,146663.774,-0.007,FF FF FF 98 17 FF FF FF,FF FF FF 98 17 FF FF FF,[],190=755.0/exp 755.0168 VALUE_OK
MATCH,10145,0x0CF00400,61444,163018.0,146668.753,-0.028,FF FF FF C5 17 FF FF FF,FF FF FF C5 17 FF FF FF,[],190=760.625/exp 760.6778 VALUE_OK
MATCH,10146,0x0CF00400,61444,163023.0,146673.721,-0.06,FF FF FF F3 17 FF FF FF,FF FF FF F3 17 FF FF FF,[],190=766.375/exp 766.3541 VALUE_OK
MATCH,10147,0x0CF00400,61444,163028.0,146678.757,-0.022,FF FF FF 20 18 FF FF FF,FF FF FF 20 18 FF FF FF,[],190=772.0/exp 772.0455 VALUE_OK
MATCH,10148,0x0CF00400,61444,163033.0,146683.724,-0.055,FF FF FF 4E 18 FF FF FF,FF FF FF 4E 18 FF FF FF,[],190=777.75/exp 777.7521 VALUE_OK
MATCH,10149,0x0CF00400,61444,163038.0,146688.748,-0.03,FF FF FF 7C 18 FF FF FF,FF FF FF 7C 18 FF FF FF,[],190=783.5/exp 783.4736 VALUE_OK
MATCH,10150,0x0CF00400,61444,163043.0,146693.719,-0.058,FF FF FF AA 18 FF FF FF,FF FF FF AA 18 FF FF FF,[],190=789.25/exp 789.2101 VALUE_OK
MATCH,10151,0x0CF00400,61444,163048.0,146698.755,-0.021,FF FF FF D8 18 FF FF FF,FF FF FF D8 18 FF FF FF,[],190=795.0/exp 794.9613 VALUE_OK
MATCH,10152,0x0CF00400,61444,163053.0,146703.738,-0.038,FF FF FF 06 19 FF FF FF,FF FF FF 06 19 FF FF FF,[],190=800.75/exp 800.7273 VALUE_OK
MATCH,10153,0x0CF00400,61444,163058.0,146708.714,-0.061,FF FF FF 34 19 FF FF FF,FF FF FF 34 19 FF FF FF,[],190=806.5/exp 806.5079 VALUE_OK
MATCH,10154,0x0CF00400,61444,163063.0,146713.75,-0.024,FF FF FF 62 19 FF FF FF,FF FF FF 62 19 FF FF FF,[],190=812.25/exp 812.3031 VALUE_OK
MATCH,10155,0x0CF00400,61444,163068.0,146718.733,-0.04,FF FF FF 91 19 FF FF FF,FF FF FF 91 19 FF FF FF,[],190=818.125/exp 818.1127 VALUE_OK
MATCH,10156,0x0CF00400,61444,163073.0,146723.708,-0.064,FF FF FF C0 19 FF FF FF,FF FF FF C0 19 FF FF FF,[],190=824.0/exp 823.9367 VALUE_OK
MATCH,10157,0x0CF00400,61444,163078.0,146728.744,-0.027,FF FF FF EE 19 FF FF FF,FF FF FF EE 19 FF FF FF,[],190=829.75/exp 829.775 VALUE_OK
MATCH,10158,0x0CF00400,61444,163083.0,146733.712,-0.059,FF FF FF 1D 1A FF FF FF,FF FF FF 1D 1A FF FF FF,[],190=835.625/exp 835.6275 VALUE_OK
MATCH,10159,0x0CF00400,61444,163088.0,146738.755,-0.014,FF FF FF 4C 1A FF FF FF,FF FF FF 4C 1A FF FF FF,[],190=841.5/exp 841.4941 VALUE_OK
MATCH,10160,0x0CF00400,61444,163093.0,146743.722,-0.047,FF FF FF 7B 1A FF FF FF,FF FF FF 7B 1A FF FF FF,[],190=847.375/exp 847.3747 VALUE_OK
MATCH,10161,0x0CF00400,61444,163098.0,146748.702,-0.066,FF FF FF AA 1A FF FF FF,FF FF FF AA 1A FF FF FF,[],190=853.25/exp 853.2692 VALUE_OK
MATCH,10162,0x0CF00400,61444,163103.0,146753.746,-0.021,FF FF FF D9 1A FF FF FF,FF FF FF D9 1A FF FF FF,[],190=859.125/exp 859.1775 VALUE_OK
MATCH,10163,0x0CF00400,61444,163108.0,146758.717,-0.049,FF FF FF 09 1B FF FF FF,FF FF FF 09 1B FF FF FF,[],190=865.125/exp 865.0996 VALUE_OK
MATCH,10164,0x0CF00400,61444,163113.0,146763.761,-0.004,FF FF FF 38 1B FF FF FF,FF FF FF 38 1B FF FF FF,[],190=871.0/exp 871.0353 VALUE_OK
MATCH,10165,0x0CF00400,61444,163118.0,146768.732,-0.033,FF FF FF 68 1B FF FF FF,FF FF FF 68 1B FF FF FF,[],190=877.0/exp 876.9846 VALUE_OK
MATCH,10166,0x0CF00400,61444,163123.0,146773.724,-0.041,FF FF FF 98 1B FF FF FF,FF FF FF 98 1B FF FF FF,[],190=883.0/exp 882.9473 VALUE_OK
MATCH,10167,0x0CF00400,61444,163128.0,146778.707,-0.057,FF FF FF C7 1B FF FF FF,FF FF FF C7 1B FF FF FF,[],190=888.875/exp 888.9234 VALUE_OK
MATCH,10168,0x0CF00400,61444,163133.0,146783.751,-0.012,FF FF FF F7 1B FF FF FF,FF FF FF F7 1B FF FF FF,[],190=894.875/exp 894.9128 VALUE_OK
MATCH,10169,0x0CF00400,61444,163138.0,146788.73,-0.033,FF FF FF 27 1C FF FF FF,FF FF FF 27 1C FF FF FF,[],190=900.875/exp 900.9154 VALUE_OK
UNLOGGED,,0x0CF00400,61444,,146793.714,,,FF FF FF 57 1C FF FF FF,[],
MATCH,10171,0x0CF00400,61444,163148.0,146798.71,-0.052,FF FF FF 88 1C FF FF FF,FF FF FF 88 1C FF FF FF,[],190=913.0/exp 912.9597 VALUE_OK
MATCH,10172,0x0CF00400,61444,163153.0,146803.745,-0.016,FF FF FF B8 1C FF FF FF,FF FF FF B8 1C FF FF FF,[],190=919.0/exp 919.0013 VALUE_OK
MATCH,10173,0x0CF00400,61444,163158.0,146808.721,-0.04,FF FF FF E8 1C FF FF FF,FF FF FF E8 1C FF FF FF,[],190=925.0/exp 925.0557 VALUE_OK
MATCH,10174,0x0CF00400,61444,163163.0,146813.728,-0.032,FF FF FF 19 1D FF FF FF,FF FF FF 19 1D FF FF FF,[],190=931.125/exp 931.1228 VALUE_OK
MATCH,10175,0x0CF00400,61444,163168.0,146818.708,-0.051,FF FF FF 4A 1D FF FF FF,FF FF FF 4A 1D FF FF FF,[],190=937.25/exp 937.2026 VALUE_OK
MATCH,10176,0x0CF00400,61444,163173.0,146823.747,-0.011,FF FF FF 7A 1D FF FF FF,FF FF FF 7A 1D FF FF FF,[],190=943.25/exp 943.2948 VALUE_OK
MATCH,10177,0x0CF00400,61444,163178.0,146828.723,-0.035,FF FF FF AB 1D FF FF FF,FF FF FF AB 1D FF FF FF,[],190=949.375/exp 949.3996 VALUE_OK
MATCH,10178,0x0CF00400,61444,163183.0,146833.706,-0.051,FF FF FF DC 1D FF FF FF,FF FF FF DC 1D FF FF FF,[],190=955.5/exp 955.5166 VALUE_OK
MATCH,10179,0x0CF00400,61444,163188.0,146838.734,-0.022,FF FF FF 0D 1E FF FF FF,FF FF FF 0D 1E FF FF FF,[],190=961.625/exp 961.6459 VALUE_OK
MATCH,10180,0x0CF00400,61444,163193.0,146843.725,-0.031,FF FF FF 3E 1E FF FF FF,FF FF FF 3E 1E FF FF FF,[],190=967.75/exp 967.7874 VALUE_OK
MATCH,10181,0x0CF00400,61444,163198.0,146848.689,-0.066,FF FF FF 70 1E FF FF FF,FF FF FF 70 1E FF FF FF,[],190=974.0/exp 973.9409 VALUE_OK
MATCH,10182,0x0CF00400,61444,163203.0,146853.72,-0.034,FF FF FF A1 1E FF FF FF,FF FF FF A1 1E FF FF FF,[],190=980.125/exp 980.1065 VALUE_OK
MATCH,10183,0x0CF00400,61444,163208.0,146858.704,-0.049,FF FF FF D2 1E FF FF FF,FF FF FF D2 1E FF FF FF,[],190=986.25/exp 986.2838 VALUE_OK
MATCH,10184,0x0CF00400,61444,163213.0,146863.751,-0.001,FF FF FF 04 1F FF FF FF,FF FF FF 04 1F FF FF FF,[],190=992.5/exp 992.473 VALUE_OK
MATCH,10185,0x0CF00400,61444,163218.0,146868.719,-0.033,FF FF FF 35 1F FF FF FF,FF FF FF 35 1F FF FF FF,[],190=998.625/exp 998.6738 VALUE_OK
MATCH,10186,0x0CF00400,61444,163223.0,146873.687,-0.064,FF FF FF 67 1F FF FF FF,FF FF FF 67 1F FF FF FF,[],190=1004.875/exp 1004.8862 VALUE_OK
MATCH,10187,0x0CF00400,61444,163228.0,146878.73,-0.02,FF FF FF 99 1F FF FF FF,FF FF FF 99 1F FF FF FF,[],190=1011.125/exp 1011.1102 VALUE_OK
MATCH,10188,0x0CF00400,61444,163233.0,146883.709,-0.041,FF FF FF CB 1F FF FF FF,FF FF FF CB 1F FF FF FF,[],190=1017.375/exp 1017.3455 VALUE_OK
MATCH,10189,0x0CF00400,61444,163238.0,146888.689,-0.06,FF FF FF FD 1F FF FF FF,FF FF FF FD 1F FF FF FF,[],190=1023.625/exp 1023.5921 VALUE_OK
MATCH,10190,0x0CF00400,61444,163243.0,146893.713,-0.035,FF FF FF 2F 20 FF FF FF,FF FF FF 2F 20 FF FF FF,[],190=1029.875/exp 1029.8499 VALUE_OK
MATCH,10191,0x0CF00400,61444,163248.0,146898.74,-0.007,FF FF FF 61 20 FF FF FF,FF FF FF 61 20 FF FF FF,[],190=1036.125/exp 1036.1188 VALUE_OK
MATCH,10192,0x0CF00400,61444,163253.0,146903.712,-0.035,FF FF FF 93 20 FF FF FF,FF FF FF 93 20 FF FF FF,[],190=1042.375/exp 1042.3987 VALUE_OK
MATCH,10193,0x0CF00400,61444,163258.0,146908.739,-0.007,FF FF FF C6 20 FF FF FF,FF FF FF C6 20 FF FF FF,[],190=1048.75/exp 1048.6895 VALUE_OK
MATCH,10194,0x0CF00400,61444,163263.0,146913.711,-0.035,FF FF FF F8 20 FF FF FF,FF FF FF F8 20 FF FF FF,[],190=1055.0/exp 1054.9912 VALUE_OK
MATCH,10195,0x0CF00400,61444,163268.0,146918.726,-0.019,FF FF FF 2A 21 FF FF FF,FF FF FF 2A 21 FF FF FF,[],190=1061.25/exp 1061.3036 VALUE_OK
MATCH,10196,0x0CF00400,61444,163273.0,146923.694,-0.051,FF FF FF 5D 21 FF FF FF,FF FF FF 5D 21 FF FF FF,[],190=1067.625/exp 1067.6265 VALUE_OK
MATCH,10197,0x0CF00400,61444,163278.0,146928.733,-0.011,FF FF FF 90 21 FF FF FF,FF FF FF 90 21 FF FF FF,[],190=1074.0/exp 1073.9601 VALUE_OK
MATCH,10198,0x0CF00400,61444,163283.0,146933.693,-0.051,FF FF FF C2 21 FF FF FF,FF FF FF C2 21 FF FF FF,[],190=1080.25/exp 1080.304 VALUE_OK
MATCH,10199,0x0CF00400,61444,163288.0,146938.698,-0.045,FF FF FF F5 21 FF FF FF,FF FF FF F5 21 FF FF FF,[],190=1086.625/exp 1086.6583 VALUE_OK
MATCH,10200,0x0CF00400,61444,163293.0,146943.725,-0.017,FF FF FF 28 22 FF FF FF,FF FF FF 28 22 FF FF FF,[],190=1093.0/exp 1093.0228 VALUE_OK
MATCH,10201,0x0CF00400,61444,163298.0,146948.684,-0.057,FF FF FF 5B 22 FF FF FF,FF FF FF 5B 22 FF FF FF,[],190=1099.375/exp 1099.3974 VALUE_OK
MATCH,10202,0x0CF00400,61444,163303.0,146953.716,-0.024,FF FF FF 8E 22 FF FF FF,FF FF FF 8E 22 FF FF FF,[],190=1105.75/exp 1105.782 VALUE_OK
MATCH,10203,0x0CF00400,61444,163308.0,146958.687,-0.053,FF FF FF C1 22 FF FF FF,FF FF FF C1 22 FF FF FF,[],190=1112.125/exp 1112.1766 VALUE_OK
MATCH,10204,0x0CF00400,61444,163313.0,146963.719,-0.02,FF FF FF F5 22 FF FF FF,FF FF FF F5 22 FF FF FF,[],190=1118.625/exp 1118.5811 VALUE_OK
MATCH,10205,0x0CF00400,61444,163318.0,146968.679,-0.059,FF FF FF 28 23 FF FF FF,FF FF FF 28 23 FF FF FF,[],190=1125.0/exp 1124.9952 VALUE_OK
MATCH,10206,0x0CF00400,61444,163323.0,146973.706,-0.031,FF FF FF 5B 23 FF FF FF,FF FF FF 5B 23 FF FF FF,[],190=1131.375/exp 1131.419 VALUE_OK
MATCH,10207,0x0CF00400,61444,163328.0,146978.674,-0.063,FF FF FF 8F 23 FF FF FF,FF FF FF 8F 23 FF FF FF,[],190=1137.875/exp 1137.8524 VALUE_OK
MATCH,10208,0x0CF00400,61444,163333.0,146983.705,-0.03,FF FF FF C2 23 FF FF FF,FF FF FF C2 23 FF FF FF,[],190=1144.25/exp 1144.2952 VALUE_OK
MATCH,10209,0x0CF00400,61444,163338.0,146988.669,-0.066,FF FF FF F6 23 FF FF FF,FF FF FF F6 23 FF FF FF,[],190=1150.75/exp 1150.7473 VALUE_OK
MATCH,10210,0x0CF00400,61444,163343.0,146993.688,-0.045,FF FF FF 2A 24 FF FF FF,FF FF FF 2A 24 FF FF FF,[],190=1157.25/exp 1157.2086 VALUE_OK
MATCH,10211,0x0CF00400,61444,163348.0,146998.72,-0.012,FF FF FF 5D 24 FF FF FF,FF FF FF 5D 24 FF FF FF,[],190=1163.625/exp 1163.6791 VALUE_OK
MATCH,10212,0x0CF00400,61444,163353.0,147003.696,-0.036,FF FF FF 91 24 FF FF FF,FF FF FF 91 24 FF FF FF,[],190=1170.125/exp 1170.1587 VALUE_OK
MATCH,10213,0x0CF00400,61444,163358.0,147008.715,-0.017,FF FF FF C5 24 FF FF FF,FF FF FF C5 24 FF FF FF,[],190=1176.625/exp 1176.6472 VALUE_OK
MATCH,10214,0x0CF00400,61444,163363.0,147013.683,-0.048,FF FF FF F9 24 FF FF FF,FF FF FF F9 24 FF FF FF,[],190=1183.125/exp 1183.1445 VALUE_OK
MATCH,10215,0x0CF00400,61444,163368.0,147018.71,-0.02,FF FF FF 2D 25 FF FF FF,FF FF FF 2D 25 FF FF FF,[],190=1189.625/exp 1189.6506 VALUE_OK
MATCH,10216,0x0CF00400,61444,163373.0,147023.682,-0.048,FF FF FF 61 25 FF FF FF,FF FF FF 61 25 FF FF FF,[],190=1196.125/exp 1196.1653 VALUE_OK
MATCH,10217,0x0CF00400,61444,163378.0,147028.713,-0.016,FF FF FF 96 25 FF FF FF,FF FF FF 96 25 FF FF FF,[],190=1202.75/exp 1202.6886 VALUE_OK
MATCH,10218,0x0CF00400,61444,163383.0,147033.672,-0.057,FF FF FF CA 25 FF FF FF,FF FF FF CA 25 FF FF FF,[],190=1209.25/exp 1209.2203 VALUE_OK
MATCH,10219,0x0CF00400,61444,163388.0,147038.708,-0.019,FF FF FF FE 25 FF FF FF,FF FF FF FE 25 FF FF FF,[],190=1215.75/exp 1215.7603 VALUE_OK
MATCH,10220,0x0CF00400,61444,163393.0,147043.668,-0.059,FF FF FF 32 26 FF FF FF,FF FF FF 32 26 FF FF FF,[],190=1222.25/exp 1222.3086 VALUE_OK
MATCH,10221,0x0CF00400,61444,163398.0,147048.703,-0.023,FF FF FF 67 26 FF FF FF,FF FF FF 67 26 FF FF FF,[],190=1228.875/exp 1228.865 VALUE_OK
MATCH,10222,0x0CF00400,61444,163403.0,147053.667,-0.058,FF FF FF 9B 26 FF FF FF,FF FF FF 9B 26 FF FF FF,[],190=1235.375/exp 1235.4294 VALUE_OK
MATCH,10223,0x0CF00400,61444,163408.0,147058.69,-0.034,FF FF FF D0 26 FF FF FF,FF FF FF D0 26 FF FF FF,[],190=1242.0/exp 1242.0018 VALUE_OK
MATCH,10224,0x0CF00400,61444,163413.0,147063.698,-0.026,FF FF FF 05 27 FF FF FF,FF FF FF 05 27 FF FF FF,[],190=1248.625/exp 1248.582 VALUE_OK
MATCH,10225,0x0CF00400,61444,163418.0,147068.658,-0.065,FF FF FF 39 27 FF FF FF,FF FF FF 39 27 FF FF FF,[],190=1255.125/exp 1255.17 VALUE_OK
MATCH,10226,0x0CF00400,61444,163423.0,147073.685,-0.037,FF FF FF 6E 27 FF FF FF,FF FF FF 6E 27 FF FF FF,[],190=1261.75/exp 1261.7656 VALUE_OK
MATCH,10227,0x0CF00400,61444,163428.0,147078.66,-0.061,FF FF FF A3 27 FF FF FF,FF FF FF A3 27 FF FF FF,[],190=1268.375/exp 1268.3687 VALUE_OK
MATCH,10228,0x0CF00400,61444,163433.0,147083.688,-0.032,FF FF FF D8 27 FF FF FF,FF FF FF D8 27 FF FF FF,[],190=1275.0/exp 1274.9792 VALUE_OK
MATCH,10229,0x0CF00400,61444,163438.0,147088.708,-0.011,FF FF FF 0D 28 FF FF FF,FF FF FF 0D 28 FF FF FF,[],190=1281.625/exp 1281.5971 VALUE_OK
MATCH,10230,0x0CF00400,61444,163443.0,147093.671,-0.048,FF FF FF 42 28 FF FF FF,FF FF FF 42 28 FF FF FF,[],190=1288.25/exp 1288.2222 VALUE_OK
MATCH,10231,0x0CF00400,61444,163448.0,147098.706,-0.012,FF FF FF 77 28 FF FF FF,FF FF FF 77 28 FF FF FF,[],190=1294.875/exp 1294.8544 VALUE_OK
MATCH,10232,0x0CF00400,61444,163453.0,147103.674,-0.044,FF FF FF AC 28 FF FF FF,FF FF FF AC 28 FF FF FF,[],190=1301.5/exp 1301.4936 VALUE_OK
MATCH,10233,0x0CF00400,61444,163458.0,147108.697,-0.02,FF FF FF E1 28 FF FF FF,FF FF FF E1 28 FF FF FF,[],190=1308.125/exp 1308.1397 VALUE_OK
MATCH,10234,0x0CF00400,61444,163463.0,147113.665,-0.051,FF FF FF 16 29 FF FF FF,FF FF FF 16 29 FF FF FF,[],190=1314.75/exp 1314.7927 VALUE_OK
MATCH,10235,0x0CF00400,61444,163468.0,147118.697,-0.018,FF FF FF 4C 29 FF FF FF,FF FF FF 4C 29 FF FF FF,[],190=1321.5/exp 1321.4524 VALUE_OK
MATCH,10236,0x0CF00400,61444,163473.0,147123.672,-0.043,FF FF FF 81 29 FF FF FF,FF FF FF 81 29 FF FF FF,[],190=1328.125/exp 1328.1186 VALUE_OK
MATCH,10237,0x0CF00400,61444,163478.0,147128.696,-0.018,FF FF FF B6 29 FF FF FF,FF FF FF B6 29 FF FF FF,[],190=1334.75/exp 1334.7914 VALUE_OK
MATCH,10238,0x0CF00400,61444,163483.0,147133.667,-0.047,FF FF FF EC 29 FF FF FF,FF FF FF EC 29 FF FF FF,[],190=1341.5/exp 1341.4706 VALUE_OK
MATCH,10239,0x0CF00400,61444,163488.0,147138.683,-0.03,FF FF FF 21 2A FF FF FF,FF FF FF 21 2A FF FF FF,[],190=1348.125/exp 1348.1561 VALUE_OK
MATCH,10240,0x0CF00400,61444,163493.0,147143.65,-0.062,FF FF FF 57 2A FF FF FF,FF FF FF 57 2A FF FF FF,[],190=1354.875/exp 1354.8478 VALUE_OK
MATCH,10241,0x0CF00400,61444,163498.0,147148.678,-0.033,FF FF FF 8C 2A FF FF FF,FF FF FF 8C 2A FF FF FF,[],190=1361.5/exp 1361.5456 VALUE_OK
MATCH,10242,0x0CF00400,61444,163503.0,147153.645,-0.065,FF FF FF C2 2A FF FF FF,FF FF FF C2 2A FF FF FF,[],190=1368.25/exp 1368.2493 VALUE_OK
MATCH,10243,0x0CF00400,61444,163508.0,147158.685,-0.024,FF FF FF F8 2A FF FF FF,FF FF FF F8 2A FF FF FF,[],190=1375.0/exp 1374.959 VALUE_OK
MATCH,10244,0x0CF00400,61444,163513.0,147163.64,-0.069,FF FF FF 2D 2B FF FF FF,FF FF FF 2D 2B FF FF FF,[],190=1381.625/exp 1381.6744 VALUE_OK
MATCH,10245,0x0CF00400,61444,163518.0,147168.676,-0.031,FF FF FF 63 2B FF FF FF,FF FF FF 63 2B FF FF FF,[],190=1388.375/exp 1388.3955 VALUE_OK
MATCH,10246,0x0CF00400,61444,163523.0,147173.639,-0.068,FF FF FF 99 2B FF FF FF,FF FF FF 99 2B FF FF FF,[],190=1395.125/exp 1395.1222 VALUE_OK
MATCH,10247,0x0CF00400,61444,163528.0,147178.667,-0.038,FF FF FF CF 2B FF FF FF,FF FF FF CF 2B FF FF FF,[],190=1401.875/exp 1401.8544 VALUE_OK
MATCH,10248,0x0CF00400,61444,163533.0,147183.691,-0.013,FF FF FF 05 2C FF FF FF,FF FF FF 05 2C FF FF FF,[],190=1408.625/exp 1408.5919 VALUE_OK
MATCH,10249,0x0CF00400,61444,163538.0,147188.69,-0.014,FF FF FF 3B 2C FF FF FF,FF FF FF 3B 2C FF FF FF,[],190=1415.375/exp 1415.3347 VALUE_OK
MATCH,10250,0x0CF00400,61444,163543.0,147193.662,-0.042,FF FF FF 71 2C FF FF FF,FF FF FF 71 2C FF FF FF,[],190=1422.125/exp 1422.0827 VALUE_OK
MATCH,10251,0x0CF00400,61444,163548.0,147198.693,-0.01,FF FF FF A7 2C FF FF FF,FF FF FF A7 2C FF FF FF,[],190=1428.875/exp 1428.8357 VALUE_OK
MATCH,10252,0x0CF00400,61444,163553.0,147203.661,-0.042,FF FF FF DD 2C FF FF FF,FF FF FF DD 2C FF FF FF,[],190=1435.625/exp 1435.5937 VALUE_OK
MATCH,10253,0x0CF00400,61444,163558.0,147208.688,-0.014,FF FF FF 13 2D FF FF FF,FF FF FF 13 2D FF FF FF,[],190=1442.375/exp 1442.3565 VALUE_OK
MATCH,10254,0x0CF00400,61444,163563.0,147213.656,-0.046,FF FF FF 49 2D FF FF FF,FF FF FF 49 2D FF FF FF,[],190=1449.125/exp 1449.1241 VALUE_OK
MATCH,10255,0x0CF00400,61444,163568.0,147218.684,-0.017,FF FF FF 7F 2D FF FF FF,FF FF FF 7F 2D FF FF FF,[],190=1455.875/exp 1455.8963 VALUE_OK
MATCH,10256,0x0CF00400,61444,163573.0,147223.655,-0.046,FF FF FF B5 2D FF FF FF,FF FF FF B5 2D FF FF FF,[],190=1462.625/exp 1462.673 VALUE_OK
MATCH,10257,0x0CF00400,61444,163578.0,147228.679,-0.021,FF FF FF EC 2D FF FF FF,FF FF FF EC 2D FF FF FF,[],190=1469.5/exp 1469.4542 VALUE_OK
MATCH,10258,0x0CF00400,61444,163583.0,147233.634,-0.065,FF FF FF 22 2E FF FF FF,FF FF FF 22 2E FF FF FF,[],190=1476.25/exp 1476.2397 VALUE_OK
MATCH,10259,0x0CF00400,61444,163588.0,147238.67,-0.028,FF FF FF 58 2E FF FF FF,FF FF FF 58 2E FF FF FF,[],190=1483.0/exp 1483.0294 VALUE_OK
MATCH,10260,0x0CF00400,61444,163593.0,147243.637,-0.06,FF FF FF 8F 2E FF FF FF,FF FF FF 8F 2E FF FF FF,[],190=1489.875/exp 1489.8232 VALUE_OK
MATCH,10261,0x0CF00400,61444,163598.0,147248.66,-0.036,FF FF FF C5 2E FF FF FF,FF FF FF C5 2E FF FF FF,[],190=1496.625/exp 1496.6211 VALUE_OK
MATCH,10262,0x0CF00400,61444,163603.0,147253.628,-0.067,FF FF FF FB 2E FF FF FF,FF FF FF FB 2E FF FF FF,[],190=1503.375/exp 1503.4228 VALUE_OK
MATCH,10263,0x0CF00400,61444,163608.0,147258.656,-0.038,FF FF FF 32 2F FF FF FF,FF FF FF 32 2F FF FF FF,[],190=1510.25/exp 1510.2284 VALUE_OK
MATCH,10264,0x0CF00400,61444,163613.0,147263.687,-0.006,FF FF FF 68 2F FF FF FF,FF FF FF 68 2F FF FF FF,[],190=1517.0/exp 1517.0377 VALUE_OK
MATCH,10265,0x0CF00400,61444,163618.0,147268.667,-0.026,FF FF FF 9F 2F FF FF FF,FF FF FF 9F 2F FF FF FF,[],190=1523.875/exp 1523.8505 VALUE_OK
MATCH,10266,0x0CF00400,61444,163623.0,147273.686,-0.007,FF FF FF D5 2F FF FF FF,FF FF FF D5 2F FF FF FF,[],190=1530.625/exp 1530.6668 VALUE_OK
MATCH,10267,0x0CF00400,61444,163628.0,147278.65,-0.043,FF FF FF 0C 30 FF FF FF,FF FF FF 0C 30 FF FF FF,[],190=1537.5/exp 1537.4866 VALUE_OK
MATCH,10268,0x0CF00400,61444,163633.0,147283.673,-0.019,FF FF FF 42 30 FF FF FF,FF FF FF 42 30 FF FF FF,[],190=1544.25/exp 1544.3096 VALUE_OK
MATCH,10269,0x0CF00400,61444,163638.0,147288.637,-0.054,FF FF FF 79 30 FF FF FF,FF FF FF 79 30 FF FF FF,[],190=1551.125/exp 1551.1357 VALUE_OK
MATCH,10270,0x0CF00400,61444,163643.0,147293.68,-0.01,FF FF FF B0 30 FF FF FF,FF FF FF B0 30 FF FF FF,[],190=1558.0/exp 1557.965 VALUE_OK
MATCH,10271,0x0CF00400,61444,163648.0,147298.636,-0.054,FF FF FF E6 30 FF FF FF,FF FF FF E6 30 FF FF FF,[],190=1564.75/exp 1564.7972 VALUE_OK
MATCH,10272,0x0CF00400,61444,163653.0,147303.667,-0.022,FF FF FF 1D 31 FF FF FF,FF FF FF 1D 31 FF FF FF,[],190=1571.625/exp 1571.6322 VALUE_OK
MATCH,10273,0x0CF00400,61444,163658.0,147308.627,-0.061,FF FF FF 54 31 FF FF FF,FF FF FF 54 31 FF FF FF,[],190=1578.5/exp 1578.47 VALUE_OK
MATCH,10274,0x0CF00400,61444,163663.0,147313.638,-0.049,FF FF FF 8A 31 FF FF FF,FF FF FF 8A 31 FF FF FF,[],190=1585.25/exp 1585.3105 VALUE_OK
MATCH,10275,0x0CF00400,61444,163668.0,147318.674,-0.012,FF FF FF C1 31 FF FF FF,FF FF FF C1 31 FF FF FF,[],190=1592.125/exp 1592.1534 VALUE_OK
MATCH,10276,0x0CF00400,61444,163673.0,147323.641,-0.045,FF FF FF F8 31 FF FF FF,FF FF FF F8 31 FF FF FF,[],190=1599.0/exp 1598.9989 VALUE_OK
MATCH,10277,0x0CF00400,61444,163678.0,147328.665,-0.02,FF FF FF 2F 32 FF FF FF,FF FF FF 2F 32 FF FF FF,[],190=1605.875/exp 1605.8466 VALUE_OK
MATCH,10278,0x0CF00400,61444,163683.0,147333.625,-0.06,FF FF FF 66 32 FF FF FF,FF FF FF 66 32 FF FF FF,[],190=1612.75/exp 1612.6966 VALUE_OK
MATCH,10279,0x0CF00400,61444,163688.0,147338.656,-0.028,FF FF FF 9C 32 FF FF FF,FF FF FF 9C 32 FF FF FF,[],190=1619.5/exp 1619.5487 VALUE_OK
MATCH,10280,0x0CF00400,61444,163693.0,147343.636,-0.047,FF FF FF D3 32 FF FF FF,FF FF FF D3 32 FF FF FF,[],190=1626.375/exp 1626.4028 VALUE_OK
MATCH,10281,0x0CF00400,61444,163698.0,147348.663,-0.019,FF FF FF 0A 33 FF FF FF,FF FF FF 0A 33 FF FF FF,[],190=1633.25/exp 1633.2588 VALUE_OK
MATCH,10282,0x0CF00400,61444,163703.0,147353.643,-0.039,FF FF FF 41 33 FF FF FF,FF FF FF 41 33 FF FF FF,[],190=1640.125/exp 1640.1166 VALUE_OK
MATCH,10283,0x0CF00400,61444,163708.0,147358.667,-0.014,FF FF FF 78 33 FF FF FF,FF FF FF 78 33 FF FF FF,[],190=1647.0/exp 1646.9761 VALUE_OK
MATCH,10284,0x0CF00400,61444,163713.0,147363.634,-0.047,FF FF FF AF 33 FF FF FF,FF FF FF AF 33 FF FF FF,[],190=1653.875/exp 1653.8372 VALUE_OK
MATCH,10285,0x0CF00400,61444,163718.0,147368.661,-0.019,FF FF FF E6 33 FF FF FF,FF FF FF E6 33 FF FF FF,[],190=1660.75/exp 1660.6998 VALUE_OK
MATCH,10286,0x0CF00400,61444,163723.0,147373.621,-0.058,FF FF FF 1D 34 FF FF FF,FF FF FF 1D 34 FF FF FF,[],190=1667.625/exp 1667.5637 VALUE_OK
MATCH,10287,0x0CF00400,61444,163728.0,147378.652,-0.026,FF FF FF 53 34 FF FF FF,FF FF FF 53 34 FF FF FF,[],190=1674.375/exp 1674.4289 VALUE_OK
MATCH,10288,0x0CF00400,61444,163733.0,147383.62,-0.058,FF FF FF 8A 34 FF FF FF,FF FF FF 8A 34 FF FF FF,[],190=1681.25/exp 1681.2953 VALUE_OK
MATCH,10289,0x0CF00400,61444,163738.0,147388.66,-0.016,FF FF FF C1 34 FF FF FF,FF FF FF C1 34 FF FF FF,[],190=1688.125/exp 1688.1628 VALUE_OK
MATCH,10290,0x0CF00400,61444,163743.0,147393.623,-0.053,FF FF FF F8 34 FF FF FF,FF FF FF F8 34 FF FF FF,[],190=1695.0/exp 1695.0312 VALUE_OK
MATCH,10291,0x0CF00400,61444,163748.0,147398.654,-0.021,FF FF FF 2F 35 FF FF FF,FF FF FF 2F 35 FF FF FF,[],190=1701.875/exp 1701.9004 VALUE_OK
MATCH,10292,0x0CF00400,61444,163753.0,147403.614,-0.061,FF FF FF 66 35 FF FF FF,FF FF FF 66 35 FF FF FF,[],190=1708.75/exp 1708.7704 VALUE_OK
MATCH,10293,0x0CF00400,61444,163758.0,147408.65,-0.023,FF FF FF 9D 35 FF FF FF,FF FF FF 9D 35 FF FF FF,[],190=1715.625/exp 1715.641 VALUE_OK
MATCH,10294,0x0CF00400,61444,163763.0,147413.613,-0.06,FF FF FF D4 35 FF FF FF,FF FF FF D4 35 FF FF FF,[],190=1722.5/exp 1722.5122 VALUE_OK
MATCH,10295,0x0CF00400,61444,163768.0,147418.641,-0.031,FF FF FF 0B 36 FF FF FF,FF FF FF 0B 36 FF FF FF,[],190=1729.375/exp 1729.3838 VALUE_OK
MATCH,10296,0x0CF00400,61444,163773.0,147423.608,-0.063,FF FF FF 42 36 FF FF FF,FF FF FF 42 36 FF FF FF,[],190=1736.25/exp 1736.2557 VALUE_OK
MATCH,10297,0x0CF00400,61444,163778.0,147428.644,-0.026,FF FF FF 79 36 FF FF FF,FF FF FF 79 36 FF FF FF,[],190=1743.125/exp 1743.1278 VALUE_OK
MATCH,10298,0x0CF00400,61444,163783.0,147433.551,-0.118,FF FF FF B0 36 FF FF FF,FF FF FF B0 36 FF FF FF,[],190=1750.0/exp 1750.0 VALUE_OK
MATCH,10299,0x0CF00400,61444,163788.0,147438.583,-0.084,FF FF FF E7 36 FF FF FF,FF FF FF E7 36 FF FF FF,[],190=1756.875/exp 1756.8722 VALUE_OK
MATCH,10300,0x0CF00400,61444,163793.0,147443.61,-0.055,FF FF FF 1E 37 FF FF FF,FF FF FF 1E 37 FF FF FF,[],190=1763.75/exp 1763.7443 VALUE_OK
MATCH,10301,0x0CF00400,61444,163798.0,147448.574,-0.09,FF FF FF 55 37 FF FF FF,FF FF FF 55 37 FF FF FF,[],190=1770.625/exp 1770.6162 VALUE_OK
MATCH,10302,0x0CF00400,61444,163803.0,147453.581,-0.081,FF FF FF 8C 37 FF FF FF,FF FF FF 8C 37 FF FF FF,[],190=1777.5/exp 1777.4878 VALUE_OK
MATCH,10303,0x0CF00400,61444,163808.0,147458.585,-0.076,FF FF FF C3 37 FF FF FF,FF FF FF C3 37 FF FF FF,[],190=1784.375/exp 1784.359 VALUE_OK
MATCH,10304,0x0CF00400,61444,163813.0,147463.58,-0.079,FF FF FF FA 37 FF FF FF,FF FF FF FA 37 FF FF FF,[],190=1791.25/exp 1791.2296 VALUE_OK
MATCH,10305,0x0CF00400,61444,163818.0,147468.568,-0.09,FF FF FF 31 38 FF FF FF,FF FF FF 31 38 FF FF FF,[],190=1798.125/exp 1798.0996 VALUE_OK
MATCH,10306,0x0CF00400,61444,163823.0,147473.568,-0.088,FF FF FF 68 38 FF FF FF,FF FF FF 68 38 FF FF FF,[],190=1805.0/exp 1804.9688 VALUE_OK
MATCH,10307,0x0CF00400,61444,163828.0,147478.615,-0.039,FF FF FF 9F 38 FF FF FF,FF FF FF 9F 38 FF FF FF,[],190=1811.875/exp 1811.8372 VALUE_OK
MATCH,10308,0x0CF00400,61444,163833.0,147483.583,-0.07,FF FF FF D6 38 FF FF FF,FF FF FF D6 38 FF FF FF,[],190=1818.75/exp 1818.7047 VALUE_OK
MATCH,10309,0x0CF00400,61444,163838.0,147488.57,-0.082,FF FF FF 0D 39 FF FF FF,FF FF FF 0D 39 FF FF FF,[],190=1825.625/exp 1825.5711 VALUE_OK
MATCH,10310,0x0CF00400,61444,163843.0,147493.606,-0.044,FF FF FF 43 39 FF FF FF,FF FF FF 43 39 FF FF FF,[],190=1832.375/exp 1832.4363 VALUE_OK
MATCH,10311,0x0CF00400,61444,163848.0,147498.589,-0.06,FF FF FF 7A 39 FF FF FF,FF FF FF 7A 39 FF FF FF,[],190=1839.25/exp 1839.3002 VALUE_OK
MATCH,10312,0x0CF00400,61444,163853.0,147503.573,-0.075,FF FF FF B1 39 FF FF FF,FF FF FF B1 39 FF FF FF,[],190=1846.125/exp 1846.1628 VALUE_OK
MATCH,10313,0x0CF00400,61444,163858.0,147508.616,-0.031,FF FF FF E8 39 FF FF FF,FF FF FF E8 39 FF FF FF,[],190=1853.0/exp 1853.0239 VALUE_OK
MATCH,10314,0x0CF00400,61444,163863.0,147513.584,-0.062,FF FF FF 1F 3A FF FF FF,FF FF FF 1F 3A FF FF FF,[],190=1859.875/exp 1859.8834 VALUE_OK
MATCH,10315,0x0CF00400,61444,163868.0,147518.595,-0.05,FF FF FF 56 3A FF FF FF,FF FF FF 56 3A FF FF FF,[],190=1866.75/exp 1866.7412 VALUE_OK
MATCH,10316,0x0CF00400,61444,163873.0,147523.575,-0.069,FF FF FF 8D 3A FF FF FF,FF FF FF 8D 3A FF FF FF,[],190=1873.625/exp 1873.5972 VALUE_OK
MATCH,10317,0x0CF00400,61444,163878.0,147528.602,-0.04,FF FF FF C4 3A FF FF FF,FF FF FF C4 3A FF FF FF,[],190=1880.5/exp 1880.4513 VALUE_OK
MATCH,10318,0x0CF00400,61444,163883.0,147533.574,-0.068,FF FF FF FA 3A FF FF FF,FF FF FF FA 3A FF FF FF,[],190=1887.25/exp 1887.3034 VALUE_OK
MATCH,10319,0x0CF00400,61444,163888.0,147538.59,-0.05,FF FF FF 31 3B FF FF FF,FF FF FF 31 3B FF FF FF,[],190=1894.125/exp 1894.1534 VALUE_OK
MATCH,10320,0x0CF00400,61444,163893.0,147543.565,-0.074,FF FF FF 68 3B FF FF FF,FF FF FF 68 3B FF FF FF,[],190=1901.0/exp 1901.0011 VALUE_OK
MATCH,10321,0x0CF00400,61444,163898.0,147548.597,-0.041,FF FF FF 9F 3B FF FF FF,FF FF FF 9F 3B FF FF FF,[],190=1907.875/exp 1907.8466 VALUE_OK
MATCH,10322,0x0CF00400,61444,163903.0,147553.56,-0.077,FF FF FF D6 3B FF FF FF,FF FF FF D6 3B FF FF FF,[],190=1914.75/exp 1914.6895 VALUE_OK
MATCH,10323,0x0CF00400,61444,163908.0,147558.572,-0.063,FF FF FF 0C 3C FF FF FF,FF FF FF 0C 3C FF FF FF,[],190=1921.5/exp 1921.53 VALUE_OK
MATCH,10324,0x0CF00400,61444,163913.0,147563.599,-0.035,FF FF FF 43 3C FF FF FF,FF FF FF 43 3C FF FF FF,[],190=1928.375/exp 1928.3678 VALUE_OK
MATCH,10325,0x0CF00400,61444,163918.0,147568.563,-0.07,FF FF FF 7A 3C FF FF FF,FF FF FF 7A 3C FF FF FF,[],190=1935.25/exp 1935.2028 VALUE_OK
MATCH,10326,0x0CF00400,61444,163923.0,147573.586,-0.046,FF FF FF B0 3C FF FF FF,FF FF FF B0 3C FF FF FF,[],190=1942.0/exp 1942.035 VALUE_OK
MATCH,10327,0x0CF00400,61444,163928.0,147578.594,-0.037,FF FF FF E7 3C FF FF FF,FF FF FF E7 3C FF FF FF,[],190=1948.875/exp 1948.8643 VALUE_OK
MATCH,10328,0x0CF00400,61444,163933.0,147583.561,-0.069,FF FF FF 1E 3D FF FF FF,FF FF FF 1E 3D FF FF FF,[],190=1955.75/exp 1955.6904 VALUE_OK
MATCH,10329,0x0CF00400,61444,163938.0,147588.581,-0.048,FF FF FF 54 3D FF FF FF,FF FF FF 54 3D FF FF FF,[],190=1962.5/exp 1962.5134 VALUE_OK
MATCH,10330,0x0CF00400,61444,163943.0,147593.556,-0.072,FF FF FF 8B 3D FF FF FF,FF FF FF 8B 3D FF FF FF,[],190=1969.375/exp 1969.3332 VALUE_OK
MATCH,10331,0x0CF00400,61444,163948.0,147598.565,-0.062,FF FF FF C1 3D FF FF FF,FF FF FF C1 3D FF FF FF,[],190=1976.125/exp 1976.1495 VALUE_OK
MATCH,10332,0x0CF00400,61444,163953.0,147603.577,-0.048,FF FF FF F8 3D FF FF FF,FF FF FF F8 3D FF FF FF,[],190=1983.0/exp 1982.9623 VALUE_OK
MATCH,10333,0x0CF00400,61444,163958.0,147608.576,-0.048,FF FF FF 2E 3E FF FF FF,FF FF FF 2E 3E FF FF FF,[],190=1989.75/exp 1989.7716 VALUE_OK
MATCH,10334,0x0CF00400,61444,163963.0,147613.58,-0.043,FF FF FF 65 3E FF FF FF,FF FF FF 65 3E FF FF FF,[],190=1996.625/exp 1996.5772 VALUE_OK
MATCH,10335,0x0CF00400,61444,163968.0,147618.595,-0.028,FF FF FF 9B 3E FF FF FF,FF FF FF 9B 3E FF FF FF,[],190=2003.375/exp 2003.3789 VALUE_OK
MATCH,10336,0x0CF00400,61444,163973.0,147623.551,-0.071,FF FF FF D1 3E FF FF FF,FF FF FF D1 3E FF FF FF,[],190=2010.125/exp 2010.1768 VALUE_OK
MATCH,10337,0x0CF00400,61444,163978.0,147628.566,-0.055,FF FF FF 08 3F FF FF FF,FF FF FF 08 3F FF FF FF,[],190=2017.0/exp 2016.9706 VALUE_OK
MATCH,10338,0x0CF00400,61444,163983.0,147633.57,-0.05,FF FF FF 3E 3F FF FF FF,FF FF FF 3E 3F FF FF FF,[],190=2023.75/exp 2023.7603 VALUE_OK
MATCH,10339,0x0CF00400,61444,163988.0,147638.577,-0.042,FF FF FF 74 3F FF FF FF,FF FF FF 74 3F FF FF FF,[],190=2030.5/exp 2030.5458 VALUE_OK
MATCH,10340,0x0CF00400,61444,163993.0,147643.589,-0.029,FF FF FF AB 3F FF FF FF,FF FF FF AB 3F FF FF FF,[],190=2037.375/exp 2037.327 VALUE_OK
MATCH,10341,0x0CF00400,61444,163998.0,147648.548,-0.069,FF FF FF E1 3F FF FF FF,FF FF FF E1 3F FF FF FF,[],190=2044.125/exp 2044.1037 VALUE_OK
MATCH,10342,0x0CF00400,61444,164003.0,147653.552,-0.064,FF FF FF 17 40 FF FF FF,FF FF FF 17 40 FF FF FF,[],190=2050.875/exp 2050.8759 VALUE_OK
MATCH,10343,0x0CF00400,61444,164008.0,147658.572,-0.042,FF FF FF 4D 40 FF FF FF,FF FF FF 4D 40 FF FF FF,[],190=2057.625/exp 2057.6435 VALUE_OK
MATCH,10344,0x0CF00400,61444,164013.0,147663.587,-0.027,FF FF FF 83 40 FF FF FF,FF FF FF 83 40 FF FF FF,[],190=2064.375/exp 2064.4063 VALUE_OK
MATCH,10345,0x0CF00400,61444,164018.0,147668.55,-0.063,FF FF FF B9 40 FF FF FF,FF FF FF B9 40 FF FF FF,[],190=2071.125/exp 2071.1643 VALUE_OK
MATCH,10346,0x0CF00400,61444,164023.0,147673.554,-0.058,FF FF FF EF 40 FF FF FF,FF FF FF EF 40 FF FF FF,[],190=2077.875/exp 2077.9173 VALUE_OK
MATCH,10347,0x0CF00400,61444,164028.0,147678.569,-0.042,FF FF FF 25 41 FF FF FF,FF FF FF 25 41 FF FF FF,[],190=2084.625/exp 2084.6653 VALUE_OK
MATCH,10348,0x0CF00400,61444,164033.0,147683.577,-0.033,FF FF FF 5B 41 FF FF FF,FF FF FF 5B 41 FF FF FF,[],190=2091.375/exp 2091.4081 VALUE_OK
MATCH,10349,0x0CF00400,61444,164038.0,147688.541,-0.068,FF FF FF 91 41 FF FF FF,FF FF FF 91 41 FF FF FF,[],190=2098.125/exp 2098.1456 VALUE_OK
MATCH,10350,0x0CF00400,61444,164043.0,147693.548,-0.06,FF FF FF C7 41 FF FF FF,FF FF FF C7 41 FF FF FF,[],190=2104.875/exp 2104.8778 VALUE_OK
MATCH,10351,0x0CF00400,61444,164048.0,147698.56,-0.047,FF FF FF FD 41 FF FF FF,FF FF FF FD 41 FF FF FF,[],190=2111.625/exp 2111.6045 VALUE_OK
MATCH,10352,0x0CF00400,61444,164053.0,147703.555,-0.051,FF FF FF 33 42 FF FF FF,FF FF FF 33 42 FF FF FF,[],190=2118.375/exp 2118.3256 VALUE_OK
MATCH,10353,0x0CF00400,61444,164058.0,147708.575,-0.03,FF FF FF 68 42 FF FF FF,FF FF FF 68 42 FF FF FF,[],190=2125.0/exp 2125.041 VALUE_OK
MATCH,10354,0x0CF00400,61444,164063.0,147713.574,-0.03,FF FF FF 9E 42 FF FF FF,FF FF FF 9E 42 FF FF FF,[],190=2131.75/exp 2131.7507 VALUE_OK
MATCH,10355,0x0CF00400,61444,164068.0,147718.542,-0.061,FF FF FF D4 42 FF FF FF,FF FF FF D4 42 FF FF FF,[],190=2138.5/exp 2138.4544 VALUE_OK
MATCH,10356,0x0CF00400,61444,164073.0,147723.541,-0.061,FF FF FF 09 43 FF FF FF,FF FF FF 09 43 FF FF FF,[],190=2145.125/exp 2145.1522 VALUE_OK
MATCH,10357,0x0CF00400,61444,164078.0,147728.553,-0.048,FF FF FF 3F 43 FF FF FF,FF FF FF 3F 43 FF FF FF,[],190=2151.875/exp 2151.8439 VALUE_OK
MATCH,10358,0x0CF00400,61444,164083.0,147733.552,-0.048,FF FF FF 74 43 FF FF FF,FF FF FF 74 43 FF FF FF,[],190=2158.5/exp 2158.5294 VALUE_OK
MATCH,10359,0x0CF00400,61444,164088.0,147738.564,-0.035,FF FF FF AA 43 FF FF FF,FF FF FF AA 43 FF FF FF,[],190=2165.25/exp 2165.2086 VALUE_OK
MATCH,10360,0x0CF00400,61444,164093.0,147743.575,-0.023,FF FF FF DF 43 FF FF FF,FF FF FF DF 43 FF FF FF,[],190=2171.875/exp 2171.8814 VALUE_OK
MATCH,10361,0x0CF00400,61444,164098.0,147748.527,-0.071,FF FF FF 14 44 FF FF FF,FF FF FF 14 44 FF FF FF,[],190=2178.5/exp 2178.5476 VALUE_OK
MATCH,10362,0x0CF00400,61444,164103.0,147753.543,-0.054,FF FF FF 4A 44 FF FF FF,FF FF FF 4A 44 FF FF FF,[],190=2185.25/exp 2185.2073 VALUE_OK
MATCH,10363,0x0CF00400,61444,164108.0,147758.546,-0.049,FF FF FF 7F 44 FF FF FF,FF FF FF 7F 44 FF FF FF,[],190=2191.875/exp 2191.8603 VALUE_OK
MATCH,10364,0x0CF00400,61444,164113.0,147763.549,-0.045,FF FF FF B4 44 FF FF FF,FF FF FF B4 44 FF FF FF,[],190=2198.5/exp 2198.5064 VALUE_OK
MATCH,10365,0x0CF00400,61444,164118.0,147768.545,-0.049,FF FF FF E9 44 FF FF FF,FF FF FF E9 44 FF FF FF,[],190=2205.125/exp 2205.1456 VALUE_OK
MATCH,10366,0x0CF00400,61444,164123.0,147773.541,-0.052,FF FF FF 1E 45 FF FF FF,FF FF FF 1E 45 FF FF FF,[],190=2211.75/exp 2211.7778 VALUE_OK
MATCH,10367,0x0CF00400,61444,164128.0,147778.541,-0.051,FF FF FF 53 45 FF FF FF,FF FF FF 53 45 FF FF FF,[],190=2218.375/exp 2218.4029 VALUE_OK
MATCH,10368,0x0CF00400,61444,164133.0,147783.544,-0.047,FF FF FF 88 45 FF FF FF,FF FF FF 88 45 FF FF FF,[],190=2225.0/exp 2225.0208 VALUE_OK
MATCH,10369,0x0CF00400,61444,164138.0,147788.543,-0.047,FF FF FF BD 45 FF FF FF,FF FF FF BD 45 FF FF FF,[],190=2231.625/exp 2231.6313 VALUE_OK
MATCH,10370,0x0CF00400,61444,164143.0,147793.543,-0.046,FF FF FF F2 45 FF FF FF,FF FF FF F2 45 FF FF FF,[],190=2238.25/exp 2238.2344 VALUE_OK
MATCH,10371,0x0CF00400,61444,164148.0,147798.538,-0.05,FF FF FF 27 46 FF FF FF,FF FF FF 27 46 FF FF FF,[],190=2244.875/exp 2244.83 VALUE_OK
MATCH,10372,0x0CF00400,61444,164153.0,147803.538,-0.049,FF FF FF 5B 46 FF FF FF,FF FF FF 5B 46 FF FF FF,[],190=2251.375/exp 2251.418 VALUE_OK
MATCH,10373,0x0CF00400,61444,164158.0,147808.537,-0.049,FF FF FF 90 46 FF FF FF,FF FF FF 90 46 FF FF FF,[],190=2258.0/exp 2257.9982 VALUE_OK
MATCH,10374,0x0CF00400,61444,164163.0,147813.549,-0.036,FF FF FF C5 46 FF FF FF,FF FF FF C5 46 FF FF FF,[],190=2264.625/exp 2264.5706 VALUE_OK
MATCH,10375,0x0CF00400,61444,164168.0,147818.549,-0.035,FF FF FF F9 46 FF FF FF,FF FF FF F9 46 FF FF FF,[],190=2271.125/exp 2271.135 VALUE_OK
MATCH,10376,0x0CF00400,61444,164173.0,147823.548,-0.035,FF FF FF 2E 47 FF FF FF,FF FF FF 2E 47 FF FF FF,[],190=2277.75/exp 2277.6914 VALUE_OK
MATCH,10377,0x0CF00400,61444,164178.0,147828.544,-0.039,FF FF FF 62 47 FF FF FF,FF FF FF 62 47 FF FF FF,[],190=2284.25/exp 2284.2397 VALUE_OK
MATCH,10378,0x0CF00400,61444,164183.0,147833.547,-0.035,FF FF FF 96 47 FF FF FF,FF FF FF 96 47 FF FF FF,[],190=2290.75/exp 2290.7797 VALUE_OK
MATCH,10379,0x0CF00400,61444,164188.0,147838.546,-0.035,FF FF FF CB 47 FF FF FF,FF FF FF CB 47 FF FF FF,[],190=2297.375/exp 2297.3114 VALUE_OK
MATCH,10380,0x0CF00400,61444,164193.0,147843.554,-0.027,FF FF FF FF 47 FF FF FF,FF FF FF FF 47 FF FF FF,[],190=2303.875/exp 2303.8347 VALUE_OK
MATCH,10381,0x0CF00400,61444,164198.0,147848.546,-0.034,FF FF FF 33 48 FF FF FF,FF FF FF 33 48 FF FF FF,[],190=2310.375/exp 2310.3494 VALUE_OK
MATCH,10382,0x0CF00400,61444,164203.0,147853.541,-0.038,FF FF FF 67 48 FF FF FF,FF FF FF 67 48 FF FF FF,[],190=2316.875/exp 2316.8555 VALUE_OK
MATCH,10383,0x0CF00400,61444,164208.0,147858.541,-0.038,FF FF FF 9B 48 FF FF FF,FF FF FF 9B 48 FF FF FF,[],190=2323.375/exp 2323.3528 VALUE_OK
MATCH,10384,0x0CF00400,61444,164213.0,147863.544,-0.034,FF FF FF CF 48 FF FF FF,FF FF FF CF 48 FF FF FF,[],190=2329.875/exp 2329.8413 VALUE_OK
MATCH,10385,0x0CF00400,61444,164218.0,147868.544,-0.033,FF FF FF 03 49 FF FF FF,FF FF FF 03 49 FF FF FF,[],190=2336.375/exp 2336.3209 VALUE_OK
MATCH,10386,0x0CF00400,61444,164223.0,147873.535,-0.041,FF FF FF 36 49 FF FF FF,FF FF FF 36 49 FF FF FF,[],190=2342.75/exp 2342.7914 VALUE_OK
MATCH,10387,0x0CF00400,61444,164228.0,147878.535,-0.041,FF FF FF 6A 49 FF FF FF,FF FF FF 6A 49 FF FF FF,[],190=2349.25/exp 2349.2527 VALUE_OK
MATCH,10388,0x0CF00400,61444,164233.0,147883.539,-0.036,FF FF FF 9E 49 FF FF FF,FF FF FF 9E 49 FF FF FF,[],190=2355.75/exp 2355.7048 VALUE_OK
MATCH,10389,0x0CF00400,61444,164238.0,147888.538,-0.036,FF FF FF D1 49 FF FF FF,FF FF FF D1 49 FF FF FF,[],190=2362.125/exp 2362.1476 VALUE_OK
MATCH,10390,0x0CF00400,61444,164243.0,147893.537,-0.036,FF FF FF 05 4A FF FF FF,FF FF FF 05 4A FF FF FF,[],190=2368.625/exp 2368.581 VALUE_OK
MATCH,10391,0x0CF00400,61444,164248.0,147898.529,-0.044,FF FF FF 38 4A FF FF FF,FF FF FF 38 4A FF FF FF,[],190=2375.0/exp 2375.0048 VALUE_OK
MATCH,10392,0x0CF00400,61444,164253.0,147903.533,-0.039,FF FF FF 6B 4A FF FF FF,FF FF FF 6B 4A FF FF FF,[],190=2381.375/exp 2381.4189 VALUE_OK
MATCH,10393,0x0CF00400,61444,164258.0,147908.532,-0.039,FF FF FF 9F 4A FF FF FF,FF FF FF 9F 4A FF FF FF,[],190=2387.875/exp 2387.8234 VALUE_OK
MATCH,10394,0x0CF00400,61444,164263.0,147913.532,-0.038,FF FF FF D2 4A FF FF FF,FF FF FF D2 4A FF FF FF,[],190=2394.25/exp 2394.218 VALUE_OK
MATCH,10395,0x0CF00400,61444,164268.0,147918.535,-0.034,FF FF FF 05 4B FF FF FF,FF FF FF 05 4B FF FF FF,[],190=2400.625/exp 2400.6026 VALUE_OK
MATCH,10396,0x0CF00400,61444,164273.0,147923.527,-0.042,FF FF FF 38 4B FF FF FF,FF FF FF 38 4B FF FF FF,[],190=2407.0/exp 2406.9772 VALUE_OK
MATCH,10397,0x0CF00400,61444,164278.0,147928.53,-0.038,FF FF FF 6B 4B FF FF FF,FF FF FF 6B 4B FF FF FF,[],190=2413.375/exp 2413.3417 VALUE_OK
MATCH,10398,0x0CF00400,61444,164283.0,147933.526,-0.041,FF FF FF 9E 4B FF FF FF,FF FF FF 9E 4B FF FF FF,[],190=2419.75/exp 2419.696 VALUE_OK
MATCH,10399,0x0CF00400,61444,164288.0,147938.525,-0.041,FF FF FF D0 4B FF FF FF,FF FF FF D0 4B FF FF FF,[],190=2426.0/exp 2426.0399 VALUE_OK
MATCH,10400,0x0CF00400,61444,164293.0,147943.517,-0.049,FF FF FF 03 4C FF FF FF,FF FF FF 03 4C FF FF FF,[],190=2432.375/exp 2432.3735 VALUE_OK
MATCH,10401,0x0CF00400,61444,164298.0,147948.508,-0.057,FF FF FF 36 4C FF FF FF,FF FF FF 36 4C FF FF FF,[],190=2438.75/exp 2438.6964 VALUE_OK
UNLOGGED,,0x0CF00400,61444,,147953.5,,,FF FF FF 68 4C FF FF FF,[],
MATCH,10403,0x0CF00400,61444,164308.0,147958.499,-0.064,FF FF FF 9A 4C FF FF FF,FF FF FF 9A 4C FF FF FF,[],190=2451.25/exp 2451.3105 VALUE_OK
UNLOGGED,,0x0CF00400,61444,,147963.495,,,FF FF FF CD 4C FF FF FF,[],
MATCH,10405,0x0CF00400,61444,164318.0,147968.542,-0.02,FF FF FF FF 4C FF FF FF,FF FF FF FF 4C FF FF FF,[],190=2463.875/exp 2463.8812 VALUE_OK
MATCH,10406,0x0CF00400,61444,164323.0,147973.53,-0.032,FF FF FF 31 4D FF FF FF,FF FF FF 31 4D FF FF FF,[],190=2470.125/exp 2470.1501 VALUE_OK
MATCH,10407,0x0CF00400,61444,164328.0,147978.525,-0.036,FF FF FF 63 4D FF FF FF,FF FF FF 63 4D FF FF FF,[],190=2476.375/exp 2476.4079 VALUE_OK
MATCH,10408,0x0CF00400,61444,164333.0,147983.525,-0.035,FF FF FF 95 4D FF FF FF,FF FF FF 95 4D FF FF FF,[],190=2482.625/exp 2482.6545 VALUE_OK
MATCH,10409,0x0CF00400,61444,164338.0,147988.521,-0.039,FF FF FF C7 4D FF FF FF,FF FF FF C7 4D FF FF FF,[],190=2488.875/exp 2488.8898 VALUE_OK
MATCH,10410,0x0CF00400,61444,164343.0,147993.516,-0.043,FF FF FF F9 4D FF FF FF,FF FF FF F9 4D FF FF FF,[],190=2495.125/exp 2495.1138 VALUE_OK
MATCH,10411,0x0CF00400,61444,164348.0,147998.504,-0.054,FF FF FF 2B 4E FF FF FF,FF FF FF 2B 4E FF FF FF,[],190=2501.375/exp 2501.3262 VALUE_OK
MATCH,10412,0x0CF00400,61444,164353.0,148003.495,-0.062,FF FF FF 5C 4E FF FF FF,FF FF FF 5C 4E FF FF FF,[],190=2507.5/exp 2507.527 VALUE_OK
MATCH,10413,0x0CF00400,61444,164358.0,148008.507,-0.049,FF FF FF 8E 4E FF FF FF,FF FF FF 8E 4E FF FF FF,[],190=2513.75/exp 2513.7162 VALUE_OK
MATCH,10414,0x0CF00400,61444,164363.0,148013.494,-0.061,FF FF FF BF 4E FF FF FF,FF FF FF BF 4E FF FF FF,[],190=2519.875/exp 2519.8935 VALUE_OK
MATCH,10415,0x0CF00400,61444,164368.0,148018.498,-0.056,FF FF FF F0 4E FF FF FF,FF FF FF F0 4E FF FF FF,[],190=2526.0/exp 2526.0591 VALUE_OK
MATCH,10416,0x0CF00400,61444,164373.0,148023.525,-0.027,FF FF FF 22 4F FF FF FF,FF FF FF 22 4F FF FF FF,[],190=2532.25/exp 2532.2126 VALUE_OK
MATCH,10417,0x0CF00400,61444,164378.0,148028.525,-0.027,FF FF FF 53 4F FF FF FF,FF FF FF 53 4F FF FF FF,[],190=2538.375/exp 2538.3541 VALUE_OK
MATCH,10418,0x0CF00400,61444,164383.0,148033.528,-0.023,FF FF FF 84 4F FF FF FF,FF FF FF 84 4F FF FF FF,[],190=2544.5/exp 2544.4834 VALUE_OK
MATCH,10419,0x0CF00400,61444,164388.0,148038.52,-0.031,FF FF FF B5 4F FF FF FF,FF FF FF B5 4F FF FF FF,[],190=2550.625/exp 2550.6004 VALUE_OK
MATCH,10420,0x0CF00400,61444,164393.0,148043.511,-0.039,FF FF FF E6 4F FF FF FF,FF FF FF E6 4F FF FF FF,[],190=2556.75/exp 2556.7052 VALUE_OK
MATCH,10421,0x0CF00400,61444,164398.0,148048.495,-0.054,FF FF FF 16 50 FF FF FF,FF FF FF 16 50 FF FF FF,[],190=2562.75/exp 2562.7974 VALUE_OK
MATCH,10422,0x0CF00400,61444,164403.0,148053.491,-0.057,FF FF FF 47 50 FF FF FF,FF FF FF 47 50 FF FF FF,[],190=2568.875/exp 2568.8772 VALUE_OK
MATCH,10423,0x0CF00400,61444,164408.0,148058.49,-0.057,FF FF FF 78 50 FF FF FF,FF FF FF 78 50 FF FF FF,[],190=2575.0/exp 2574.9443 VALUE_OK
MATCH,10424,0x0CF00400,61444,164413.0,148063.498,-0.048,FF FF FF A8 50 FF FF FF,FF FF FF A8 50 FF FF FF,[],190=2581.0/exp 2580.9987 VALUE_OK
MATCH,10425,0x0CF00400,61444,164418.0,148068.493,-0.052,FF FF FF D8 50 FF FF FF,FF FF FF D8 50 FF FF FF,[],190=2587.0/exp 2587.0403 VALUE_OK
MATCH,10426,0x0CF00400,61444,164423.0,148073.493,-0.051,FF FF FF 09 51 FF FF FF,FF FF FF 09 51 FF FF FF,[],190=2593.125/exp 2593.0689 VALUE_OK
MATCH,10427,0x0CF00400,61444,164428.0,148078.488,-0.055,FF FF FF 39 51 FF FF FF,FF FF FF 39 51 FF FF FF,[],190=2599.125/exp 2599.0846 VALUE_OK
MATCH,10428,0x0CF00400,61444,164433.0,148083.492,-0.05,FF FF FF 69 51 FF FF FF,FF FF FF 69 51 FF FF FF,[],190=2605.125/exp 2605.0872 VALUE_OK
MATCH,10429,0x0CF00400,61444,164438.0,148088.495,-0.046,FF FF FF 99 51 FF FF FF,FF FF FF 99 51 FF FF FF,[],190=2611.125/exp 2611.0766 VALUE_OK
MATCH,10430,0x0CF00400,61444,164443.0,148093.491,-0.049,FF FF FF C8 51 FF FF FF,FF FF FF C8 51 FF FF FF,[],190=2617.0/exp 2617.0527 VALUE_OK
MATCH,10431,0x0CF00400,61444,164448.0,148098.49,-0.049,FF FF FF F8 51 FF FF FF,FF FF FF F8 51 FF FF FF,[],190=2623.0/exp 2623.0154 VALUE_OK
MATCH,10432,0x0CF00400,61444,164453.0,148103.474,-0.064,FF FF FF 28 52 FF FF FF,FF FF FF 28 52 FF FF FF,[],190=2629.0/exp 2628.9647 VALUE_OK
MATCH,10433,0x0CF00400,61444,164458.0,148108.514,-0.023,FF FF FF 57 52 FF FF FF,FF FF FF 57 52 FF FF FF,[],190=2634.875/exp 2634.9004 VALUE_OK
MATCH,10434,0x0CF00400,61444,164463.0,148113.505,-0.031,FF FF FF 87 52 FF FF FF,FF FF FF 87 52 FF FF FF,[],190=2640.875/exp 2640.8225 VALUE_OK
MATCH,10435,0x0CF00400,61444,164468.0,148118.488,-0.048,FF FF FF B6 52 FF FF FF,FF FF FF B6 52 FF FF FF,[],190=2646.75/exp 2646.7308 VALUE_OK
MATCH,10436,0x0CF00400,61444,164473.0,148123.476,-0.059,FF FF FF E5 52 FF FF FF,FF FF FF E5 52 FF FF FF,[],190=2652.625/exp 2652.6253 VALUE_OK
MATCH,10437,0x0CF00400,61444,164478.0,148128.503,-0.031,FF FF FF 14 53 FF FF FF,FF FF FF 14 53 FF FF FF,[],190=2658.5/exp 2658.5059 VALUE_OK
MATCH,10438,0x0CF00400,61444,164483.0,148133.495,-0.038,FF FF FF 43 53 FF FF FF,FF FF FF 43 53 FF FF FF,[],190=2664.375/exp 2664.3725 VALUE_OK
MATCH,10439,0x0CF00400,61444,164488.0,148138.479,-0.053,FF FF FF 72 53 FF FF FF,FF FF FF 72 53 FF FF FF,[],190=2670.25/exp 2670.225 VALUE_OK
MATCH,10440,0x0CF00400,61444,164493.0,148143.522,-0.009,FF FF FF A0 53 FF FF FF,FF FF FF A0 53 FF FF FF,[],190=2676.0/exp 2676.0633 VALUE_OK
MATCH,10441,0x0CF00400,61444,164498.0,148148.498,-0.033,FF FF FF CF 53 FF FF FF,FF FF FF CF 53 FF FF FF,[],190=2681.875/exp 2681.8873 VALUE_OK
MATCH,10442,0x0CF00400,61444,164503.0,148153.493,-0.037,FF FF FF FE 53 FF FF FF,FF FF FF FE 53 FF FF FF,[],190=2687.75/exp 2687.6969 VALUE_OK
MATCH,10443,0x0CF00400,61444,164508.0,148158.469,-0.061,FF FF FF 2C 54 FF FF FF,FF FF FF 2C 54 FF FF FF,[],190=2693.5/exp 2693.4921 VALUE_OK
MATCH,10444,0x0CF00400,61444,164513.0,148163.504,-0.024,FF FF FF 5A 54 FF FF FF,FF FF FF 5A 54 FF FF FF,[],190=2699.25/exp 2699.2727 VALUE_OK
MATCH,10445,0x0CF00400,61444,164518.0,148168.488,-0.04,FF FF FF 88 54 FF FF FF,FF FF FF 88 54 FF FF FF,[],190=2705.0/exp 2705.0387 VALUE_OK
MATCH,10446,0x0CF00400,61444,164523.0,148173.483,-0.044,FF FF FF B6 54 FF FF FF,FF FF FF B6 54 FF FF FF,[],190=2710.75/exp 2710.7899 VALUE_OK
MATCH,10447,0x0CF00400,61444,164528.0,148178.471,-0.055,FF FF FF E4 54 FF FF FF,FF FF FF E4 54 FF FF FF,[],190=2716.5/exp 2716.5264 VALUE_OK
MATCH,10448,0x0CF00400,61444,164533.0,148183.494,-0.031,FF FF FF 12 55 FF FF FF,FF FF FF 12 55 FF FF FF,[],190=2722.25/exp 2722.2479 VALUE_OK
MATCH,10449,0x0CF00400,61444,164538.0,148188.498,-0.026,FF FF FF 40 55 FF FF FF,FF FF FF 40 55 FF FF FF,[],190=2728.0/exp 2727.9545 VALUE_OK
MATCH,10450,0x0CF00400,61444,164543.0,148193.477,-0.047,FF FF FF 6D 55 FF FF FF,FF FF FF 6D 55 FF FF FF,[],190=2733.625/exp 2733.6459 VALUE_OK
MATCH,10451,0x0CF00400,61444,164548.0,148198.469,-0.054,FF FF FF 9B 55 FF FF FF,FF FF FF 9B 55 FF FF FF,[],190=2739.375/exp 2739.3222 VALUE_OK
MATCH,10452,0x0CF00400,61444,164553.0,148203.505,-0.017,FF FF FF C8 55 FF FF FF,FF FF FF C8 55 FF FF FF,[],190=2745.0/exp 2744.9832 VALUE_OK
MATCH,10453,0x0CF00400,61444,164558.0,148208.488,-0.034,FF FF FF F5 55 FF FF FF,FF FF FF F5 55 FF FF FF,[],190=2750.625/exp 2750.6289 VALUE_OK
MATCH,10454,0x0CF00400,61444,164563.0,148213.472,-0.049,FF FF FF 22 56 FF FF FF,FF FF FF 22 56 FF FF FF,[],190=2756.25/exp 2756.2592 VALUE_OK
MATCH,10455,0x0CF00400,61444,164568.0,148218.459,-0.061,FF FF FF 4F 56 FF FF FF,FF FF FF 4F 56 FF FF FF,[],190=2761.875/exp 2761.8739 VALUE_OK
MATCH,10456,0x0CF00400,61444,164573.0,148223.491,-0.028,FF FF FF 7C 56 FF FF FF,FF FF FF 7C 56 FF FF FF,[],190=2767.5/exp 2767.4731 VALUE_OK
MATCH,10457,0x0CF00400,61444,164578.0,148228.49,-0.028,FF FF FF A8 56 FF FF FF,FF FF FF A8 56 FF FF FF,[],190=2773.0/exp 2773.0565 VALUE_OK
MATCH,10458,0x0CF00400,61444,164583.0,148233.466,-0.052,FF FF FF D5 56 FF FF FF,FF FF FF D5 56 FF FF FF,[],190=2778.625/exp 2778.6242 VALUE_OK
MATCH,10459,0x0CF00400,61444,164588.0,148238.501,-0.016,FF FF FF 01 57 FF FF FF,FF FF FF 01 57 FF FF FF,[],190=2784.125/exp 2784.176 VALUE_OK
MATCH,10460,0x0CF00400,61444,164593.0,148243.485,-0.031,FF FF FF 2E 57 FF FF FF,FF FF FF 2E 57 FF FF FF,[],190=2789.75/exp 2789.7119 VALUE_OK
MATCH,10461,0x0CF00400,61444,164598.0,148248.472,-0.044,FF FF FF 5A 57 FF FF FF,FF FF FF 5A 57 FF FF FF,[],190=2795.25/exp 2795.2317 VALUE_OK
MATCH,10462,0x0CF00400,61444,164603.0,148253.472,-0.043,FF FF FF 86 57 FF FF FF,FF FF FF 86 57 FF FF FF,[],190=2800.75/exp 2800.7354 VALUE_OK
MATCH,10463,0x0CF00400,61444,164608.0,148258.5,-0.014,FF FF FF B2 57 FF FF FF,FF FF FF B2 57 FF FF FF,[],190=2806.25/exp 2806.2229 VALUE_OK
MATCH,10464,0x0CF00400,61444,164613.0,148263.483,-0.031,FF FF FF DE 57 FF FF FF,FF FF FF DE 57 FF FF FF,[],190=2811.75/exp 2811.6941 VALUE_OK
MATCH,10465,0x0CF00400,61444,164618.0,148268.467,-0.046,FF FF FF 09 58 FF FF FF,FF FF FF 09 58 FF FF FF,[],190=2817.125/exp 2817.149 VALUE_OK
MATCH,10466,0x0CF00400,61444,164623.0,148273.446,-0.066,FF FF FF 35 58 FF FF FF,FF FF FF 35 58 FF FF FF,[],190=2822.625/exp 2822.5873 VALUE_OK
MATCH,10467,0x0CF00400,61444,164628.0,148278.485,-0.026,FF FF FF 60 58 FF FF FF,FF FF FF 60 58 FF FF FF,[],190=2828.0/exp 2828.0092 VALUE_OK
MATCH,10468,0x0CF00400,61444,164633.0,148283.469,-0.041,FF FF FF 8B 58 FF FF FF,FF FF FF 8B 58 FF FF FF,[],190=2833.375/exp 2833.4144 VALUE_OK
MATCH,10469,0x0CF00400,61444,164638.0,148288.465,-0.044,FF FF FF B6 58 FF FF FF,FF FF FF B6 58 FF FF FF,[],190=2838.75/exp 2838.8029 VALUE_OK
MATCH,10470,0x0CF00400,61444,164643.0,148293.496,-0.013,FF FF FF E1 58 FF FF FF,FF FF FF E1 58 FF FF FF,[],190=2844.125/exp 2844.1746 VALUE_OK
MATCH,10471,0x0CF00400,61444,164648.0,148298.48,-0.028,FF FF FF 0C 59 FF FF FF,FF FF FF 0C 59 FF FF FF,[],190=2849.5/exp 2849.5295 VALUE_OK
MATCH,10472,0x0CF00400,61444,164653.0,148303.467,-0.041,FF FF FF 37 59 FF FF FF,FF FF FF 37 59 FF FF FF,[],190=2854.875/exp 2854.8674 VALUE_OK
MATCH,10473,0x0CF00400,61444,164658.0,148308.451,-0.056,FF FF FF 62 59 FF FF FF,FF FF FF 62 59 FF FF FF,[],190=2860.25/exp 2860.1882 VALUE_OK
MATCH,10474,0x0CF00400,61444,164663.0,148313.451,-0.055,FF FF FF 8C 59 FF FF FF,FF FF FF 8C 59 FF FF FF,[],190=2865.5/exp 2865.492 VALUE_OK
MATCH,10475,0x0CF00400,61444,164668.0,148318.483,-0.022,FF FF FF B6 59 FF FF FF,FF FF FF B6 59 FF FF FF,[],190=2870.75/exp 2870.7785 VALUE_OK
MATCH,10476,0x0CF00400,61444,164673.0,148323.474,-0.03,FF FF FF E0 59 FF FF FF,FF FF FF E0 59 FF FF FF,[],190=2876.0/exp 2876.0478 VALUE_OK
MATCH,10477,0x0CF00400,61444,164678.0,148328.454,-0.05,FF FF FF 0A 5A FF FF FF,FF FF FF 0A 5A FF FF FF,[],190=2881.25/exp 2881.2996 VALUE_OK
MATCH,10478,0x0CF00400,61444,164683.0,148333.445,-0.058,FF FF FF 34 5A FF FF FF,FF FF FF 34 5A FF FF FF,[],190=2886.5/exp 2886.5341 VALUE_OK
MATCH,10479,0x0CF00400,61444,164688.0,148338.473,-0.028,FF FF FF 5E 5A FF FF FF,FF FF FF 5E 5A FF FF FF,[],190=2891.75/exp 2891.751 VALUE_OK
MATCH,10480,0x0CF00400,61444,164693.0,148343.468,-0.033,FF FF FF 88 5A FF FF FF,FF FF FF 88 5A FF FF FF,[],190=2897.0/exp 2896.9503 VALUE_OK
MATCH,10481,0x0CF00400,61444,164698.0,148348.448,-0.052,FF FF FF B1 5A FF FF FF,FF FF FF B1 5A FF FF FF,[],190=2902.125/exp 2902.1319 VALUE_OK
MATCH,10482,0x0CF00400,61444,164703.0,148353.488,-0.011,FF FF FF DA 5A FF FF FF,FF FF FF DA 5A FF FF FF,[],190=2907.25/exp 2907.2958 VALUE_OK
MATCH,10483,0x0CF00400,61444,164708.0,148358.472,-0.027,FF FF FF 04 5B FF FF FF,FF FF FF 04 5B FF FF FF,[],190=2912.5/exp 2912.4418 VALUE_OK
MATCH,10484,0x0CF00400,61444,164713.0,148363.451,-0.047,FF FF FF 2D 5B FF FF FF,FF FF FF 2D 5B FF FF FF,[],190=2917.625/exp 2917.5698 VALUE_OK
MATCH,10485,0x0CF00400,61444,164718.0,148368.442,-0.056,FF FF FF 55 5B FF FF FF,FF FF FF 55 5B FF FF FF,[],190=2922.625/exp 2922.6799 VALUE_OK
MATCH,10486,0x0CF00400,61444,164723.0,148373.482,-0.014,FF FF FF 7E 5B FF FF FF,FF FF FF 7E 5B FF FF FF,[],190=2927.75/exp 2927.7719 VALUE_OK
MATCH,10487,0x0CF00400,61444,164728.0,148378.461,-0.035,FF FF FF A7 5B FF FF FF,FF FF FF A7 5B FF FF FF,[],190=2932.875/exp 2932.8457 VALUE_OK
MATCH,10488,0x0CF00400,61444,164733.0,148383.453,-0.042,FF FF FF CF 5B FF FF FF,FF FF FF CF 5B FF FF FF,[],190=2937.875/exp 2937.9013 VALUE_OK
MATCH,10489,0x0CF00400,61444,164738.0,148388.481,-0.014,FF FF FF F8 5B FF FF FF,FF FF FF F8 5B FF FF FF,[],190=2943.0/exp 2942.9386 VALUE_OK
MATCH,10490,0x0CF00400,61444,164743.0,148393.472,-0.022,FF FF FF 20 5C FF FF FF,FF FF FF 20 5C FF FF FF,[],190=2948.0/exp 2947.9574 VALUE_OK
MATCH,10491,0x0CF00400,61444,164748.0,148398.452,-0.042,FF FF FF 48 5C FF FF FF,FF FF FF 48 5C FF FF FF,[],190=2953.0/exp 2952.9578 VALUE_OK
MATCH,10492,0x0CF00400,61444,164753.0,148403.439,-0.054,FF FF FF 70 5C FF FF FF,FF FF FF 70 5C FF FF FF,[],190=2958.0/exp 2957.9397 VALUE_OK
MATCH,10493,0x0CF00400,61444,164758.0,148408.474,-0.018,FF FF FF 97 5C FF FF FF,FF FF FF 97 5C FF FF FF,[],190=2962.875/exp 2962.9029 VALUE_OK
MATCH,10494,0x0CF00400,61444,164763.0,148413.466,-0.026,FF FF FF BF 5C FF FF FF,FF FF FF BF 5C FF FF FF,[],190=2967.875/exp 2967.8474 VALUE_OK
MATCH,10495,0x0CF00400,61444,164768.0,148418.449,-0.042,FF FF FF E6 5C FF FF FF,FF FF FF E6 5C FF FF FF,[],190=2972.75/exp 2972.7731 VALUE_OK
MATCH,10496,0x0CF00400,61444,164773.0,148423.433,-0.057,FF FF FF 0D 5D FF FF FF,FF FF FF 0D 5D FF FF FF,[],190=2977.625/exp 2977.68 VALUE_OK
MATCH,10497,0x0CF00400,61444,164778.0,148428.469,-0.02,FF FF FF 35 5D FF FF FF,FF FF FF 35 5D FF FF FF,[],190=2982.625/exp 2982.5679 VALUE_OK
