$RUN,134783,2,30
=========================================
[ACK] START OK | Mode: STRESS TESTING (100 Hz) | Duration: 30 seconds
[ACK] Active Signals: 1 | Active PGNs: 1
=========================================
$TX,4499,134788,0CF00400,FFFFFF0000FFFFFF,Q
$TX,4500,134793,0CF00400,FFFFFF0000FFFFFF,Q
$TX,4501,134798,0CF00400,FFFFFF0000FFFFFF,Q
$TX,4502,134803,0CF00400,FFFFFF0000FFFFFF,Q
$TX,4503,134808,0CF00400,FFFFFF0000FFFFFF,Q
$TX,4504,134813,0CF00400,FFFFFF0000FFFFFF,Q
$TX,4505,134818,0CF00400,FFFFFF0000FFFFFF,Q
$TX,4506,134823,0CF00400,FFFFFF0000FFFFFF,Q
$TX,4507,134828,0CF00400,FFFFFF0000FFFFFF,Q
$TX,4508,134833,0CF00400,FFFFFF0000FFFFFF,Q
$TX,4509,134838,0CF00400,FFFFFF0000FFFFFF,Q
$TX,4510,134843,0CF00400,FFFFFF0000FFFFFF,Q
$TX,4511,134848,0CF00400,FFFFFF0000FFFFFF,Q
$TX,4512,134853,0CF00400,FFFFFF0000FFFFFF,Q
$TX,4513,134858,0CF00400,FFFFFF0000FFFFFF,Q
$TX,4514,134863,0CF00400,FFFFFF0000FFFFFF,Q
$TX,4515,134868,0CF00400,FFFFFF0000FFFFFF,Q
$TX,4516,134873,0CF00400,FFFFFF0000FFFFFF,Q
$TX,4517,134878,0CF00400,FFFFFF0000FFFFFF,Q
$TX,4518,134883,0CF00400,FFFFFF0000FFFFFF,Q
$TX,4519,134888,0CF00400,FFFFFF0000FFFFFF,Q
$TX,4520,134893,0CF00400,FFFFFF0000FFFFFF,Q
$TX,4521,134898,0CF00400,FFFFFF0000FFFFFF,Q
$TX,4522,134903,0CF00400,FFFFFF0000FFFFFF,Q
$TX,4523,134908,0CF00400,FFFFFF0000FFFFFF,Q
$TX,4524,134913,0CF00400,FFFFFF0000FFFFFF,Q
$TX,4525,134918,0CF00400,FFFFFF0000FFFFFF,Q
$TX,4526,134923,0CF00400,FFFFFF0000FFFFFF,Q
$TX,4527,134928,0CF00400,FFFFFF0000FFFFFF,Q
$TX,4528,134933,0CF00400,FFFFFF0000FFFFFF,Q
$TX,4529,134938,0CF00400,FFFFFF0000FFFFFF,Q
$TX,4530,134943,0CF00400,FFFFFF0000FFFFFF,Q
$TX,4531,134948,0CF00400,FFFFFF0000FFFFFF,Q
$TX,4532,134953,0CF00400,FFFFFF0000FFFFFF,Q
$TX,4533,134958,0CF00400,FFFFFF0000FFFFFF,Q
$TX,4534,134963,0CF00400,FFFFFF0000FFFFFF,Q
$TX,4535,134968,0CF00400,FFFFFF0000FFFFFF,Q
$TX,4536,134973,0CF00400,FFFFFF0000FFFFFF,Q
$TX,4537,134978,0CF00400,FFFFFF0000FFFFFF,Q
$TX,4538,134983,0CF00400,FFFFFF0000FFFFFF,Q
$TX,4539,134988,0CF00400,FFFFFF0000FFFFFF,Q
$TX,4540,134993,0CF00400,FFFFFF0000FFFFFF,Q
$TX,4541,134998,0CF00400,FFFFFF0000FFFFFF,Q
$TX,4542,135003,0CF00400,FFFFFF0000FFFFFF,Q
$TX,4543,135008,0CF00400,FFFFFF0000FFFFFF,Q
$TX,4544,135013,0CF00400,FFFFFF0000FFFFFF,Q
$TX,4545,135018,0CF00400,FFFFFF0000FFFFFF,Q
$TX,4546,135023,0CF00400,FFFFFF0000FFFFFF,Q
$TX,4547,135028,0CF00400,FFFFFF0000FFFFFF,Q
$TX,4548,135033,0CF00400,FFFFFF0000FFFFFF,Q
$TX,4549,135038,0CF00400,FFFFFF0000FFFFFF,Q
$TX,4550,135043,0CF00400,FFFFFF0000FFFFFF,Q
$TX,4551,135048,0CF00400,FFFFFF0000FFFFFF,Q
$TX,4552,135053,0CF00400,FFFFFF0000FFFFFF,Q
$TX,4553,135058,0CF00400,FFFFFF0000FFFFFF,Q
$TX,4554,135063,0CF00400,FFFFFF0000FFFFFF,Q
$TX,4555,135068,0CF00400,FFFFFF0000FFFFFF,Q
$TX,4556,135073,0CF00400,FFFFFF0000FFFFFF,Q
$TX,4557,135078,0CF00400,FFFFFF0000FFFFFF,Q
$TX,4558,135083,0CF00400,FFFFFF0000FFFFFF,Q
$TX,4559,135088,0CF00400,FFFFFF0000FFFFFF,Q
$TX,4560,135093,0CF00400,FFFFFF0000FFFFFF,Q
$TX,4561,135098,0CF00400,FFFFFF0000FFFFFF,Q
$TX,4562,135103,0CF00400,FFFFFF0000FFFFFF,Q
$TX,4563,135108,0CF00400,FFFFFF0000FFFFFF,Q
$TX,4564,135113,0CF00400,FFFFFF0000FFFFFF,Q
$TX,4565,135118,0CF00400,FFFFFF0000FFFFFF,Q
$TX,4566,135123,0CF00400,FFFFFF0000FFFFFF,Q
$TX,4567,135128,0CF00400,FFFFFF0000FFFFFF,Q
$TX,4568,135133,0CF00400,FFFFFF0000FFFFFF,Q
$TX,4569,135138,0CF00400,FFFFFF0000FFFFFF,Q
$TX,4570,135143,0CF00400,FFFFFF0000FFFFFF,Q
$TX,4571,135148,0CF00400,FFFFFF0000FFFFFF,Q
$TX,4572,135153,0CF00400,FFFFFF0000FFFFFF,Q
$TX,4573,135158,0CF00400,FFFFFF0000FFFFFF,Q
$TX,4574,135163,0CF00400,FFFFFF0000FFFFFF,Q
$TX,4575,135168,0CF00400,FFFFFF0000FFFFFF,Q
$TX,4576,135173,0CF00400,FFFFFF0000FFFFFF,Q
$TX,4577,135178,0CF00400,FFFFFF0000FFFFFF,Q
$TX,4578,135183,0CF00400,FFFFFF0000FFFFFF,Q
$TX,4579,135188,0CF00400,FFFFFF0000FFFFFF,Q
$TX,4580,135193,0CF00400,FFFFFF0000FFFFFF,Q
$TX,4581,135198,0CF00400,FFFFFF0000FFFFFF,Q
$TX,4582,135203,0CF00400,FFFFFF0000FFFFFF,Q
$TX,4583,135208,0CF00400,FFFFFF0000FFFFFF,Q
$TX,4584,135213,0CF00400,FFFFFF0000FFFFFF,Q
$TX,4585,135218,0CF00400,FFFFFF0000FFFFFF,Q
$TX,4586,135223,0CF00400,FFFFFF0000FFFFFF,Q
$TX,4587,135228,0CF00400,FFFFFF0000FFFFFF,Q
$TX,4588,135233,0CF00400,FFFFFF0000FFFFFF,Q
$TX,4589,135238,0CF00400,FFFFFF0000FFFFFF,Q
$TX,4590,135243,0CF00400,FFFFFF0000FFFFFF,Q
$TX,4591,135248,0CF00400,FFFFFF0000FFFFFF,Q
$TX,4592,135253,0CF00400,FFFFFF0000FFFFFF,Q
$TX,4593,135258,0CF00400,FFFFFF0000FFFFFF,Q
$TX,4594,135263,0CF00400,FFFFFF0000FFFFFF,Q
$TX,4595,135268,0CF00400,FFFFFF0000FFFFFF,Q
$TX,4596,135273,0CF00400,FFFFFF0000FFFFFF,Q
$TX,4597,135278,0CF00400,FFFFFF0000FFFFFF,Q
$TX,4598,135283,0CF00400,FFFFFF0000FFFFFF,Q
$TX,4599,135288,0CF00400,FFFFFF0000FFFFFF,Q
$TX,4600,135293,0CF00400,FFFFFF0000FFFFFF,Q
$TX,4601,135298,0CF00400,FFFFFF0000FFFFFF,Q
$TX,4602,135303,0CF00400,FFFFFF0000FFFFFF,Q
$TX,4603,135308,0CF00400,FFFFFF0000FFFFFF,Q
$TX,4604,135313,0CF00400,FFFFFF0000FFFFFF,Q
$TX,4605,135318,0CF00400,FFFFFF0000FFFFFF,Q
$TX,4606,135323,0CF00400,FFFFFF0000FFFFFF,Q
$TX,4607,135328,0CF00400,FFFFFF0000FFFFFF,Q
$TX,4608,135333,0CF00400,FFFFFF0000FFFFFF,Q
$TX,4609,135338,0CF00400,FFFFFF0000FFFFFF,Q
$TX,4610,135343,0CF00400,FFFFFF0000FFFFFF,Q
$TX,4611,135348,0CF00400,FFFFFF0000FFFFFF,Q
$TX,4612,135353,0CF00400,FFFFFF0000FFFFFF,Q
$TX,4613,135358,0CF00400,FFFFFF0000FFFFFF,Q
$TX,4614,135363,0CF00400,FFFFFF0000FFFFFF,Q
$TX,4615,135368,0CF00400,FFFFFF0000FFFFFF,Q
$TX,4616,135373,0CF00400,FFFFFF0000FFFFFF,Q
$TX,4617,135378,0CF00400,FFFFFF0000FFFFFF,Q
$TX,4618,135383,0CF00400,FFFFFF0000FFFFFF,Q
$TX,4619,135388,0CF00400,FFFFFF0000FFFFFF,Q
$TX,4620,135393,0CF00400,FFFFFF0000FFFFFF,Q
$TX,4621,135398,0CF00400,FFFFFF0000FFFFFF,Q
$TX,4622,135403,0CF00400,FFFFFF0000FFFFFF,Q
$TX,4623,135408,0CF00400,FFFFFF0000FFFFFF,Q
$TX,4624,135413,0CF00400,FFFFFF0000FFFFFF,Q
$TX,4625,135418,0CF00400,FFFFFF0000FFFFFF,Q
$TX,4626,135423,0CF00400,FFFFFF0000FFFFFF,Q
$TX,4627,135428,0CF00400,FFFFFF0000FFFFFF,Q
$TX,4628,135433,0CF00400,FFFFFF0000FFFFFF,Q
$TX,4629,135438,0CF00400,FFFFFF0000FFFFFF,Q
$TX,4630,135443,0CF00400,FFFFFF0000FFFFFF,Q
$TX,4631,135448,0CF00400,FFFFFF0000FFFFFF,Q
$TX,4632,135453,0CF00400,FFFFFF0000FFFFFF,Q
$TX,4633,135458,0CF00400,FFFFFF0000FFFFFF,Q
$TX,4634,135463,0CF00400,FFFFFF0000FFFFFF,Q
$TX,4635,135468,0CF00400,FFFFFF0000FFFFFF,Q
$TX,4636,135473,0CF00400,FFFFFF0000FFFFFF,Q
$TX,4637,135478,0CF00400,FFFFFF0000FFFFFF,Q
$TX,4638,135483,0CF00400,FFFFFF0000FFFFFF,Q
$TX,4639,135488,0CF00400,FFFFFF0000FFFFFF,Q
$TX,4640,135493,0CF00400,FFFFFF0000FFFFFF,Q
$TX,4641,135498,0CF00400,FFFFFF0000FFFFFF,Q
$TX,4642,135503,0CF00400,FFFFFF0000FFFFFF,Q
$TX,4643,135508,0CF00400,FFFFFF0000FFFFFF,Q
$TX,4644,135513,0CF00400,FFFFFF0000FFFFFF,Q
$TX,4645,135518,0CF00400,FFFFFF0000FFFFFF,Q
$TX,4646,135523,0CF00400,FFFFFF0000FFFFFF,Q
$TX,4647,135528,0CF00400,FFFFFF0000FFFFFF,Q
$TX,4648,135533,0CF00400,FFFFFF0000FFFFFF,Q
$TX,4649,135538,0CF00400,FFFFFF0000FFFFFF,Q
$TX,4650,135543,0CF00400,FFFFFF0000FFFFFF,Q
$TX,4651,135548,0CF00400,FFFFFF0000FFFFFF,Q
$TX,4652,135553,0CF00400,FFFFFF0000FFFFFF,Q
$TX,4653,135558,0CF00400,FFFFFF0000FFFFFF,Q
$TX,4654,135563,0CF00400,FFFFFF0000FFFFFF,Q
$TX,4655,135568,0CF00400,FFFFFF0000FFFFFF,Q
$TX,4656,135573,0CF00400,FFFFFF0000FFFFFF,Q
$TX,4657,135578,0CF00400,FFFFFF0000FFFFFF,Q
$TX,4658,135583,0CF00400,FFFFFF0000FFFFFF,Q
$TX,4659,135588,0CF00400,FFFFFF0000FFFFFF,Q
$TX,4660,135593,0CF00400,FFFFFF0000FFFFFF,Q
$TX,4661,135598,0CF00400,FFFFFF0000FFFFFF,Q
$TX,4662,135603,0CF00400,FFFFFF0000FFFFFF,Q
$TX,4663,135608,0CF00400,FFFFFF0000FFFFFF,Q
$TX,4664,135613,0CF00400,FFFFFF0000FFFFFF,Q
$TX,4665,135618,0CF00400,FFFFFF0000FFFFFF,Q
$TX,4666,135623,0CF00400,FFFFFF0000FFFFFF,Q
$TX,4667,135628,0CF00400,FFFFFF0000FFFFFF,Q
$TX,4668,135633,0CF00400,FFFFFF0000FFFFFF,Q
$TX,4669,135638,0CF00400,FFFFFF0000FFFFFF,Q
$TX,4670,135643,0CF00400,FFFFFF0000FFFFFF,Q
$TX,4671,135648,0CF00400,FFFFFF0000FFFFFF,Q
$TX,4672,135653,0CF00400,FFFFFF0000FFFFFF,Q
$TX,4673,135658,0CF00400,FFFFFF0000FFFFFF,Q
$TX,4674,135663,0CF00400,FFFFFF0000FFFFFF,Q
$TX,4675,135668,0CF00400,FFFFFF0000FFFFFF,Q
$TX,4676,135673,0CF00400,FFFFFF0000FFFFFF,Q
$TX,4677,135678,0CF00400,FFFFFF0000FFFFFF,Q
$TX,4678,135683,0CF00400,FFFFFF0000FFFFFF,Q
$TX,4679,135688,0CF00400,FFFFFF0000FFFFFF,Q
$TX,4680,135693,0CF00400,FFFFFF0000FFFFFF,Q
$TX,4681,135698,0CF00400,FFFFFF0000FFFFFF,Q
$TX,4682,135703,0CF00400,FFFFFF0000FFFFFF,Q
$TX,4683,135708,0CF00400,FFFFFF0000FFFFFF,Q
$TX,4684,135713,0CF00400,FFFFFF0000FFFFFF,Q
$TX,4685,135718,0CF00400,FFFFFF0000FFFFFF,Q
$TX,4686,135723,0CF00400,FFFFFF0000FFFFFF,Q
$TX,4687,135728,0CF00400,FFFFFF0000FFFFFF,Q
$TX,4688,135733,0CF00400,FFFFFF0000FFFFFF,Q
$TX,4689,135738,0CF00400,FFFFFF0000FFFFFF,Q
$TX,4690,135743,0CF00400,FFFFFF0000FFFFFF,Q
$TX,4691,135748,0CF00400,FFFFFF0000FFFFFF,Q
$TX,4692,135753,0CF00400,FFFFFF0000FFFFFF,Q
$TX,4693,135758,0CF00400,FFFFFF0000FFFFFF,Q
$TX,4694,135763,0CF00400,FFFFFF0000FFFFFF,Q
$TX,4695,135768,0CF00400,FFFFFF0000FFFFFF,Q
$TX,4696,135773,0CF00400,FFFFFF0000FFFFFF,Q
$TX,4697,135778,0CF00400,FFFFFF0000FFFFFF,Q
$TX,4698,135783,0CF00400,FFFFFF0000FFFFFF,Q
$TX,4699,135788,0CF00400,FFFFFF0000FFFFFF,Q
$TX,4700,135793,0CF00400,FFFFFF0000FFFFFF,Q
$TX,4701,135798,0CF00400,FFFFFF0000FFFFFF,Q
$TX,4702,135803,0CF00400,FFFFFF0000FFFFFF,Q
$TX,4703,135808,0CF00400,FFFFFF0000FFFFFF,Q
$TX,4704,135813,0CF00400,FFFFFF0000FFFFFF,Q
$TX,4705,135818,0CF00400,FFFFFF0000FFFFFF,Q
$TX,4706,135823,0CF00400,FFFFFF0000FFFFFF,Q
$TX,4707,135828,0CF00400,FFFFFF0000FFFFFF,Q
$TX,4708,135833,0CF00400,FFFFFF0000FFFFFF,Q
$TX,4709,135838,0CF00400,FFFFFF0000FFFFFF,Q
$TX,4710,135843,0CF00400,FFFFFF0000FFFFFF,Q
$TX,4711,135848,0CF00400,FFFFFF0000FFFFFF,Q
$TX,4712,135853,0CF00400,FFFFFF0000FFFFFF,Q
$TX,4713,135858,0CF00400,FFFFFF0000FFFFFF,Q
$TX,4714,135863,0CF00400,FFFFFF0000FFFFFF,Q
$TX,4715,135868,0CF00400,FFFFFF0000FFFFFF,Q
$TX,4716,135873,0CF00400,FFFFFF0000FFFFFF,Q
$TX,4717,135878,0CF00400,FFFFFF0000FFFFFF,Q
$TX,4718,135883,0CF00400,FFFFFF0000FFFFFF,Q
$TX,4719,135888,0CF00400,FFFFFF0000FFFFFF,Q
$TX,4720,135893,0CF00400,FFFFFF0000FFFFFF,Q
$TX,4721,135898,0CF00400,FFFFFF0000FFFFFF,Q
$TX,4722,135903,0CF00400,FFFFFF0000FFFFFF,Q
$TX,4723,135908,0CF00400,FFFFFF0000FFFFFF,Q
$TX,4724,135913,0CF00400,FFFFFF0000FFFFFF,Q
$TX,4725,135918,0CF00400,FFFFFF0000FFFFFF,Q
$TX,4726,135923,0CF00400,FFFFFF0000FFFFFF,Q
$TX,4727,135928,0CF00400,FFFFFF0000FFFFFF,Q
$TX,4728,135933,0CF00400,FFFFFF0000FFFFFF,Q
$TX,4729,135938,0CF00400,FFFFFF0000FFFFFF,Q
$TX,4730,135943,0CF00400,FFFFFF0000FFFFFF,Q
$TX,4731,135948,0CF00400,FFFFFF0000FFFFFF,Q
$TX,4732,135953,0CF00400,FFFFFF0000FFFFFF,Q
$TX,4733,135958,0CF00400,FFFFFF0000FFFFFF,Q
$TX,4734,135963,0CF00400,FFFFFF0000FFFFFF,Q
$TX,4735,135968,0CF00400,FFFFFF0000FFFFFF,Q
$TX,4736,135973,0CF00400,FFFFFF0000FFFFFF,Q
$TX,4737,135978,0CF00400,FFFFFF0000FFFFFF,Q
$TX,4738,135983,0CF00400,FFFFFF0000FFFFFF,Q
$TX,4739,135988,0CF00400,FFFFFF0000FFFFFF,Q
$TX,4740,135993,0CF00400,FFFFFF0000FFFFFF,Q
$TX,4741,135998,0CF00400,FFFFFF0000FFFFFF,Q
$TX,4742,136003,0CF00400,FFFFFF0000FFFFFF,Q
$TX,4743,136008,0CF00400,FFFFFF0000FFFFFF,Q
$TX,4744,136013,0CF00400,FFFFFF0000FFFFFF,Q
$TX,4745,136018,0CF00400,FFFFFF0000FFFFFF,Q
$TX,4746,136023,0CF00400,FFFFFF0000FFFFFF,Q
$TX,4747,136028,0CF00400,FFFFFF0000FFFFFF,Q
$TX,4748,136033,0CF00400,FFFFFF0000FFFFFF,Q
$TX,4749,136038,0CF00400,FFFFFF0000FFFFFF,Q
$TX,4750,136043,0CF00400,FFFFFF0000FFFFFF,Q
$TX,4751,136048,0CF00400,FFFFFF0000FFFFFF,Q
$TX,4752,136053,0CF00400,FFFFFF0000FFFFFF,Q
$TX,4753,136058,0CF00400,FFFFFF0000FFFFFF,Q
$TX,4754,136063,0CF00400,FFFFFF0000FFFFFF,Q
$TX,4755,136068,0CF00400,FFFFFF0000FFFFFF,Q
$TX,4756,136073,0CF00400,FFFFFF0000FFFFFF,Q
$TX,4757,136078,0CF00400,FFFFFF0000FFFFFF,Q
$TX,4758,136083,0CF00400,FFFFFF0000FFFFFF,Q
$TX,4759,136088,0CF00400,FFFFFF0000FFFFFF,Q
$TX,4760,136093,0CF00400,FFFFFF0000FFFFFF,Q
$TX,4761,136098,0CF00400,FFFFFF0000FFFFFF,Q
$TX,4762,136103,0CF00400,FFFFFF0000FFFFFF,Q
$TX,4763,136108,0CF00400,FFFFFF0000FFFFFF,Q
$TX,4764,136113,0CF00400,FFFFFF0000FFFFFF,Q
$TX,4765,136118,0CF00400,FFFFFF0000FFFFFF,Q
$TX,4766,136123,0CF00400,FFFFFF0000FFFFFF,Q
$TX,4767,136128,0CF00400,FFFFFF0000FFFFFF,Q
$TX,4768,136133,0CF00400,FFFFFF0000FFFFFF,Q
$TX,4769,136138,0CF00400,FFFFFF0000FFFFFF,Q
$TX,4770,136143,0CF00400,FFFFFF0000FFFFFF,Q
$TX,4771,136148,0CF00400,FFFFFF0000FFFFFF,Q
$TX,4772,136153,0CF00400,FFFFFF0000FFFFFF,Q
$TX,4773,136158,0CF00400,FFFFFF0000FFFFFF,Q
$TX,4774,136163,0CF00400,FFFFFF0000FFFFFF,Q
$TX,4775,136168,0CF00400,FFFFFF0000FFFFFF,Q
$TX,4776,136173,0CF00400,FFFFFF0000FFFFFF,Q
$TX,4777,136178,0CF00400,FFFFFF0000FFFFFF,Q
$TX,4778,136183,0CF00400,FFFFFF0000FFFFFF,Q
$TX,4779,136188,0CF00400,FFFFFF0000FFFFFF,Q
$TX,4780,136193,0CF00400,FFFFFF0000FFFFFF,Q
$TX,4781,136198,0CF00400,FFFFFF0000FFFFFF,Q
$TX,4782,136203,0CF00400,FFFFFF0000FFFFFF,Q
$TX,4783,136208,0CF00400,FFFFFF0000FFFFFF,Q
$TX,4784,136213,0CF00400,FFFFFF0000FFFFFF,Q
$TX,4785,136218,0CF00400,FFFFFF0000FFFFFF,Q
$TX,4786,136223,0CF00400,FFFFFF0000FFFFFF,Q
$TX,4787,136228,0CF00400,FFFFFF0000FFFFFF,Q
$TX,4788,136233,0CF00400,FFFFFF0000FFFFFF,Q
$TX,4789,136238,0CF00400,FFFFFF0000FFFFFF,Q
$TX,4790,136243,0CF00400,FFFFFF0000FFFFFF,Q
$TX,4791,136248,0CF00400,FFFFFF0000FFFFFF,Q
$TX,4792,136253,0CF00400,FFFFFF0000FFFFFF,Q
$TX,4793,136258,0CF00400,FFFFFF0000FFFFFF,Q
$TX,4794,136263,0CF00400,FFFFFF0000FFFFFF,Q
$TX,4795,136268,0CF00400,FFFFFF0000FFFFFF,Q
$TX,4796,136273,0CF00400,FFFFFF0000FFFFFF,Q
$TX,4797,136278,0CF00400,FFFFFF0000FFFFFF,Q
$TX,4798,136283,0CF00400,FFFFFF0000FFFFFF,Q
$TX,4799,136288,0CF00400,FFFFFF0000FFFFFF,Q
$TX,4800,136293,0CF00400,FFFFFF0000FFFFFF,Q
$TX,4801,136298,0CF00400,FFFFFF0000FFFFFF,Q
$TX,4802,136303,0CF00400,FFFFFF0000FFFFFF,Q
$TX,4803,136308,0CF00400,FFFFFF0000FFFFFF,Q
$TX,4804,136313,0CF00400,FFFFFF0000FFFFFF,Q
$TX,4805,136318,0CF00400,FFFFFF0000FFFFFF,Q
$TX,4806,136323,0CF00400,FFFFFF0000FFFFFF,Q
$TX,4807,136328,0CF00400,FFFFFF0000FFFFFF,Q
$TX,4808,136333,0CF00400,FFFFFF0000FFFFFF,Q
$TX,4809,136338,0CF00400,FFFFFF0000FFFFFF,Q
$TX,4810,136343,0CF00400,FFFFFF0000FFFFFF,Q
$TX,4811,136348,0CF00400,FFFFFF0000FFFFFF,Q
$TX,4812,136353,0CF00400,FFFFFF0000FFFFFF,Q
$TX,4813,136358,0CF00400,FFFFFF0000FFFFFF,Q
$TX,4814,136363,0CF00400,FFFFFF0000FFFFFF,Q
$TX,4815,136368,0CF00400,FFFFFF0000FFFFFF,Q
$TX,4816,136373,0CF00400,FFFFFF0000FFFFFF,Q
$TX,4817,136378,0CF00400,FFFFFF0000FFFFFF,Q
$TX,4818,136383,0CF00400,FFFFFF0000FFFFFF,Q
$TX,4819,136388,0CF00400,FFFFFF0000FFFFFF,Q
$TX,4820,136393,0CF00400,FFFFFF0000FFFFFF,Q
$TX,4821,136398,0CF00400,FFFFFF0000FFFFFF,Q
$TX,4822,136403,0CF00400,FFFFFF0000FFFFFF,Q
$TX,4823,136408,0CF00400,FFFFFF0000FFFFFF,Q
$TX,4824,136413,0CF00400,FFFFFF0000FFFFFF,Q
$TX,4825,136418,0CF00400,FFFFFF0000FFFFFF,Q
$TX,4826,136423,0CF00400,FFFFFF0000FFFFFF,Q
$TX,4827,136428,0CF00400,FFFFFF0000FFFFFF,Q
$TX,4828,136433,0CF00400,FFFFFF0000FFFFFF,Q
$TX,4829,136438,0CF00400,FFFFFF0000FFFFFF,Q
$TX,4830,136443,0CF00400,FFFFFF0000FFFFFF,Q
$TX,4831,136448,0CF00400,FFFFFF0000FFFFFF,Q
$TX,4832,136453,0CF00400,FFFFFF0000FFFFFF,Q
$TX,4833,136458,0CF00400,FFFFFF0000FFFFFF,Q
$TX,4834,136463,0CF00400,FFFFFF0000FFFFFF,Q
$TX,4835,136468,0CF00400,FFFFFF0000FFFFFF,Q
$TX,4836,136473,0CF00400,FFFFFF0000FFFFFF,Q
$TX,4837,136478,0CF00400,FFFFFF0000FFFFFF,Q
$TX,4838,136483,0CF00400,FFFFFF0000FFFFFF,Q
$TX,4839,136488,0CF00400,FFFFFF0000FFFFFF,Q
$TX,4840,136493,0CF00400,FFFFFF0000FFFFFF,Q
$TX,4841,136498,0CF00400,FFFFFF0000FFFFFF,Q
$TX,4842,136503,0CF00400,FFFFFF0000FFFFFF,Q
$TX,4843,136508,0CF00400,FFFFFF0000FFFFFF,Q
$TX,4844,136513,0CF00400,FFFFFF0000FFFFFF,Q
$TX,4845,136518,0CF00400,FFFFFF0000FFFFFF,Q
$TX,4846,136523,0CF00400,FFFFFF0000FFFFFF,Q
$TX,4847,136528,0CF00400,FFFFFF0000FFFFFF,Q
$TX,4848,136533,0CF00400,FFFFFF0000FFFFFF,Q
$TX,4849,136538,0CF00400,FFFFFF0000FFFFFF,Q
$TX,4850,136543,0CF00400,FFFFFF0000FFFFFF,Q
$TX,4851,136548,0CF00400,FFFFFF0000FFFFFF,Q
$TX,4852,136553,0CF00400,FFFFFF0000FFFFFF,Q
$TX,4853,136558,0CF00400,FFFFFF0000FFFFFF,Q
$TX,4854,136563,0CF00400,FFFFFF0000FFFFFF,Q
$TX,4855,136568,0CF00400,FFFFFF0000FFFFFF,Q
$TX,4856,136573,0CF00400,FFFFFF0000FFFFFF,Q
$TX,4857,136578,0CF00400,FFFFFF0000FFFFFF,Q
$TX,4858,136583,0CF00400,FFFFFF0000FFFFFF,Q
$TX,4859,136588,0CF00400,FFFFFF0000FFFFFF,Q
$TX,4860,136593,0CF00400,FFFFFF0000FFFFFF,Q
$TX,4861,136598,0CF00400,FFFFFF0000FFFFFF,Q
$TX,4862,136603,0CF00400,FFFFFF0000FFFFFF,Q
$TX,4863,136608,0CF00400,FFFFFF0000FFFFFF,Q
$TX,4864,136613,0CF00400,FFFFFF0000FFFFFF,Q
$TX,4865,136618,0CF00400,FFFFFF0000FFFFFF,Q
$TX,4866,136623,0CF00400,FFFFFF0000FFFFFF,Q
$TX,4867,136628,0CF00400,FFFFFF0000FFFFFF,Q
$TX,4868,136633,0CF00400,FFFFFF0000FFFFFF,Q
$TX,4869,136638,0CF00400,FFFFFF0000FFFFFF,Q
$TX,4870,136643,0CF00400,FFFFFF0000FFFFFF,Q
$TX,4871,136648,0CF00400,FFFFFF0000FFFFFF,Q
$TX,4872,136653,0CF00400,FFFFFF0000FFFFFF,Q
$TX,4873,136658,0CF00400,FFFFFF0000FFFFFF,Q
$TX,4874,136663,0CF00400,FFFFFF0000FFFFFF,Q
$TX,4875,136668,0CF00400,FFFFFF0000FFFFFF,Q
$TX,4876,136673,0CF00400,FFFFFF0000FFFFFF,Q
$TX,4877,136678,0CF00400,FFFFFF0000FFFFFF,Q
$TX,4878,136683,0CF00400,FFFFFF0000FFFFFF,Q
$TX,4879,136688,0CF00400,FFFFFF0000FFFFFF,Q
$TX,4880,136693,0CF00400,FFFFFF0000FFFFFF,Q
$TX,4881,136698,0CF00400,FFFFFF0000FFFFFF,Q
$TX,4882,136703,0CF00400,FFFFFF0000FFFFFF,Q
$TX,4883,136708,0CF00400,FFFFFF0000FFFFFF,Q
$TX,4884,136713,0CF00400,FFFFFF0000FFFFFF,Q
$TX,4885,136718,0CF00400,FFFFFF0000FFFFFF,Q
$TX,4886,136723,0CF00400,FFFFFF0000FFFFFF,Q
$TX,4887,136728,0CF00400,FFFFFF0000FFFFFF,Q
$TX,4888,136733,0CF00400,FFFFFF0000FFFFFF,Q
$TX,4889,136738,0CF00400,FFFFFF0000FFFFFF,Q
$TX,4890,136743,0CF00400,FFFFFF0000FFFFFF,Q
$TX,4891,136748,0CF00400,FFFFFF0000FFFFFF,Q
$TX,4892,136753,0CF00400,FFFFFF0000FFFFFF,Q
$TX,4893,136758,0CF00400,FFFFFF0000FFFFFF,Q
$TX,4894,136763,0CF00400,FFFFFF0000FFFFFF,Q
$TX,4895,136768,0CF00400,FFFFFF0000FFFFFF,Q
$TX,4896,136773,0CF00400,FFFFFF0000FFFFFF,Q
$TX,4897,136778,0CF00400,FFFFFF0000FFFFFF,Q
$TX,4898,136783,0CF00400,FFFFFF0000FFFFFF,Q
$TX,4899,136788,0CF00400,FFFFFF0000FFFFFF,Q
$TX,4900,136793,0CF00400,FFFFFF0000FFFFFF,Q
$TX,4901,136798,0CF00400,FFFFFF0000FFFFFF,Q
$TX,4902,136803,0CF00400,FFFFFF0000FFFFFF,Q
$TX,4903,136808,0CF00400,FFFFFF0000FFFFFF,Q
$TX,4904,136813,0CF00400,FFFFFF0000FFFFFF,Q
$TX,4905,136818,0CF00400,FFFFFF0000FFFFFF,Q
$TX,4906,136823,0CF00400,FFFFFF0000FFFFFF,Q
$TX,4907,136828,0CF00400,FFFFFF0000FFFFFF,Q
$TX,4908,136833,0CF00400,FFFFFF0000FFFFFF,Q
$TX,4909,136838,0CF00400,FFFFFF0000FFFFFF,Q
$TX,4910,136843,0CF00400,FFFFFF0000FFFFFF,Q
$TX,4911,136848,0CF00400,FFFFFF0000FFFFFF,Q
$TX,4912,136853,0CF00400,FFFFFF0000FFFFFF,Q
$TX,4913,136858,0CF00400,FFFFFF0000FFFFFF,Q
$TX,4914,136863,0CF00400,FFFFFF0000FFFFFF,Q
$TX,4915,136868,0CF00400,FFFFFF0000FFFFFF,Q
$TX,4916,136873,0CF00400,FFFFFF0000FFFFFF,Q
$TX,4917,136878,0CF00400,FFFFFF0000FFFFFF,Q
$TX,4918,136883,0CF00400,FFFFFF0000FFFFFF,Q
$TX,4919,136888,0CF00400,FFFFFF0000FFFFFF,Q
$TX,4920,136893,0CF00400,FFFFFF0000FFFFFF,Q
$TX,4921,136898,0CF00400,FFFFFF0000FFFFFF,Q
$TX,4922,136903,0CF00400,FFFFFF0000FFFFFF,Q
$TX,4923,136908,0CF00400,FFFFFF0000FFFFFF,Q
$TX,4924,136913,0CF00400,FFFFFF0000FFFFFF,Q
$TX,4925,136918,0CF00400,FFFFFF0000FFFFFF,Q
$TX,4926,136923,0CF00400,FFFFFF0000FFFFFF,Q
$TX,4927,136928,0CF00400,FFFFFF0000FFFFFF,Q
$TX,4928,136933,0CF00400,FFFFFF0000FFFFFF,Q
$TX,4929,136938,0CF00400,FFFFFF0000FFFFFF,Q
$TX,4930,136943,0CF00400,FFFFFF0000FFFFFF,Q
$TX,4931,136948,0CF00400,FFFFFF0000FFFFFF,Q
$TX,4932,136953,0CF00400,FFFFFF0000FFFFFF,Q
$TX,4933,136958,0CF00400,FFFFFF0000FFFFFF,Q
$TX,4934,136963,0CF00400,FFFFFF0000FFFFFF,Q
$TX,4935,136968,0CF00400,FFFFFF0000FFFFFF,Q
$TX,4936,136973,0CF00400,FFFFFF0000FFFFFF,Q
$TX,4937,136978,0CF00400,FFFFFF0000FFFFFF,Q
$TX,4938,136983,0CF00400,FFFFFF0000FFFFFF,Q
$TX,4939,136988,0CF00400,FFFFFF0000FFFFFF,Q
$TX,4940,136993,0CF00400,FFFFFF0000FFFFFF,Q
$TX,4941,136998,0CF00400,FFFFFF0000FFFFFF,Q
$TX,4942,137003,0CF00400,FFFFFF0000FFFFFF,Q
$TX,4943,137008,0CF00400,FFFFFF0000FFFFFF,Q
$TX,4944,137013,0CF00400,FFFFFF0000FFFFFF,Q
$TX,4945,137018,0CF00400,FFFFFF0000FFFFFF,Q
$TX,4946,137023,0CF00400,FFFFFF0000FFFFFF,Q
$TX,4947,137028,0CF00400,FFFFFF0000FFFFFF,Q
$TX,4948,137033,0CF00400,FFFFFF0000FFFFFF,Q
$TX,4949,137038,0CF00400,FFFFFF0000FFFFFF,Q
$TX,4950,137043,0CF00400,FFFFFF0000FFFFFF,Q
$TX,4951,137048,0CF00400,FFFFFF0000FFFFFF,Q
$TX,4952,137053,0CF00400,FFFFFF0000FFFFFF,Q
$TX,4953,137058,0CF00400,FFFFFF0000FFFFFF,Q
$TX,4954,137063,0CF00400,FFFFFF0000FFFFFF,Q
$TX,4955,137068,0CF00400,FFFFFF0000FFFFFF,Q
$TX,4956,137073,0CF00400,FFFFFF0000FFFFFF,Q
$TX,4957,137078,0CF00400,FFFFFF0000FFFFFF,Q
$TX,4958,137083,0CF00400,FFFFFF0000FFFFFF,Q
$TX,4959,137088,0CF00400,FFFFFF0000FFFFFF,Q
$TX,4960,137093,0CF00400,FFFFFF0000FFFFFF,Q
$TX,4961,137098,0CF00400,FFFFFF0000FFFFFF,Q
$TX,4962,137103,0CF00400,FFFFFF0000FFFFFF,Q
$TX,4963,137108,0CF00400,FFFFFF0000FFFFFF,Q
$TX,4964,137113,0CF00400,FFFFFF0000FFFFFF,Q
$TX,4965,137118,0CF00400,FFFFFF0000FFFFFF,Q
$TX,4966,137123,0CF00400,FFFFFF0000FFFFFF,Q
$TX,4967,137128,0CF00400,FFFFFF0000FFFFFF,Q
$TX,4968,137133,0CF00400,FFFFFF0000FFFFFF,Q
$TX,4969,137138,0CF00400,FFFFFF0000FFFFFF,Q
$TX,4970,137143,0CF00400,FFFFFF0000FFFFFF,Q
$TX,4971,137148,0CF00400,FFFFFF0000FFFFFF,Q
$TX,4972,137153,0CF00400,FFFFFF0000FFFFFF,Q
$TX,4973,137158,0CF00400,FFFFFF0000FFFFFF,Q
$TX,4974,137163,0CF00400,FFFFFF0000FFFFFF,Q
$TX,4975,137168,0CF00400,FFFFFF0000FFFFFF,Q
$TX,4976,137173,0CF00400,FFFFFF0000FFFFFF,Q
$TX,4977,137178,0CF00400,FFFFFF0000FFFFFF,Q
$TX,4978,137183,0CF00400,FFFFFF0000FFFFFF,Q
$TX,4979,137188,0CF00400,FFFFFF0000FFFFFF,Q
$TX,4980,137193,0CF00400,FFFFFF0000FFFFFF,Q
$TX,4981,137198,0CF00400,FFFFFF0000FFFFFF,Q
$TX,4982,137203,0CF00400,FFFFFF0000FFFFFF,Q
$TX,4983,137208,0CF00400,FFFFFF0000FFFFFF,Q
$TX,4984,137213,0CF00400,FFFFFF0000FFFFFF,Q
$TX,4985,137218,0CF00400,FFFFFF0000FFFFFF,Q
$TX,4986,137223,0CF00400,FFFFFF0000FFFFFF,Q
$TX,4987,137228,0CF00400,FFFFFF0000FFFFFF,Q
$TX,4988,137233,0CF00400,FFFFFF0000FFFFFF,Q
$TX,4989,137238,0CF00400,FFFFFF0000FFFFFF,Q
$TX,4990,137243,0CF00400,FFFFFF0000FFFFFF,Q
$TX,4991,137248,0CF00400,FFFFFF0000FFFFFF,Q
$TX,4992,137253,0CF00400,FFFFFF0000FFFFFF,Q
$TX,4993,137258,0CF00400,FFFFFF0000FFFFFF,Q
$TX,4994,137263,0CF00400,FFFFFF0000FFFFFF,Q
$TX,4995,137268,0CF00400,FFFFFF0000FFFFFF,Q
$TX,4996,137273,0CF00400,FFFFFF0000FFFFFF,Q
$TX,4997,137278,0CF00400,FFFFFF0000FFFFFF,Q
$TX,4998,137283,0CF00400,FFFFFF0000FFFFFF,Q
$TX,4999,137288,0CF00400,FFFFFF0000FFFFFF,Q
$TX,5000,137293,0CF00400,FFFFFF0000FFFFFF,Q
$TX,5001,137298,0CF00400,FFFFFF0000FFFFFF,Q
$TX,5002,137303,0CF00400,FFFFFF0000FFFFFF,Q
$TX,5003,137308,0CF00400,FFFFFF0000FFFFFF,Q
$TX,5004,137313,0CF00400,FFFFFF0000FFFFFF,Q
$TX,5005,137318,0CF00400,FFFFFF0000FFFFFF,Q
$TX,5006,137323,0CF00400,FFFFFF0000FFFFFF,Q
$TX,5007,137328,0CF00400,FFFFFF0000FFFFFF,Q
$TX,5008,137333,0CF00400,FFFFFF0000FFFFFF,Q
$TX,5009,137338,0CF00400,FFFFFF0000FFFFFF,Q
$TX,5010,137343,0CF00400,FFFFFF0000FFFFFF,Q
$TX,5011,137348,0CF00400,FFFFFF0000FFFFFF,Q
$TX,5012,137353,0CF00400,FFFFFF0000FFFFFF,Q
$TX,5013,137358,0CF00400,FFFFFF0000FFFFFF,Q
$TX,5014,137363,0CF00400,FFFFFF0000FFFFFF,Q
$TX,5015,137368,0CF00400,FFFFFF0000FFFFFF,Q
$TX,5016,137373,0CF00400,FFFFFF0000FFFFFF,Q
$TX,5017,137378,0CF00400,FFFFFF0000FFFFFF,Q
$TX,5018,137383,0CF00400,FFFFFF0000FFFFFF,Q
$TX,5019,137388,0CF00400,FFFFFF0000FFFFFF,Q
$TX,5020,137393,0CF00400,FFFFFF0000FFFFFF,Q
$TX,5021,137398,0CF00400,FFFFFF0000FFFFFF,Q
$TX,5022,137403,0CF00400,FFFFFF0000FFFFFF,Q
$TX,5023,137408,0CF00400,FFFFFF0000FFFFFF,Q
$TX,5024,137413,0CF00400,FFFFFF0000FFFFFF,Q
$TX,5025,137418,0CF00400,FFFFFF0000FFFFFF,Q
$TX,5026,137423,0CF00400,FFFFFF0000FFFFFF,Q
$TX,5027,137428,0CF00400,FFFFFF0000FFFFFF,Q
$TX,5028,137433,0CF00400,FFFFFF0000FFFFFF,Q
$TX,5029,137438,0CF00400,FFFFFF0000FFFFFF,Q
$TX,5030,137443,0CF00400,FFFFFF0000FFFFFF,Q
$TX,5031,137448,0CF00400,FFFFFF0000FFFFFF,Q
$TX,5032,137453,0CF00400,FFFFFF0000FFFFFF,Q
$TX,5033,137458,0CF00400,FFFFFF0000FFFFFF,Q
$TX,5034,137463,0CF00400,FFFFFF0000FFFFFF,Q
$TX,5035,137468,0CF00400,FFFFFF0000FFFFFF,Q
$TX,5036,137473,0CF00400,FFFFFF0000FFFFFF,Q
$TX,5037,137478,0CF00400,FFFFFF0000FFFFFF,Q
$TX,5038,137483,0CF00400,FFFFFF0000FFFFFF,Q
$TX,5039,137488,0CF00400,FFFFFF0000FFFFFF,Q
$TX,5040,137493,0CF00400,FFFFFF0000FFFFFF,Q
$TX,5041,137498,0CF00400,FFFFFF0000FFFFFF,Q
$TX,5042,137503,0CF00400,FFFFFF0000FFFFFF,Q
$TX,5043,137508,0CF00400,FFFFFF0000FFFFFF,Q
$TX,5044,137513,0CF00400,FFFFFF0000FFFFFF,Q
$TX,5045,137518,0CF00400,FFFFFF0000FFFFFF,Q
$TX,5046,137523,0CF00400,FFFFFF0000FFFFFF,Q
$TX,5047,137528,0CF00400,FFFFFF0000FFFFFF,Q
$TX,5048,137533,0CF00400,FFFFFF0000FFFFFF,Q
$TX,5049,137538,0CF00400,FFFFFF0000FFFFFF,Q
$TX,5050,137543,0CF00400,FFFFFF0000FFFFFF,Q
$TX,5051,137548,0CF00400,FFFFFF0000FFFFFF,Q
$TX,5052,137553,0CF00400,FFFFFF0000FFFFFF,Q
$TX,5053,137558,0CF00400,FFFFFF0000FFFFFF,Q
$TX,5054,137563,0CF00400,FFFFFF0000FFFFFF,Q
$TX,5055,137568,0CF00400,FFFFFF0000FFFFFF,Q
$TX,5056,137573,0CF00400,FFFFFF0000FFFFFF,Q
$TX,5057,137578,0CF00400,FFFFFF0000FFFFFF,Q
$TX,5058,137583,0CF00400,FFFFFF0000FFFFFF,Q
$TX,5059,137588,0CF00400,FFFFFF0000FFFFFF,Q
$TX,5060,137593,0CF00400,FFFFFF0000FFFFFF,Q
$TX,5061,137598,0CF00400,FFFFFF0000FFFFFF,Q
$TX,5062,137603,0CF00400,FFFFFF0000FFFFFF,Q
$TX,5063,137608,0CF00400,FFFFFF0000FFFFFF,Q
$TX,5064,137613,0CF00400,FFFFFF0000FFFFFF,Q
$TX,5065,137618,0CF00400,FFFFFF0000FFFFFF,Q
$TX,5066,137623,0CF00400,FFFFFF0000FFFFFF,Q
$TX,5067,137628,0CF00400,FFFFFF0000FFFFFF,Q
$TX,5068,137633,0CF00400,FFFFFF0000FFFFFF,Q
$TX,5069,137638,0CF00400,FFFFFF0000FFFFFF,Q
$TX,5070,137643,0CF00400,FFFFFF0000FFFFFF,Q
$TX,5071,137648,0CF00400,FFFFFF0000FFFFFF,Q
$TX,5072,137653,0CF00400,FFFFFF0000FFFFFF,Q
$TX,5073,137658,0CF00400,FFFFFF0000FFFFFF,Q
$TX,5074,137663,0CF00400,FFFFFF0000FFFFFF,Q
$TX,5075,137668,0CF00400,FFFFFF0000FFFFFF,Q
$TX,5076,137673,0CF00400,FFFFFF0000FFFFFF,Q
$TX,5077,137678,0CF00400,FFFFFF0000FFFFFF,Q
$TX,5078,137683,0CF00400,FFFFFF0000FFFFFF,Q
$TX,5079,137688,0CF00400,FFFFFF0000FFFFFF,Q
$TX,5080,137693,0CF00400,FFFFFF0000FFFFFF,Q
$TX,5081,137698,0CF00400,FFFFFF0000FFFFFF,Q
$TX,5082,137703,0CF00400,FFFFFF0000FFFFFF,Q
$TX,5083,137708,0CF00400,FFFFFF0000FFFFFF,Q
$TX,5084,137713,0CF00400,FFFFFF0000FFFFFF,Q
$TX,5085,137718,0CF00400,FFFFFF0000FFFFFF,Q
$TX,5086,137723,0CF00400,FFFFFF0000FFFFFF,Q
$TX,5087,137728,0CF00400,FFFFFF0000FFFFFF,Q
$TX,5088,137733,0CF00400,FFFFFF0000FFFFFF,Q
$TX,5089,137738,0CF00400,FFFFFF0000FFFFFF,Q
$TX,5090,137743,0CF00400,FFFFFF0000FFFFFF,Q
$TX,5091,137748,0CF00400,FFFFFF0000FFFFFF,Q
$TX,5092,137753,0CF00400,FFFFFF0000FFFFFF,Q
$TX,5093,137758,0CF00400,FFFFFF0000FFFFFF,Q
$TX,5094,137763,0CF00400,FFFFFF0000FFFFFF,Q
$TX,5095,137768,0CF00400,FFFFFF0000FFFFFF,Q
$TX,5096,137773,0CF00400,FFFFFF0000FFFFFF,Q
$TX,5097,137778,0CF00400,FFFFFF0000FFFFFF,Q
$TX,5098,137783,0CF00400,FFFFFF0000FFFFFF,Q
$TX,5099,137788,0CF00400,FFFFFF0000FFFFFF,Q
$TX,5100,137793,0CF00400,FFFFFF0000FFFFFF,Q
$TX,5101,137798,0CF00400,FFFFFF0000FFFFFF,Q
$TX,5102,137803,0CF00400,FFFFFF0000FFFFFF,Q
$TX,5103,137808,0CF00400,FFFFFF0000FFFFFF,Q
$TX,5104,137813,0CF00400,FFFFFF0000FFFFFF,Q
$TX,5105,137818,0CF00400,FFFFFF0000FFFFFF,Q
$TX,5106,137823,0CF00400,FFFFFF0000FFFFFF,Q
$TX,5107,137828,0CF00400,FFFFFF0000FFFFFF,Q
$TX,5108,137833,0CF00400,FFFFFF0000FFFFFF,Q
$TX,5109,137838,0CF00400,FFFFFF0000FFFFFF,Q
$TX,5110,137843,0CF00400,FFFFFF0000FFFFFF,Q
$TX,5111,137848,0CF00400,FFFFFF0000FFFFFF,Q
$TX,5112,137853,0CF00400,FFFFFF0000FFFFFF,Q
$TX,5113,137858,0CF00400,FFFFFF0000FFFFFF,Q
$TX,5114,137863,0CF00400,FFFFFF0000FFFFFF,Q
$TX,5115,137868,0CF00400,FFFFFF0000FFFFFF,Q
$TX,5116,137873,0CF00400,FFFFFF0000FFFFFF,Q
$TX,5117,137878,0CF00400,FFFFFF0000FFFFFF,Q
$TX,5118,137883,0CF00400,FFFFFF0000FFFFFF,Q
$TX,5119,137888,0CF00400,FFFFFF0000FFFFFF,Q
$TX,5120,137893,0CF00400,FFFFFF0000FFFFFF,Q
$TX,5121,137898,0CF00400,FFFFFF0000FFFFFF,Q
$TX,5122,137903,0CF00400,FFFFFF0000FFFFFF,Q
$TX,5123,137908,0CF00400,FFFFFF0000FFFFFF,Q
$TX,5124,137913,0CF00400,FFFFFF0000FFFFFF,Q
$TX,5125,137918,0CF00400,FFFFFF0000FFFFFF,Q
$TX,5126,137923,0CF00400,FFFFFF0000FFFFFF,Q
$TX,5127,137928,0CF00400,FFFFFF0000FFFFFF,Q
$TX,5128,137933,0CF00400,FFFFFF0000FFFFFF,Q
$TX,5129,137938,0CF00400,FFFFFF0000FFFFFF,Q
$TX,5130,137943,0CF00400,FFFFFF0000FFFFFF,Q
$TX,5131,137948,0CF00400,FFFFFF0000FFFFFF,Q
$TX,5132,137953,0CF00400,FFFFFF0000FFFFFF,Q
$TX,5133,137958,0CF00400,FFFFFF0000FFFFFF,Q
$TX,5134,137963,0CF00400,FFFFFF0000FFFFFF,Q
$TX,5135,137968,0CF00400,FFFFFF0000FFFFFF,Q
$TX,5136,137973,0CF00400,FFFFFF0000FFFFFF,Q
$TX,5137,137978,0CF00400,FFFFFF0000FFFFFF,Q
$TX,5138,137983,0CF00400,FFFFFF0000FFFFFF,Q
$TX,5139,137988,0CF00400,FFFFFF0000FFFFFF,Q
$TX,5140,137993,0CF00400,FFFFFF0000FFFFFF,Q
$TX,5141,137998,0CF00400,FFFFFF0000FFFFFF,Q
$TX,5142,138003,0CF00400,FFFFFF0000FFFFFF,Q
$TX,5143,138008,0CF00400,FFFFFF0000FFFFFF,Q
$TX,5144,138013,0CF00400,FFFFFF0000FFFFFF,Q
$TX,5145,138018,0CF00400,FFFFFF0000FFFFFF,Q
$TX,5146,138023,0CF00400,FFFFFF0000FFFFFF,Q
$TX,5147,138028,0CF00400,FFFFFF0000FFFFFF,Q
$TX,5148,138033,0CF00400,FFFFFF0000FFFFFF,Q
$TX,5149,138038,0CF00400,FFFFFF0000FFFFFF,Q
$TX,5150,138043,0CF00400,FFFFFF0000FFFFFF,Q
$TX,5151,138048,0CF00400,FFFFFF0000FFFFFF,Q
$TX,5152,138053,0CF00400,FFFFFF0000FFFFFF,Q
$TX,5153,138058,0CF00400,FFFFFF0000FFFFFF,Q
$TX,5154,138063,0CF00400,FFFFFF0000FFFFFF,Q
$TX,5155,138068,0CF00400,FFFFFF0000FFFFFF,Q
$TX,5156,138073,0CF00400,FFFFFF0000FFFFFF,Q
$TX,5157,138078,0CF00400,FFFFFF0000FFFFFF,Q
$TX,5158,138083,0CF00400,FFFFFF0000FFFFFF,Q
$TX,5159,138088,0CF00400,FFFFFF0000FFFFFF,Q
$TX,5160,138093,0CF00400,FFFFFF0000FFFFFF,Q
$TX,5161,138098,0CF00400,FFFFFF0000FFFFFF,Q
$TX,5162,138103,0CF00400,FFFFFF0000FFFFFF,Q
$TX,5163,138108,0CF00400,FFFFFF0000FFFFFF,Q
$TX,5164,138113,0CF00400,FFFFFF0000FFFFFF,Q
$TX,5165,138118,0CF00400,FFFFFF0000FFFFFF,Q
$TX,5166,138123,0CF00400,FFFFFF0000FFFFFF,Q
$TX,5167,138128,0CF00400,FFFFFF0000FFFFFF,Q
$TX,5168,138133,0CF00400,FFFFFF0000FFFFFF,Q
$TX,5169,138138,0CF00400,FFFFFF0000FFFFFF,Q
$TX,5170,138143,0CF00400,FFFFFF0000FFFFFF,Q
$TX,5171,138148,0CF00400,FFFFFF0000FFFFFF,Q
$TX,5172,138153,0CF00400,FFFFFF0000FFFFFF,Q
$TX,5173,138158,0CF00400,FFFFFF0000FFFFFF,Q
$TX,5174,138163,0CF00400,FFFFFF0000FFFFFF,Q
$TX,5175,138168,0CF00400,FFFFFF0000FFFFFF,Q
$TX,5176,138173,0CF00400,FFFFFF0000FFFFFF,Q
$TX,5177,138178,0CF00400,FFFFFF0000FFFFFF,Q
$TX,5178,138183,0CF00400,FFFFFF0000FFFFFF,Q
$TX,5179,138188,0CF00400,FFFFFF0000FFFFFF,Q
$TX,5180,138193,0CF00400,FFFFFF0000FFFFFF,Q
$TX,5181,138198,0CF00400,FFFFFF0000FFFFFF,Q
$TX,5182,138203,0CF00400,FFFFFF0000FFFFFF,Q
$TX,5183,138208,0CF00400,FFFFFF0000FFFFFF,Q
$TX,5184,138213,0CF00400,FFFFFF0000FFFFFF,Q
$TX,5185,138218,0CF00400,FFFFFF0000FFFFFF,Q
$TX,5186,138223,0CF00400,FFFFFF0000FFFFFF,Q
$TX,5187,138228,0CF00400,FFFFFF0000FFFFFF,Q
$TX,5188,138233,0CF00400,FFFFFF0000FFFFFF,Q
$TX,5189,138238,0CF00400,FFFFFF0000FFFFFF,Q
$TX,5190,138243,0CF00400,FFFFFF0000FFFFFF,Q
$TX,5191,138248,0CF00400,FFFFFF0000FFFFFF,Q
$TX,5192,138253,0CF00400,FFFFFF0000FFFFFF,Q
$TX,5193,138258,0CF00400,FFFFFF0000FFFFFF,Q
$TX,5194,138263,0CF00400,FFFFFF0000FFFFFF,Q
$TX,5195,138268,0CF00400,FFFFFF0000FFFFFF,Q
$TX,5196,138273,0CF00400,FFFFFF0000FFFFFF,Q
$TX,5197,138278,0CF00400,FFFFFF0000FFFFFF,Q
$TX,5198,138283,0CF00400,FFFFFF0000FFFFFF,Q
$TX,5199,138288,0CF00400,FFFFFF0000FFFFFF,Q
$TX,5200,138293,0CF00400,FFFFFF0000FFFFFF,Q
$TX,5201,138298,0CF00400,FFFFFF0000FFFFFF,Q
$TX,5202,138303,0CF00400,FFFFFF0000FFFFFF,Q
$TX,5203,138308,0CF00400,FFFFFF0000FFFFFF,Q
$TX,5204,138313,0CF00400,FFFFFF0000FFFFFF,Q
$TX,5205,138318,0CF00400,FFFFFF0000FFFFFF,Q
$TX,5206,138323,0CF00400,FFFFFF0000FFFFFF,Q
$TX,5207,138328,0CF00400,FFFFFF0000FFFFFF,Q
$TX,5208,138333,0CF00400,FFFFFF0000FFFFFF,Q
$TX,5209,138338,0CF00400,FFFFFF0000FFFFFF,Q
$TX,5210,138343,0CF00400,FFFFFF0000FFFFFF,Q
$TX,5211,138348,0CF00400,FFFFFF0000FFFFFF,Q
$TX,5212,138353,0CF00400,FFFFFF0000FFFFFF,Q
$TX,5213,138358,0CF00400,FFFFFF0000FFFFFF,Q
$TX,5214,138363,0CF00400,FFFFFF0000FFFFFF,Q
$TX,5215,138368,0CF00400,FFFFFF0000FFFFFF,Q
$TX,5216,138373,0CF00400,FFFFFF0000FFFFFF,Q
$TX,5217,138378,0CF00400,FFFFFF0000FFFFFF,Q
$TX,5218,138383,0CF00400,FFFFFF0000FFFFFF,Q
$TX,5219,138388,0CF00400,FFFFFF0000FFFFFF,Q
$TX,5220,138393,0CF00400,FFFFFF0000FFFFFF,Q
$TX,5221,138398,0CF00400,FFFFFF0000FFFFFF,Q
$TX,5222,138403,0CF00400,FFFFFF0000FFFFFF,Q
$TX,5223,138408,0CF00400,FFFFFF0000FFFFFF,Q
$TX,5224,138413,0CF00400,FFFFFF0000FFFFFF,Q
$TX,5225,138418,0CF00400,FFFFFF0000FFFFFF,Q
$TX,5226,138423,0CF00400,FFFFFF0000FFFFFF,Q
$TX,5227,138428,0CF00400,FFFFFF0000FFFFFF,Q
$TX,5228,138433,0CF00400,FFFFFF0000FFFFFF,Q
$TX,5229,138438,0CF00400,FFFFFF0000FFFFFF,Q
$TX,5230,138443,0CF00400,FFFFFF0000FFFFFF,Q
$TX,5231,138448,0CF00400,FFFFFF0000FFFFFF,Q
$TX,5232,138453,0CF00400,FFFFFF0000FFFFFF,Q
$TX,5233,138458,0CF00400,FFFFFF0000FFFFFF,Q
$TX,5234,138463,0CF00400,FFFFFF0000FFFFFF,Q
$TX,5235,138468,0CF00400,FFFFFF0000FFFFFF,Q
$TX,5236,138473,0CF00400,FFFFFF0000FFFFFF,Q
$TX,5237,138478,0CF00400,FFFFFF0000FFFFFF,Q
$TX,5238,138483,0CF00400,FFFFFF0000FFFFFF,Q
$TX,5239,138488,0CF00400,FFFFFF0000FFFFFF,Q
$TX,5240,138493,0CF00400,FFFFFF0000FFFFFF,Q
$TX,5241,138498,0CF00400,FFFFFF0000FFFFFF,Q
$TX,5242,138503,0CF00400,FFFFFF0000FFFFFF,Q
$TX,5243,138508,0CF00400,FFFFFF0000FFFFFF,Q
$TX,5244,138513,0CF00400,FFFFFF0000FFFFFF,Q
$TX,5245,138518,0CF00400,FFFFFF0000FFFFFF,Q
$TX,5246,138523,0CF00400,FFFFFF0000FFFFFF,Q
$TX,5247,138528,0CF00400,FFFFFF0000FFFFFF,Q
$TX,5248,138533,0CF00400,FFFFFF0000FFFFFF,Q
$TX,5249,138538,0CF00400,FFFFFF0000FFFFFF,Q
$TX,5250,138543,0CF00400,FFFFFF0000FFFFFF,Q
$TX,5251,138548,0CF00400,FFFFFF0000FFFFFF,Q
$TX,5252,138553,0CF00400,FFFFFF0000FFFFFF,Q
$TX,5253,138558,0CF00400,FFFFFF0000FFFFFF,Q
$TX,5254,138563,0CF00400,FFFFFF0000FFFFFF,Q
$TX,5255,138568,0CF00400,FFFFFF0000FFFFFF,Q
$TX,5256,138573,0CF00400,FFFFFF0000FFFFFF,Q
$TX,5257,138578,0CF00400,FFFFFF0000FFFFFF,Q
$TX,5258,138583,0CF00400,FFFFFF0000FFFFFF,Q
$TX,5259,138588,0CF00400,FFFFFF0000FFFFFF,Q
$TX,5260,138593,0CF00400,FFFFFF0000FFFFFF,Q
$TX,5261,138598,0CF00400,FFFFFF0000FFFFFF,Q
$TX,5262,138603,0CF00400,FFFFFF0000FFFFFF,Q
$TX,5263,138608,0CF00400,FFFFFF0000FFFFFF,Q
$TX,5264,138613,0CF00400,FFFFFF0000FFFFFF,Q
$TX,5265,138618,0CF00400,FFFFFF0000FFFFFF,Q
$TX,5266,138623,0CF00400,FFFFFF0000FFFFFF,Q
$TX,5267,138628,0CF00400,FFFFFF0000FFFFFF,Q
$TX,5268,138633,0CF00400,FFFFFF0000FFFFFF,Q
$TX,5269,138638,0CF00400,FFFFFF0000FFFFFF,Q
$TX,5270,138643,0CF00400,FFFFFF0000FFFFFF,Q
$TX,5271,138648,0CF00400,FFFFFF0000FFFFFF,Q
$TX,5272,138653,0CF00400,FFFFFF0000FFFFFF,Q
$TX,5273,138658,0CF00400,FFFFFF0000FFFFFF,Q
$TX,5274,138663,0CF00400,FFFFFF0000FFFFFF,Q
$TX,5275,138668,0CF00400,FFFFFF0000FFFFFF,Q
$TX,5276,138673,0CF00400,FFFFFF0000FFFFFF,Q
$TX,5277,138678,0CF00400,FFFFFF0000FFFFFF,Q
$TX,5278,138683,0CF00400,FFFFFF0000FFFFFF,Q
$TX,5279,138688,0CF00400,FFFFFF0000FFFFFF,Q
$TX,5280,138693,0CF00400,FFFFFF0000FFFFFF,Q
$TX,5281,138698,0CF00400,FFFFFF0000FFFFFF,Q
$TX,5282,138703,0CF00400,FFFFFF0000FFFFFF,Q
$TX,5283,138708,0CF00400,FFFFFF0000FFFFFF,Q
$TX,5284,138713,0CF00400,FFFFFF0000FFFFFF,Q
$TX,5285,138718,0CF00400,FFFFFF0000FFFFFF,Q
$TX,5286,138723,0CF00400,FFFFFF0000FFFFFF,Q
$TX,5287,138728,0CF00400,FFFFFF0000FFFFFF,Q
$TX,5288,138733,0CF00400,FFFFFF0000FFFFFF,Q
$TX,5289,138738,0CF00400,FFFFFF0000FFFFFF,Q
$TX,5290,138743,0CF00400,FFFFFF0000FFFFFF,Q
$TX,5291,138748,0CF00400,FFFFFF0000FFFFFF,Q
$TX,5292,138753,0CF00400,FFFFFF0000FFFFFF,Q
$TX,5293,138758,0CF00400,FFFFFF0000FFFFFF,Q
$TX,5294,138763,0CF00400,FFFFFF0000FFFFFF,Q
$TX,5295,138768,0CF00400,FFFFFF0000FFFFFF,Q
$TX,5296,138773,0CF00400,FFFFFF0000FFFFFF,Q
$TX,5297,138778,0CF00400,FFFFFF0000FFFFFF,Q
$TX,5298,138783,0CF00400,FFFFFF0000FFFFFF,Q
$TX,5299,138788,0CF00400,FFFFFF0000FFFFFF,Q
$TX,5300,138793,0CF00400,FFFFFF0000FFFFFF,Q
$TX,5301,138798,0CF00400,FFFFFF0000FFFFFF,Q
$TX,5302,138803,0CF00400,FFFFFF0000FFFFFF,Q
$TX,5303,138808,0CF00400,FFFFFF0000FFFFFF,Q
$TX,5304,138813,0CF00400,FFFFFF0000FFFFFF,Q
$TX,5305,138818,0CF00400,FFFFFF0000FFFFFF,Q
$TX,5306,138823,0CF00400,FFFFFF0000FFFFFF,Q
$TX,5307,138828,0CF00400,FFFFFF0000FFFFFF,Q
$TX,5308,138833,0CF00400,FFFFFF0000FFFFFF,Q
$TX,5309,138838,0CF00400,FFFFFF0000FFFFFF,Q
$TX,5310,138843,0CF00400,FFFFFF0000FFFFFF,Q
$TX,5311,138848,0CF00400,FFFFFF0000FFFFFF,Q
$TX,5312,138853,0CF00400,FFFFFF0000FFFFFF,Q
$TX,5313,138858,0CF00400,FFFFFF0000FFFFFF,Q
$TX,5314,138863,0CF00400,FFFFFF0000FFFFFF,Q
$TX,5315,138868,0CF00400,FFFFFF0000FFFFFF,Q
$TX,5316,138873,0CF00400,FFFFFF0000FFFFFF,Q
$TX,5317,138878,0CF00400,FFFFFF0000FFFFFF,Q
$TX,5318,138883,0CF00400,FFFFFF0000FFFFFF,Q
$TX,5319,138888,0CF00400,FFFFFF0000FFFFFF,Q
$TX,5320,138893,0CF00400,FFFFFF0000FFFFFF,Q
$TX,5321,138898,0CF00400,FFFFFF0000FFFFFF,Q
$TX,5322,138903,0CF00400,FFFFFF0000FFFFFF,Q
$TX,5323,138908,0CF00400,FFFFFF0000FFFFFF,Q
$TX,5324,138913,0CF00400,FFFFFF0000FFFFFF,Q
$TX,5325,138918,0CF00400,FFFFFF0000FFFFFF,Q
$TX,5326,138923,0CF00400,FFFFFF0000FFFFFF,Q
$TX,5327,138928,0CF00400,FFFFFF0000FFFFFF,Q
$TX,5328,138933,0CF00400,FFFFFF0000FFFFFF,Q
$TX,5329,138938,0CF00400,FFFFFF0000FFFFFF,Q
$TX,5330,138943,0CF00400,FFFFFF0000FFFFFF,Q
$TX,5331,138948,0CF00400,FFFFFF0000FFFFFF,Q
$TX,5332,138953,0CF00400,FFFFFF0000FFFFFF,Q
$TX,5333,138958,0CF00400,FFFFFF0000FFFFFF,Q
$TX,5334,138963,0CF00400,FFFFFF0000FFFFFF,Q
$TX,5335,138968,0CF00400,FFFFFF0000FFFFFF,Q
$TX,5336,138973,0CF00400,FFFFFF0000FFFFFF,Q
$TX,5337,138978,0CF00400,FFFFFF0000FFFFFF,Q
$TX,5338,138983,0CF00400,FFFFFF0000FFFFFF,Q
$TX,5339,138988,0CF00400,FFFFFF0000FFFFFF,Q
$TX,5340,138993,0CF00400,FFFFFF0000FFFFFF,Q
$TX,5341,138998,0CF00400,FFFFFF0000FFFFFF,Q
$TX,5342,139003,0CF00400,FFFFFF0000FFFFFF,Q
$TX,5343,139008,0CF00400,FFFFFF0000FFFFFF,Q
$TX,5344,139013,0CF00400,FFFFFF0000FFFFFF,Q
$TX,5345,139018,0CF00400,FFFFFF0000FFFFFF,Q
$TX,5346,139023,0CF00400,FFFFFF0000FFFFFF,Q
$TX,5347,139028,0CF00400,FFFFFF0000FFFFFF,Q
$TX,5348,139033,0CF00400,FFFFFF0000FFFFFF,Q
$TX,5349,139038,0CF00400,FFFFFF0000FFFFFF,Q
$TX,5350,139043,0CF00400,FFFFFF0000FFFFFF,Q
$TX,5351,139048,0CF00400,FFFFFF0000FFFFFF,Q
$TX,5352,139053,0CF00400,FFFFFF0000FFFFFF,Q
$TX,5353,139058,0CF00400,FFFFFF0000FFFFFF,Q
$TX,5354,139063,0CF00400,FFFFFF0000FFFFFF,Q
$TX,5355,139068,0CF00400,FFFFFF0000FFFFFF,Q
$TX,5356,139073,0CF00400,FFFFFF0000FFFFFF,Q
$TX,5357,139078,0CF00400,FFFFFF0000FFFFFF,Q
$TX,5358,139083,0CF00400,FFFFFF0000FFFFFF,Q
$TX,5359,139088,0CF00400,FFFFFF0000FFFFFF,Q
$TX,5360,139093,0CF00400,FFFFFF0000FFFFFF,Q
$TX,5361,139098,0CF00400,FFFFFF0000FFFFFF,Q
$TX,5362,139103,0CF00400,FFFFFF0000FFFFFF,Q
$TX,5363,139108,0CF00400,FFFFFF0000FFFFFF,Q
$TX,5364,139113,0CF00400,FFFFFF0000FFFFFF,Q
$TX,5365,139118,0CF00400,FFFFFF0000FFFFFF,Q
$TX,5366,139123,0CF00400,FFFFFF0000FFFFFF,Q
$TX,5367,139128,0CF00400,FFFFFF0000FFFFFF,Q
$TX,5368,139133,0CF00400,FFFFFF0000FFFFFF,Q
$TX,5369,139138,0CF00400,FFFFFF0000FFFFFF,Q
$TX,5370,139143,0CF00400,FFFFFF0000FFFFFF,Q
$TX,5371,139148,0CF00400,FFFFFF0000FFFFFF,Q
$TX,5372,139153,0CF00400,FFFFFF0000FFFFFF,Q
$TX,5373,139158,0CF00400,FFFFFF0000FFFFFF,Q
$TX,5374,139163,0CF00400,FFFFFF0000FFFFFF,Q
$TX,5375,139168,0CF00400,FFFFFF0000FFFFFF,Q
$TX,5376,139173,0CF00400,FFFFFF0000FFFFFF,Q
$TX,5377,139178,0CF00400,FFFFFF0000FFFFFF,Q
$TX,5378,139183,0CF00400,FFFFFF0000FFFFFF,Q
$TX,5379,139188,0CF00400,FFFFFF0000FFFFFF,Q
$TX,5380,139193,0CF00400,FFFFFF0000FFFFFF,Q
$TX,5381,139198,0CF00400,FFFFFF0000FFFFFF,Q
$TX,5382,139203,0CF00400,FFFFFF0000FFFFFF,Q
$TX,5383,139208,0CF00400,FFFFFF0000FFFFFF,Q
$TX,5384,139213,0CF00400,FFFFFF0000FFFFFF,Q
$TX,5385,139218,0CF00400,FFFFFF0000FFFFFF,Q
$TX,5386,139223,0CF00400,FFFFFF0000FFFFFF,Q
$TX,5387,139228,0CF00400,FFFFFF0000FFFFFF,Q
$TX,5388,139233,0CF00400,FFFFFF0000FFFFFF,Q
$TX,5389,139238,0CF00400,FFFFFF0000FFFFFF,Q
$TX,5390,139243,0CF00400,FFFFFF0000FFFFFF,Q
$TX,5391,139248,0CF00400,FFFFFF0000FFFFFF,Q
$TX,5392,139253,0CF00400,FFFFFF0000FFFFFF,Q
$TX,5393,139258,0CF00400,FFFFFF0000FFFFFF,Q
$TX,5394,139263,0CF00400,FFFFFF0000FFFFFF,Q
$TX,5395,139268,0CF00400,FFFFFF0000FFFFFF,Q
$TX,5396,139273,0CF00400,FFFFFF0000FFFFFF,Q
$TX,5397,139278,0CF00400,FFFFFF0000FFFFFF,Q
$TX,5398,139283,0CF00400,FFFFFF0000FFFFFF,Q
$TX,5399,139288,0CF00400,FFFFFF0000FFFFFF,Q
$TX,5400,139293,0CF00400,FFFFFF0000FFFFFF,Q
$TX,5401,139298,0CF00400,FFFFFF0000FFFFFF,Q
$TX,5402,139303,0CF00400,FFFFFF0000FFFFFF,Q
$TX,5403,139308,0CF00400,FFFFFF0000FFFFFF,Q
$TX,5404,139313,0CF00400,FFFFFF0000FFFFFF,Q
$TX,5405,139318,0CF00400,FFFFFF0000FFFFFF,Q
$TX,5406,139323,0CF00400,FFFFFF0000FFFFFF,Q
$TX,5407,139328,0CF00400,FFFFFF0000FFFFFF,Q
$TX,5408,139333,0CF00400,FFFFFF0000FFFFFF,Q
$TX,5409,139338,0CF00400,FFFFFF0000FFFFFF,Q
$TX,5410,139343,0CF00400,FFFFFF0000FFFFFF,Q
$TX,5411,139348,0CF00400,FFFFFF0000FFFFFF,Q
$TX,5412,139353,0CF00400,FFFFFF0000FFFFFF,Q
$TX,5413,139358,0CF00400,FFFFFF0000FFFFFF,Q
$TX,5414,139363,0CF00400,FFFFFF0000FFFFFF,Q
$TX,5415,139368,0CF00400,FFFFFF0000FFFFFF,Q
$TX,5416,139373,0CF00400,FFFFFF0000FFFFFF,Q
$TX,5417,139378,0CF00400,FFFFFF0000FFFFFF,Q
$TX,5418,139383,0CF00400,FFFFFF0000FFFFFF,Q
$TX,5419,139388,0CF00400,FFFFFF0000FFFFFF,Q
$TX,5420,139393,0CF00400,FFFFFF0000FFFFFF,Q
$TX,5421,139398,0CF00400,FFFFFF0000FFFFFF,Q
$TX,5422,139403,0CF00400,FFFFFF0000FFFFFF,Q
$TX,5423,139408,0CF00400,FFFFFF0000FFFFFF,Q
$TX,5424,139413,0CF00400,FFFFFF0000FFFFFF,Q
$TX,5425,139418,0CF00400,FFFFFF0000FFFFFF,Q
$TX,5426,139423,0CF00400,FFFFFF0000FFFFFF,Q
$TX,5427,139428,0CF00400,FFFFFF0000FFFFFF,Q
$TX,5428,139433,0CF00400,FFFFFF0000FFFFFF,Q
$TX,5429,139438,0CF00400,FFFFFF0000FFFFFF,Q
$TX,5430,139443,0CF00400,FFFFFF0000FFFFFF,Q
$TX,5431,139448,0CF00400,FFFFFF0000FFFFFF,Q
$TX,5432,139453,0CF00400,FFFFFF0000FFFFFF,Q
$TX,5433,139458,0CF00400,FFFFFF0000FFFFFF,Q
$TX,5434,139463,0CF00400,FFFFFF0000FFFFFF,Q
$TX,5435,139468,0CF00400,FFFFFF0000FFFFFF,Q
$TX,5436,139473,0CF00400,FFFFFF0000FFFFFF,Q
$TX,5437,139478,0CF00400,FFFFFF0000FFFFFF,Q
$TX,5438,139483,0CF00400,FFFFFF0000FFFFFF,Q
$TX,5439,139488,0CF00400,FFFFFF0000FFFFFF,Q
$TX,5440,139493,0CF00400,FFFFFF0000FFFFFF,Q
$TX,5441,139498,0CF00400,FFFFFF0000FFFFFF,Q
$TX,5442,139503,0CF00400,FFFFFF0000FFFFFF,Q
$TX,5443,139508,0CF00400,FFFFFF0000FFFFFF,Q
$TX,5444,139513,0CF00400,FFFFFF0000FFFFFF,Q
$TX,5445,139518,0CF00400,FFFFFF0000FFFFFF,Q
$TX,5446,139523,0CF00400,FFFFFF0000FFFFFF,Q
$TX,5447,139528,0CF00400,FFFFFF0000FFFFFF,Q
$TX,5448,139533,0CF00400,FFFFFF0000FFFFFF,Q
$TX,5449,139538,0CF00400,FFFFFF0000FFFFFF,Q
$TX,5450,139543,0CF00400,FFFFFF0000FFFFFF,Q
$TX,5451,139548,0CF00400,FFFFFF0000FFFFFF,Q
$TX,5452,139553,0CF00400,FFFFFF0000FFFFFF,Q
$TX,5453,139558,0CF00400,FFFFFF0000FFFFFF,Q
$TX,5454,139563,0CF00400,FFFFFF0000FFFFFF,Q
$TX,5455,139568,0CF00400,FFFFFF0000FFFFFF,Q
$TX,5456,139573,0CF00400,FFFFFF0000FFFFFF,Q
$TX,5457,139578,0CF00400,FFFFFF0000FFFFFF,Q
$TX,5458,139583,0CF00400,FFFFFF0000FFFFFF,Q
$TX,5459,139588,0CF00400,FFFFFF0000FFFFFF,Q
$TX,5460,139593,0CF00400,FFFFFF0000FFFFFF,Q
$TX,5461,139598,0CF00400,FFFFFF0000FFFFFF,Q
$TX,5462,139603,0CF00400,FFFFFF0000FFFFFF,Q
$TX,5463,139608,0CF00400,FFFFFF0000FFFFFF,Q
$TX,5464,139613,0CF00400,FFFFFF0000FFFFFF,Q
$TX,5465,139618,0CF00400,FFFFFF0000FFFFFF,Q
$TX,5466,139623,0CF00400,FFFFFF0000FFFFFF,Q
$TX,5467,139628,0CF00400,FFFFFF0000FFFFFF,Q
$TX,5468,139633,0CF00400,FFFFFF0000FFFFFF,Q
$TX,5469,139638,0CF00400,FFFFFF0000FFFFFF,Q
$TX,5470,139643,0CF00400,FFFFFF0000FFFFFF,Q
$TX,5471,139648,0CF00400,FFFFFF0000FFFFFF,Q
$TX,5472,139653,0CF00400,FFFFFF0000FFFFFF,Q
$TX,5473,139658,0CF00400,FFFFFF0000FFFFFF,Q
$TX,5474,139663,0CF00400,FFFFFF0000FFFFFF,Q
$TX,5475,139668,0CF00400,FFFFFF0000FFFFFF,Q
$TX,5476,139673,0CF00400,FFFFFF0000FFFFFF,Q
$TX,5477,139678,0CF00400,FFFFFF0000FFFFFF,Q
$TX,5478,139683,0CF00400,FFFFFF0000FFFFFF,Q
$TX,5479,139688,0CF00400,FFFFFF0000FFFFFF,Q
$TX,5480,139693,0CF00400,FFFFFF0000FFFFFF,Q
$TX,5481,139698,0CF00400,FFFFFF0000FFFFFF,Q
$TX,5482,139703,0CF00400,FFFFFF0000FFFFFF,Q
$TX,5483,139708,0CF00400,FFFFFF0000FFFFFF,Q
$TX,5484,139713,0CF00400,FFFFFF0000FFFFFF,Q
$TX,5485,139718,0CF00400,FFFFFF0000FFFFFF,Q
$TX,5486,139723,0CF00400,FFFFFF0000FFFFFF,Q
$TX,5487,139728,0CF00400,FFFFFF0000FFFFFF,Q
$TX,5488,139733,0CF00400,FFFFFF0000FFFFFF,Q
$TX,5489,139738,0CF00400,FFFFFF0000FFFFFF,Q
$TX,5490,139743,0CF00400,FFFFFF0000FFFFFF,Q
$TX,5491,139748,0CF00400,FFFFFF0000FFFFFF,Q
$TX,5492,139753,0CF00400,FFFFFF0000FFFFFF,Q
$TX,5493,139758,0CF00400,FFFFFF0000FFFFFF,Q
$TX,5494,139763,0CF00400,FFFFFF0000FFFFFF,Q
$TX,5495,139768,0CF00400,FFFFFF0000FFFFFF,Q
$TX,5496,139773,0CF00400,FFFFFF0000FFFFFF,Q
$TX,5497,139778,0CF00400,FFFFFF0000FFFFFF,Q
$TX,5498,139783,0CF00400,FFFFFFB036FFFFFF,Q
$TX,5499,139788,0CF00400,FFFFFFE736FFFFFF,Q
$TX,5500,139793,0CF00400,FFFFFF1E37FFFFFF,Q
$TX,5501,139798,0CF00400,FFFFFF5537FFFFFF,Q
$TX,5502,139803,0CF00400,FFFFFF8C37FFFFFF,Q
$TX,5503,139808,0CF00400,FFFFFFC337FFFFFF,Q
$TX,5504,139813,0CF00400,FFFFFFFA37FFFFFF,Q
$TX,5505,139818,0CF00400,FFFFFF3138FFFFFF,Q
$TX,5506,139823,0CF00400,FFFFFF6838FFFFFF,Q
$TX,5507,139828,0CF00400,FFFFFF9F38FFFFFF,Q
$TX,5508,139833,0CF00400,FFFFFFD638FFFFFF,Q
$TX,5509,139838,0CF00400,FFFFFF0D39FFFFFF,Q
$TX,5510,139843,0CF00400,FFFFFF4339FFFFFF,Q
$TX,5511,139848,0CF00400,FFFFFF7A39FFFFFF,Q
$TX,5512,139853,0CF00400,FFFFFFB139FFFFFF,Q
$TX,5513,139858,0CF00400,FFFFFFE839FFFFFF,Q
$TX,5514,139863,0CF00400,FFFFFF1F3AFFFFFF,Q
$TX,5515,139868,0CF00400,FFFFFF563AFFFFFF,Q
$TX,5516,139873,0CF00400,FFFFFF8D3AFFFFFF,Q
$TX,5517,139878,0CF00400,FFFFFFC43AFFFFFF,Q
$TX,5518,139883,0CF00400,FFFFFFFA3AFFFFFF,Q
$TX,5519,139888,0CF00400,FFFFFF313BFFFFFF,Q
$TX,5520,139893,0CF00400,FFFFFF683BFFFFFF,Q
$TX,5521,139898,0CF00400,FFFFFF9F3BFFFFFF,Q
$TX,5522,139903,0CF00400,FFFFFFD63BFFFFFF,Q
$TX,5523,139908,0CF00400,FFFFFF0C3CFFFFFF,Q
$TX,5524,139913,0CF00400,FFFFFF433CFFFFFF,Q
$TX,5525,139918,0CF00400,FFFFFF7A3CFFFFFF,Q
$TX,5526,139923,0CF00400,FFFFFFB03CFFFFFF,Q
$TX,5527,139928,0CF00400,FFFFFFE73CFFFFFF,Q
$TX,5528,139933,0CF00400,FFFFFF1E3DFFFFFF,Q
$TX,5529,139938,0CF00400,FFFFFF543DFFFFFF,Q
$TX,5530,139943,0CF00400,FFFFFF8B3DFFFFFF,Q
$TX,5531,139948,0CF00400,FFFFFFC13DFFFFFF,Q
$TX,5532,139953,0CF00400,FFFFFFF83DFFFFFF,Q
$TX,5533,139958,0CF00400,FFFFFF2E3EFFFFFF,Q
$TX,5534,139963,0CF00400,FFFFFF653EFFFFFF,Q
$TX,5535,139968,0CF00400,FFFFFF9B3EFFFFFF,Q
$TX,5536,139973,0CF00400,FFFFFFD13EFFFFFF,Q
$TX,5537,139978,0CF00400,FFFFFF083FFFFFFF,Q
$TX,5538,139983,0CF00400,FFFFFF3E3FFFFFFF,Q
$TX,5539,139988,0CF00400,FFFFFF743FFFFFFF,Q
$TX,5540,139993,0CF00400,FFFFFFAB3FFFFFFF,Q
$TX,5541,139998,0CF00400,FFFFFFE13FFFFFFF,Q
$TX,5542,140003,0CF00400,FFFFFF1740FFFFFF,Q
$TX,5543,140008,0CF00400,FFFFFF4D40FFFFFF,Q
$TX,5544,140013,0CF00400,FFFFFF8340FFFFFF,Q
$TX,5545,140018,0CF00400,FFFFFFB940FFFFFF,Q
$TX,5546,140023,0CF00400,FFFFFFEF40FFFFFF,Q
$TX,5547,140028,0CF00400,FFFFFF2541FFFFFF,Q
$TX,5548,140033,0CF00400,FFFFFF5B41FFFFFF,Q
$TX,5549,140038,0CF00400,FFFFFF9141FFFFFF,Q
$TX,5550,140043,0CF00400,FFFFFFC741FFFFFF,Q
$TX,5551,140048,0CF00400,FFFFFFFD41FFFFFF,Q
$TX,5552,140053,0CF00400,FFFFFF3342FFFFFF,Q
$TX,5553,140058,0CF00400,FFFFFF6842FFFFFF,Q
$TX,5554,140063,0CF00400,FFFFFF9E42FFFFFF,Q
$TX,5555,140068,0CF00400,FFFFFFD442FFFFFF,Q
$TX,5556,140073,0CF00400,FFFFFF0943FFFFFF,Q
$TX,5557,140078,0CF00400,FFFFFF3F43FFFFFF,Q
$TX,5558,140083,0CF00400,FFFFFF7443FFFFFF,Q
$TX,5559,140088,0CF00400,FFFFFFAA43FFFFFF,Q
$TX,5560,140093,0CF00400,FFFFFFDF43FFFFFF,Q
$TX,5561,140098,0CF00400,FFFFFF1444FFFFFF,Q
$TX,5562,140103,0CF00400,FFFFFF4A44FFFFFF,Q
$TX,5563,140108,0CF00400,FFFFFF7F44FFFFFF,Q
$TX,5564,140113,0CF00400,FFFFFFB444FFFFFF,Q
$TX,5565,140118,0CF00400,FFFFFFE944FFFFFF,Q
$TX,5566,140123,0CF00400,FFFFFF1E45FFFFFF,Q
$TX,5567,140128,0CF00400,FFFFFF5345FFFFFF,Q
$TX,5568,140133,0CF00400,FFFFFF8845FFFFFF,Q
$TX,5569,140138,0CF00400,FFFFFFBD45FFFFFF,Q
$TX,5570,140143,0CF00400,FFFFFFF245FFFFFF,Q
$TX,5571,140148,0CF00400,FFFFFF2746FFFFFF,Q
$TX,5572,140153,0CF00400,FFFFFF5B46FFFFFF,Q
$TX,5573,140158,0CF00400,FFFFFF9046FFFFFF,Q
$TX,5574,140163,0CF00400,FFFFFFC546FFFFFF,Q
$TX,5575,140168,0CF00400,FFFFFFF946FFFFFF,Q
$TX,5576,140173,0CF00400,FFFFFF2E47FFFFFF,Q
$TX,5577,140178,0CF00400,FFFFFF6247FFFFFF,Q
$TX,5578,140183,0CF00400,FFFFFF9647FFFFFF,Q
$TX,5579,140188,0CF00400,FFFFFFCA47FFFFFF,Q
$TX,5580,140193,0CF00400,FFFFFFFF47FFFFFF,Q
$TX,5581,140198,0CF00400,FFFFFF3348FFFFFF,Q
$TX,5582,140203,0CF00400,FFFFFF6748FFFFFF,Q
$TX,5583,140208,0CF00400,FFFFFF9B48FFFFFF,Q
$TX,5584,140213,0CF00400,FFFFFFCF48FFFFFF,Q
$TX,5585,140218,0CF00400,FFFFFF0349FFFFFF,Q
$TX,5586,140223,0CF00400,FFFFFF3649FFFFFF,Q
$TX,5587,140228,0CF00400,FFFFFF6A49FFFFFF,Q
$TX,5588,140233,0CF00400,FFFFFF9E49FFFFFF,Q
$TX,5589,140238,0CF00400,FFFFFFD149FFFFFF,Q
$TX,5590,140243,0CF00400,FFFFFF054AFFFFFF,Q
$TX,5591,140248,0CF00400,FFFFFF384AFFFFFF,Q
$TX,5592,140253,0CF00400,FFFFFF6B4AFFFFFF,Q
$TX,5593,140258,0CF00400,FFFFFF9F4AFFFFFF,Q
$TX,5594,140263,0CF00400,FFFFFFD24AFFFFFF,Q
$TX,5595,140268,0CF00400,FFFFFF054BFFFFFF,Q
$TX,5596,140273,0CF00400,FFFFFF384BFFFFFF,Q
$TX,5597,140278,0CF00400,FFFFFF6B4BFFFFFF,Q
$TX,5598,140283,0CF00400,FFFFFF9E4BFFFFFF,Q
$TX,5599,140288,0CF00400,FFFFFFD04BFFFFFF,Q
$TX,5600,140293,0CF00400,FFFFFF034CFFFFFF,Q
$TX,5601,140298,0CF00400,FFFFFF364CFFFFFF,Q
$TX,5602,140303,0CF00400,FFFFFF684CFFFFFF,Q
$TX,5603,140308,0CF00400,FFFFFF9A4CFFFFFF,Q
$TX,5604,140313,0CF00400,FFFFFFCD4CFFFFFF,Q
$TX,5605,140318,0CF00400,FFFFFFFF4CFFFFFF,Q
$TX,5606,140323,0CF00400,FFFFFF314DFFFFFF,Q
$TX,5607,140328,0CF00400,FFFFFF634DFFFFFF,Q
$TX,5608,140333,0CF00400,FFFFFF954DFFFFFF,Q
$TX,5609,140338,0CF00400,FFFFFFC74DFFFFFF,Q
$TX,5610,140343,0CF00400,FFFFFFF94DFFFFFF,Q
$TX,5611,140348,0CF00400,FFFFFF2B4EFFFFFF,Q
$TX,5612,140353,0CF00400,FFFFFF5C4EFFFFFF,Q
$TX,5613,140358,0CF00400,FFFFFF8E4EFFFFFF,Q
$TX,5614,140363,0CF00400,FFFFFFBF4EFFFFFF,Q
$TX,5615,140368,0CF00400,FFFFFFF04EFFFFFF,Q
$TX,5616,140373,0CF00400,FFFFFF224FFFFFFF,Q
$TX,5617,140378,0CF00400,FFFFFF534FFFFFFF,Q
$TX,5618,140383,0CF00400,FFFFFF844FFFFFFF,Q
$TX,5619,140388,0CF00400,FFFFFFB54FFFFFFF,Q
$TX,5620,140393,0CF00400,FFFFFFE64FFFFFFF,Q
$TX,5621,140398,0CF00400,FFFFFF1650FFFFFF,Q
$TX,5622,140403,0CF00400,FFFFFF4750FFFFFF,Q
$TX,5623,140408,0CF00400,FFFFFF7850FFFFFF,Q
$TX,5624,140413,0CF00400,FFFFFFA850FFFFFF,Q
$TX,5625,140418,0CF00400,FFFFFFD850FFFFFF,Q
$TX,5626,140423,0CF00400,FFFFFF0951FFFFFF,Q
$TX,5627,140428,0CF00400,FFFFFF3951FFFFFF,Q
$TX,5628,140433,0CF00400,FFFFFF6951FFFFFF,Q
$TX,5629,140438,0CF00400,FFFFFF9951FFFFFF,Q
$TX,5630,140443,0CF00400,FFFFFFC851FFFFFF,Q
$TX,5631,140448,0CF00400,FFFFFFF851FFFFFF,Q
$TX,5632,140453,0CF00400,FFFFFF2852FFFFFF,Q
$TX,5633,140458,0CF00400,FFFFFF5752FFFFFF,Q
$TX,5634,140463,0CF00400,FFFFFF8752FFFFFF,Q
$TX,5635,140468,0CF00400,FFFFFFB652FFFFFF,Q
$TX,5636,140473,0CF00400,FFFFFFE552FFFFFF,Q
$TX,5637,140478,0CF00400,FFFFFF1453FFFFFF,Q
$TX,5638,140483,0CF00400,FFFFFF4353FFFFFF,Q
$TX,5639,140488,0CF00400,FFFFFF7253FFFFFF,Q
$TX,5640,140493,0CF00400,FFFFFFA153FFFFFF,Q
$TX,5641,140498,0CF00400,FFFFFFCF53FFFFFF,Q
$TX,5642,140503,0CF00400,FFFFFFFE53FFFFFF,Q
$TX,5643,140508,0CF00400,FFFFFF2C54FFFFFF,Q
$TX,5644,140513,0CF00400,FFFFFF5A54FFFFFF,Q
$TX,5645,140518,0CF00400,FFFFFF8854FFFFFF,Q
$TX,5646,140523,0CF00400,FFFFFFB654FFFFFF,Q
$TX,5647,140528,0CF00400,FFFFFFE454FFFFFF,Q
$TX,5648,140533,0CF00400,FFFFFF1255FFFFFF,Q
$TX,5649,140538,0CF00400,FFFFFF4055FFFFFF,Q
$TX,5650,140543,0CF00400,FFFFFF6D55FFFFFF,Q
$TX,5651,140548,0CF00400,FFFFFF9B55FFFFFF,Q
$TX,5652,140553,0CF00400,FFFFFFC855FFFFFF,Q
$TX,5653,140558,0CF00400,FFFFFFF555FFFFFF,Q
$TX,5654,140563,0CF00400,FFFFFF2256FFFFFF,Q
$TX,5655,140568,0CF00400,FFFFFF4F56FFFFFF,Q
$TX,5656,140573,0CF00400,FFFFFF7C56FFFFFF,Q
$TX,5657,140578,0CF00400,FFFFFFA856FFFFFF,Q
$TX,5658,140583,0CF00400,FFFFFFD556FFFFFF,Q
$TX,5659,140588,0CF00400,FFFFFF0157FFFFFF,Q
$TX,5660,140593,0CF00400,FFFFFF2E57FFFFFF,Q
$TX,5661,140598,0CF00400,FFFFFF5A57FFFFFF,Q
$TX,5662,140603,0CF00400,FFFFFF8657FFFFFF,Q
$TX,5663,140608,0CF00400,FFFFFFB257FFFFFF,Q
$TX,5664,140613,0CF00400,FFFFFFDE57FFFFFF,Q
$TX,5665,140618,0CF00400,FFFFFF0958FFFFFF,Q
$TX,5666,140623,0CF00400,FFFFFF3558FFFFFF,Q
$TX,5667,140628,0CF00400,FFFFFF6058FFFFFF,Q
$TX,5668,140633,0CF00400,FFFFFF8B58FFFFFF,Q
$TX,5669,140638,0CF00400,FFFFFFB658FFFFFF,Q
$TX,5670,140643,0CF00400,FFFFFFE158FFFFFF,Q
$TX,5671,140648,0CF00400,FFFFFF0C59FFFFFF,Q
$TX,5672,140653,0CF00400,FFFFFF3759FFFFFF,Q
$TX,5673,140658,0CF00400,FFFFFF6259FFFFFF,Q
$TX,5674,140663,0CF00400,FFFFFF8C59FFFFFF,Q
$TX,5675,140668,0CF00400,FFFFFFB659FFFFFF,Q
$TX,5676,140673,0CF00400,FFFFFFE059FFFFFF,Q
$TX,5677,140678,0CF00400,FFFFFF0A5AFFFFFF,Q
$TX,5678,140683,0CF00400,FFFFFF345AFFFFFF,Q
$TX,5679,140688,0CF00400,FFFFFF5E5AFFFFFF,Q
$TX,5680,140693,0CF00400,FFFFFF885AFFFFFF,Q
$TX,5681,140698,0CF00400,FFFFFFB15AFFFFFF,Q
$TX,5682,140703,0CF00400,FFFFFFDA5AFFFFFF,Q
$TX,5683,140708,0CF00400,FFFFFF045BFFFFFF,Q
$TX,5684,140713,0CF00400,FFFFFF2D5BFFFFFF,Q
$TX,5685,140718,0CF00400,FFFFFF555BFFFFFF,Q
$TX,5686,140723,0CF00400,FFFFFF7E5BFFFFFF,Q
$TX,5687,140728,0CF00400,FFFFFFA75BFFFFFF,Q
$TX,5688,140733,0CF00400,FFFFFFCF5BFFFFFF,Q
$TX,5689,140738,0CF00400,FFFFFFF85BFFFFFF,Q
$TX,5690,140743,0CF00400,FFFFFF205CFFFFFF,Q
$TX,5691,140748,0CF00400,FFFFFF485CFFFFFF,Q
$TX,5692,140753,0CF00400,FFFFFF705CFFFFFF,Q
$TX,5693,140758,0CF00400,FFFFFF975CFFFFFF,Q
$TX,5694,140763,0CF00400,FFFFFFBF5CFFFFFF,Q
$TX,5695,140768,0CF00400,FFFFFFE65CFFFFFF,Q
$TX,5696,140773,0CF00400,FFFFFF0D5DFFFFFF,Q
$TX,5697,140778,0CF00400,FFFFFF355DFFFFFF,Q
$TX,5698,140783,0CF00400,FFFFFF5B5DFFFFFF,Q
$TX,5699,140788,0CF00400,FFFFFF825DFFFFFF,Q
$TX,5700,140793,0CF00400,FFFFFFA95DFFFFFF,Q
$TX,5701,140798,0CF00400,FFFFFFCF5DFFFFFF,Q
$TX,5702,140803,0CF00400,FFFFFFF65DFFFFFF,Q
$TX,5703,140808,0CF00400,FFFFFF1C5EFFFFFF,Q
$TX,5704,140813,0CF00400,FFFFFF425EFFFFFF,Q
$TX,5705,140818,0CF00400,FFFFFF685EFFFFFF,Q
$TX,5706,140823,0CF00400,FFFFFF8E5EFFFFFF,Q
$TX,5707,140828,0CF00400,FFFFFFB35EFFFFFF,Q
$TX,5708,140833,0CF00400,FFFFFFD95EFFFFFF,Q
$TX,5709,140838,0CF00400,FFFFFFFE5EFFFFFF,Q
$TX,5710,140843,0CF00400,FFFFFF235FFFFFFF,Q
$TX,5711,140848,0CF00400,FFFFFF485FFFFFFF,Q
$TX,5712,140853,0CF00400,FFFFFF6D5FFFFFFF,Q
$TX,5713,140858,0CF00400,FFFFFF915FFFFFFF,Q
$TX,5714,140863,0CF00400,FFFFFFB65FFFFFFF,Q
$TX,5715,140868,0CF00400,FFFFFFDA5FFFFFFF,Q
$TX,5716,140873,0CF00400,FFFFFFFE5FFFFFFF,Q
$TX,5717,140878,0CF00400,FFFFFF2260FFFFFF,Q
$TX,5718,140883,0CF00400,FFFFFF4660FFFFFF,Q
$TX,5719,140888,0CF00400,FFFFFF6960FFFFFF,Q
$TX,5720,140893,0CF00400,FFFFFF8D60FFFFFF,Q
$TX,5721,140898,0CF00400,FFFFFFB060FFFFFF,Q
$TX,5722,140903,0CF00400,FFFFFFD360FFFFFF,Q
$TX,5723,140908,0CF00400,FFFFFFF660FFFFFF,Q
$TX,5724,140913,0CF00400,FFFFFF1961FFFFFF,Q
$TX,5725,140918,0CF00400,FFFFFF3C61FFFFFF,Q
$TX,5726,140923,0CF00400,FFFFFF5E61FFFFFF,Q
$TX,5727,140928,0CF00400,FFFFFF8061FFFFFF,Q
$TX,5728,140933,0CF00400,FFFFFFA261FFFFFF,Q
$TX,5729,140938,0CF00400,FFFFFFC461FFFFFF,Q
$TX,5730,140943,0CF00400,FFFFFFE661FFFFFF,Q
$TX,5731,140948,0CF00400,FFFFFF0862FFFFFF,Q
$TX,5732,140953,0CF00400,FFFFFF2962FFFFFF,Q
$TX,5733,140958,0CF00400,FFFFFF4A62FFFFFF,Q
$TX,5734,140963,0CF00400,FFFFFF6C62FFFFFF,Q
$TX,5735,140968,0CF00400,FFFFFF8D62FFFFFF,Q
$TX,5736,140973,0CF00400,FFFFFFAD62FFFFFF,Q
$TX,5737,140978,0CF00400,FFFFFFCE62FFFFFF,Q
$TX,5738,140983,0CF00400,FFFFFFEE62FFFFFF,Q
$TX,5739,140988,0CF00400,FFFFFF0E63FFFFFF,Q
$TX,5740,140993,0CF00400,FFFFFF2F63FFFFFF,Q
$TX,5741,140998,0CF00400,FFFFFF4E63FFFFFF,Q
$TX,5742,141003,0CF00400,FFFFFF6E63FFFFFF,Q
$TX,5743,141008,0CF00400,FFFFFF8E63FFFFFF,Q
$TX,5744,141013,0CF00400,FFFFFFAD63FFFFFF,Q
$9X,5745,141018,0CF00400,FFFFFFCC63FFFFFF,Q
$TX,5746,141023,0CF00400,FFFFFFEB63FFFFFF,Q
$TX,5747,141028,0CF00400,FFFFFF0A64FFFFFF,Q
$TX,5748,141033,0CF00400,FFFFFF2964FFFFFF,Q
$TX,5749,141038,0CF00400,FFFFFF4764FFFFFF,Q
$TX,5750,141043,0CF00400,FFFFFF6564FFFFFF,Q
$TX,5751,141048,0CF00400,FFFFFF8364FFFFFF,Q
$TX,5752,141053,0CF00400,FFFFFFA164FFFFFF,Q
$TX,5753,141058,0CF00400,FFFFFFBF64FFFFFF,Q
$TX,5754,141063,0CF00400,FFFFFFDD64FFFFFF,Q
$TX,5755,141068,0CF00400,FFFFFFFA64FFFFFF,Q
$TX,5756,141073,0CF00400,FFFFFF1765FFFFFF,Q
$TX,5757,141078,0CF00400,FFFFFF3465FFFFFF,Q
$TX,5758,141083,0CF00400,FFFFFF5165FFFFFF,Q
$TX,5759,141088,0CF00400,FFFFFF6E65FFFFFF,Q
$TX,5760,141093,0CF00400,FFFFFF8A65FFFFFF,Q
$TX,5761,141098,0CF00400,FFFFFFA665FFFFFF,Q
$TX,5762,141103,0CF00400,FFFFFFC265FFFFFF,Q
$TX,5763,141108,0CF00400,FFFFFFDE65FFFFFF,Q
$TX,5764,141113,0CF00400,FFFFFFFA65FFFFFF,Q
$TX,5765,141118,0CF00400,FFFFFF1666FFFFFF,Q
$TX,5766,141123,0CF00400,FFFFFF3166FFFFFF,Q
$TX,5767,141128,0CF00400,FFFFFF4C66FFFFFF,Q
$TX,5768,141133,0CF00400,FFFFFF6766FFFFFF,Q
$TX,5769,141138,0CF00400,FFFFFF8266FFFFFF,Q
$TX,5770,141143,0CF00400,FFFFFF9C66FFFFFF,Q
$TX,5771,141148,0CF00400,FFFFFFB766FFFFFF,Q
$TX,5772,141153,0CF00400,FFFFFFD166FFFFFF,Q
$TX,5773,141158,0CF00400,FFFFFFEB66FFFFFF,Q
$TX,5774,141163,0CF00400,FFFFFF0567FFFFFF,Q
$TX,5775,141168,0CF00400,FFFFFF1E67FFFFFF,Q
$TX,5776,141173,0CF00400,FFFFFF3867FFFFFF,Q
$TX,5777,141178,0CF00400,FFFFFF5167FFFFFF,Q
$TX,5778,141183,0CF00400,FFFFFF6A67FFFFFF,Q
$TX,5779,141188,0CF00400,FFFFFF8367FFFFFF,Q
$TX,5780,141193,0CF00400,FFFFFF9C67FFFFFF,Q
$TX,5781,141198,0CF00400,FFFFFFB467FFFFFF,Q
$TX,5782,141203,0CF00400,FFFFFFCC67FFFFFF,Q
$TX,5783,141208,0CF00400,FFFFFFE467FFFFFF,Q
$TX,5784,141213,0CF00400,FFFFFFFC67FFFFFF,Q
$TX,5785,141218,0CF00400,FFFFFF1468FFFFFF,Q
$TX,5786,141223,0CF00400,FFFFFF2C68FFFFFF,Q
$TX,5787,141228,0CF00400,FFFFFF4368FFFFFF,Q
$TX,5788,141233,0CF00400,FFFFFF5A68FFFFFF,Q
$TX,5789,141238,0CF00400,FFFFFF7168FFFFFF,Q
$TX,5790,141243,0CF00400,FFFFFF8868FFFFFF,Q
$TX,5791,141248,0CF00400,FFFFFF9E68FFFFFF,Q
$TX,5792,141253,0CF00400,FFFFFFB568FFFFFF,Q
$TX,5793,141258,0CF00400,FFFFFFCB68FFFFFF,Q
$TX,5794,141263,0CF00400,FFFFFFE168FFFFFF,Q
$TX,5795,141268,0CF00400,FFFFFFF668FFFFFF,Q
$TX,5796,141273,0CF00400,FFFFFF0C69FFFFFF,Q
$TX,5797,141278,0CF00400,FFFFFF2169FFFFFF,Q
$TX,5798,141283,0CF00400,FFFFFF3669FFFFFF,Q
$TX,5799,141288,0CF00400,FFFFFF4B69FFFFFF,Q
$TX,5800,141293,0CF00400,FFFFFF6069FFFFFF,Q
$TX,5801,141298,0CF00400,FFFFFF7569FFFFFF,Q
$TX,5802,141303,0CF00400,FFFFFF8969FFFFFF,Q
$TX,5803,141308,0CF00400,FFFFFF9D69FFFFFF,Q
$TX,5804,141313,0CF00400,FFFFFFB169FFFFFF,Q
$TX,5805,141318,0CF00400,FFFFFFC569FFFFFF,Q
$TX,5806,141323,0CF00400,FFFFFFD869FFFFFF,Q
$TX,5807,141328,0CF00400,FFFFFFEC69FFFFFF,Q
$TX,5808,141333,0CF00400,FFFFFFFF69FFFFFF,Q
$TX,5809,141338,0CF00400,FFFFFF126AFFFFFF,Q
$TX,5810,141343,0CF00400,FFFFFF246AFFFFFF,Q
$TX,5811,141348,0CF00400,FFFFFF376AFFFFFF,Q
$TX,5812,141353,0CF00400,FFFFFF496AFFFFFF,Q
$TX,5813,141358,0CF00400,FFFFFF5B6AFFFFFF,Q
$TX,5814,141363,0CF00400,FFFFFF6D6AFFFFFF,Q
$TX,5815,141368,0CF00400,FFFFFF7F6AFFFFFF,Q
$TX,5816,141373,0CF00400,FFFFFF906AFFFFFF,Q
$TX,5817,141378,0CF00400,FFFFFFA26AFFFFFF,Q
$TX,5818,141383,0CF00400,FFFFFFB36AFFFFFF,Q
$TX,5819,141388,0CF00400,FFFFFFC46AFFFFFF,Q
$TX,5820,141393,0CF00400,FFFFFFD46AFFFFFF,Q
$TX,5821,141398,0CF00400,FFFFFFE56AFFFFFF,Q
$TX,5822,141403,0CF00400,FFFFFFF56AFFFFFF,Q
$TX,5823,141408,0CF00400,FFFFFF056BFFFFFF,Q
$TX,5824,141413,0CF00400,FFFFFF156BFFFFFF,Q
$TX,5825,141418,0CF00400,FFFFFF256BFFFFFF,Q
$TX,5826,141423,0CF00400,FFFFFF346BFFFFFF,Q
$TX,5827,141428,0CF00400,FFFFFF436BFFFFFF,Q
$TX,5828,141433,0CF00400,FFFFFF526BFFFFFF,Q
$TX,5829,141438,0CF00400,FFFFFF616BFFFFFF,Q
$TX,5830,141443,0CF00400,FFFFFF706BFFFFFF,Q
$TX,5831,141448,0CF00400,FFFFFF7E6BFFFFFF,Q
$TX,5832,141453,0CF00400,FFFFFF8C6BFFFFFF,Q
$TX,5833,141458,0CF00400,FFFFFF9A6BFFFFFF,Q
$TX,5834,141463,0CF00400,FFFFFFA86BFFFFFF,Q
$TX,5835,141468,0CF00400,FFFFFFB66BFFFFFF,Q
$TX,5836,141473,0CF00400,FFFFFFC36BFFFFFF,Q
$TX,5837,141478,0CF00400,FFFFFFD06BFFFFFF,Q
$TX,5838,141483,0CF00400,FFFFFFDD6BFFFFFF,Q
$TX,5839,141488,0CF00400,FFFFFFEA6BFFFFFF,Q
$TX,5840,141493,0CF00400,FFFFFFF66BFFFFFF,Q
$TX,5841,141498,0CF00400,FFFFFF036CFFFFFF,Q
$TX,5842,141503,0CF00400,FFFFFF0F6CFFFFFF,Q
$TX,5843,141508,0CF00400,FFFFFF1B6CFFFFFF,Q
$TX,5844,141513,0CF00400,FFFFFF266CFFFFFF,Q
$TX,5845,141518,0CF00400,FFFFFF326CFFFFFF,Q
$TX,5846,141523,0CF00400,FFFFFF3D6CFFFFFF,Q
$TX,5847,141528,0CF00400,FFFFFF486CFFFFFF,Q
$TX,5848,141533,0CF00400,FFFFFF536CFFFFFF,Q
$TX,5849,141538,0CF00400,FFFFFF5E6CFFFFFF,Q
$TX,5850,141543,0CF00400,FFFFFF686CFFFFFF,Q
$TX,5851,141548,0CF00400,FFFFFF726CFFFFFF,Q
$TX,5852,141553,0CF00400,FFFFFF7C6CFFFFFF,Q
$TX,5853,141558,0CF00400,FFFFFF866CFFFFFF,Q
$TX,5854,141563,0CF00400,FFFFFF906CFFFFFF,Q
$TX,5855,141568,0CF00400,FFFFFF996CFFFFFF,Q
$TX,5856,141573,0CF00400,FFFFFFA26CFFFFFF,Q
$TX,5857,141578,0CF00400,FFFFFFAB6CFFFFFF,Q
$TX,5858,141583,0CF00400,FFFFFFB46CFFFFFF,Q
$TX,5859,141588,0CF00400,FFFFFFBC6CFFFFFF,Q
$TX,5860,141593,0CF00400,FFFFFFC46CFFFFFF,Q
$TX,5861,141598,0CF00400,FFFFFFCC6CFFFFFF,Q
$TX,5862,141603,0CF00400,FFFFFFD46CFFFFFF,Q
$TX,5863,141608,0CF00400,FFFFFFDC6CFFFFFF,Q
$TX,5864,141613,0CF00400,FFFFFFE36CFFFFFF,Q
$TX,5865,141618,0CF00400,FFFFFFEB6CFFFFFF,Q
$TX,5866,141623,0CF00400,FFFFFFF26CFFFFFF,Q
$TX,5867,141628,0CF00400,FFFFFFF86CFFFFFF,Q
$TX,5868,141633,0CF00400,FFFFFFFF6CFFFFFF,Q
$TX,5869,141638,0CF00400,FFFFFF056DFFFFFF,Q
$TX,5870,141643,0CF00400,FFFFFF0B6DFFFFFF,Q
$TX,5871,141648,0CF00400,FFFFFF116DFFFFFF,Q
$TX,5872,141653,0CF00400,FFFFFF176DFFFFFF,Q
$TX,5873,141658,0CF00400,FFFFFF1D6DFFFFFF,Q
$TX,5874,141663,0CF00400,FFFFFF226DFFFFFF,Q
$TX,5875,141668,0CF00400,FFFFFF276DFFFFFF,Q
$TX,5876,141673,0CF00400,FFFFFF2C6DFFFFFF,Q
$TX,5877,141678,0CF00400,FFFFFF306DFFFFFF,Q
$TX,5878,141683,0CF00400,FFFFFF356DFFFFFF,Q
$TX,5879,141688,0CF00400,FFFFFF396DFFFFFF,Q
$TX,5880,141693,0CF00400,FFFFFF3D6DFFFFFF,Q
$TX,5881,141698,0CF00400,FFFFFF416DFFFFFF,Q
$TX,5882,141703,0CF00400,FFFFFF446DFFFFFF,Q
$TX,5883,141708,0CF00400,FFFFFF486DFFFFFF,Q
$TX,5884,141713,0CF00400,FFFFFF4B6DFFFFFF,Q
$TX,5885,141718,0CF00400,FFFFFF4E6DFFFFFF,Q
$TX,5886,141723,0CF00400,FFFFFF506DFFFFFF,Q
$TX,5887,141728,0CF00400,FFFFFF536DFFFFFF,Q
$TX,5888,141733,0CF00400,FFFFFF556DFFFFFF,Q
$TX,5889,141738,0CF00400,FFFFFF576DFFFFFF,Q
$TX,5890,141743,0CF00400,FFFFFF596DFFFFFF,Q
$TX,5891,141748,0CF00400,FFFFFF5B6DFFFFFF,Q
$TX,5892,141753,0CF00400,FFFFFF5C6DFFFFFF,Q
$TX,5893,141758,0CF00400,FFFFFF5D6DFFFFFF,Q
$TX,5894,141763,0CF00400,FFFFFF5E6DFFFFFF,Q
$TX,5895,141768,0CF00400,FFFFFF5F6DFFFFFF,Q
$TX,5896,141773,0CF00400,FFFFFF606DFFFFFF,Q
$TX,5897,141778,0CF00400,FFFFFF606DFFFFFF,Q
$TX,5898,141783,0CF00400,FFFFFF606DFFFFFF,Q
$TX,5899,141788,0CF00400,FFFFFF606DFFFFFF,Q
$TX,5900,141793,0CF00400,FFFFFF606DFFFFFF,Q
$TX,5901,141798,0CF00400,FFFFFF5F6DFFFFFF,Q
$TX,5902,141803,0CF00400,FFFFFF5E6DFFFFFF,Q
$TX,5903,141808,0CF00400,FFFFFF5D6DFFFFFF,Q
$TX,5904,141813,0CF00400,FFFFFF5C6DFFFFFF,Q
$TX,5905,141818,0CF00400,FFFFFF5B6DFFFFFF,Q
$TX,5906,141823,0CF00400,FFFFFF596DFFFFFF,Q
$TX,5907,141828,0CF00400,FFFFFF576DFFFFFF,Q
$TX,5908,141833,0CF00400,FFFFFF556DFFFFFF,Q
$TX,5909,141838,0CF00400,FFFFFF536DFFFFFF,Q
$TX,5910,141843,0CF00400,FFFFFF506DFFFFFF,Q
$TX,5911,141848,0CF00400,FFFFFF4E6DFFFFFF,Q
$TX,5912,141853,0CF00400,FFFFFF4B6DFFFFFF,Q
$TX,5913,141858,0CF00400,FFFFFF486DFFFFFF,Q
$TX,5914,141863,0CF00400,FFFFFF446DFFFFFF,Q
$TX,5915,141868,0CF00400,FFFFFF416DFFFFFF,Q
$TX,5916,141873,0CF00400,FFFFFF3D6DFFFFFF,Q
$TX,5917,141878,0CF00400,FFFFFF396DFFFFFF,Q
$TX,5918,141883,0CF00400,FFFFFF356DFFFFFF,Q
$TX,5919,141888,0CF00400,FFFFFF306DFFFFFF,Q
$TX,5920,141893,0CF00400,FFFFFF2C6DFFFFFF,Q
$7X,5921,141898,0CF00400,FFFFFF276DFFFFFF,Q
$TX,5922,141903,0CF00400,FFFFFF226DFFFFFF,Q
$TX,5923,141908,0CF00400,FFFFFF1D6DFFFFFF,Q
$TX,5924,141913,0CF00400,FFFFFF176DFFFFFF,Q
$TX,5925,141918,0CF00400,FFFFFF116DFFFFFF,Q
$TX,5926,141923,0CF00400,FFFFFF0B6DFFFFFF,Q
$TX,5927,141928,0CF00400,FFFFFF056DFFFFFF,Q
$TX,5928,141933,0CF00400,FFFFFFFF6CFFFFFF,Q
$TX,5929,141938,0CF00400,FFFFFFF86CFFFFFF,Q
$TX,5930,141943,0CF00400,FFFFFFF26CFFFFFF,Q
$TX,5931,141948,0CF00400,FFFFFFEB6CFFFFFF,Q
$TX,5932,141953,0CF00400,FFFFFFE36CFFFFFF,Q
$TX,5933,141958,0CF00400,FFFFFFDC6CFFFFFF,Q
$TX,5934,141963,0CF00400,FFFFFFD46CFFFFFF,Q
$TX,5935,141968,0CF00400,FFFFFFCC6CFFFFFF,Q
$TX,5936,141973,0CF00400,FFFFFFC46CFFFFFF,Q
$TX,5937,141978,0CF00400,FFFFFFBC6CFFFFFF,Q
$TX,5938,141983,0CF00400,FFFFFFB46CFFFFFF,Q
$TX,5939,141988,0CF00400,FFFFFFAB6CFFFFFF,Q
$TX,5940,141993,0CF00400,FFFFFFA26CFFFFFF,Q
$TX,5941,141998,0CF00400,FFFFFF996CFFFFFF,Q
$TX,5942,142003,0CF00400,FFFFFF906CFFFFFF,Q
$TX,5943,142008,0CF00400,FFFFFF866CFFFFFF,Q
$TX,5944,142013,0CF00400,FFFFFF7C6CFFFFFF,Q
$TX,5945,142018,0CF00400,FFFFFF726CFFFFFF,Q
$TX,5946,142023,0CF00400,FFFFFF686CFFFFFF,Q
$TX,5947,142028,0CF00400,FFFFFF5E6CFFFFFF,Q
$TX,5948,142033,0CF00400,FFFFFF536CFFFFFF,Q
$TX,5949,142038,0CF00400,FFFFFF486CFFFFFF,Q
$TX,5950,142043,0CF00400,FFFFFF3D6CFFFFFF,Q
$TX,5951,142048,0CF00400,FFFFFF326CFFFFFF,Q
$TX,5952,142053,0CF00400,FFFFFF266CFFFFFF,Q
$TX,5953,142058,0CF00400,FFFFFF1B6CFFFFFF,Q
$TX,5954,142063,0CF00400,FFFFFF0F6CFFFFFF,Q
$TX,5955,142068,0CF00400,FFFFFF036CFFFFFF,Q
$TX,5956,142073,0CF00400,FFFFFFF66BFFFFFF,Q
$TX,5957,142078,0CF00400,FFFFFFEA6BFFFFFF,Q
$TX,5958,142083,0CF00400,FFFFFFDD6BFFFFFF,Q
$TX,5959,142088,0CF00400,FFFFFFD06BFFFFFF,Q
$TX,5960,142093,0CF00400,FFFFFFC36BFFFFFF,Q
$TX,5961,142098,0CF00400,FFFFFFB66BFFFFFF,Q
$TX,5962,142103,0CF00400,FFFFFFA86BFFFFFF,Q
$TX,5963,142108,0CF00400,FFFFFF9A6BFFFFFF,Q
$TX,5964,142113,0CF00400,FFFFFF8C6BFFFFFF,Q
$TX,5965,142118,0CF00400,FFFFFF7E6BFFFFFF,Q
$TX,5966,142123,0CF00400,FFFFFF706BFFFFFF,Q
$TX,5967,142128,0CF00400,FFFFFF616BFFFFFF,Q
$TX,5968,142133,0CF00400,FFFFFF526BFFFFFF,Q
$TX,5969,142138,0CF00400,FFFFFF436BFFFFFF,Q
$TX,5970,142143,0CF00400,FFFFFF346BFFFFFF,Q
$TX,5971,142148,0CF00400,FFFFFF256BFFFFFF,Q
$TX,5972,142153,0CF00400,FFFFFF156BFFFFFF,Q
$TX,5973,142158,0CF00400,FFFFFF056BFFFFFF,Q
$TX,5974,142163,0CF00400,FFFFFFF56AFFFFFF,Q
$TX,5975,142168,0CF00400,FFFFFFE56AFFFFFF,Q
$TX,5976,142173,0CF00400,FFFFFFD46AFFFFFF,Q
$TX,5977,142178,0CF00400,FFFFFFC46AFFFFFF,Q
$TX,5978,142183,0CF00400,FFFFFFB36AFFFFFF,Q
$TX,5979,142188,0CF00400,FFFFFFA26AFFFFFF,Q
$TX,5980,142193,0CF00400,FFFFFF906AFFFFFF,Q
$TX,5981,142198,0CF00400,FFFFFF7F6AFFFFFF,Q
$TX,5982,142203,0CF00400,FFFFFF6D6AFFFFFF,Q
$TX,5983,142208,0CF00400,FFFFFF5B6AFFFFFF,Q
$TX,5984,142213,0CF00400,FFFFFF496AFFFFFF,Q
$TX,5985,142218,0CF00400,FFFFFF376AFFFFFF,Q
$TX,5986,142223,0CF00400,FFFFFF246AFFFFFF,Q
$TX,5987,142228,0CF00400,FFFFFF126AFFFFFF,Q
$TX,5988,142233,0CF00400,FFFFFFFF69FFFFFF,Q
$TX,5989,142238,0CF00400,FFFFFFEC69FFFFFF,Q
$TX,5990,142243,0CF00400,FFFFFFD869FFFFFF,Q
$TX,5991,142248,0CF00400,FFFFFFC569FFFFFF,Q
$TX,5992,142253,0CF00400,FFFFFFB169FFFFFF,Q
$TX,5993,142258,0CF00400,FFFFFF9D69FFFFFF,Q
$TX,5994,142263,0CF00400,FFFFFF8969FFFFFF,Q
$TX,5995,142268,0CF00400,FFFFFF7569FFFFFF,Q
$TX,5996,142273,0CF00400,FFFFFF6069FFFFFF,Q
$TX,5997,142278,0CF00400,FFFFFF4B69FFFFFF,Q
$TX,5998,142283,0CF00400,FFFFFF3669FFFFFF,Q
$TX,5999,142288,0CF00400,FFFFFF2169FFFFFF,Q
$TX,6000,142293,0CF00400,FFFFFF0C69FFFFFF,Q
$TX,6001,142298,0CF00400,FFFFFFF668FFFFFF,Q
$TX,6002,142303,0CF00400,FFFFFFE168FFFFFF,Q
$TX,6003,142308,0CF00400,FFFFFFCB68FFFFFF,Q
$TX,6004,142313,0CF00400,FFFFFFB568FFFFFF,Q
$TX,6005,142318,0CF00400,FFFFFF9E68FFFFFF,Q
$TX,6006,142323,0CF00400,FFFFFF8868FFFFFF,Q
$TX,6007,142328,0CF00400,FFFFFF7168FFFFFF,Q
$TX,6008,142333,0CF00400,FFFFFF5A68FFFFFF,Q
$TX,6009,142338,0CF00400,FFFFFF4368FFFFFF,Q
$TX,6010,142343,0CF00400,FFFFFF2C68FFFFFF,Q
$TX,6011,142348,0CF00400,FFFFFF1468FFFFFF,Q
$TX,6012,142353,0CF00400,FFFFFFFC67FFFFFF,Q
$TX,6013,142358,0CF00400,FFFFFFE467FFFFFF,Q
$TX,6014,142363,0CF00400,FFFFFFCC67FFFFFF,Q
$TX,6015,142368,0CF00400,FFFFFFB467FFFFFF,Q
$TX,6016,142373,0CF00400,FFFFFF9C67FFFFFF,Q
$TX,6017,142378,0CF00400,FFFFFF8367FFFFFF,Q
$TX,6018,142383,0CF00400,FFFFFF6A67FFFFFF,Q
$TX,6019,142388,0CF00400,FFFFFF5167FFFFFF,Q
$TX,6020,142393,0CF00400,FFFFFF3867FFFFFF,Q
$TX,6021,142398,0CF00400,FFFFFF1E67FFFFFF,Q
$TX,6022,142403,0CF00400,FFFFFF0567FFFFFF,Q
$TX,6023,142408,0CF00400,FFFFFFEB66FFFFFF,Q
$TX,6024,142413,0CF00400,FFFFFFD166FFFFFF,Q
$TX,6025,142418,0CF00400,FFFFFFB766FFFFFF,Q
$TX,6026,142423,0CF00400,FFFFFF9C66FFFFFF,Q
$TX,6027,142428,0CF00400,FFFFFF8266FFFFFF,Q
$TX,6028,142433,0CF00400,FFFFFF6766FFFFFF,Q
$TX,6029,142438,0CF00400,FFFFFF4C66FFFFFF,Q
$TX,6030,142443,0CF00400,FFFFFF3166FFFFFF,Q
$TX,6031,142448,0CF00400,FFFFFF1666FFFFFF,Q
$TX,6032,142453,0CF00400,FFFFFFFA65FFFFFF,Q
$TX,6033,142458,0CF00400,FFFFFFDE65FFFFFF,Q
$TX,6034,142463,0CF00400,FFFFFFC265FFFFFF,Q
$TX,6035,142468,0CF00400,FFFFFFA665FFFFFF,Q
$TX,6036,142473,0CF00400,FFFFFF8A65FFFFFF,Q
$TX,6037,142478,0CF00400,FFFFFF6E65FFFFFF,Q
$TX,6038,142483,0CF00400,FFFFFF5165FFFFFF,Q
$TX,6039,142488,0CF00400,FFFFFF3465FFFFFF,Q
$TX,6040,142493,0CF00400,FFFFFF1765FFFFFF,Q
$TX,6041,142498,0CF00400,FFFFFFFA64FFFFFF,Q
$TX,6042,142503,0CF00400,FFFFFFDD64FFFFFF,Q
$TX,6043,142508,0CF00400,FFFFFFBF64FFFFFF,Q
$TX,6044,142513,0CF00400,FFFFFFA164FFFFFF,Q
$TX,6045,142518,0CF00400,FFFFFF8364FFFFFF,Q
$TX,6046,142523,0CF00400,FFFFFF6564FFFFFF,Q
$TX,6047,142528,0CF00400,FFFFFF4764FFFFFF,Q
$TX,6048,142533,0CF00400,FFFFFF2964FFFFFF,Q
$TX,6049,142538,0CF00400,FFFFFF0A64FFFFFF,Q
$TX,6050,142543,0CF00400,FFFFFFEB63FFFFFF,Q
$TX,6051,142548,0CF00400,FFFFFFCC63FFFFFF,Q
$TX,6052,142553,0CF00400,FFFFFFAD63FFFFFF,Q
$TX,6053,142558,0CF00400,FFFFFF8E63FFFFFF,Q
$TX,6054,142563,0CF00400,FFFFFF6E63FFFFFF,Q
$TX,6055,142568,0CF00400,FFFFFF4E63FFFFFF,Q
$TX,6056,142573,0CF00400,FFFFFF2F63FFFFFF,Q
$TX,6057,142578,0CF00400,FFFFFF0E63FFFFFF,Q
$TX,6058,142583,0CF00400,FFFFFFEE62FFFFFF,Q
$TX,6059,142588,0CF00400,FFFFFFCE62FFFFFF,Q
$TX,6060,142593,0CF00400,FFFFFFAD62FFFFFF,Q
$TX,6061,142598,0CF00400,FFFFFF8D62FFFFFF,Q
$TX,6062,142603,0CF00400,FFFFFF6C62FFFFFF,Q
$TX,6063,142608,0CF00400,FFFFFF4A62FFFFFF,Q
$TX,6064,142613,0CF00400,FFFFFF2962FFFFFF,Q
$TX,6065,142618,0CF00400,FFFFFF0862FFFFFF,Q
$TX,6066,142623,0CF00400,FFFFFFE661FFFFFF,Q
$TX,6067,142628,0CF00400,FFFFFFC461FFFFFF,Q
$TX,6068,142633,0CF00400,FFFFFFA261FFFFFF,Q
$TX,6069,142638,0CF00400,FFFFFF8061FFFFFF,Q
$TX,6070,142643,0CF00400,FFFFFF5E61FFFFFF,Q
$TX,6071,142648,0CF00400,FFFFFF3C61FFFFFF,Q
$TX,6072,142653,0CF00400,FFFFFF1961FFFFFF,Q
$TX,6073,142658,0CF00400,FFFFFFF660FFFFFF,Q
$TX,6074,142663,0CF00400,FFFFFFD360FFFFFF,Q
$TX,6075,142668,0CF00400,FFFFFFB060FFFFFF,Q
$TX,6076,142673,0CF00400,FFFFFF8D60FFFFFF,Q
$TX,6077,142678,0CF00400,FFFFFF6960FFFFFF,Q
$TX,6078,142683,0CF00400,FFFFFF4660FFFFFF,Q
$TX,6079,142688,0CF00400,FFFFFF2260FFFFFF,Q
$TX,6080,142693,0CF00400,FFFFFFFE5FFFFFFF,Q
$TX,6081,142698,0CF00400,FFFFFFDA5FFFFFFF,Q
$TX,6082,142703,0CF00400,FFFFFFB65FFFFFFF,Q
$TX,6083,142708,0CF00400,FFFFFF915FFFFFFF,Q
$TX,6084,142713,0CF00400,FFFFFF6D5FFFFFFF,Q
$TX,6085,142718,0CF00400,FFFFFF485FFFFFFF,Q
$TX,6086,142723,0CF00400,FFFFFF235FFFFFFF,Q
$TX,6087,142728,0CF00400,FFFFFFFE5EFFFFFF,Q
$TX,6088,142733,0CF00400,FFFFFFD95EFFFFFF,Q
$TX,6089,142738,0CF00400,FFFFFFB35EFFFFFF,Q
$TX,6090,142743,0CF00400,FFFFFF8E5EFFFFFF,Q
$TX,6091,142748,0CF00400,FFFFFF685EFFFFFF,Q
$TX,6092,142753,0CF00400,FFFFFF425EFFFFFF,Q
$TX,6093,142758,0CF00400,FFFFFF1C5EFFFFFF,Q
$TX,6094,142763,0CF00400,FFFFFFF65DFFFFFF,Q
$TX,6095,142768,0CF00400,FFFFFFCF5DFFFFFF,Q
$TX,6096,142773,0CF00400,FFFFFFA95DFFFFFF,Q
$TX,6097,142778,0CF00400,FFFFFF825DFFFFFF,Q
$TX,6098,142783,0CF00400,FFFFFF5B5DFFFFFF,Q
$TX,6099,142788,0CF00400,FFFFFF355DFFFFFF,Q
$TX,6100,142793,0CF00400,FFFFFF0D5DFFFFFF,Q
$TX,6101,142798,0CF00400,FFFFFFE65CFFFFFF,Q
$TX,6102,142803,0CF00400,FFFFFFBF5CFFFFFF,Q
$TX,6103,142808,0CF00400,FFFFFF975CFFFFFF,Q
$TX,6104,142813,0CF00400,FFFFFF705CFFFFFF,Q
$TX,6105,142818,0CF00400,FFFFFF485CFFFFFF,Q
$TX,6106,142823,0CF00400,FFFFFF205CFFFFFF,Q
$TX,6107,142828,0CF00400,FFFFFFF85BFFFFFF,Q
$TX,6108,142833,0CF00400,FFFFFFCF5BFFFFFF,Q
$TX,6109,142838,0CF00400,FFFFFFA75BFFFFFF,Q
$TX,6110,142843,0CF00400,FFFFFF7E5BFFFFFF,Q
$TX,6111,142848,0CF00400,FFFFFF555BFFFFFF,Q
$TX,6112,142853,0CF00400,FFFFFF2D5BFFFFFF,Q
$TX,6113,142858,0CF00400,FFFFFF045BFFFFFF,Q
$TX,6114,142863,0CF00400,FFFFFFDA5AFFFFFF,Q
$TX,6115,142868,0CF00400,FFFFFFB15AFFFFFF,Q
$TX,6116,142873,0CF00400,FFFFFF885AFFFFFF,Q
$TX,6117,142878,0CF00400,FFFFFF5E5AFFFFFF,Q
$TX,6118,142883,0CF00400,FFFFFF345AFFFFFF,Q
$TX,6119,142888,0CF00400,FFFFFF0A5AFFFFFF,Q
$TX,6120,142893,0CF00400,FFFFFFE059FFFFFF,Q
$TX,6121,142898,0CF00400,FFFFFFB659FFFFFF,Q
$TX,6122,142903,0CF00400,FFFFFF8C59FFFFFF,Q
$TX,6123,142908,0CF00400,FFFFFF6259FFFFFF,Q
$TX,6124,142913,0CF00400,FFFFFF3759FFFFFF,Q
$TX,6125,142918,0CF00400,FFFFFF0C59FFFFFF,Q
$TX,6126,142923,0CF00400,FFFFFFE158FFFFFF,Q
$TX,6127,142928,0CF00400,FFFFFFB658FFFFFF,Q
$TX,6128,142933,0CF00400,FFFFFF8B58FFFFFF,Q
$TX,6129,142938,0CF00400,FFFFFF6058FFFFFF,Q
$TX,6130,142943,0CF00400,FFFFFF3558FFFFFF,Q
$TX,6131,142948,0CF00400,FFFFFF0958FFFFFF,Q
$TX,6132,142953,0CF00400,FFFFFFDE57FFFFFF,Q
$TX,6133,142958,0CF00400,FFFFFFB257FFFFFF,Q
$TX,6134,142963,0CF00400,FFFFFF8657FFFFFF,Q
$TX,6135,142968,0CF00400,FFFFFF5A57FFFFFF,Q
$TX,6136,142973,0CF00400,FFFFFF2E57FFFFFF,Q
$TX,6137,142978,0CF00400,FFFFFF0157FFFFFF,Q
$TX,6138,142983,0CF00400,FFFFFFD556FFFFFF,Q
$TX,6139,142988,0CF00400,FFFFFFA856FFFFFF,Q
$TX,6140,142993,0CF00400,FFFFFF7C56FFFFFF,Q
$TX,6141,142998,0CF00400,FFFFFF4F56FFFFFF,Q
$TX,6142,143003,0CF00400,FFFFFF2256FFFFFF,Q
$TX,6143,143008,0CF00400,FFFFFFF555FFFFFF,Q
$TX,6144,143013,0CF00400,FFFFFFC855FFFFFF,Q
$TX,6145,143018,0CF00400,FFFFFF9B55FFFFFF,Q
$TX,6146,143023,0CF00400,FFFFFF6D55FFFFFF,Q
$TX,6147,143028,0CF00400,FFFFFF4055FFFFFF,Q
$TX,6148,143033,0CF00400,FFFFFF1255FFFFFF,Q
$TX,6149,143038,0CF00400,FFFFFFE454FFFFFF,Q
$TX,6150,143043,0CF00400,FFFFFFB654FFFFFF,Q
$TX,6151,143048,0CF00400,FFFFFF8854FFFFFF,Q
$TX,6152,143053,0CF00400,FFFFFF5A54FFFFFF,Q
$TX,6153,143058,0CF00400,FFFFFF2C54FFFFFF,Q
$TX,6154,143063,0CF00400,FFFFFFFE53FFFFFF,Q
$TX,6155,143068,0CF00400,FFFFFFCF53FFFFFF,Q
$TX,6156,143073,0CF00400,FFFFFFA153FFFFFF,Q
$TX,6157,143078,0CF00400,FFFFFF7253FFFFFF,Q
$TX,6158,143083,0CF00400,FFFFFF4353FFFFFF,Q
$TX,6159,143088,0CF00400,FFFFFF1453FFFFFF,Q
$TX,6160,143093,0CF00400,FFFFFFE552FFFFFF,Q
$TX,6161,143098,0CF00400,FFFFFFB652FFFFFF,Q
$TX,6162,143103,0CF00400,FFFFFF8752FFFFFF,Q
$TX,6163,143108,0CF00400,FFFFFF5752FFFFFF,Q
$TX,6164,143113,0CF00400,FFFFFF2852FFFFFF,Q
$TX,6165,143118,0CF00400,FFFFFFF851FFFFFF,Q
$TX,6166,143123,0CF00400,FFFFFFC851FFFFFF,Q
$TX,6167,143128,0CF00400,FFFFFF9951FFFFFF,Q
$TX,6168,143133,0CF00400,FFFFFF6951FFFFFF,Q
$TX,6169,143138,0CF00400,FFFFFF3951FFFFFF,Q
$TX,6170,143143,0CF00400,FFFFFF0951FFFFFF,Q
$TX,6171,143148,0CF00400,FFFFFFD850FFFFFF,Q
$TX,6172,143153,0CF00400,FFFFFFA850FFFFFF,Q
$TX,6173,143158,0CF00400,FFFFFF7850FFFFFF,Q
$TX,6174,143163,0CF00400,FFFFFF4750FFFFFF,Q
$TX,6175,143168,0CF00400,FFFFFF1650FFFFFF,Q
$TX,6176,143173,0CF00400,FFFFFFE64FFFFFFF,Q
$TX,6177,143178,0CF00400,FFFFFFB54FFFFFFF,Q
$TX,6178,143183,0CF00400,FFFFFF844FFFFFFF,Q
$TX,6179,143188,0CF00400,FFFFFF534FFFFFFF,Q
$TX,6180,143193,0CF00400,FFFFFF224FFFFFFF,Q
$TX,6181,143198,0CF00400,FFFFFFF04EFFFFFF,Q
$TX,6182,143203,0CF00400,FFFFFFBF4EFFFFFF,Q
$TX,6183,143208,0CF00400,FFFFFF8E4EFFFFFF,Q
$TX,6184,143213,0CF00400,FFFFFF5C4EFFFFFF,Q
$TX,6185,143218,0CF00400,FFFFFF2B4EFFFFFF,Q
$TX,6186,143223,0CF00400,FFFFFFF94DFFFFFF,Q
$TX,6187,143228,0CF00400,FFFFFFC74DFFFFFF,Q
$TX,6188,143233,0CF00400,FFFFFF954DFFFFFF,Q
$TX,6189,143238,0CF00400,FFFFFF634DFFFFFF,Q
$TX,6190,143243,0CF00400,FFFFFF314DFFFFFF,Q
$TX,6191,143248,0CF00400,FFFFFFFF4CFFFFFF,Q
$TX,6192,143253,0CF00400,FFFFFFCD4CFFFFFF,Q
$TX,6193,143258,0CF00400,FFFFFF9A4CFFFFFF,Q
$TX,6194,143263,0CF00400,FFFFFF684CFFFFFF,Q
$TX,6195,143268,0CF00400,FFFFFF364CFFFFFF,Q
$TX,6196,143273,0CF00400,FFFFFF034CFFFFFF,Q
$TX,6197,143278,0CF00400,FFFFFFD04BFFFFFF,Q
$TX,6198,143283,0CF00400,FFFFFF9E4BFFFFFF,Q
$TX,6199,143288,0CF00400,FFFFFF6B4BFFFFFF,Q
$TX,6200,143293,0CF00400,FFFFFF384BFFFFFF,Q
$TX,6201,143298,0CF00400,FFFFFF054BFFFFFF,Q
$TX,6202,143303,0CF00400,FFFFFFD24AFFFFFF,Q
$TX,6203,143308,0CF00400,FFFFFF9F4AFFFFFF,Q
$TX,6204,143313,0CF00400,FFFFFF6B4AFFFFFF,Q
$TX,6205,143318,0CF00400,FFFFFF384AFFFFFF,Q
$TX,6206,143323,0CF00400,FFFFFF054AFFFFFF,Q
$TX,6207,143328,0CF00400,FFFFFFD149FFFFFF,Q
$TX,6208,143333,0CF00400,FFFFFF9E49FFFFFF,Q
$TX,6209,143338,0CF00400,FFFFFF6A49FFFFFF,Q
$TX,6210,143343,0CF00400,FFFFFF3649FFFFFF,Q
$TX,6211,143348,0CF00400,FFFFFF0349FFFFFF,Q
$TX,6212,143353,0CF00400,FFFFFFCF48FFFFFF,Q
$TX,6213,143358,0CF00400,FFFFFF9B48FFFFFF,Q
$TX,6214,143363,0CF00400,FFFFFF6748FFFFFF,Q
$TX,6215,143368,0CF00400,FFFFFF3348FFFFFF,Q
$TX,6216,143373,0CF00400,FFFFFFFF47FFFFFF,Q
$TX,6217,143378,0CF00400,FFFFFFCA47FFFFFF,Q
$TX,6218,143383,0CF00400,FFFFFF9647FFFFFF,Q
$TX,6219,143388,0CF00400,FFFFFF6247FFFFFF,Q
$TX,6220,143393,0CF00400,FFFFFF2E47FFFFFF,Q
$TX,6221,143398,0CF00400,FFFFFFF946FFFFFF,Q
$TX,6222,143403,0CF00400,FFFFFFC546FFFFFF,Q
$TX,6223,143408,0CF00400,FFFFFF9046FFFFFF,Q
$TX,6224,143413,0CF00400,FFFFFF5B46FFFFFF,Q
$TX,6225,143418,0CF00400,FFFFFF2746FFFFFF,Q
$TX,6226,143423,0CF00400,FFFFFFF245FFFFFF,Q
$TX,6227,143428,0CF00400,FFFFFFBD45FFFFFF,Q
$TX,6228,143433,0CF00400,FFFFFF8845FFFFFF,Q
$TX,6229,143438,0CF00400,FFFFFF5345FFFFFF,Q
$TX,6230,143443,0CF00400,FFFFFF1E45FFFFFF,Q
$TX,6231,143448,0CF00400,FFFFFFE944FFFFFF,Q
$TX,6232,143453,0CF00400,FFFFFFB444FFFFFF,Q
$TX,6233,143458,0CF00400,FFFFFF7F44FFFFFF,Q
$TX,6234,143463,0CF00400,FFFFFF4A44FFFFFF,Q
$TX,6235,143468,0CF00400,FFFFFF1444FFFFFF,Q
$TX,6236,143473,0CF00400,FFFFFFDF43FFFFFF,Q
$TX,6237,143478,0CF00400,FFFFFFAA43FFFFFF,Q
$TX,6238,143483,0CF00400,FFFFFF7443FFFFFF,Q
$TX,6239,143488,0CF00400,FFFFFF3F43FFFFFF,Q
$TX,6240,143493,0CF00400,FFFFFF0943FFFFFF,Q
$TX,6241,143498,0CF00400,FFFFFFD442FFFFFF,Q
$TX,6242,143503,0CF00400,FFFFFF9E42FFFFFF,Q
$TX,6243,143508,0CF00400,FFFFFF6842FFFFFF,Q
$TX,6244,143513,0CF00400,FFFFFF3342FFFFFF,Q
$TX,6245,143518,0CF00400,FFFFFFFD41FFFFFF,Q
$TX,6246,143523,0CF00400,FFFFFFC741FFFFFF,Q
$TX,6247,143528,0CF00400,FFFFFF9141FFFFFF,Q
$TX,6248,143533,0CF00400,FFFFFF5B41FFFFFF,Q
$TX,6249,143538,0CF00400,FFFFFF2541FFFFFF,Q
$TX,6250,143543,0CF00400,FFFFFFEF40FFFFFF,Q
$TX,6251,143548,0CF00400,FFFFFFB940FFFFFF,Q
$TX,6252,143553,0CF00400,FFFFFF8340FFFFFF,Q
$TX,6253,143558,0CF00400,FFFFFF4D40FFFFFF,Q
$TX,6254,143563,0CF00400,FFFFFF1740FFFFFF,Q
$TX,6255,143568,0CF00400,FFFFFFE13FFFFFFF,Q
$TX,6256,143573,0CF00400,FFFFFFAB3FFFFFFF,Q
$TX,6257,143578,0CF00400,FFFFFF743FFFFFFF,Q
$TX,6258,143583,0CF00400,FFFFFF3E3FFFFFFF,Q
$TX,6259,143588,0CF00400,FFFFFF083FFFFFFF,Q
$TX,6260,143593,0CF00400,FFFFFFD13EFFFFFF,Q
$TX,6261,143598,0CF00400,FFFFFF9B3EFFFFFF,Q
$TX,6262,143603,0CF00400,FFFFFF653EFFFFFF,Q
$TX,6263,143608,0CF00400,FFFFFF2E3EFFFFFF,Q
$TX,6264,143613,0CF00400,FFFFFFF83DFFFFFF,Q
$TX,6265,143618,0CF00400,FFFFFFC13DFFFFFF,Q
$TX,6266,143623,0CF00400,FFFFFF8B3DFFFFFF,Q
$TX,6267,143628,0CF00400,FFFFFF543DFFFFFF,Q
$TX,6268,143633,0CF00400,FFFFFF1E3DFFFFFF,Q
$TX,6269,143638,0CF00400,FFFFFFE73CFFFFFF,Q
$TX,6270,143643,0CF00400,FFFFFFB03CFFFFFF,Q
$TX,6271,143648,0CF00400,FFFFFF7A3CFFFFFF,Q
$TX,6272,143653,0CF00400,FFFFFF433CFFFFFF,Q
$TX,6273,143658,0CF00400,FFFFFF0C3CFFFFFF,Q
$TX,6274,143663,0CF00400,FFFFFFD63BFFFFFF,Q
$TX,6275,143668,0CF00400,FFFFFF9F3BFFFFFF,Q
$TX,6276,143673,0CF00400,FFFFFF683BFFFFFF,Q
$TX,6277,143678,0CF00400,FFFFFF313BFFFFFF,Q
$TX,6278,143683,0CF00400,FFFFFFFA3AFFFFFF,Q
$TX,6279,143688,0CF00400,FFFFFFC43AFFFFFF,Q
$TX,6280,143693,0CF00400,FFFFFF8D3AFFFFFF,Q
$TX,6281,143698,0CF00400,FFFFFF563AFFFFFF,Q
$TX,6282,143703,0CF00400,FFFFFF1F3AFFFFFF,Q
$TX,6283,143708,0CF00400,FFFFFFE839FFFFFF,Q
$TX,6284,143713,0CF00400,FFFFFFB139FFFFFF,Q
$TX,6285,143718,0CF00400,FFFFFF7A39FFFFFF,Q
$TX,6286,143723,0CF00400,FFFFFF4339FFFFFF,Q
$TX,6287,143728,0CF00400,FFFFFF0D39FFFFFF,Q
$TX,6288,143733,0CF00400,FFFFFFD638FFFFFF,Q
$TX,6289,143738,0CF00400,FFFFFF9F38FFFFFF,Q
$TX,6290,143743,0CF00400,FFFFFF6838FFFFFF,Q
$TX,6291,143748,0CF00400,FFFFFF3138FFFFFF,Q
$TX,6292,143753,0CF00400,FFFFFFFA37FFFFFF,Q
$TX,6293,143758,0CF00400,FFFFFFC337FFFFFF,Q
$TX,6294,143763,0CF00400,FFFFFF8C37FFFFFF,Q
$TX,6295,143768,0CF00400,FFFFFF5537FFFFFF,Q
$TX,6296,143773,0CF00400,FFFFFF1E37FFFFFF,Q
$TX,6297,143778,0CF00400,FFFFFFE736FFFFFF,Q
$TX,6298,143783,0CF00400,FFFFFFB036FFFFFF,Q
$TX,6299,143788,0CF00400,FFFFFF7936FFFFFF,Q
$TX,6300,143793,0CF00400,FFFFFF4236FFFFFF,Q
$TX,6301,143798,0CF00400,FFFFFF0B36FFFFFF,Q
$TX,6302,143803,0CF00400,FFFFFFD435FFFFFF,Q
$TX,6303,143808,0CF00400,FFFFFF9D35FFFFFF,Q
$TX,6304,143813,0CF00400,FFFFFF6635FFFFFF,Q
$TX,6305,143818,0CF00400,FFFFFF2F35FFFFFF,Q
$TX,6306,143823,0CF00400,FFFFFFF834FFFFFF,Q
$TX,6307,143828,0CF00400,FFFFFFC134FFFFFF,Q
$TX,6308,143833,0CF00400,FFFFFF8A34FFFFFF,Q
$TX,6309,143838,0CF00400,FFFFFF5334FFFFFF,Q
$TX,6310,143843,0CF00400,FFFFFF1D34FFFFFF,Q
$TX,6311,143848,0CF00400,FFFFFFE633FFFFFF,Q
$TX,6312,143853,0CF00400,FFFFFFAF33FFFFFF,Q
$TX,6313,143858,0CF00400,FFFFFF7833FFFFFF,Q
$TX,6314,143863,0CF00400,FFFFFF4133FFFFFF,Q
$TX,6315,143868,0CF00400,FFFFFF0A33FFFFFF,Q
$TX,6316,143873,0CF00400,FFFFFFD332FFFFFF,Q
$TX,6317,143878,0CF00400,FFFFFF9C32FFFFFF,Q
$TX,6318,143883,0CF00400,FFFFFF6632FFFFFF,Q
$TX,6319,143888,0CF00400,FFFFFF2F32FFFFFF,Q
$TX,6320,143893,0CF00400,FFFFFFF831FFFFFF,Q
$TX,6321,143898,0CF00400,FFFFFFC131FFFFFF,Q
$TX,6322,143903,0CF00400,FFFFFF8A31FFFFFF,Q
$TX,6323,143908,0CF00400,FFFFFF5431FFFFFF,Q
$TX,6324,143913,0CF00400,FFFFFF1D31FFFFFF,Q
$TX,6325,143918,0CF00400,FFFFFFE630FFFFFF,Q
$TX,6326,143923,0CF00400,FFFFFFB030FFFFFF,Q
$TX,6327,143928,0CF00400,FFFFFF7930FFFFFF,Q
$TX,6328,143933,0CF00400,FFFFFF4230FFFFFF,Q
$TX,6329,143938,0CF00400,FFFFFF0C30FFFFFF,Q
$TX,6330,143943,0CF00400,FFFFFFD52FFFFFFF,Q
$TX,6331,143948,0CF00400,FFFFFF9F2FFFFFFF,Q
$TX,6332,143953,0CF00400,FFFFFF682FFFFFFF,Q
$TX,6333,143958,0CF00400,FFFFFF322FFFFFFF,Q
$TX,6334,143963,0CF00400,FFFFFFFB2EFFFFFF,Q
$TX,6335,143968,0CF00400,FFFFFFC52EFFFFFF,Q
$TX,6336,143973,0CF00400,FFFFFF8F2EFFFFFF,Q
$TX,6337,143978,0CF00400,FFFFFF582EFFFFFF,Q
$TX,6338,143983,0CF00400,FFFFFF222EFFFFFF,Q
$TX,6339,143988,0CF00400,FFFFFFEC2DFFFFFF,Q
$TX,6340,143993,0CF00400,FFFFFFB52DFFFFFF,Q
$TX,6341,143998,0CF00400,FFFFFF7F2DFFFFFF,Q
$TX,6342,144003,0CF00400,FFFFFF492DFFFFFF,Q
$TX,6343,144008,0CF00400,FFFFFF132DFFFFFF,Q
$TX,6344,144013,0CF00400,FFFFFFDD2CFFFFFF,Q
$TX,6345,144018,0CF00400,FFFFFFA72CFFFFFF,Q
$TX,6346,144023,0CF00400,FFFFFF712CFFFFFF,Q
$TX,6347,144028,0CF00400,FFFFFF3B2CFFFFFF,Q
$TX,6348,144033,0CF00400,FFFFFF052CFFFFFF,Q
$TX,6349,144038,0CF00400,FFFFFFCF2BFFFFFF,Q
$TX,6350,144043,0CF00400,FFFFFF992BFFFFFF,Q
$TX,6351,144048,0CF00400,FFFFFF632BFFFFFF,Q
$TX,6352,144053,0CF00400,FFFFFF2D2BFFFFFF,Q
$TX,6353,144058,0CF00400,FFFFFFF82AFFFFFF,Q
$TX,6354,144063,0CF00400,FFFFFFC22AFFFFFF,Q
$TX,6355,144068,0CF00400,FFFFFF8C2AFFFFFF,Q
$TX,6356,144073,0CF00400,FFFFFF572AFFFFFF,Q
$TX,6357,144078,0CF00400,FFFFFF212AFFFFFF,Q
$TX,6358,144083,0CF00400,FFFFFFEC29FFFFFF,Q
$TX,6359,144088,0CF00400,FFFFFFB629FFFFFF,Q
$TX,6360,144093,0CF00400,FFFFFF8129FFFFFF,Q
$TX,6361,144098,0CF00400,FFFFFF4C29FFFFFF,Q
$TX,6362,144103,0CF00400,FFFFFF1629FFFFFF,Q
$TX,6363,144108,0CF00400,FFFFFFE128FFFFFF,Q
$TX,6364,144113,0CF00400,FFFFFFAC28FFFFFF,Q
$TX,6365,144118,0CF00400,FFFFFF7728FFFFFF,Q
$TX,6366,144123,0CF00400,FFFFFF4228FFFFFF,Q
$TX,6367,144128,0CF00400,FFFFFF0D28FFFFFF,Q
$TX,6368,144133,0CF00400,FFFFFFD827FFFFFF,Q
$TX,6369,144138,0CF00400,FFFFFFA327FFFFFF,Q
$TX,6370,144143,0CF00400,FFFFFF6E27FFFFFF,Q
$TX,6371,144148,0CF00400,FFFFFF3927FFFFFF,Q
$TX,6372,144153,0CF00400,FFFFFF0527FFFFFF,Q
$TX,6373,144158,0CF00400,FFFFFFD026FFFFFF,Q
$TX,6374,144163,0CF00400,FFFFFF9B26FFFFFF,Q
$TX,6375,144168,0CF00400,FFFFFF6726FFFFFF,Q
$TX,6376,144173,0CF00400,FFFFFF3226FFFFFF,Q
$TX,6377,144178,0CF00400,FFFFFFFE25FFFFFF,Q
$TX,6378,144183,0CF00400,FFFFFFCA25FFFFFF,Q
$TX,6379,144188,0CF00400,FFFFFF9625FFFFFF,Q
$TX,6380,144193,0CF00400,FFFFFF6125FFFFFF,Q
$TX,6381,144198,0CF00400,FFFFFF2D25FFFFFF,Q
$TX,6382,144203,0CF00400,FFFFFFF924FFFFFF,Q
$TX,6383,144208,0CF00400,FFFFFFC524FFFFFF,Q
$TX,6384,144213,0CF00400,FFFFFF9124FFFFFF,Q
$TX,6385,144218,0CF00400,FFFFFF5D24FFFFFF,Q
$TX,6386,144223,0CF00400,FFFFFF2A24FFFFFF,Q
$TX,6387,144228,0CF00400,FFFFFFF623FFFFFF,Q
$TX,6388,144233,0CF00400,FFFFFFC223FFFFFF,Q
$TX,6389,144238,0CF00400,FFFFFF8F23FFFFFF,Q
$TX,6390,144243,0CF00400,FFFFFF5B23FFFFFF,Q
$TX,6391,144248,0CF00400,FFFFFF2823FFFFFF,Q
$TX,6392,144253,0CF00400,FFFFFFF522FFFFFF,Q
$TX,6393,144258,0CF00400,FFFFFFC122FFFFFF,Q
$TX,6394,144263,0CF00400,FFFFFF8E22FFFFFF,Q
$TX,6395,144268,0CF00400,FFFFFF5B22FFFFFF,Q
$TX,6396,144273,0CF00400,FFFFFF2822FFFFFF,Q
$TX,6397,144278,0CF00400,FFFFFFF521FFFFFF,Q
$TX,6398,144283,0CF00400,FFFFFFC221FFFFFF,Q
$TX,6399,144288,0CF00400,FFFFFF9021FFFFFF,Q
$TX,6400,144293,0CF00400,FFFFFF5D21FFFFFF,Q
$TX,6401,144298,0CF00400,FFFFFF2A21FFFFFF,Q
$TX,6402,144303,0CF00400,FFFFFFF820FFFFFF,Q
$TX,6403,144308,0CF00400,FFFFFFC620FFFFFF,Q
$TX,6404,144313,0CF00400,FFFFFF9320FFFFFF,Q
$TX,6405,144318,0CF00400,FFFFFF6120FFFFFF,Q
$TX,6406,144323,0CF00400,FFFFFF2F20FFFFFF,Q
$TX,6407,144328,0CF00400,FFFFFFFD1FFFFFFF,Q
$TX,6408,144333,0CF00400,FFFFFFCB1FFFFFFF,Q
$TX,6409,144338,0CF00400,FFFFFF991FFFFFFF,Q
$TX,6410,144343,0CF00400,FFFFFF671FFFFFFF,Q
$TX,6411,144348,0CF00400,FFFFFF351FFFFFFF,Q
$TX,6412,144353,0CF00400,FFFFFF041FFFFFFF,Q
$TX,6413,144358,0CF00400,FFFFFFD21EFFFFFF,Q
$TX,6414,144363,0CF00400,FFFFFFA11EFFFFFF,Q
$TX,6415,144368,0CF00400,FFFFFF701EFFFFFF,Q
$TX,6416,144373,0CF00400,FFFFFF3E1EFFFFFF,Q
$TX,6417,144378,0CF00400,FFFFFF0D1EFFFFFF,Q
$TX,6418,144383,0CF00400,FFFFFFDC1DFFFFFF,Q
$TX,6419,144388,0CF00400,FFFFFFAB1DFFFFFF,Q
$TX,6420,144393,0CF00400,FFFFFF7A1DFFFFFF,Q
$TX,6421,144398,0CF00400,FFFFFF4A1DFFFFFF,Q
$TX,6422,144403,0CF00400,FFFFFF191DFFFFFF,Q
$TX,6423,144408,0CF00400,FFFFFFE81CFFFFFF,Q
$2X,6424,144413,0CF00400,FFFFFFB81CFFFFFF,Q
$TX,6425,144418,0CF00400,FFFFFF881CFFFFFF,Q
$TX,6426,144423,0CF00400,FFFFFF571CFFFFFF,Q
$TX,6427,144428,0CF00400,FFFFFF271CFFFFFF,Q
$TX,6428,144433,0CF00400,FFFFFFF71BFFFFFF,Q
$TX,6429,144438,0CF00400,FFFFFFC71BFFFFFF,Q
$3X,6430,144443,0CF00400,FFFFFF981BFFFFFF,Q
$TX,6431,144448,0CF00400,FFFFFF681BFFFFFF,Q
$TX,6432,144453,0CF00400,FFFFFF381BFFFFFF,Q
$TX,6433,144458,0CF00400,FFFFFF091BFFFFFF,Q
$TX,6434,144463,0CF00400,FFFFFFD91AFFFFFF,Q
$TX,6435,144468,0CF00400,FFFFFFAA1AFFFFFF,Q
$TX,6436,144473,0CF00400,FFFFFF7B1AFFFFFF,Q
$TX,6437,144478,0CF00400,FFFFFF4C1AFFFFFF,Q
$TX,6438,144483,0CF00400,FFFFFF1D1AFFFFFF,Q
$TX,6439,144488,0CF00400,FFFFFFEE19FFFFFF,Q
$TX,6440,144493,0CF00400,FFFFFFBF19FFFFFF,Q
$TX,6441,144498,0CF00400,FFFFFF9119FFFFFF,Q
$TX,6442,144503,0CF00400,FFFFFF6219FFFFFF,Q
$TX,6443,144508,0CF00400,FFFFFF3419FFFFFF,Q
$TX,6444,144513,0CF00400,FFFFFF0619FFFFFF,Q
$TX,6445,144518,0CF00400,FFFFFFD818FFFFFF,Q
$TX,6446,144523,0CF00400,FFFFFFAA18FFFFFF,Q
$TX,6447,144528,0CF00400,FFFFFF7C18FFFFFF,Q
$TX,6448,144533,0CF00400,FFFFFF4E18FFFFFF,Q
$TX,6449,144538,0CF00400,FFFFFF2018FFFFFF,Q
$TX,6450,144543,0CF00400,FFFFFFF317FFFFFF,Q
$TX,6451,144548,0CF00400,FFFFFFC517FFFFFF,Q
$TX,6452,144553,0CF00400,FFFFFF9817FFFFFF,Q
$TX,6453,144558,0CF00400,FFFFFF6B17FFFFFF,Q
$TX,6454,144563,0CF00400,FFFFFF3E17FFFFFF,Q
$TX,6455,144568,0CF00400,FFFFFF1117FFFFFF,Q
$TX,6456,144573,0CF00400,FFFFFFE416FFFFFF,Q
$TX,6457,144578,0CF00400,FFFFFFB816FFFFFF,Q
$TX,6458,144583,0CF00400,FFFFFF8B16FFFFFF,Q
$TX,6459,144588,0CF00400,FFFFFF5F16FFFFFF,Q
$TX,6460,144593,0CF00400,FFFFFF3216FFFFFF,Q
$TX,6461,144598,0CF00400,FFFFFF0616FFFFFF,Q
$TX,6462,144603,0CF00400,FFFFFFDA15FFFFFF,Q
$TX,6463,144608,0CF00400,FFFFFFAE15FFFFFF,Q
$TX,6464,144613,0CF00400,FFFFFF8215FFFFFF,Q
$TX,6465,144618,0CF00400,FFFFFF5715FFFFFF,Q
$TX,6466,144623,0CF00400,FFFFFF2B15FFFFFF,Q
$TX,6467,144628,0CF00400,FFFFFF0015FFFFFF,Q
$TX,6468,144633,0CF00400,FFFFFFD514FFFFFF,Q
$TX,6469,144638,0CF00400,FFFFFFAA14FFFFFF,Q
$TX,6470,144643,0CF00400,FFFFFF7F14FFFFFF,Q
$TX,6471,144648,0CF00400,FFFFFF5414FFFFFF,Q
$TX,6472,144653,0CF00400,FFFFFF2914FFFFFF,Q
$TX,6473,144658,0CF00400,FFFFFFFE13FFFFFF,Q
$TX,6474,144663,0CF00400,FFFFFFD413FFFFFF,Q
$TX,6475,144668,0CF00400,FFFFFFAA13FFFFFF,Q
$TX,6476,144673,0CF00400,FFFFFF8013FFFFFF,Q
$TX,6477,144678,0CF00400,FFFFFF5613FFFFFF,Q
$TX,6478,144683,0CF00400,FFFFFF2C13FFFFFF,Q
$TX,6479,144688,0CF00400,FFFFFF0213FFFFFF,Q
$TX,6480,144693,0CF00400,FFFFFFD812FFFFFF,Q
$TX,6481,144698,0CF00400,FFFFFFAF12FFFFFF,Q
$TX,6482,144703,0CF00400,FFFFFF8612FFFFFF,Q
$TX,6483,144708,0CF00400,FFFFFF5C12FFFFFF,Q
$TX,6484,144713,0CF00400,FFFFFF3312FFFFFF,Q
$TX,6485,144718,0CF00400,FFFFFF0B12FFFFFF,Q
$TX,6486,144723,0CF00400,FFFFFFE211FFFFFF,Q
$TX,6487,144728,0CF00400,FFFFFFB911FFFFFF,Q
$TX,6488,144733,0CF00400,FFFFFF9111FFFFFF,Q
$TX,6489,144738,0CF00400,FFFFFF6811FFFFFF,Q
$TX,6490,144743,0CF00400,FFFFFF4011FFFFFF,Q
$TX,6491,144748,0CF00400,FFFFFF1811FFFFFF,Q
$TX,6492,144753,0CF00400,FFFFFFF010FFFFFF,Q
$TX,6493,144758,0CF00400,FFFFFFC910FFFFFF,Q
$TX,6494,144763,0CF00400,FFFFFFA110FFFFFF,Q
$TX,6495,144768,0CF00400,FFFFFF7A10FFFFFF,Q
$TX,6496,144773,0CF00400,FFFFFF5310FFFFFF,Q
$TX,6497,144778,0CF00400,FFFFFF2B10FFFFFF,Q
$TX,6498,144783,0CF00400,FFFFFF0510FFFFFF,Q
$TX,6499,144788,0CF00400,FFFFFFDE0FFFFFFF,Q
$TX,6500,144793,0CF00400,FFFFFFB70FFFFFFF,Q
$TX,6501,144798,0CF00400,FFFFFF910FFFFFFF,Q
$TX,6502,144803,0CF00400,FFFFFF6A0FFFFFFF,Q
$TX,6503,144808,0CF00400,FFFFFF440FFFFFFF,Q
$TX,6504,144813,0CF00400,FFFFFF1E0FFFFFFF,Q
$TX,6505,144818,0CF00400,FFFFFFF80EFFFFFF,Q
$TX,6506,144823,0CF00400,FFFFFFD20EFFFFFF,Q
$TX,6507,144828,0CF00400,FFFFFFAD0EFFFFFF,Q
$TX,6508,144833,0CF00400,FFFFFF870EFFFFFF,Q
$TX,6509,144838,0CF00400,FFFFFF620EFFFFFF,Q
$TX,6510,144843,0CF00400,FFFFFF3D0EFFFFFF,Q
$TX,6511,144848,0CF00400,FFFFFF180EFFFFFF,Q
$TX,6512,144853,0CF00400,FFFFFFF30DFFFFFF,Q
$TX,6513,144858,0CF00400,FFFFFFCF0DFFFFFF,Q
$TX,6514,144863,0CF00400,FFFFFFAA0DFFFFFF,Q
$TX,6515,144868,0CF00400,FFFFFF860DFFFFFF,Q
$TX,6516,144873,0CF00400,FFFFFF620DFFFFFF,Q
$TX,6517,144878,0CF00400,FFFFFF3E0DFFFFFF,Q
$TX,6518,144883,0CF00400,FFFFFF1A0DFFFFFF,Q
$TX,6519,144888,0CF00400,FFFFFFF70CFFFFFF,Q
$TX,6520,144893,0CF00400,FFFFFFD30CFFFFFF,Q
$TX,6521,144898,0CF00400,FFFFFFB00CFFFFFF,Q
$TX,6522,144903,0CF00400,FFFFFF8D0CFFFFFF,Q
$7X,6523,144908,0CF00400,FFFFFF6A0CFFFFFF,Q
$TX,6524,144913,0CF00400,FFFFFF470CFFFFFF,Q
$TX,6525,144918,0CF00400,FFFFFF240CFFFFFF,Q
$8X,6526,144923,0CF00400,FFFFFF020CFFFFFF,Q
$TX,6527,144928,0CF00400,FFFFFFE00BFFFFFF,Q
$TX,6528,144933,0CF00400,FFFFFFBE0BFFFFFF,Q
$TX,6529,144938,0CF00400,FFFFFF9C0BFFFFFF,Q
$TX,6530,144943,0CF00400,FFFFFF7A0BFFFFFF,Q
$TX,6531,144948,0CF00400,FFFFFF580BFFFFFF,Q
$TX,6532,144953,0CF00400,FFFFFF370BFFFFFF,Q
$TX,6533,144958,0CF00400,FFFFFF160BFFFFFF,Q
$TX,6534,144963,0CF00400,FFFFFFF40AFFFFFF,Q
$TX,6535,144968,0CF00400,FFFFFFD30AFFFFFF,Q
$TX,6536,144973,0CF00400,FFFFFFB30AFFFFFF,Q
$TX,6537,144978,0CF00400,FFFFFF920AFFFFFF,Q
$TX,6538,144983,0CF00400,FFFFFF720AFFFFFF,Q
$TX,6539,144988,0CF00400,FFFFFF520AFFFFFF,Q
$TX,6540,144993,0CF00400,FFFFFF310AFFFFFF,Q
$TX,6541,144998,0CF00400,FFFFFF120AFFFFFF,Q
$TX,6542,145003,0CF00400,FFFFFFF209FFFFFF,Q
$TX,6543,145008,0CF00400,FFFFFFD209FFFFFF,Q
$TX,6544,145013,0CF00400,FFFFFFB309FFFFFF,Q
$TX,6545,145018,0CF00400,FFFFFF9409FFFFFF,Q
$TX,6546,145023,0CF00400,FFFFFF7509FFFFFF,Q
$TX,6547,145028,0CF00400,FFFFFF5609FFFFFF,Q
$TX,6548,145033,0CF00400,FFFFFF3709FFFFFF,Q
$TX,6549,145038,0CF00400,FFFFFF1909FFFFFF,Q
$TX,6550,145043,0CF00400,FFFFFFFB08FFFFFF,Q
$TX,6551,145048,0CF00400,FFFFFFDD08FFFFFF,Q
$TX,6552,145053,0CF00400,FFFFFFBF08FFFFFF,Q
$TX,6553,145058,0CF00400,FFFFFFA108FFFFFF,Q
$TX,6554,145063,0CF00400,FFFFFF8308FFFFFF,Q
$TX,6555,145068,0CF00400,FFFFFF6608FFFFFF,Q
$TX,6556,145073,0CF00400,FFFFFF4908FFFFFF,Q
$TX,6557,145078,0CF00400,FFFFFF2C08FFFFFF,Q
$TX,6558,145083,0CF00400,FFFFFF0F08FFFFFF,Q
$TX,6559,145088,0CF00400,FFFFFFF207FFFFFF,Q
$TX,6560,145093,0CF00400,FFFFFFD607FFFFFF,Q
$TX,6561,145098,0CF00400,FFFFFFBA07FFFFFF,Q
$TX,6562,145103,0CF00400,FFFFFF9E07FFFFFF,Q
$TX,6563,145108,0CF00400,FFFFFF8207FFFFFF,Q
$TX,6564,145113,0CF00400,FFFFFF6607FFFFFF,Q
$TX,6565,145118,0CF00400,FFFFFF4A07FFFFFF,Q
$TX,6566,145123,0CF00400,FFFFFF2F07FFFFFF,Q
$TX,6567,145128,0CF00400,FFFFFF1407FFFFFF,Q
$TX,6568,145133,0CF00400,FFFFFFF906FFFFFF,Q
$TX,6569,145138,0CF00400,FFFFFFDE06FFFFFF,Q
$TX,6570,145143,0CF00400,FFFFFFC406FFFFFF,Q
$TX,6571,145148,0CF00400,FFFFFFA906FFFFFF,Q
$TX,6572,145153,0CF00400,FFFFFF8F06FFFFFF,Q
$TX,6573,145158,0CF00400,FFFFFF7506FFFFFF,Q
$TX,6574,145163,0CF00400,FFFFFF5B06FFFFFF,Q
$TX,6575,145168,0CF00400,FFFFFF4206FFFFFF,Q
$TX,6576,145173,0CF00400,FFFFFF2806FFFFFF,Q
$TX,6577,145178,0CF00400,FFFFFF0F06FFFFFF,Q
$TX,6578,145183,0CF00400,FFFFFFF605FFFFFF,Q
$TX,6579,145188,0CF00400,FFFFFFDD05FFFFFF,Q
$TX,6580,145193,0CF00400,FFFFFFC405FFFFFF,Q
$TX,6581,145198,0CF00400,FFFFFFAC05FFFFFF,Q
$TX,6582,145203,0CF00400,FFFFFF9405FFFFFF,Q
$TX,6583,145208,0CF00400,FFFFFF7C05FFFFFF,Q
$TX,6584,145213,0CF00400,FFFFFF6405FFFFFF,Q
$TX,6585,145218,0CF00400,FFFFFF4C05FFFFFF,Q
$TX,6586,145223,0CF00400,FFFFFF3405FFFFFF,Q
$1X,6587,145228,0CF00400,FFFFFF1D05FFFFFF,Q
$TX,6588,145233,0CF00400,FFFFFF0605FFFFFF,Q
$TX,6589,145238,0CF00400,FFFFFFEF04FFFFFF,Q
$TX,6590,145243,0CF00400,FFFFFFD804FFFFFF,Q
$TX,6591,145248,0CF00400,FFFFFFC204FFFFFF,Q
$TX,6592,145253,0CF00400,FFFFFFAB04FFFFFF,Q
$TX,6593,145258,0CF00400,FFFFFF9504FFFFFF,Q
$TX,6594,145263,0CF00400,FFFFFF7F04FFFFFF,Q
$TX,6595,145268,0CF00400,FFFFFF6A04FFFFFF,Q
$TX,6596,145273,0CF00400,FFFFFF5404FFFFFF,Q
$TX,6597,145278,0CF00400,FFFFFF3F04FFFFFF,Q
$TX,6598,145283,0CF00400,FFFFFF2A04FFFFFF,Q
$TX,6599,145288,0CF00400,FFFFFF1504FFFFFF,Q
$TX,6600,145293,0CF00400,FFFFFF0004FFFFFF,Q
$TX,6601,145298,0CF00400,FFFFFFEB03FFFFFF,Q
$TX,6602,145303,0CF00400,FFFFFFD703FFFFFF,Q
$TX,6603,145308,0CF00400,FFFFFFC303FFFFFF,Q
$TX,6604,145313,0CF00400,FFFFFFAF03FFFFFF,Q
$TX,6605,145318,0CF00400,FFFFFF9B03FFFFFF,Q
$TX,6606,145323,0CF00400,FFFFFF8803FFFFFF,Q
$TX,6607,145328,0CF00400,FFFFFF7403FFFFFF,Q
$TX,6608,145333,0CF00400,FFFFFF6103FFFFFF,Q
$TX,6609,145338,0CF00400,FFFFFF4E03FFFFFF,Q
$TX,6610,145343,0CF00400,FFFFFF3C03FFFFFF,Q
$TX,6611,145348,0CF00400,FFFFFF2903FFFFFF,Q
$TX,6612,145353,0CF00400,FFFFFF1703FFFFFF,Q
$TX,6613,145358,0CF00400,FFFFFF0503FFFFFF,Q
$TX,6614,145363,0CF00400,FFFFFFF302FFFFFF,Q
$TX,6615,145368,0CF00400,FFFFFFE102FFFFFF,Q
$TX,6616,145373,0CF00400,FFFFFFD002FFFFFF,Q
$TX,6617,145378,0CF00400,FFFFFFBE02FFFFFF,Q
$TX,6618,145383,0CF00400,FFFFFFAD02FFFFFF,Q
$TX,6619,145388,0CF00400,FFFFFF9C02FFFFFF,Q
$TX,6620,145393,0CF00400,FFFFFF8C02FFFFFF,Q
$TX,6621,145398,0CF00400,FFFFFF7B02FFFFFF,Q
$TX,6622,145403,0CF00400,FFFFFF6B02FFFFFF,Q
$TX,6623,145408,0CF00400,FFFFFF5B02FFFFFF,Q
$TX,6624,145413,0CF00400,FFFFFF4B02FFFFFF,Q
$TX,6625,145418,0CF00400,FFFFFF3B02FFFFFF,Q
$TX,6626,145423,0CF00400,FFFFFF2C02FFFFFF,Q
$TX,6627,145428,0CF00400,FFFFFF1D02FFFFFF,Q
$TX,6628,145433,0CF00400,FFFFFF0E02FFFFFF,Q
$TX,6629,145438,0CF00400,FFFFFFFF01FFFFFF,Q
$TX,6630,145443,0CF00400,FFFFFFF001FFFFFF,Q
$TX,6631,145448,0CF00400,FFFFFFE201FFFFFF,Q
$TX,6632,145453,0CF00400,FFFFFFD401FFFFFF,Q
$TX,6633,145458,0CF00400,FFFFFFC601FFFFFF,Q
$TX,6634,145463,0CF00400,FFFFFFB801FFFFFF,Q
$TX,6635,145468,0CF00400,FFFFFFAA01FFFFFF,Q
$TX,6636,145473,0CF00400,FFFFFF9D01FFFFFF,Q
$TX,6637,145478,0CF00400,FFFFFF9001FFFFFF,Q
$TX,6638,145483,0CF00400,FFFFFF8301FFFFFF,Q
$TX,6639,145488,0CF00400,FFFFFF7601FFFFFF,Q
$TX,6640,145493,0CF00400,FFFFFF6A01FFFFFF,Q
$TX,6641,145498,0CF00400,FFFFFF5D01FFFFFF,Q
$TX,6642,145503,0CF00400,FFFFFF5101FFFFFF,Q
$TX,6643,145508,0CF00400,FFFFFF4501FFFFFF,Q
$TX,6644,145513,0CF00400,FFFFFF3A01FFFFFF,Q
$TX,6645,145518,0CF00400,FFFFFF2E01FFFFFF,Q
$TX,6646,145523,0CF00400,FFFFFF2301FFFFFF,Q
$TX,6647,145528,0CF00400,FFFFFF1801FFFFFF,Q
$TX,6648,145533,0CF00400,FFFFFF0D01FFFFFF,Q
$TX,6649,145538,0CF00400,FFFFFF0201FFFFFF,Q
$TX,6650,145543,0CF00400,FFFFFFF800FFFFFF,Q
$TX,6651,145548,0CF00400,FFFFFFEE00FFFFFF,Q
$TX,6652,145553,0CF00400,FFFFFFE400FFFFFF,Q
$TX,6653,145558,0CF00400,FFFFFFDA00FFFFFF,Q
$TX,6654,145563,0CF00400,FFFFFFD000FFFFFF,Q
$TX,6655,145568,0CF00400,FFFFFFC700FFFFFF,Q
$TX,6656,145573,0CF00400,FFFFFFBE00FFFFFF,Q
$TX,6657,145578,0CF00400,FFFFFFB500FFFFFF,Q
$TX,6658,145583,0CF00400,FFFFFFAC00FFFFFF,Q
$TX,6659,145588,0CF00400,FFFFFFA400FFFFFF,Q
$TX,6660,145593,0CF00400,FFFFFF9C00FFFFFF,Q
$TX,6661,145598,0CF00400,FFFFFF9400FFFFFF,Q
$TX,6662,145603,0CF00400,FFFFFF8C00FFFFFF,Q
$TX,6663,145608,0CF00400,FFFFFF8400FFFFFF,Q
$TX,6664,145613,0CF00400,FFFFFF7D00FFFFFF,Q
$TX,6665,145618,0CF00400,FFFFFF7500FFFFFF,Q
$TX,6666,145623,0CF00400,FFFFFF6E00FFFFFF,Q
$TX,6667,145628,0CF00400,FFFFFF6800FFFFFF,Q
$TX,6668,145633,0CF00400,FFFFFF6100FFFFFF,Q
$TX,6669,145638,0CF00400,FFFFFF5B00FFFFFF,Q
$TX,6670,145643,0CF00400,FFFFFF5500FFFFFF,Q
$TX,6671,145648,0CF00400,FFFFFF4F00FFFFFF,Q
$TX,6672,145653,0CF00400,FFFFFF4900FFFFFF,Q
$TX,6673,145658,0CF00400,FFFFFF4300FFFFFF,Q
$TX,6674,145663,0CF00400,FFFFFF3E00FFFFFF,Q
$TX,6675,145668,0CF00400,FFFFFF3900FFFFFF,Q
$TX,6676,145673,0CF00400,FFFFFF3400FFFFFF,Q
$TX,6677,145678,0CF00400,FFFFFF3000FFFFFF,Q
$TX,6678,145683,0CF00400,FFFFFF2B00FFFFFF,Q
$TX,6679,145688,0CF00400,FFFFFF2700FFFFFF,Q
$TX,6680,145693,0CF00400,FFFFFF2300FFFFFF,Q
$TX,6681,145698,0CF00400,FFFFFF1F00FFFFFF,Q
$TX,6682,145703,0CF00400,FFFFFF1C00FFFFFF,Q
$TX,6683,145708,0CF00400,FFFFFF1800FFFFFF,Q
$TX,6684,145713,0CF00400,FFFFFF1500FFFFFF,Q
$TX,6685,145718,0CF00400,FFFFFF1200FFFFFF,Q
$TX,6686,145723,0CF00400,FFFFFF1000FFFFFF,Q
$TX,6687,145728,0CF00400,FFFFFF0D00FFFFFF,Q
$TX,6688,145733,0CF00400,FFFFFF0B00FFFFFF,Q
$TX,6689,145738,0CF00400,FFFFFF0900FFFFFF,Q
$TX,6690,145743,0CF00400,FFFFFF0700FFFFFF,Q
$TX,6691,145748,0CF00400,FFFFFF0500FFFFFF,Q
$TX,6692,145753,0CF00400,FFFFFF0400FFFFFF,Q
$TX,6693,145758,0CF00400,FFFFFF0300FFFFFF,Q
$TX,6694,145763,0CF00400,FFFFFF0200FFFFFF,Q
$TX,6695,145768,0CF00400,FFFFFF0100FFFFFF,Q
$TX,6696,145773,0CF00400,FFFFFF0000FFFFFF,Q
$TX,6697,145778,0CF00400,FFFFFF0000FFFFFF,Q
$TX,6698,145783,0CF00400,FFFFFF0000FFFFFF,Q
$TX,6699,145788,0CF00400,FFFFFF0000FFFFFF,Q
$TX,6700,145793,0CF00400,FFFFFF0000FFFFFF,Q
$TX,6701,145798,0CF00400,FFFFFF0100FFFFFF,Q
$TX,6702,145803,0CF00400,FFFFFF0200FFFFFF,Q
$TX,6703,145808,0CF00400,FFFFFF0300FFFFFF,Q
$TX,6704,145813,0CF00400,FFFFFF0400FFFFFF,Q
$TX,6705,145818,0CF00400,FFFFFF0500FFFFFF,Q
$TX,6706,145823,0CF00400,FFFFFF0700FFFFFF,Q
$TX,6707,145828,0CF00400,FFFFFF0900FFFFFF,Q
$TX,6708,145833,0CF00400,FFFFFF0B00FFFFFF,Q
$TX,6709,145838,0CF00400,FFFFFF0D00FFFFFF,Q
$TX,6710,145843,0CF00400,FFFFFF1000FFFFFF,Q
$TX,6711,145848,0CF00400,FFFFFF1200FFFFFF,Q
$TX,6712,145853,0CF00400,FFFFFF1500FFFFFF,Q
$TX,6713,145858,0CF00400,FFFFFF1800FFFFFF,Q
$TX,6714,145863,0CF00400,FFFFFF1C00FFFFFF,Q
$TX,6715,145868,0CF00400,FFFFFF1F00FFFFFF,Q
$TX,6716,145873,0CF00400,FFFFFF2300FFFFFF,Q
$TX,6717,145878,0CF00400,FFFFFF2700FFFFFF,Q
$TX,6718,145883,0CF00400,FFFFFF2B00FFFFFF,Q
$TX,6719,145888,0CF00400,FFFFFF3000FFFFFF,Q
$TX,6720,145893,0CF00400,FFFFFF3400FFFFFF,Q
$TX,6721,145898,0CF00400,FFFFFF3900FFFFFF,Q
$TX,6722,145903,0CF00400,FFFFFF3E00FFFFFF,Q
$TX,6723,145908,0CF00400,FFFFFF4300FFFFFF,Q
$TX,6724,145913,0CF00400,FFFFFF4900FFFFFF,Q
$TX,6725,145918,0CF00400,FFFFFF4F00FFFFFF,Q
$TX,6726,145923,0CF00400,FFFFFF5500FFFFFF,Q
$TX,6727,145928,0CF00400,FFFFFF5B00FFFFFF,Q
$TX,6728,145933,0CF00400,FFFFFF6100FFFFFF,Q
$TX,6729,145938,0CF00400,FFFFFF6800FFFFFF,Q
$TX,6730,145943,0CF00400,FFFFFF6E00FFFFFF,Q
$TX,6731,145948,0CF00400,FFFFFF7500FFFFFF,Q
$TX,6732,145953,0CF00400,FFFFFF7D00FFFFFF,Q
$TX,6733,145958,0CF00400,FFFFFF8400FFFFFF,Q
$TX,6734,145963,0CF00400,FFFFFF8C00FFFFFF,Q
$TX,6735,145968,0CF00400,FFFFFF9400FFFFFF,Q
$TX,6736,145973,0CF00400,FFFFFF9C00FFFFFF,Q
$TX,6737,145978,0CF00400,FFFFFFA400FFFFFF,Q
$TX,6738,145983,0CF00400,FFFFFFAC00FFFFFF,Q
$TX,6739,145988,0CF00400,FFFFFFB500FFFFFF,Q
$TX,6740,145993,0CF00400,FFFFFFBE00FFFFFF,Q
$TX,6741,145998,0CF00400,FFFFFFC700FFFFFF,Q
$TX,6742,146003,0CF00400,FFFFFFD000FFFFFF,Q
$TX,6743,146008,0CF00400,FFFFFFDA00FFFFFF,Q
$TX,6744,146013,0CF00400,FFFFFFE400FFFFFF,Q
$TX,6745,146018,0CF00400,FFFFFFEE00FFFFFF,Q
$TX,6746,146023,0CF00400,FFFFFFF800FFFFFF,Q
$TX,6747,146028,0CF00400,FFFFFF0201FFFFFF,Q
$TX,6748,146033,0CF00400,FFFFFF0D01FFFFFF,Q
$TX,6749,146038,0CF00400,FFFFFF1801FFFFFF,Q
$TX,6750,146043,0CF00400,FFFFFF2301FFFFFF,Q
$TX,6751,146048,0CF00400,FFFFFF2E01FFFFFF,Q
$TX,6752,146053,0CF00400,FFFFFF3A01FFFFFF,Q
$TX,6753,146058,0CF00400,FFFFFF4501FFFFFF,Q
$TX,6754,146063,0CF00400,FFFFFF5101FFFFFF,Q
$TX,6755,146068,0CF00400,FFFFFF5D01FFFFFF,Q
$TX,6756,146073,0CF00400,FFFFFF6A01FFFFFF,Q
$TX,6757,146078,0CF00400,FFFFFF7601FFFFFF,Q
$TX,6758,146083,0CF00400,FFFFFF8301FFFFFF,Q
$TX,6759,146088,0CF00400,FFFFFF9001FFFFFF,Q
$TX,6760,146093,0CF00400,FFFFFF9D01FFFFFF,Q
$TX,6761,146098,0CF00400,FFFFFFAA01FFFFFF,Q
$TX,6762,146103,0CF00400,FFFFFFB801FFFFFF,Q
$TX,6763,146108,0CF00400,FFFFFFC601FFFFFF,Q
$TX,6764,146113,0CF00400,FFFFFFD401FFFFFF,Q
$TX,6765,146118,0CF00400,FFFFFFE201FFFFFF,Q
$TX,6766,146123,0CF00400,FFFFFFF001FFFFFF,Q
$TX,6767,146128,0CF00400,FFFFFFFF01FFFFFF,Q
$TX,6768,146133,0CF00400,FFFFFF0E02FFFFFF,Q
$TX,6769,146138,0CF00400,FFFFFF1D02FFFFFF,Q
$TX,6770,146143,0CF00400,FFFFFF2C02FFFFFF,Q
$TX,6771,146148,0CF00400,FFFFFF3B02FFFFFF,Q
$TX,6772,146153,0CF00400,FFFFFF4B02FFFFFF,Q
$TX,6773,146158,0CF00400,FFFFFF5B02FFFFFF,Q
$TX,6774,146163,0CF00400,FFFFFF6B02FFFFFF,Q
$TX,6775,146168,0CF00400,FFFFFF7B02FFFFFF,Q
$TX,6776,146173,0CF00400,FFFFFF8C02FFFFFF,Q
$TX,6777,146178,0CF00400,FFFFFF9C02FFFFFF,Q
$TX,6778,146183,0CF00400,FFFFFFAD02FFFFFF,Q
$TX,6779,146188,0CF00400,FFFFFFBE02FFFFFF,Q
$TX,6780,146193,0CF00400,FFFFFFD002FFFFFF,Q
$TX,6781,146198,0CF00400,FFFFFFE102FFFFFF,Q
$TX,6782,146203,0CF00400,FFFFFFF302FFFFFF,Q
$TX,6783,146208,0CF00400,FFFFFF0503FFFFFF,Q
$TX,6784,146213,0CF00400,FFFFFF1703FFFFFF,Q
$TX,6785,146218,0CF00400,FFFFFF2903FFFFFF,Q
$TX,6786,146223,0CF00400,FFFFFF3C03FFFFFF,Q
$TX,6787,146228,0CF00400,FFFFFF4E03FFFFFF,Q
$TX,6788,146233,0CF00400,FFFFFF6103FFFFFF,Q
$TX,6789,146238,0CF00400,FFFFFF7403FFFFFF,Q
$TX,6790,146243,0CF00400,FFFFFF8803FFFFFF,Q
$TX,6791,146248,0CF00400,FFFFFF9B03FFFFFF,Q
$TX,6792,146253,0CF00400,FFFFFFAF03FFFFFF,Q
$TX,6793,146258,0CF00400,FFFFFFC303FFFFFF,Q
$TX,6794,146263,0CF00400,FFFFFFD703FFFFFF,Q
$TX,6795,146268,0CF00400,FFFFFFEB03FFFFFF,Q
$TX,6796,146273,0CF00400,FFFFFF0004FFFFFF,Q
$TX,6797,146278,0CF00400,FFFFFF1504FFFFFF,Q
$TX,6798,146283,0CF00400,FFFFFF2A04FFFFFF,Q
$TX,6799,146288,0CF00400,FFFFFF3F04FFFFFF,Q
$TX,6800,146293,0CF00400,FFFFFF5404FFFFFF,Q
$TX,6801,146298,0CF00400,FFFFFF6A04FFFFFF,Q
$TX,6802,146303,0CF00400,FFFFFF7F04FFFFFF,Q
$TX,6803,146308,0CF00400,FFFFFF9504FFFFFF,Q
$TX,6804,146313,0CF00400,FFFFFFAB04FFFFFF,Q
$TX,6805,146318,0CF00400,FFFFFFC204FFFFFF,Q
$TX,6806,146323,0CF00400,FFFFFFD804FFFFFF,Q
$TX,6807,146328,0CF00400,FFFFFFEF04FFFFFF,Q
$TX,6808,146333,0CF00400,FFFFFF0605FFFFFF,Q
$TX,6809,146338,0CF00400,FFFFFF1D05FFFFFF,Q
$TX,6810,146343,0CF00400,FFFFFF3405FFFFFF,Q
$TX,6811,146348,0CF00400,FFFFFF4C05FFFFFF,Q
$TX,6812,146353,0CF00400,FFFFFF6405FFFFFF,Q
$TX,6813,146358,0CF00400,FFFFFF7C05FFFFFF,Q
$TX,6814,146363,0CF00400,FFFFFF9405FFFFFF,Q
$TX,6815,146368,0CF00400,FFFFFFAC05FFFFFF,Q
$TX,6816,146373,0CF00400,FFFFFFC405FFFFFF,Q
$TX,6817,146378,0CF00400,FFFFFFDD05FFFFFF,Q
$TX,6818,146383,0CF00400,FFFFFFF605FFFFFF,Q
$TX,6819,146388,0CF00400,FFFFFF0F06FFFFFF,Q
$TX,6820,146393,0CF00400,FFFFFF2806FFFFFF,Q
$TX,6821,146398,0CF00400,FFFFFF4206FFFFFF,Q
$TX,6822,146403,0CF00400,FFFFFF5B06FFFFFF,Q
$TX,6823,146408,0CF00400,FFFFFF7506FFFFFF,Q
$TX,6824,146413,0CF00400,FFFFFF8F06FFFFFF,Q
$TX,6825,146418,0CF00400,FFFFFFA906FFFFFF,Q
$TX,6826,146423,0CF00400,FFFFFFC406FFFFFF,Q
$TX,6827,146428,0CF00400,FFFFFFDE06FFFFFF,Q
$TX,6828,146433,0CF00400,FFFFFFF906FFFFFF,Q
$TX,6829,146438,0CF00400,FFFFFF1407FFFFFF,Q
$TX,6830,146443,0CF00400,FFFFFF2F07FFFFFF,Q
$TX,6831,146448,0CF00400,FFFFFF4A07FFFFFF,Q
$TX,6832,146453,0CF00400,FFFFFF6607FFFFFF,Q
$TX,6833,146458,0CF00400,FFFFFF8207FFFFFF,Q
$TX,6834,146463,0CF00400,FFFFFF9E07FFFFFF,Q
$TX,6835,146468,0CF00400,FFFFFFBA07FFFFFF,Q
$TX,6836,146473,0CF00400,FFFFFFD607FFFFFF,Q
$TX,6837,146478,0CF00400,FFFFFFF207FFFFFF,Q
$TX,6838,146483,0CF00400,FFFFFF0F08FFFFFF,Q
$TX,6839,146488,0CF00400,FFFFFF2C08FFFFFF,Q
$TX,6840,146493,0CF00400,FFFFFF4908FFFFFF,Q
$TX,6841,146498,0CF00400,FFFFFF6608FFFFFF,Q
$TX,6842,146503,0CF00400,FFFFFF8308FFFFFF,Q
$TX,6843,146508,0CF00400,FFFFFFA108FFFFFF,Q
$TX,6844,146513,0CF00400,FFFFFFBF08FFFFFF,Q
$TX,6845,146518,0CF00400,FFFFFFDD08FFFFFF,Q
$TX,6846,146523,0CF00400,FFFFFFFB08FFFFFF,Q
$TX,6847,146528,0CF00400,FFFFFF1909FFFFFF,Q
$TX,6848,146533,0CF00400,FFFFFF3709FFFFFF,Q
$TX,6849,146538,0CF00400,FFFFFF5609FFFFFF,Q
$TX,6850,146543,0CF00400,FFFFFF7509FFFFFF,Q
$4X,6851,146548,0CF00400,FFFFFF9409FFFFFF,Q
$TX,6852,146553,0CF00400,FFFFFFB309FFFFFF,Q
$TX,6853,146558,0CF00400,FFFFFFD209FFFFFF,Q
$TX,6854,146563,0CF00400,FFFFFFF209FFFFFF,Q
$TX,6855,146568,0CF00400,FFFFFF120AFFFFFF,Q
$TX,6856,146573,0CF00400,FFFFFF310AFFFFFF,Q
$TX,6857,146578,0CF00400,FFFFFF520AFFFFFF,Q
$TX,6858,146583,0CF00400,FFFFFF720AFFFFFF,Q
$TX,6859,146588,0CF00400,FFFFFF920AFFFFFF,Q
$TX,6860,146593,0CF00400,FFFFFFB30AFFFFFF,Q
$TX,6861,146598,0CF00400,FFFFFFD30AFFFFFF,Q
$TX,6862,146603,0CF00400,FFFFFFF40AFFFFFF,Q
$TX,6863,146608,0CF00400,FFFFFF160BFFFFFF,Q
$TX,6864,146613,0CF00400,FFFFFF370BFFFFFF,Q
$TX,6865,146618,0CF00400,FFFFFF580BFFFFFF,Q
$TX,6866,146623,0CF00400,FFFFFF7A0BFFFFFF,Q
$TX,6867,146628,0CF00400,FFFFFF9C0BFFFFFF,Q
$TX,6868,146633,0CF00400,FFFFFFBE0BFFFFFF,Q
$TX,6869,146638,0CF00400,FFFFFFE00BFFFFFF,Q
$TX,6870,146643,0CF00400,FFFFFF020CFFFFFF,Q
$TX,6871,146648,0CF00400,FFFFFF240CFFFFFF,Q
$TX,6872,146653,0CF00400,FFFFFF470CFFFFFF,Q
$TX,6873,146658,0CF00400,FFFFFF6A0CFFFFFF,Q
$TX,6874,146663,0CF00400,FFFFFF8D0CFFFFFF,Q
$TX,6875,146668,0CF00400,FFFFFFB00CFFFFFF,Q
$TX,6876,146673,0CF00400,FFFFFFD30CFFFFFF,Q
$TX,6877,146678,0CF00400,FFFFFFF70CFFFFFF,Q
$TX,6878,146683,0CF00400,FFFFFF1A0DFFFFFF,Q
$TX,6879,146688,0CF00400,FFFFFF3E0DFFFFFF,Q
$TX,6880,146693,0CF00400,FFFFFF620DFFFFFF,Q
$TX,6881,146698,0CF00400,FFFFFF860DFFFFFF,Q
$TX,6882,146703,0CF00400,FFFFFFAA0DFFFFFF,Q
$TX,6883,146708,0CF00400,FFFFFFCF0DFFFFFF,Q
$TX,6884,146713,0CF00400,FFFFFFF30DFFFFFF,Q
$TX,6885,146718,0CF00400,FFFFFF180EFFFFFF,Q
$TX,6886,146723,0CF00400,FFFFFF3D0EFFFFFF,Q
$TX,6887,146728,0CF00400,FFFFFF620EFFFFFF,Q
$TX,6888,146733,0CF00400,FFFFFF870EFFFFFF,Q
$TX,6889,146738,0CF00400,FFFFFFAD0EFFFFFF,Q
$TX,6890,146743,0CF00400,FFFFFFD20EFFFFFF,Q
$TX,6891,146748,0CF00400,FFFFFFF80EFFFFFF,Q
$TX,6892,146753,0CF00400,FFFFFF1E0FFFFFFF,Q
$TX,6893,146758,0CF00400,FFFFFF440FFFFFFF,Q
$TX,6894,146763,0CF00400,FFFFFF6A0FFFFFFF,Q
$TX,6895,146768,0CF00400,FFFFFF910FFFFFFF,Q
$TX,6896,146773,0CF00400,FFFFFFB70FFFFFFF,Q
$TX,6897,146778,0CF00400,FFFFFFDE0FFFFFFF,Q
$TX,6898,146783,0CF00400,FFFFFF0510FFFFFF,Q
$TX,6899,146788,0CF00400,FFFFFF2B10FFFFFF,Q
$TX,6900,146793,0CF00400,FFFFFF5310FFFFFF,Q
$TX,6901,146798,0CF00400,FFFFFF7A10FFFFFF,Q
$TX,6902,146803,0CF00400,FFFFFFA110FFFFFF,Q
$TX,6903,146808,0CF00400,FFFFFFC910FFFFFF,Q
$TX,6904,146813,0CF00400,FFFFFFF010FFFFFF,Q
$TX,6905,146818,0CF00400,FFFFFF1811FFFFFF,Q
$TX,6906,146823,0CF00400,FFFFFF4011FFFFFF,Q
$TX,6907,146828,0CF00400,FFFFFF6811FFFFFF,Q
$TX,6908,146833,0CF00400,FFFFFF9111FFFFFF,Q
$TX,6909,146838,0CF00400,FFFFFFB911FFFFFF,Q
$TX,6910,146843,0CF00400,FFFFFFE211FFFFFF,Q
$TX,6911,146848,0CF00400,FFFFFF0B12FFFFFF,Q
$TX,6912,146853,0CF00400,FFFFFF3312FFFFFF,Q
$TX,6913,146858,0CF00400,FFFFFF5C12FFFFFF,Q
$TX,6914,146863,0CF00400,FFFFFF8612FFFFFF,Q
$TX,6915,146868,0CF00400,FFFFFFAF12FFFFFF,Q
$TX,6916,146873,0CF00400,FFFFFFD812FFFFFF,Q
$TX,6917,146878,0CF00400,FFFFFF0213FFFFFF,Q
$TX,6918,146883,0CF00400,FFFFFF2C13FFFFFF,Q
$TX,6919,146888,0CF00400,FFFFFF5613FFFFFF,Q
$TX,6920,146893,0CF00400,FFFFFF8013FFFFFF,Q
$TX,6921,146898,0CF00400,FFFFFFAA13FFFFFF,Q
$TX,6922,146903,0CF00400,FFFFFFD413FFFFFF,Q
$TX,6923,146908,0CF00400,FFFFFFFE13FFFFFF,Q
$TX,6924,146913,0CF00400,FFFFFF2914FFFFFF,Q
$TX,6925,146918,0CF00400,FFFFFF5414FFFFFF,Q
$TX,6926,146923,0CF00400,FFFFFF7F14FFFFFF,Q
$TX,6927,146928,0CF00400,FFFFFFAA14FFFFFF,Q
$TX,6928,146933,0CF00400,FFFFFFD514FFFFFF,Q
$TX,6929,146938,0CF00400,FFFFFF0015FFFFFF,Q
$TX,6930,146943,0CF00400,FFFFFF2B15FFFFFF,Q
$TX,6931,146948,0CF00400,FFFFFF5715FFFFFF,Q
$TX,6932,146953,0CF00400,FFFFFF8215FFFFFF,Q
$TX,6933,146958,0CF00400,FFFFFFAE15FFFFFF,Q
$TX,6934,146963,0CF00400,FFFFFFDA15FFFFFF,Q
$TX,6935,146968,0CF00400,FFFFFF0616FFFFFF,Q
$TX,6936,146973,0CF00400,FFFFFF3216FFFFFF,Q
$TX,6937,146978,0CF00400,FFFFFF5F16FFFFFF,Q
$TX,6938,146983,0CF00400,FFFFFF8B16FFFFFF,Q
$TX,6939,146988,0CF00400,FFFFFFB816FFFFFF,Q
$TX,6940,146993,0CF00400,FFFFFFE416FFFFFF,Q
$TX,6941,146998,0CF00400,FFFFFF1117FFFFFF,Q
$TX,6942,147003,0CF00400,FFFFFF3E17FFFFFF,Q
$TX,6943,147008,0CF00400,FFFFFF6B17FFFFFF,Q
$TX,6944,147013,0CF00400,FFFFFF9817FFFFFF,Q
$TX,6945,147018,0CF00400,FFFFFFC517FFFFFF,Q
$TX,6946,147023,0CF00400,FFFFFFF317FFFFFF,Q
$TX,6947,147028,0CF00400,FFFFFF2018FFFFFF,Q
$TX,6948,147033,0CF00400,FFFFFF4E18FFFFFF,Q
$TX,6949,147038,0CF00400,FFFFFF7C18FFFFFF,Q
$TX,6950,147043,0CF00400,FFFFFFAA18FFFFFF,Q
$TX,6951,147048,0CF00400,FFFFFFD818FFFFFF,Q
$TX,6952,147053,0CF00400,FFFFFF0619FFFFFF,Q
$TX,6953,147058,0CF00400,FFFFFF3419FFFFFF,Q
$TX,6954,147063,0CF00400,FFFFFF6219FFFFFF,Q
$TX,6955,147068,0CF00400,FFFFFF9119FFFFFF,Q
$TX,6956,147073,0CF00400,FFFFFFBF19FFFFFF,Q
$TX,6957,147078,0CF00400,FFFFFFEE19FFFFFF,Q
$TX,6958,147083,0CF00400,FFFFFF1D1AFFFFFF,Q
$TX,6959,147088,0CF00400,FFFFFF4C1AFFFFFF,Q
$TX,6960,147093,0CF00400,FFFFFF7B1AFFFFFF,Q
$TX,6961,147098,0CF00400,FFFFFFAA1AFFFFFF,Q
$TX,6962,147103,0CF00400,FFFFFFD91AFFFFFF,Q
$TX,6963,147108,0CF00400,FFFFFF091BFFFFFF,Q
$TX,6964,147113,0CF00400,FFFFFF381BFFFFFF,Q
$TX,6965,147118,0CF00400,FFFFFF681BFFFFFF,Q
$TX,6966,147123,0CF00400,FFFFFF981BFFFFFF,Q
$TX,6967,147128,0CF00400,FFFFFFC71BFFFFFF,Q
$TX,6968,147133,0CF00400,FFFFFFF71BFFFFFF,Q
$TX,6969,147138,0CF00400,FFFFFF271CFFFFFF,Q
$TX,6970,147143,0CF00400,FFFFFF571CFFFFFF,Q
$TX,6971,147148,0CF00400,FFFFFF881CFFFFFF,Q
$TX,6972,147153,0CF00400,FFFFFFB81CFFFFFF,Q
$TX,6973,147158,0CF00400,FFFFFFE81CFFFFFF,Q
$TX,6974,147163,0CF00400,FFFFFF191DFFFFFF,Q
$TX,6975,147168,0CF00400,FFFFFF4A1DFFFFFF,Q
$TX,6976,147173,0CF00400,FFFFFF7A1DFFFFFF,Q
$TX,6977,147178,0CF00400,FFFFFFAB1DFFFFFF,Q
$TX,6978,147183,0CF00400,FFFFFFDC1DFFFFFF,Q
$TX,6979,147188,0CF00400,FFFFFF0D1EFFFFFF,Q
$TX,6980,147193,0CF00400,FFFFFF3E1EFFFFFF,Q
$TX,6981,147198,0CF00400,FFFFFF701EFFFFFF,Q
$TX,6982,147203,0CF00400,FFFFFFA11EFFFFFF,Q
$TX,6983,147208,0CF00400,FFFFFFD21EFFFFFF,Q
$TX,6984,147213,0CF00400,FFFFFF041FFFFFFF,Q
$TX,6985,147218,0CF00400,FFFFFF351FFFFFFF,Q
$TX,6986,147223,0CF00400,FFFFFF671FFFFFFF,Q
$TX,6987,147228,0CF00400,FFFFFF991FFFFFFF,Q
$TX,6988,147233,0CF00400,FFFFFFCB1FFFFFFF,Q
$TX,6989,147238,0CF00400,FFFFFFFD1FFFFFFF,Q
$TX,6990,147243,0CF00400,FFFFFF2F20FFFFFF,Q
$TX,6991,147248,0CF00400,FFFFFF6120FFFFFF,Q
$TX,6992,147253,0CF00400,FFFFFF9320FFFFFF,Q
$TX,6993,147258,0CF00400,FFFFFFC620FFFFFF,Q
$TX,6994,147263,0CF00400,FFFFFFF820FFFFFF,Q
$TX,6995,147268,0CF00400,FFFFFF2A21FFFFFF,Q
$TX,6996,147273,0CF00400,FFFFFF5D21FFFFFF,Q
$TX,6997,147278,0CF00400,FFFFFF9021FFFFFF,Q
$TX,6998,147283,0CF00400,FFFFFFC221FFFFFF,Q
$TX,6999,147288,0CF00400,FFFFFFF521FFFFFF,Q
$TX,7000,147293,0CF00400,FFFFFF2822FFFFFF,Q
$TX,7001,147298,0CF00400,FFFFFF5B22FFFFFF,Q
$TX,7002,147303,0CF00400,FFFFFF8E22FFFFFF,Q
$TX,7003,147308,0CF00400,FFFFFFC122FFFFFF,Q
$TX,7004,147313,0CF00400,FFFFFFF522FFFFFF,Q
$TX,7005,147318,0CF00400,FFFFFF2823FFFFFF,Q
$TX,7006,147323,0CF00400,FFFFFF5B23FFFFFF,Q
$TX,7007,147328,0CF00400,FFFFFF8F23FFFFFF,Q
$TX,7008,147333,0CF00400,FFFFFFC223FFFFFF,Q
$TX,7009,147338,0CF00400,FFFFFFF623FFFFFF,Q
$TX,7010,147343,0CF00400,FFFFFF2A24FFFFFF,Q
$TX,7011,147348,0CF00400,FFFFFF5D24FFFFFF,Q
$TX,7012,147353,0CF00400,FFFFFF9124FFFFFF,Q
$TX,7013,147358,0CF00400,FFFFFFC524FFFFFF,Q
$TX,7014,147363,0CF00400,FFFFFFF924FFFFFF,Q
$TX,7015,147368,0CF00400,FFFFFF2D25FFFFFF,Q
$TX,7016,147373,0CF00400,FFFFFF6125FFFFFF,Q
$TX,7017,147378,0CF00400,FFFFFF9625FFFFFF,Q
$TX,7018,147383,0CF00400,FFFFFFCA25FFFFFF,Q
$TX,7019,147388,0CF00400,FFFFFFFE25FFFFFF,Q
$TX,7020,147393,0CF00400,FFFFFF3226FFFFFF,Q
$TX,7021,147398,0CF00400,FFFFFF6726FFFFFF,Q
$TX,7022,147403,0CF00400,FFFFFF9B26FFFFFF,Q
$TX,7023,147408,0CF00400,FFFFFFD026FFFFFF,Q
$TX,7024,147413,0CF00400,FFFFFF0527FFFFFF,Q
$TX,7025,147418,0CF00400,FFFFFF3927FFFFFF,Q
$TX,7026,147423,0CF00400,FFFFFF6E27FFFFFF,Q
$TX,7027,147428,0CF00400,FFFFFFA327FFFFFF,Q
$TX,7028,147433,0CF00400,FFFFFFD827FFFFFF,Q
$TX,7029,147438,0CF00400,FFFFFF0D28FFFFFF,Q
$TX,7030,147443,0CF00400,FFFFFF4228FFFFFF,Q
$TX,7031,147448,0CF00400,FFFFFF7728FFFFFF,Q
$TX,7032,147453,0CF00400,FFFFFFAC28FFFFFF,Q
$TX,7033,147458,0CF00400,FFFFFFE128FFFFFF,Q
$TX,7034,147463,0CF00400,FFFFFF1629FFFFFF,Q
$TX,7035,147468,0CF00400,FFFFFF4C29FFFFFF,Q
$TX,7036,147473,0CF00400,FFFFFF8129FFFFFF,Q
$TX,7037,147478,0CF00400,FFFFFFB629FFFFFF,Q
$TX,7038,147483,0CF00400,FFFFFFEC29FFFFFF,Q
$TX,7039,147488,0CF00400,FFFFFF212AFFFFFF,Q
$TX,7040,147493,0CF00400,FFFFFF572AFFFFFF,Q
$TX,7041,147498,0CF00400,FFFFFF8C2AFFFFFF,Q
$TX,7042,147503,0CF00400,FFFFFFC22AFFFFFF,Q
$TX,7043,147508,0CF00400,FFFFFFF82AFFFFFF,Q
$TX,7044,147513,0CF00400,FFFFFF2D2BFFFFFF,Q
$TX,7045,147518,0CF00400,FFFFFF632BFFFFFF,Q
$TX,7046,147523,0CF00400,FFFFFF992BFFFFFF,Q
$TX,7047,147528,0CF00400,FFFFFFCF2BFFFFFF,Q
$TX,7048,147533,0CF00400,FFFFFF052CFFFFFF,Q
$TX,7049,147538,0CF00400,FFFFFF3B2CFFFFFF,Q
$TX,7050,147543,0CF00400,FFFFFF712CFFFFFF,Q
$TX,7051,147548,0CF00400,FFFFFFA72CFFFFFF,Q
$TX,7052,147553,0CF00400,FFFFFFDD2CFFFFFF,Q
$TX,7053,147558,0CF00400,FFFFFF132DFFFFFF,Q
$TX,7054,147563,0CF00400,FFFFFF492DFFFFFF,Q
$TX,7055,147568,0CF00400,FFFFFF7F2DFFFFFF,Q
$TX,7056,147573,0CF00400,FFFFFFB52DFFFFFF,Q
$TX,7057,147578,0CF00400,FFFFFFEC2DFFFFFF,Q
$TX,7058,147583,0CF00400,FFFFFF222EFFFFFF,Q
$TX,7059,147588,0CF00400,FFFFFF582EFFFFFF,Q
$TX,7060,147593,0CF00400,FFFFFF8F2EFFFFFF,Q
$TX,7061,147598,0CF00400,FFFFFFC52EFFFFFF,Q
$TX,7062,147603,0CF00400,FFFFFFFB2EFFFFFF,Q
$TX,7063,147608,0CF00400,FFFFFF322FFFFFFF,Q
$TX,7064,147613,0CF00400,FFFFFF682FFFFFFF,Q
$TX,7065,147618,0CF00400,FFFFFF9F2FFFFFFF,Q
$TX,7066,147623,0CF00400,FFFFFFD52FFFFFFF,Q
$TX,7067,147628,0CF00400,FFFFFF0C30FFFFFF,Q
$TX,7068,147633,0CF00400,FFFFFF4230FFFFFF,Q
$TX,7069,147638,0CF00400,FFFFFF7930FFFFFF,Q
$TX,7070,147643,0CF00400,FFFFFFB030FFFFFF,Q
$TX,7071,147648,0CF00400,FFFFFFE630FFFFFF,Q
$TX,7072,147653,0CF00400,FFFFFF1D31FFFFFF,Q
$TX,7073,147658,0CF00400,FFFFFF5431FFFFFF,Q
$TX,7074,147663,0CF00400,FFFFFF8A31FFFFFF,Q
$TX,7075,147668,0CF00400,FFFFFFC131FFFFFF,Q
$TX,7076,147673,0CF00400,FFFFFFF831FFFFFF,Q
$TX,7077,147678,0CF00400,FFFFFF2F32FFFFFF,Q
$TX,7078,147683,0CF00400,FFFFFF6632FFFFFF,Q
$TX,7079,147688,0CF00400,FFFFFF9C32FFFFFF,Q
$TX,7080,147693,0CF00400,FFFFFFD332FFFFFF,Q
$TX,7081,147698,0CF00400,FFFFFF0A33FFFFFF,Q
$TX,7082,147703,0CF00400,FFFFFF4133FFFFFF,Q
$TX,7083,147708,0CF00400,FFFFFF7833FFFFFF,Q
$TX,7084,147713,0CF00400,FFFFFFAF33FFFFFF,Q
$TX,7085,147718,0CF00400,FFFFFFE633FFFFFF,Q
$6X,7086,147723,0CF00400,FFFFFF1D34FFFFFF,Q
$TX,7087,147728,0CF00400,FFFFFF5334FFFFFF,Q
$TX,7088,147733,0CF00400,FFFFFF8A34FFFFFF,Q
$TX,7089,147738,0CF00400,FFFFFFC134FFFFFF,Q
$TX,7090,147743,0CF00400,FFFFFFF834FFFFFF,Q
$TX,7091,147748,0CF00400,FFFFFF2F35FFFFFF,Q
$TX,7092,147753,0CF00400,FFFFFF6635FFFFFF,Q
$TX,7093,147758,0CF00400,FFFFFF9D35FFFFFF,Q
$TX,7094,147763,0CF00400,FFFFFFD435FFFFFF,Q
$TX,7095,147768,0CF00400,FFFFFF0B36FFFFFF,Q
$TX,7096,147773,0CF00400,FFFFFF4236FFFFFF,Q
$TX,7097,147778,0CF00400,FFFFFF7936FFFFFF,Q
$TX,7098,147783,0CF00400,FFFFFFB036FFFFFF,Q
$TX,7099,147788,0CF00400,FFFFFFE736FFFFFF,Q
$TX,7100,147793,0CF00400,FFFFFF1E37FFFFFF,Q
$TX,7101,147798,0CF00400,FFFFFF5537FFFFFF,Q
$TX,7102,147803,0CF00400,FFFFFF8C37FFFFFF,Q
$TX,7103,147808,0CF00400,FFFFFFC337FFFFFF,Q
$TX,7104,147813,0CF00400,FFFFFFFA37FFFFFF,Q
$TX,7105,147818,0CF00400,FFFFFF3138FFFFFF,Q
$TX,7106,147823,0CF00400,FFFFFF6838FFFFFF,Q
$TX,7107,147828,0CF00400,FFFFFF9F38FFFFFF,Q
$TX,7108,147833,0CF00400,FFFFFFD638FFFFFF,Q
$TX,7109,147838,0CF00400,FFFFFF0D39FFFFFF,Q
$TX,7110,147843,0CF00400,FFFFFF4339FFFFFF,Q
$TX,7111,147848,0CF00400,FFFFFF7A39FFFFFF,Q
$TX,7112,147853,0CF00400,FFFFFFB139FFFFFF,Q
$TX,7113,147858,0CF00400,FFFFFFE839FFFFFF,Q
$TX,7114,147863,0CF00400,FFFFFF1F3AFFFFFF,Q
$TX,7115,147868,0CF00400,FFFFFF563AFFFFFF,Q
$TX,7116,147873,0CF00400,FFFFFF8D3AFFFFFF,Q
$TX,7117,147878,0CF00400,FFFFFFC43AFFFFFF,Q
$TX,7118,147883,0CF00400,FFFFFFFA3AFFFFFF,Q
$TX,7119,147888,0CF00400,FFFFFF313BFFFFFF,Q
$TX,7120,147893,0CF00400,FFFFFF683BFFFFFF,Q
$TX,7121,147898,0CF00400,FFFFFF9F3BFFFFFF,Q
$TX,7122,147903,0CF00400,FFFFFFD63BFFFFFF,Q
$TX,7123,147908,0CF00400,FFFFFF0C3CFFFFFF,Q
$TX,7124,147913,0CF00400,FFFFFF433CFFFFFF,Q
$TX,7125,147918,0CF00400,FFFFFF7A3CFFFFFF,Q
$TX,7126,147923,0CF00400,FFFFFFB03CFFFFFF,Q
$TX,7127,147928,0CF00400,FFFFFFE73CFFFFFF,Q
$TX,7128,147933,0CF00400,FFFFFF1E3DFFFFFF,Q
$TX,7129,147938,0CF00400,FFFFFF543DFFFFFF,Q
$TX,7130,147943,0CF00400,FFFFFF8B3DFFFFFF,Q
$TX,7131,147948,0CF00400,FFFFFFC13DFFFFFF,Q
$TX,7132,147953,0CF00400,FFFFFFF83DFFFFFF,Q
$TX,7133,147958,0CF00400,FFFFFF2E3EFFFFFF,Q
$TX,7134,147963,0CF00400,FFFFFF653EFFFFFF,Q
$TX,7135,147968,0CF00400,FFFFFF9B3EFFFFFF,Q
$TX,7136,147973,0CF00400,FFFFFFD13EFFFFFF,Q
$TX,7137,147978,0CF00400,FFFFFF083FFFFFFF,Q
$TX,7138,147983,0CF00400,FFFFFF3E3FFFFFFF,Q
$TX,7139,147988,0CF00400,FFFFFF743FFFFFFF,Q
$TX,7140,147993,0CF00400,FFFFFFAB3FFFFFFF,Q
$TX,7141,147998,0CF00400,FFFFFFE13FFFFFFF,Q
$TX,7142,148003,0CF00400,FFFFFF1740FFFFFF,Q
$TX,7143,148008,0CF00400,FFFFFF4D40FFFFFF,Q
$TX,7144,148013,0CF00400,FFFFFF8340FFFFFF,Q
$TX,7145,148018,0CF00400,FFFFFFB940FFFFFF,Q
$TX,7146,148023,0CF00400,FFFFFFEF40FFFFFF,Q
$TX,7147,148028,0CF00400,FFFFFF2541FFFFFF,Q
$TX,7148,148033,0CF00400,FFFFFF5B41FFFFFF,Q
$TX,7149,148038,0CF00400,FFFFFF9141FFFFFF,Q
$TX,7150,148043,0CF00400,FFFFFFC741FFFFFF,Q
$TX,7151,148048,0CF00400,FFFFFFFD41FFFFFF,Q
$TX,7152,148053,0CF00400,FFFFFF3342FFFFFF,Q
$TX,7153,148058,0CF00400,FFFFFF6842FFFFFF,Q
$TX,7154,148063,0CF00400,FFFFFF9E42FFFFFF,Q
$TX,7155,148068,0CF00400,FFFFFFD442FFFFFF,Q
$TX,7156,148073,0CF00400,FFFFFF0943FFFFFF,Q
$TX,7157,148078,0CF00400,FFFFFF3F43FFFFFF,Q
$TX,7158,148083,0CF00400,FFFFFF7443FFFFFF,Q
$TX,7159,148088,0CF00400,FFFFFFAA43FFFFFF,Q
$TX,7160,148093,0CF00400,FFFFFFDF43FFFFFF,Q
$TX,7161,148098,0CF00400,FFFFFF1444FFFFFF,Q
$TX,7162,148103,0CF00400,FFFFFF4A44FFFFFF,Q
$TX,7163,148108,0CF00400,FFFFFF7F44FFFFFF,Q
$TX,7164,148113,0CF00400,FFFFFFB444FFFFFF,Q
$TX,7165,148118,0CF00400,FFFFFFE944FFFFFF,Q
$TX,7166,148123,0CF00400,FFFFFF1E45FFFFFF,Q
$TX,7167,148128,0CF00400,FFFFFF5345FFFFFF,Q
$TX,7168,148133,0CF00400,FFFFFF8845FFFFFF,Q
$TX,7169,148138,0CF00400,FFFFFFBD45FFFFFF,Q
$TX,7170,148143,0CF00400,FFFFFFF245FFFFFF,Q
$TX,7171,148148,0CF00400,FFFFFF2746FFFFFF,Q
$TX,7172,148153,0CF00400,FFFFFF5B46FFFFFF,Q
$TX,7173,148158,0CF00400,FFFFFF9046FFFFFF,Q
$TX,7174,148163,0CF00400,FFFFFFC546FFFFFF,Q
$TX,7175,148168,0CF00400,FFFFFFF946FFFFFF,Q
$TX,7176,148173,0CF00400,FFFFFF2E47FFFFFF,Q
$TX,7177,148178,0CF00400,FFFFFF6247FFFFFF,Q
$TX,7178,148183,0CF00400,FFFFFF9647FFFFFF,Q
$TX,7179,148188,0CF00400,FFFFFFCA47FFFFFF,Q
$TX,7180,148193,0CF00400,FFFFFFFF47FFFFFF,Q
$TX,7181,148198,0CF00400,FFFFFF3348FFFFFF,Q
$TX,7182,148203,0CF00400,FFFFFF6748FFFFFF,Q
$TX,7183,148208,0CF00400,FFFFFF9B48FFFFFF,Q
$TX,7184,148213,0CF00400,FFFFFFCF48FFFFFF,Q
$TX,7185,148218,0CF00400,FFFFFF0349FFFFFF,Q
$TX,7186,148223,0CF00400,FFFFFF3649FFFFFF,Q
$TX,7187,148228,0CF00400,FFFFFF6A49FFFFFF,Q
$TX,7188,148233,0CF00400,FFFFFF9E49FFFFFF,Q
$TX,7189,148238,0CF00400,FFFFFFD149FFFFFF,Q
$TX,7190,148243,0CF00400,FFFFFF054AFFFFFF,Q
$TX,7191,148248,0CF00400,FFFFFF384AFFFFFF,Q
$TX,7192,148253,0CF00400,FFFFFF6B4AFFFFFF,Q
$TX,7193,148258,0CF00400,FFFFFF9F4AFFFFFF,Q
$TX,7194,148263,0CF00400,FFFFFFD24AFFFFFF,Q
$TX,7195,148268,0CF00400,FFFFFF054BFFFFFF,Q
$TX,7196,148273,0CF00400,FFFFFF384BFFFFFF,Q
$TX,7197,148278,0CF00400,FFFFFF6B4BFFFFFF,Q
$TX,7198,148283,0CF00400,FFFFFF9E4BFFFFFF,Q
$TX,7199,148288,0CF00400,FFFFFFD04BFFFFFF,Q
$TX,7200,148293,0CF00400,FFFFFF034CFFFFFF,Q
$TX,7201,148298,0CF00400,FFFFFF364CFFFFFF,Q
$TX,7202,148303,0CF00400,FFFFFF684CFFFFFF,Q
$TX,7203,148308,0CF00400,FFFFFF9A4CFFFFFF,Q
$TX,7204,148313,0CF00400,FFFFFFCD4CFFFFFF,Q
$TX,7205,148318,0CF00400,FFFFFFFF4CFFFFFF,Q
$TX,7206,148323,0CF00400,FFFFFF314DFFFFFF,Q
$TX,7207,148328,0CF00400,FFFFFF634DFFFFFF,Q
$TX,7208,148333,0CF00400,FFFFFF954DFFFFFF,Q
$TX,7209,148338,0CF00400,FFFFFFC74DFFFFFF,Q
$2X,7210,148343,0CF00400,FFFFFFF94DFFFFFF,Q
$TX,7211,148348,0CF00400,FFFFFF2B4EFFFFFF,Q
$TX,7212,148353,0CF00400,FFFFFF5C4EFFFFFF,Q
$TX,7213,148358,0CF00400,FFFFFF8E4EFFFFFF,Q
$TX,7214,148363,0CF00400,FFFFFFBF4EFFFFFF,Q
$TX,7215,148368,0CF00400,FFFFFFF04EFFFFFF,Q
$TX,7216,148373,0CF00400,FFFFFF224FFFFFFF,Q
$TX,7217,148378,0CF00400,FFFFFF534FFFFFFF,Q
$TX,7218,148383,0CF00400,FFFFFF844FFFFFFF,Q
$TX,7219,148388,0CF00400,FFFFFFB54FFFFFFF,Q
$TX,7220,148393,0CF00400,FFFFFFE64FFFFFFF,Q
$TX,7221,148398,0CF00400,FFFFFF1650FFFFFF,Q
$TX,7222,148403,0CF00400,FFFFFF4750FFFFFF,Q
$TX,7223,148408,0CF00400,FFFFFF7850FFFFFF,Q
$TX,7224,148413,0CF00400,FFFFFFA850FFFFFF,Q
$TX,7225,148418,0CF00400,FFFFFFD850FFFFFF,Q
$TX,7226,148423,0CF00400,FFFFFF0951FFFFFF,Q
$TX,7227,148428,0CF00400,FFFFFF3951FFFFFF,Q
$TX,7228,148433,0CF00400,FFFFFF6951FFFFFF,Q
$TX,7229,148438,0CF00400,FFFFFF9951FFFFFF,Q
$TX,7230,148443,0CF00400,FFFFFFC851FFFFFF,Q
$TX,7231,148448,0CF00400,FFFFFFF851FFFFFF,Q
$TX,7232,148453,0CF00400,FFFFFF2852FFFFFF,Q
$TX,7233,148458,0CF00400,FFFFFF5752FFFFFF,Q
$TX,7234,148463,0CF00400,FFFFFF8752FFFFFF,Q
$TX,7235,148468,0CF00400,FFFFFFB652FFFFFF,Q
$TX,7236,148473,0CF00400,FFFFFFE552FFFFFF,Q
$TX,7237,148478,0CF00400,FFFFFF1453FFFFFF,Q
$TX,7238,148483,0CF00400,FFFFFF4353FFFFFF,Q
$TX,7239,148488,0CF00400,FFFFFF7253FFFFFF,Q
$TX,7240,148493,0CF00400,FFFFFFA153FFFFFF,Q
$TX,7241,148498,0CF00400,FFFFFFCF53FFFFFF,Q
$TX,7242,148503,0CF00400,FFFFFFFE53FFFFFF,Q
$TX,7243,148508,0CF00400,FFFFFF2C54FFFFFF,Q
$TX,7244,148513,0CF00400,FFFFFF5A54FFFFFF,Q
$TX,7245,148518,0CF00400,FFFFFF8854FFFFFF,Q
$TX,7246,148523,0CF00400,FFFFFFB654FFFFFF,Q
$TX,7247,148528,0CF00400,FFFFFFE454FFFFFF,Q
$TX,7248,148533,0CF00400,FFFFFF1255FFFFFF,Q
$TX,7249,148538,0CF00400,FFFFFF4055FFFFFF,Q
$TX,7250,148543,0CF00400,FFFFFF6D55FFFFFF,Q
$TX,7251,148548,0CF00400,FFFFFF9B55FFFFFF,Q
$TX,7252,148553,0CF00400,FFFFFFC855FFFFFF,Q
$TX,7253,148558,0CF00400,FFFFFFF555FFFFFF,Q
$TX,7254,148563,0CF00400,FFFFFF2256FFFFFF,Q
$TX,7255,148568,0CF00400,FFFFFF4F56FFFFFF,Q
$TX,7256,148573,0CF00400,FFFFFF7C56FFFFFF,Q
$TX,7257,148578,0CF00400,FFFFFFA856FFFFFF,Q
$TX,7258,148583,0CF00400,FFFFFFD556FFFFFF,Q
$TX,7259,148588,0CF00400,FFFFFF0157FFFFFF,Q
$TX,7260,148593,0CF00400,FFFFFF2E57FFFFFF,Q
$TX,7261,148598,0CF00400,FFFFFF5A57FFFFFF,Q
$TX,7262,148603,0CF00400,FFFFFF8657FFFFFF,Q
$TX,7263,148608,0CF00400,FFFFFFB257FFFFFF,Q
$TX,7264,148613,0CF00400,FFFFFFDE57FFFFFF,Q
$TX,7265,148618,0CF00400,FFFFFF0958FFFFFF,Q
$TX,7266,148623,0CF00400,FFFFFF3558FFFFFF,Q
$TX,7267,148628,0CF00400,FFFFFF6058FFFFFF,Q
$TX,7268,148633,0CF00400,FFFFFF8B58FFFFFF,Q
$TX,7269,148638,0CF00400,FFFFFFB658FFFFFF,Q
$TX,7270,148643,0CF00400,FFFFFFE158FFFFFF,Q
$TX,7271,148648,0CF00400,FFFFFF0C59FFFFFF,Q
$TX,7272,148653,0CF00400,FFFFFF3759FFFFFF,Q
$TX,7273,148658,0CF00400,FFFFFF6259FFFFFF,Q
$TX,7274,148663,0CF00400,FFFFFF8C59FFFFFF,Q
$TX,7275,148668,0CF00400,FFFFFFB659FFFFFF,Q
$TX,7276,148673,0CF00400,FFFFFFE059FFFFFF,Q
$TX,7277,148678,0CF00400,FFFFFF0A5AFFFFFF,Q
$TX,7278,148683,0CF00400,FFFFFF345AFFFFFF,Q
$TX,7279,148688,0CF00400,FFFFFF5E5AFFFFFF,Q
$TX,7280,148693,0CF00400,FFFFFF885AFFFFFF,Q
$TX,7281,148698,0CF00400,FFFFFFB15AFFFFFF,Q
$TX,7282,148703,0CF00400,FFFFFFDA5AFFFFFF,Q
$TX,7283,148708,0CF00400,FFFFFF045BFFFFFF,Q
$TX,7284,148713,0CF00400,FFFFFF2D5BFFFFFF,Q
$TX,7285,148718,0CF00400,FFFFFF555BFFFFFF,Q
$TX,7286,148723,0CF00400,FFFFFF7E5BFFFFFF,Q
$TX,7287,148728,0CF00400,FFFFFFA75BFFFFFF,Q
$TX,7288,148733,0CF00400,FFFFFFCF5BFFFFFF,Q
$TX,7289,148738,0CF00400,FFFFFFF85BFFFFFF,Q
$TX,7290,148743,0CF00400,FFFFFF205CFFFFFF,Q
$TX,7291,148748,0CF00400,FFFFFF485CFFFFFF,Q
$TX,7292,148753,0CF00400,FFFFFF705CFFFFFF,Q
$TX,7293,148758,0CF00400,FFFFFF975CFFFFFF,Q
$TX,7294,148763,0CF00400,FFFFFFBF5CFFFFFF,Q
$TX,7295,148768,0CF00400,FFFFFFE65CFFFFFF,Q
$TX,7296,148773,0CF00400,FFFFFF0D5DFFFFFF,Q
$TX,7297,148778,0CF00400,FFFFFF355DFFFFFF,Q
$TX,7298,148783,0CF00400,FFFFFF5B5DFFFFFF,Q
$TX,7299,148788,0CF00400,FFFFFF825DFFFFFF,Q
$TX,7300,148793,0CF00400,FFFFFFA95DFFFFFF,Q
$TX,7301,148798,0CF00400,FFFFFFCF5DFFFFFF,Q
$TX,7302,148803,0CF00400,FFFFFFF65DFFFFFF,Q
$TX,7303,148808,0CF00400,FFFFFF1C5EFFFFFF,Q
$TX,7304,148813,0CF00400,FFFFFF425EFFFFFF,Q
$TX,7305,148818,0CF00400,FFFFFF685EFFFFFF,Q
$TX,7306,148823,0CF00400,FFFFFF8E5EFFFFFF,Q
$TX,7307,148828,0CF00400,FFFFFFB35EFFFFFF,Q
$TX,7308,148833,0CF00400,FFFFFFD95EFFFFFF,Q
$TX,7309,148838,0CF00400,FFFFFFFE5EFFFFFF,Q
$TX,7310,148843,0CF00400,FFFFFF235FFFFFFF,Q
$TX,7311,148848,0CF00400,FFFFFF485FFFFFFF,Q
$TX,7312,148853,0CF00400,FFFFFF6D5FFFFFFF,Q
$TX,7313,148858,0CF00400,FFFFFF915FFFFFFF,Q
$TX,7314,148863,0CF00400,FFFFFFB65FFFFFFF,Q
$TX,7315,148868,0CF00400,FFFFFFDA5FFFFFFF,Q
$TX,7316,148873,0CF00400,FFFFFFFE5FFFFFFF,Q
$TX,7317,148878,0CF00400,FFFFFF2260FFFFFF,Q
$TX,7318,148883,0CF00400,FFFFFF4660FFFFFF,Q
$TX,7319,148888,0CF00400,FFFFFF6960FFFFFF,Q
$TX,7320,148893,0CF00400,FFFFFF8D60FFFFFF,Q
$TX,7321,148898,0CF00400,FFFFFFB060FFFFFF,Q
$TX,7322,148903,0CF00400,FFFFFFD360FFFFFF,Q
$TX,7323,148908,0CF00400,FFFFFFF660FFFFFF,Q
$TX,7324,148913,0CF00400,FFFFFF1961FFFFFF,Q
$TX,7325,148918,0CF00400,FFFFFF3C61FFFFFF,Q
$TX,7326,148923,0CF00400,FFFFFF5E61FFFFFF,Q
$TX,7327,148928,0CF00400,FFFFFF8061FFFFFF,Q
$TX,7328,148933,0CF00400,FFFFFFA261FFFFFF,Q
$TX,7329,148938,0CF00400,FFFFFFC461FFFFFF,Q
$TX,7330,148943,0CF00400,FFFFFFE661FFFFFF,Q
$TX,7331,148948,0CF00400,FFFFFF0862FFFFFF,Q
$TX,7332,148953,0CF00400,FFFFFF2962FFFFFF,Q
$TX,7333,148958,0CF00400,FFFFFF4A62FFFFFF,Q
$TX,7334,148963,0CF00400,FFFFFF6C62FFFFFF,Q
$TX,7335,148968,0CF00400,FFFFFF8D62FFFFFF,Q
$TX,7336,148973,0CF00400,FFFFFFAD62FFFFFF,Q
$TX,7337,148978,0CF00400,FFFFFFCE62FFFFFF,Q
$TX,7338,148983,0CF00400,FFFFFFEE62FFFFFF,Q
$TX,7339,148988,0CF00400,FFFFFF0E63FFFFFF,Q
$TX,7340,148993,0CF00400,FFFFFF2F63FFFFFF,Q
$TX,7341,148998,0CF00400,FFFFFF4E63FFFFFF,Q
$TX,7342,149003,0CF00400,FFFFFF6E63FFFFFF,Q
$TX,7343,149008,0CF00400,FFFFFF8E63FFFFFF,Q
$TX,7344,149013,0CF00400,FFFFFFAD63FFFFFF,Q
$TX,7345,149018,0CF00400,FFFFFFCC63FFFFFF,Q
$TX,7346,149023,0CF00400,FFFFFFEB63FFFFFF,Q
$TX,7347,149028,0CF00400,FFFFFF0A64FFFFFF,Q
$TX,7348,149033,0CF00400,FFFFFF2964FFFFFF,Q
$TX,7349,149038,0CF00400,FFFFFF4764FFFFFF,Q
$TX,7350,149043,0CF00400,FFFFFF6564FFFFFF,Q
$TX,7351,149048,0CF00400,FFFFFF8364FFFFFF,Q
$TX,7352,149053,0CF00400,FFFFFFA164FFFFFF,Q
$TX,7353,149058,0CF00400,FFFFFFBF64FFFFFF,Q
$TX,7354,149063,0CF00400,FFFFFFDD64FFFFFF,Q
$TX,7355,149068,0CF00400,FFFFFFFA64FFFFFF,Q
$TX,7356,149073,0CF00400,FFFFFF1765FFFFFF,Q
$TX,7357,149078,0CF00400,FFFFFF3465FFFFFF,Q
$TX,7358,149083,0CF00400,FFFFFF5165FFFFFF,Q
$TX,7359,149088,0CF00400,FFFFFF6E65FFFFFF,Q
$TX,7360,149093,0CF00400,FFFFFF8A65FFFFFF,Q
$TX,7361,149098,0CF00400,FFFFFFA665FFFFFF,Q
$TX,7362,149103,0CF00400,FFFFFFC265FFFFFF,Q
$TX,7363,149108,0CF00400,FFFFFFDE65FFFFFF,Q
$TX,7364,149113,0CF00400,FFFFFFFA65FFFFFF,Q
$TX,7365,149118,0CF00400,FFFFFF1666FFFFFF,Q
$TX,7366,149123,0CF00400,FFFFFF3166FFFFFF,Q
$TX,7367,149128,0CF00400,FFFFFF4C66FFFFFF,Q
$TX,7368,149133,0CF00400,FFFFFF6766FFFFFF,Q
$TX,7369,149138,0CF00400,FFFFFF8266FFFFFF,Q
$TX,7370,149143,0CF00400,FFFFFF9C66FFFFFF,Q
$TX,7371,149148,0CF00400,FFFFFFB766FFFFFF,Q
$TX,7372,149153,0CF00400,FFFFFFD166FFFFFF,Q
$TX,7373,149158,0CF00400,FFFFFFEB66FFFFFF,Q
$TX,7374,149163,0CF00400,FFFFFF0567FFFFFF,Q
$TX,7375,149168,0CF00400,FFFFFF1E67FFFFFF,Q
$TX,7376,149173,0CF00400,FFFFFF3867FFFFFF,Q
$TX,7377,149178,0CF00400,FFFFFF5167FFFFFF,Q
$TX,7378,149183,0CF00400,FFFFFF6A67FFFFFF,Q
$TX,7379,149188,0CF00400,FFFFFF8367FFFFFF,Q
$TX,7380,149193,0CF00400,FFFFFF9C67FFFFFF,Q
$TX,7381,149198,0CF00400,FFFFFFB467FFFFFF,Q
$TX,7382,149203,0CF00400,FFFFFFCC67FFFFFF,Q
$TX,7383,149208,0CF00400,FFFFFFE467FFFFFF,Q
$TX,7384,149213,0CF00400,FFFFFFFC67FFFFFF,Q
$TX,7385,149218,0CF00400,FFFFFF1468FFFFFF,Q
$TX,7386,149223,0CF00400,FFFFFF2C68FFFFFF,Q
$TX,7387,149228,0CF00400,FFFFFF4368FFFFFF,Q
$TX,7388,149233,0CF00400,FFFFFF5A68FFFFFF,Q
$TX,7389,149238,0CF00400,FFFFFF7168FFFFFF,Q
$TX,7390,149243,0CF00400,FFFFFF8868FFFFFF,Q
$TX,7391,149248,0CF00400,FFFFFF9E68FFFFFF,Q
$TX,7392,149253,0CF00400,FFFFFFB568FFFFFF,Q
$TX,7393,149258,0CF00400,FFFFFFCB68FFFFFF,Q
$TX,7394,149263,0CF00400,FFFFFFE168FFFFFF,Q
$TX,7395,149268,0CF00400,FFFFFFF668FFFFFF,Q
$TX,7396,149273,0CF00400,FFFFFF0C69FFFFFF,Q
$TX,7397,149278,0CF00400,FFFFFF2169FFFFFF,Q
$TX,7398,149283,0CF00400,FFFFFF3669FFFFFF,Q
$TX,7399,149288,0CF00400,FFFFFF4B69FFFFFF,Q
$TX,7400,149293,0CF00400,FFFFFF6069FFFFFF,Q
$TX,7401,149298,0CF00400,FFFFFF7569FFFFFF,Q
$TX,7402,149303,0CF00400,FFFFFF8969FFFFFF,Q
$TX,7403,149308,0CF00400,FFFFFF9D69FFFFFF,Q
$TX,7404,149313,0CF00400,FFFFFFB169FFFFFF,Q
$TX,7405,149318,0CF00400,FFFFFFC569FFFFFF,Q
$TX,7406,149323,0CF00400,FFFFFFD869FFFFFF,Q
$TX,7407,149328,0CF00400,FFFFFFEC69FFFFFF,Q
$TX,7408,149333,0CF00400,FFFFFFFF69FFFFFF,Q
$TX,7409,149338,0CF00400,FFFFFF126AFFFFFF,Q
$TX,7410,149343,0CF00400,FFFFFF246AFFFFFF,Q
$TX,7411,149348,0CF00400,FFFFFF376AFFFFFF,Q
$TX,7412,149353,0CF00400,FFFFFF496AFFFFFF,Q
$TX,7413,149358,0CF00400,FFFFFF5B6AFFFFFF,Q
$TX,7414,149363,0CF00400,FFFFFF6D6AFFFFFF,Q
$TX,7415,149368,0CF00400,FFFFFF7F6AFFFFFF,Q
$TX,7416,149373,0CF00400,FFFFFF906AFFFFFF,Q
$TX,7417,149378,0CF00400,FFFFFFA26AFFFFFF,Q
$TX,7418,149383,0CF00400,FFFFFFB36AFFFFFF,Q
$TX,7419,149388,0CF00400,FFFFFFC46AFFFFFF,Q
$TX,7420,149393,0CF00400,FFFFFFD46AFFFFFF,Q
$TX,7421,149398,0CF00400,FFFFFFE56AFFFFFF,Q
$TX,7422,149403,0CF00400,FFFFFFF56AFFFFFF,Q
$TX,7423,149408,0CF00400,FFFFFF056BFFFFFF,Q
$TX,7424,149413,0CF00400,FFFFFF156BFFFFFF,Q
$TX,7425,149418,0CF00400,FFFFFF256BFFFFFF,Q
$TX,7426,149423,0CF00400,FFFFFF346BFFFFFF,Q
$TX,7427,149428,0CF00400,FFFFFF436BFFFFFF,Q
$TX,7428,149433,0CF00400,FFFFFF526BFFFFFF,Q
$TX,7429,149438,0CF00400,FFFFFF616BFFFFFF,Q
$TX,7430,149443,0CF00400,FFFFFF706BFFFFFF,Q
$TX,7431,149448,0CF00400,FFFFFF7E6BFFFFFF,Q
$TX,7432,149453,0CF00400,FFFFFF8C6BFFFFFF,Q
$TX,7433,149458,0CF00400,FFFFFF9A6BFFFFFF,Q
$TX,7434,149463,0CF00400,FFFFFFA86BFFFFFF,Q
$TX,7435,149468,0CF00400,FFFFFFB66BFFFFFF,Q
$TX,7436,149473,0CF00400,FFFFFFC36BFFFFFF,Q
$TX,7437,149478,0CF00400,FFFFFFD06BFFFFFF,Q
$TX,7438,149483,0CF00400,FFFFFFDD6BFFFFFF,Q
$TX,7439,149488,0CF00400,FFFFFFEA6BFFFFFF,Q
$TX,7440,149493,0CF00400,FFFFFFF66BFFFFFF,Q
$TX,7441,149498,0CF00400,FFFFFF036CFFFFFF,Q
$TX,7442,149503,0CF00400,FFFFFF0F6CFFFFFF,Q
$TX,7443,149508,0CF00400,FFFFFF1B6CFFFFFF,Q
$TX,7444,149513,0CF00400,FFFFFF266CFFFFFF,Q
$TX,7445,149518,0CF00400,FFFFFF326CFFFFFF,Q
$TX,7446,149523,0CF00400,FFFFFF3D6CFFFFFF,Q
$TX,7447,149528,0CF00400,FFFFFF486CFFFFFF,Q
$TX,7448,149533,0CF00400,FFFFFF536CFFFFFF,Q
$TX,7449,149538,0CF00400,FFFFFF5E6CFFFFFF,Q
$TX,7450,149543,0CF00400,FFFFFF686CFFFFFF,Q
$TX,7451,149548,0CF00400,FFFFFF726CFFFFFF,Q
$TX,7452,149553,0CF00400,FFFFFF7C6CFFFFFF,Q
$TX,7453,149558,0CF00400,FFFFFF866CFFFFFF,Q
$TX,7454,149563,0CF00400,FFFFFF906CFFFFFF,Q
$TX,7455,149568,0CF00400,FFFFFF996CFFFFFF,Q
$TX,7456,149573,0CF00400,FFFFFFA26CFFFFFF,Q
$TX,7457,149578,0CF00400,FFFFFFAB6CFFFFFF,Q
$TX,7458,149583,0CF00400,FFFFFFB46CFFFFFF,Q
$TX,7459,149588,0CF00400,FFFFFFBC6CFFFFFF,Q
$TX,7460,149593,0CF00400,FFFFFFC46CFFFFFF,Q
$TX,7461,149598,0CF00400,FFFFFFCC6CFFFFFF,Q
$TX,7462,149603,0CF00400,FFFFFFD46CFFFFFF,Q
$TX,7463,149608,0CF00400,FFFFFFDC6CFFFFFF,Q
$TX,7464,149613,0CF00400,FFFFFFE36CFFFFFF,Q
$TX,7465,149618,0CF00400,FFFFFFEB6CFFFFFF,Q
$TX,7466,149623,0CF00400,FFFFFFF26CFFFFFF,Q
$TX,7467,149628,0CF00400,FFFFFFF86CFFFFFF,Q
$TX,7468,149633,0CF00400,FFFFFFFF6CFFFFFF,Q
$TX,7469,149638,0CF00400,FFFFFF056DFFFFFF,Q
$TX,7470,149643,0CF00400,FFFFFF0B6DFFFFFF,Q
$TX,7471,149648,0CF00400,FFFFFF116DFFFFFF,Q
$TX,7472,149653,0CF00400,FFFFFF176DFFFFFF,Q
$TX,7473,149658,0CF00400,FFFFFF1D6DFFFFFF,Q
$TX,7474,149663,0CF00400,FFFFFF226DFFFFFF,Q
$TX,7475,149668,0CF00400,FFFFFF276DFFFFFF,Q
$TX,7476,149673,0CF00400,FFFFFF2C6DFFFFFF,Q
$TX,7477,149678,0CF00400,FFFFFF306DFFFFFF,Q
$TX,7478,149683,0CF00400,FFFFFF356DFFFFFF,Q
$TX,7479,149688,0CF00400,FFFFFF396DFFFFFF,Q
$TX,7480,149693,0CF00400,FFFFFF3D6DFFFFFF,Q
$TX,7481,149698,0CF00400,FFFFFF416DFFFFFF,Q
$TX,7482,149703,0CF00400,FFFFFF446DFFFFFF,Q
$TX,7483,149708,0CF00400,FFFFFF486DFFFFFF,Q
$TX,7484,149713,0CF00400,FFFFFF4B6DFFFFFF,Q
$TX,7485,149718,0CF00400,FFFFFF4E6DFFFFFF,Q
$TX,7486,149723,0CF00400,FFFFFF506DFFFFFF,Q
$TX,7487,149728,0CF00400,FFFFFF536DFFFFFF,Q
$TX,7488,149733,0CF00400,FFFFFF556DFFFFFF,Q
$TX,7489,149738,0CF00400,FFFFFF576DFFFFFF,Q
$TX,7490,149743,0CF00400,FFFFFF596DFFFFFF,Q
$TX,7491,149748,0CF00400,FFFFFF5B6DFFFFFF,Q
$TX,7492,149753,0CF00400,FFFFFF5C6DFFFFFF,Q
$TX,7493,149758,0CF00400,FFFFFF5D6DFFFFFF,Q
$TX,7494,149763,0CF00400,FFFFFF5E6DFFFFFF,Q
$TX,7495,149768,0CF00400,FFFFFF5F6DFFFFFF,Q
$TX,7496,149773,0CF00400,FFFFFF606DFFFFFF,Q
$TX,7497,149778,0CF00400,FFFFFF606DFFFFFF,Q
$TX,7498,149783,0CF00400,FFFFFF606DFFFFFF,Q
$TX,7499,149788,0CF00400,FFFFFF606DFFFFFF,Q
$TX,7500,149793,0CF00400,FFFFFF606DFFFFFF,Q
$TX,7501,149798,0CF00400,FFFFFF5F6DFFFFFF,Q
$TX,7502,149803,0CF00400,FFFFFF5E6DFFFFFF,Q
$TX,7503,149808,0CF00400,FFFFFF5D6DFFFFFF,Q
$TX,7504,149813,0CF00400,FFFFFF5C6DFFFFFF,Q
$TX,7505,149818,0CF00400,FFFFFF5B6DFFFFFF,Q
$TX,7506,149823,0CF00400,FFFFFF596DFFFFFF,Q
$TX,7507,149828,0CF00400,FFFFFF576DFFFFFF,Q
$TX,7508,149833,0CF00400,FFFFFF556DFFFFFF,Q
$TX,7509,149838,0CF00400,FFFFFF536DFFFFFF,Q
$TX,7510,149843,0CF00400,FFFFFF506DFFFFFF,Q
$TX,7511,149848,0CF00400,FFFFFF4E6DFFFFFF,Q
$TX,7512,149853,0CF00400,FFFFFF4B6DFFFFFF,Q
$TX,7513,149858,0CF00400,FFFFFF486DFFFFFF,Q
$TX,7514,149863,0CF00400,FFFFFF446DFFFFFF,Q
$TX,7515,149868,0CF00400,FFFFFF416DFFFFFF,Q
$TX,7516,149873,0CF00400,FFFFFF3D6DFFFFFF,Q
$TX,7517,149878,0CF00400,FFFFFF396DFFFFFF,Q
$TX,7518,149883,0CF00400,FFFFFF356DFFFFFF,Q
$TX,7519,149888,0CF00400,FFFFFF306DFFFFFF,Q
$TX,7520,149893,0CF00400,FFFFFF2C6DFFFFFF,Q
$TX,7521,149898,0CF00400,FFFFFF276DFFFFFF,Q
$TX,7522,149903,0CF00400,FFFFFF226DFFFFFF,Q
$TX,7523,149908,0CF00400,FFFFFF1D6DFFFFFF,Q
$TX,7524,149913,0CF00400,FFFFFF176DFFFFFF,Q
$TX,7525,149918,0CF00400,FFFFFF116DFFFFFF,Q
$TX,7526,149923,0CF00400,FFFFFF0B6DFFFFFF,Q
$TX,7527,149928,0CF00400,FFFFFF056DFFFFFF,Q
$TX,7528,149933,0CF00400,FFFFFFFF6CFFFFFF,Q
$TX,7529,149938,0CF00400,FFFFFFF86CFFFFFF,Q
$TX,7530,149943,0CF00400,FFFFFFF26CFFFFFF,Q
$TX,7531,149948,0CF00400,FFFFFFEB6CFFFFFF,Q
$TX,7532,149953,0CF00400,FFFFFFE36CFFFFFF,Q
$TX,7533,149958,0CF00400,FFFFFFDC6CFFFFFF,Q
$TX,7534,149963,0CF00400,FFFFFFD46CFFFFFF,Q
$TX,7535,149968,0CF00400,FFFFFFCC6CFFFFFF,Q
$TX,7536,149973,0CF00400,FFFFFFC46CFFFFFF,Q
$TX,7537,149978,0CF00400,FFFFFFBC6CFFFFFF,Q
$TX,7538,149983,0CF00400,FFFFFFB46CFFFFFF,Q
$TX,7539,149988,0CF00400,FFFFFFAB6CFFFFFF,Q
$TX,7540,149993,0CF00400,FFFFFFA26CFFFFFF,Q
$TX,7541,149998,0CF00400,FFFFFF996CFFFFFF,Q
$TX,7542,150003,0CF00400,FFFFFF906CFFFFFF,Q
$TX,7543,150008,0CF00400,FFFFFF866CFFFFFF,Q
$TX,7544,150013,0CF00400,FFFFFF7C6CFFFFFF,Q
$TX,7545,150018,0CF00400,FFFFFF726CFFFFFF,Q
$TX,7546,150023,0CF00400,FFFFFF686CFFFFFF,Q
$TX,7547,150028,0CF00400,FFFFFF5E6CFFFFFF,Q
$TX,7548,150033,0CF00400,FFFFFF536CFFFFFF,Q
$TX,7549,150038,0CF00400,FFFFFF486CFFFFFF,Q
$TX,7550,150043,0CF00400,FFFFFF3D6CFFFFFF,Q
$TX,7551,150048,0CF00400,FFFFFF326CFFFFFF,Q
$TX,7552,150053,0CF00400,FFFFFF266CFFFFFF,Q
$TX,7553,150058,0CF00400,FFFFFF1B6CFFFFFF,Q
$TX,7554,150063,0CF00400,FFFFFF0F6CFFFFFF,Q
$TX,7555,150068,0CF00400,FFFFFF036CFFFFFF,Q
$TX,7556,150073,0CF00400,FFFFFFF66BFFFFFF,Q
$TX,7557,150078,0CF00400,FFFFFFEA6BFFFFFF,Q
$TX,7558,150083,0CF00400,FFFFFFDD6BFFFFFF,Q
$TX,7559,150088,0CF00400,FFFFFFD06BFFFFFF,Q
$TX,7560,150093,0CF00400,FFFFFFC36BFFFFFF,Q
$TX,7561,150098,0CF00400,FFFFFFB66BFFFFFF,Q
$TX,7562,150103,0CF00400,FFFFFFA86BFFFFFF,Q
$TX,7563,150108,0CF00400,FFFFFF9A6BFFFFFF,Q
$TX,7564,150113,0CF00400,FFFFFF8C6BFFFFFF,Q
$TX,7565,150118,0CF00400,FFFFFF7E6BFFFFFF,Q
$TX,7566,150123,0CF00400,FFFFFF706BFFFFFF,Q
$TX,7567,150128,0CF00400,FFFFFF616BFFFFFF,Q
$TX,7568,150133,0CF00400,FFFFFF526BFFFFFF,Q
$TX,7569,150138,0CF00400,FFFFFF436BFFFFFF,Q
$TX,7570,150143,0CF00400,FFFFFF346BFFFFFF,Q
$TX,7571,150148,0CF00400,FFFFFF256BFFFFFF,Q
$TX,7572,150153,0CF00400,FFFFFF156BFFFFFF,Q
$TX,7573,150158,0CF00400,FFFFFF056BFFFFFF,Q
$TX,7574,150163,0CF00400,FFFFFFF56AFFFFFF,Q
$TX,7575,150168,0CF00400,FFFFFFE56AFFFFFF,Q
$TX,7576,150173,0CF00400,FFFFFFD46AFFFFFF,Q
$TX,7577,150178,0CF00400,FFFFFFC46AFFFFFF,Q
$TX,7578,150183,0CF00400,FFFFFFB36AFFFFFF,Q
$TX,7579,150188,0CF00400,FFFFFFA26AFFFFFF,Q
$TX,7580,150193,0CF00400,FFFFFF906AFFFFFF,Q
$TX,7581,150198,0CF00400,FFFFFF7F6AFFFFFF,Q
$TX,7582,150203,0CF00400,FFFFFF6D6AFFFFFF,Q
$TX,7583,150208,0CF00400,FFFFFF5B6AFFFFFF,Q
$TX,7584,150213,0CF00400,FFFFFF496AFFFFFF,Q
$TX,7585,150218,0CF00400,FFFFFF376AFFFFFF,Q
$TX,7586,150223,0CF00400,FFFFFF246AFFFFFF,Q
$TX,7587,150228,0CF00400,FFFFFF126AFFFFFF,Q
$TX,7588,150233,0CF00400,FFFFFFFF69FFFFFF,Q
$TX,7589,150238,0CF00400,FFFFFFEC69FFFFFF,Q
$TX,7590,150243,0CF00400,FFFFFFD869FFFFFF,Q
$TX,7591,150248,0CF00400,FFFFFFC569FFFFFF,Q
$TX,7592,150253,0CF00400,FFFFFFB169FFFFFF,Q
$TX,7593,150258,0CF00400,FFFFFF9D69FFFFFF,Q
$TX,7594,150263,0CF00400,FFFFFF8969FFFFFF,Q
$TX,7595,150268,0CF00400,FFFFFF7569FFFFFF,Q
$TX,7596,150273,0CF00400,FFFFFF6069FFFFFF,Q
$TX,7597,150278,0CF00400,FFFFFF4B69FFFFFF,Q
$TX,7598,150283,0CF00400,FFFFFF3669FFFFFF,Q
$TX,7599,150288,0CF00400,FFFFFF2169FFFFFF,Q
$TX,7600,150293,0CF00400,FFFFFF0C69FFFFFF,Q
$TX,7601,150298,0CF00400,FFFFFFF668FFFFFF,Q
$TX,7602,150303,0CF00400,FFFFFFE168FFFFFF,Q
$TX,7603,150308,0CF00400,FFFFFFCB68FFFFFF,Q
$TX,7604,150313,0CF00400,FFFFFFB568FFFFFF,Q
$TX,7605,150318,0CF00400,FFFFFF9E68FFFFFF,Q
$TX,7606,150323,0CF00400,FFFFFF8868FFFFFF,Q
$TX,7607,150328,0CF00400,FFFFFF7168FFFFFF,Q
$TX,7608,150333,0CF00400,FFFFFF5A68FFFFFF,Q
$TX,7609,150338,0CF00400,FFFFFF4368FFFFFF,Q
$TX,7610,150343,0CF00400,FFFFFF2C68FFFFFF,Q
$TX,7611,150348,0CF00400,FFFFFF1468FFFFFF,Q
$TX,7612,150353,0CF00400,FFFFFFFC67FFFFFF,Q
$TX,7613,150358,0CF00400,FFFFFFE467FFFFFF,Q
$TX,7614,150363,0CF00400,FFFFFFCC67FFFFFF,Q
$TX,7615,150368,0CF00400,FFFFFFB467FFFFFF,Q
$TX,7616,150373,0CF00400,FFFFFF9C67FFFFFF,Q
$TX,7617,150378,0CF00400,FFFFFF8367FFFFFF,Q
$TX,7618,150383,0CF00400,FFFFFF6A67FFFFFF,Q
$TX,7619,150388,0CF00400,FFFFFF5167FFFFFF,Q
$TX,7620,150393,0CF00400,FFFFFF3867FFFFFF,Q
$TX,7621,150398,0CF00400,FFFFFF1E67FFFFFF,Q
$TX,7622,150403,0CF00400,FFFFFF0567FFFFFF,Q
$TX,7623,150408,0CF00400,FFFFFFEB66FFFFFF,Q
$TX,7624,150413,0CF00400,FFFFFFD166FFFFFF,Q
$TX,7625,150418,0CF00400,FFFFFFB766FFFFFF,Q
$TX,7626,150423,0CF00400,FFFFFF9C66FFFFFF,Q
$TX,7627,150428,0CF00400,FFFFFF8266FFFFFF,Q
$TX,7628,150433,0CF00400,FFFFFF6766FFFFFF,Q
$TX,7629,150438,0CF00400,FFFFFF4C66FFFFFF,Q
$TX,7630,150443,0CF00400,FFFFFF3166FFFFFF,Q
$TX,7631,150448,0CF00400,FFFFFF1666FFFFFF,Q
$TX,7632,150453,0CF00400,FFFFFFFA65FFFFFF,Q
$TX,7633,150458,0CF00400,FFFFFFDE65FFFFFF,Q
$TX,7634,150463,0CF00400,FFFFFFC265FFFFFF,Q
$TX,7635,150468,0CF00400,FFFFFFA665FFFFFF,Q
$TX,7636,150473,0CF00400,FFFFFF8A65FFFFFF,Q
$TX,7637,150478,0CF00400,FFFFFF6E65FFFFFF,Q
$TX,7638,150483,0CF00400,FFFFFF5165FFFFFF,Q
$TX,7639,150488,0CF00400,FFFFFF3465FFFFFF,Q
$TX,7640,150493,0CF00400,FFFFFF1765FFFFFF,Q
$TX,7641,150498,0CF00400,FFFFFFFA64FFFFFF,Q
$TX,7642,150503,0CF00400,FFFFFFDD64FFFFFF,Q
$TX,7643,150508,0CF00400,FFFFFFBF64FFFFFF,Q
$TX,7644,150513,0CF00400,FFFFFFA164FFFFFF,Q
$TX,7645,150518,0CF00400,FFFFFF8364FFFFFF,Q
$TX,7646,150523,0CF00400,FFFFFF6564FFFFFF,Q
$TX,7647,150528,0CF00400,FFFFFF4764FFFFFF,Q
$TX,7648,150533,0CF00400,FFFFFF2964FFFFFF,Q
$TX,7649,150538,0CF00400,FFFFFF0A64FFFFFF,Q
$TX,7650,150543,0CF00400,FFFFFFEB63FFFFFF,Q
$TX,7651,150548,0CF00400,FFFFFFCC63FFFFFF,Q
$TX,7652,150553,0CF00400,FFFFFFAD63FFFFFF,Q
$4X,7653,150558,0CF00400,FFFFFF8E63FFFFFF,Q
$TX,7654,150563,0CF00400,FFFFFF6E63FFFFFF,Q
$TX,7655,150568,0CF00400,FFFFFF4E63FFFFFF,Q
$TX,7656,150573,0CF00400,FFFFFF2F63FFFFFF,Q
$TX,7657,150578,0CF00400,FFFFFF0E63FFFFFF,Q
$TX,7658,150583,0CF00400,FFFFFFEE62FFFFFF,Q
$TX,7659,150588,0CF00400,FFFFFFCE62FFFFFF,Q
$TX,7660,150593,0CF00400,FFFFFFAD62FFFFFF,Q
$TX,7661,150598,0CF00400,FFFFFF8D62FFFFFF,Q
$TX,7662,150603,0CF00400,FFFFFF6C62FFFFFF,Q
$TX,7663,150608,0CF00400,FFFFFF4A62FFFFFF,Q
$TX,7664,150613,0CF00400,FFFFFF2962FFFFFF,Q
$TX,7665,150618,0CF00400,FFFFFF0862FFFFFF,Q
$TX,7666,150623,0CF00400,FFFFFFE661FFFFFF,Q
$TX,7667,150628,0CF00400,FFFFFFC461FFFFFF,Q
$TX,7668,150633,0CF00400,FFFFFFA261FFFFFF,Q
$TX,7669,150638,0CF00400,FFFFFF8061FFFFFF,Q
$TX,7670,150643,0CF00400,FFFFFF5E61FFFFFF,Q
$TX,7671,150648,0CF00400,FFFFFF3C61FFFFFF,Q
$TX,7672,150653,0CF00400,FFFFFF1961FFFFFF,Q
$TX,7673,150658,0CF00400,FFFFFFF660FFFFFF,Q
$TX,7674,150663,0CF00400,FFFFFFD360FFFFFF,Q
$TX,7675,150668,0CF00400,FFFFFFB060FFFFFF,Q
$TX,7676,150673,0CF00400,FFFFFF8D60FFFFFF,Q
$TX,7677,150678,0CF00400,FFFFFF6960FFFFFF,Q
$TX,7678,150683,0CF00400,FFFFFF4660FFFFFF,Q
$TX,7679,150688,0CF00400,FFFFFF2260FFFFFF,Q
$TX,7680,150693,0CF00400,FFFFFFFE5FFFFFFF,Q
$TX,7681,150698,0CF00400,FFFFFFDA5FFFFFFF,Q
$TX,7682,150703,0CF00400,FFFFFFB65FFFFFFF,Q
$TX,7683,150708,0CF00400,FFFFFF915FFFFFFF,Q
$TX,7684,150713,0CF00400,FFFFFF6D5FFFFFFF,Q
$TX,7685,150718,0CF00400,FFFFFF485FFFFFFF,Q
$TX,7686,150723,0CF00400,FFFFFF235FFFFFFF,Q
$TX,7687,150728,0CF00400,FFFFFFFE5EFFFFFF,Q
$TX,7688,150733,0CF00400,FFFFFFD95EFFFFFF,Q
$TX,7689,150738,0CF00400,FFFFFFB35EFFFFFF,Q
$TX,7690,150743,0CF00400,FFFFFF8E5EFFFFFF,Q
$TX,7691,150748,0CF00400,FFFFFF685EFFFFFF,Q
$TX,7692,150753,0CF00400,FFFFFF425EFFFFFF,Q
$TX,7693,150758,0CF00400,FFFFFF1C5EFFFFFF,Q
$TX,7694,150763,0CF00400,FFFFFFF65DFFFFFF,Q
$TX,7695,150768,0CF00400,FFFFFFCF5DFFFFFF,Q
$TX,7696,150773,0CF00400,FFFFFFA95DFFFFFF,Q
$TX,7697,150778,0CF00400,FFFFFF825DFFFFFF,Q
$TX,7698,150783,0CF00400,FFFFFF5B5DFFFFFF,Q
$TX,7699,150788,0CF00400,FFFFFF355DFFFFFF,Q
$TX,7700,150793,0CF00400,FFFFFF0D5DFFFFFF,Q
$TX,7701,150798,0CF00400,FFFFFFE65CFFFFFF,Q
$TX,7702,150803,0CF00400,FFFFFFBF5CFFFFFF,Q
$TX,7703,150808,0CF00400,FFFFFF975CFFFFFF,Q
$TX,7704,150813,0CF00400,FFFFFF705CFFFFFF,Q
$TX,7705,150818,0CF00400,FFFFFF485CFFFFFF,Q
$TX,7706,150823,0CF00400,FFFFFF205CFFFFFF,Q
$TX,7707,150828,0CF00400,FFFFFFF85BFFFFFF,Q
$TX,7708,150833,0CF00400,FFFFFFCF5BFFFFFF,Q
$TX,7709,150838,0CF00400,FFFFFFA75BFFFFFF,Q
$TX,7710,150843,0CF00400,FFFFFF7E5BFFFFFF,Q
$TX,7711,150848,0CF00400,FFFFFF555BFFFFFF,Q
$TX,7712,150853,0CF00400,FFFFFF2D5BFFFFFF,Q
$TX,7713,150858,0CF00400,FFFFFF045BFFFFFF,Q
$TX,7714,150863,0CF00400,FFFFFFDA5AFFFFFF,Q
$TX,7715,150868,0CF00400,FFFFFFB15AFFFFFF,Q
$TX,7716,150873,0CF00400,FFFFFF885AFFFFFF,Q
$TX,7717,150878,0CF00400,FFFFFF5E5AFFFFFF,Q
$TX,7718,150883,0CF00400,FFFFFF345AFFFFFF,Q
$TX,7719,150888,0CF00400,FFFFFF0A5AFFFFFF,Q
$TX,7720,150893,0CF00400,FFFFFFE059FFFFFF,Q
$TX,7721,150898,0CF00400,FFFFFFB659FFFFFF,Q
$TX,7722,150903,0CF00400,FFFFFF8C59FFFFFF,Q
$TX,7723,150908,0CF00400,FFFFFF6259FFFFFF,Q
$TX,7724,150913,0CF00400,FFFFFF3759FFFFFF,Q
$TX,7725,150918,0CF00400,FFFFFF0C59FFFFFF,Q
$TX,7726,150923,0CF00400,FFFFFFE158FFFFFF,Q
$TX,7727,150928,0CF00400,FFFFFFB658FFFFFF,Q
$TX,7728,150933,0CF00400,FFFFFF8B58FFFFFF,Q
$TX,7729,150938,0CF00400,FFFFFF6058FFFFFF,Q
$TX,7730,150943,0CF00400,FFFFFF3558FFFFFF,Q
$TX,7731,150948,0CF00400,FFFFFF0958FFFFFF,Q
$TX,7732,150953,0CF00400,FFFFFFDE57FFFFFF,Q
$TX,7733,150958,0CF00400,FFFFFFB257FFFFFF,Q
$TX,7734,150963,0CF00400,FFFFFF8657FFFFFF,Q
$TX,7735,150968,0CF00400,FFFFFF5A57FFFFFF,Q
$TX,7736,150973,0CF00400,FFFFFF2E57FFFFFF,Q
$TX,7737,150978,0CF00400,FFFFFF0157FFFFFF,Q
$TX,7738,150983,0CF00400,FFFFFFD556FFFFFF,Q
$TX,7739,150988,0CF00400,FFFFFFA856FFFFFF,Q
$TX,7740,150993,0CF00400,FFFFFF7C56FFFFFF,Q
$TX,7741,150998,0CF00400,FFFFFF4F56FFFFFF,Q
$TX,7742,151003,0CF00400,FFFFFF2256FFFFFF,Q
$TX,7743,151008,0CF00400,FFFFFFF555FFFFFF,Q
$TX,7744,151013,0CF00400,FFFFFFC855FFFFFF,Q
$TX,7745,151018,0CF00400,FFFFFF9B55FFFFFF,Q
$TX,7746,151023,0CF00400,FFFFFF6D55FFFFFF,Q
$TX,7747,151028,0CF00400,FFFFFF4055FFFFFF,Q
$TX,7748,151033,0CF00400,FFFFFF1255FFFFFF,Q
$TX,7749,151038,0CF00400,FFFFFFE454FFFFFF,Q
$TX,7750,151043,0CF00400,FFFFFFB654FFFFFF,Q
$TX,7751,151048,0CF00400,FFFFFF8854FFFFFF,Q
$TX,7752,151053,0CF00400,FFFFFF5A54FFFFFF,Q
$TX,7753,151058,0CF00400,FFFFFF2C54FFFFFF,Q
$TX,7754,151063,0CF00400,FFFFFFFE53FFFFFF,Q
$TX,7755,151068,0CF00400,FFFFFFCF53FFFFFF,Q
$TX,7756,151073,0CF00400,FFFFFFA053FFFFFF,Q
$TX,7757,151078,0CF00400,FFFFFF7253FFFFFF,Q
$TX,7758,151083,0CF00400,FFFFFF4353FFFFFF,Q
$TX,7759,151088,0CF00400,FFFFFF1453FFFFFF,Q
$TX,7760,151093,0CF00400,FFFFFFE552FFFFFF,Q
$TX,7761,151098,0CF00400,FFFFFFB652FFFFFF,Q
$TX,7762,151103,0CF00400,FFFFFF8752FFFFFF,Q
$TX,7763,151108,0CF00400,FFFFFF5752FFFFFF,Q
$TX,7764,151113,0CF00400,FFFFFF2852FFFFFF,Q
$TX,7765,151118,0CF00400,FFFFFFF851FFFFFF,Q
$TX,7766,151123,0CF00400,FFFFFFC851FFFFFF,Q
$TX,7767,151128,0CF00400,FFFFFF9951FFFFFF,Q
$TX,7768,151133,0CF00400,FFFFFF6951FFFFFF,Q
$TX,7769,151138,0CF00400,FFFFFF3951FFFFFF,Q
$TX,7770,151143,0CF00400,FFFFFF0951FFFFFF,Q
$TX,7771,151148,0CF00400,FFFFFFD850FFFFFF,Q
$TX,7772,151153,0CF00400,FFFFFFA850FFFFFF,Q
$TX,7773,151158,0CF00400,FFFFFF7850FFFFFF,Q
$TX,7774,151163,0CF00400,FFFFFF4750FFFFFF,Q
$TX,7775,151168,0CF00400,FFFFFF1650FFFFFF,Q
$TX,7776,151173,0CF00400,FFFFFFE64FFFFFFF,Q
$TX,7777,151178,0CF00400,FFFFFFB54FFFFFFF,Q
$TX,7778,151183,0CF00400,FFFFFF844FFFFFFF,Q
$TX,7779,151188,0CF00400,FFFFFF534FFFFFFF,Q
$TX,7780,151193,0CF00400,FFFFFF224FFFFFFF,Q
$TX,7781,151198,0CF00400,FFFFFFF04EFFFFFF,Q
$TX,7782,151203,0CF00400,FFFFFFBF4EFFFFFF,Q
$TX,7783,151208,0CF00400,FFFFFF8E4EFFFFFF,Q
$TX,7784,151213,0CF00400,FFFFFF5C4EFFFFFF,Q
$TX,7785,151218,0CF00400,FFFFFF2B4EFFFFFF,Q
$TX,7786,151223,0CF00400,FFFFFFF94DFFFFFF,Q
$TX,7787,151228,0CF00400,FFFFFFC74DFFFFFF,Q
$TX,7788,151233,0CF00400,FFFFFF954DFFFFFF,Q
$TX,7789,151238,0CF00400,FFFFFF634DFFFFFF,Q
$TX,7790,151243,0CF00400,FFFFFF314DFFFFFF,Q
$TX,7791,151248,0CF00400,FFFFFFFF4CFFFFFF,Q
$TX,7792,151253,0CF00400,FFFFFFCD4CFFFFFF,Q
$TX,7793,151258,0CF00400,FFFFFF9A4CFFFFFF,Q
$TX,7794,151263,0CF00400,FFFFFF684CFFFFFF,Q
$TX,7795,151268,0CF00400,FFFFFF364CFFFFFF,Q
$TX,7796,151273,0CF00400,FFFFFF034CFFFFFF,Q
$TX,7797,151278,0CF00400,FFFFFFD04BFFFFFF,Q
$TX,7798,151283,0CF00400,FFFFFF9E4BFFFFFF,Q
$TX,7799,151288,0CF00400,FFFFFF6B4BFFFFFF,Q
$TX,7800,151293,0CF00400,FFFFFF384BFFFFFF,Q
$TX,7801,151298,0CF00400,FFFFFF054BFFFFFF,Q
$TX,7802,151303,0CF00400,FFFFFFD24AFFFFFF,Q
$TX,7803,151308,0CF00400,FFFFFF9F4AFFFFFF,Q
$TX,7804,151313,0CF00400,FFFFFF6B4AFFFFFF,Q
$TX,7805,151318,0CF00400,FFFFFF384AFFFFFF,Q
$TX,7806,151323,0CF00400,FFFFFF054AFFFFFF,Q
$TX,7807,151328,0CF00400,FFFFFFD149FFFFFF,Q
$TX,7808,151333,0CF00400,FFFFFF9E49FFFFFF,Q
$TX,7809,151338,0CF00400,FFFFFF6A49FFFFFF,Q
$TX,7810,151343,0CF00400,FFFFFF3649FFFFFF,Q
$TX,7811,151348,0CF00400,FFFFFF0349FFFFFF,Q
$TX,7812,151353,0CF00400,FFFFFFCF48FFFFFF,Q
$TX,7813,151358,0CF00400,FFFFFF9B48FFFFFF,Q
$TX,7814,151363,0CF00400,FFFFFF6748FFFFFF,Q
$TX,7815,151368,0CF00400,FFFFFF3348FFFFFF,Q
$TX,7816,151373,0CF00400,FFFFFFFF47FFFFFF,Q
$TX,7817,151378,0CF00400,FFFFFFCA47FFFFFF,Q
$TX,7818,151383,0CF00400,FFFFFF9647FFFFFF,Q
$TX,7819,151388,0CF00400,FFFFFF6247FFFFFF,Q
$TX,7820,151393,0CF00400,FFFFFF2E47FFFFFF,Q
$TX,7821,151398,0CF00400,FFFFFFF946FFFFFF,Q
$TX,7822,151403,0CF00400,FFFFFFC546FFFFFF,Q
$TX,7823,151408,0CF00400,FFFFFF9046FFFFFF,Q
$TX,7824,151413,0CF00400,FFFFFF5B46FFFFFF,Q
$TX,7825,151418,0CF00400,FFFFFF2746FFFFFF,Q
$TX,7826,151423,0CF00400,FFFFFFF245FFFFFF,Q
$TX,7827,151428,0CF00400,FFFFFFBD45FFFFFF,Q
$TX,7828,151433,0CF00400,FFFFFF8845FFFFFF,Q
$TX,7829,151438,0CF00400,FFFFFF5345FFFFFF,Q
$TX,7830,151443,0CF00400,FFFFFF1E45FFFFFF,Q
$TX,7831,151448,0CF00400,FFFFFFE944FFFFFF,Q
$TX,7832,151453,0CF00400,FFFFFFB444FFFFFF,Q
$TX,7833,151458,0CF00400,FFFFFF7F44FFFFFF,Q
$TX,7834,151463,0CF00400,FFFFFF4A44FFFFFF,Q
$TX,7835,151468,0CF00400,FFFFFF1444FFFFFF,Q
$TX,7836,151473,0CF00400,FFFFFFDF43FFFFFF,Q
$TX,7837,151478,0CF00400,FFFFFFAA43FFFFFF,Q
$TX,7838,151483,0CF00400,FFFFFF7443FFFFFF,Q
$TX,7839,151488,0CF00400,FFFFFF3F43FFFFFF,Q
$TX,7840,151493,0CF00400,FFFFFF0943FFFFFF,Q
$TX,7841,151498,0CF00400,FFFFFFD442FFFFFF,Q
$TX,7842,151503,0CF00400,FFFFFF9E42FFFFFF,Q
$TX,7843,151508,0CF00400,FFFFFF6842FFFFFF,Q
$TX,7844,151513,0CF00400,FFFFFF3342FFFFFF,Q
$TX,7845,151518,0CF00400,FFFFFFFD41FFFFFF,Q
$TX,7846,151523,0CF00400,FFFFFFC741FFFFFF,Q
$TX,7847,151528,0CF00400,FFFFFF9141FFFFFF,Q
$TX,7848,151533,0CF00400,FFFFFF5B41FFFFFF,Q
$TX,7849,151538,0CF00400,FFFFFF2541FFFFFF,Q
$TX,7850,151543,0CF00400,FFFFFFEF40FFFFFF,Q
$TX,7851,151548,0CF00400,FFFFFFB940FFFFFF,Q
$TX,7852,151553,0CF00400,FFFFFF8340FFFFFF,Q
$TX,7853,151558,0CF00400,FFFFFF4D40FFFFFF,Q
$TX,7854,151563,0CF00400,FFFFFF1740FFFFFF,Q
$TX,7855,151568,0CF00400,FFFFFFE13FFFFFFF,Q
$TX,7856,151573,0CF00400,FFFFFFAB3FFFFFFF,Q
$TX,7857,151578,0CF00400,FFFFFF743FFFFFFF,Q
$TX,7858,151583,0CF00400,FFFFFF3E3FFFFFFF,Q
$TX,7859,151588,0CF00400,FFFFFF083FFFFFFF,Q
$TX,7860,151593,0CF00400,FFFFFFD13EFFFFFF,Q
$TX,7861,151598,0CF00400,FFFFFF9B3EFFFFFF,Q
$TX,7862,151603,0CF00400,FFFFFF653EFFFFFF,Q
$TX,7863,151608,0CF00400,FFFFFF2E3EFFFFFF,Q
$TX,7864,151613,0CF00400,FFFFFFF83DFFFFFF,Q
$TX,7865,151618,0CF00400,FFFFFFC13DFFFFFF,Q
$TX,7866,151623,0CF00400,FFFFFF8B3DFFFFFF,Q
$TX,7867,151628,0CF00400,FFFFFF543DFFFFFF,Q
$TX,7868,151633,0CF00400,FFFFFF1E3DFFFFFF,Q
$TX,7869,151638,0CF00400,FFFFFFE73CFFFFFF,Q
$TX,7870,151643,0CF00400,FFFFFFB03CFFFFFF,Q
$TX,7871,151648,0CF00400,FFFFFF7A3CFFFFFF,Q
$TX,7872,151653,0CF00400,FFFFFF433CFFFFFF,Q
$5X,7873,151658,0CF00400,FFFFFF0C3CFFFFFF,Q
$TX,7874,151663,0CF00400,FFFFFFD63BFFFFFF,Q
$TX,7875,151668,0CF00400,FFFFFF9F3BFFFFFF,Q
$TX,7876,151673,0CF00400,FFFFFF683BFFFFFF,Q
$TX,7877,151678,0CF00400,FFFFFF313BFFFFFF,Q
$TX,7878,151683,0CF00400,FFFFFFFA3AFFFFFF,Q
$TX,7879,151688,0CF00400,FFFFFFC43AFFFFFF,Q
$TX,7880,151693,0CF00400,FFFFFF8D3AFFFFFF,Q
$TX,7881,151698,0CF00400,FFFFFF563AFFFFFF,Q
$TX,7882,151703,0CF00400,FFFFFF1F3AFFFFFF,Q
$TX,7883,151708,0CF00400,FFFFFFE839FFFFFF,Q
$TX,7884,151713,0CF00400,FFFFFFB139FFFFFF,Q
$TX,7885,151718,0CF00400,FFFFFF7A39FFFFFF,Q
$TX,7886,151723,0CF00400,FFFFFF4339FFFFFF,Q
$TX,7887,151728,0CF00400,FFFFFF0D39FFFFFF,Q
$TX,7888,151733,0CF00400,FFFFFFD638FFFFFF,Q
$TX,7889,151738,0CF00400,FFFFFF9F38FFFFFF,Q
$TX,7890,151743,0CF00400,FFFFFF6838FFFFFF,Q
$TX,7891,151748,0CF00400,FFFFFF3138FFFFFF,Q
$TX,7892,151753,0CF00400,FFFFFFFA37FFFFFF,Q
$TX,7893,151758,0CF00400,FFFFFFC337FFFFFF,Q
$TX,7894,151763,0CF00400,FFFFFF8C37FFFFFF,Q
$TX,7895,151768,0CF00400,FFFFFF5537FFFFFF,Q
$TX,7896,151773,0CF00400,FFFFFF1E37FFFFFF,Q
$TX,7897,151778,0CF00400,FFFFFFE736FFFFFF,Q
$TX,7898,151783,0CF00400,FFFFFFB036FFFFFF,Q
$TX,7899,151788,0CF00400,FFFFFF7936FFFFFF,Q
$TX,7900,151793,0CF00400,FFFFFF4236FFFFFF,Q
$TX,7901,151798,0CF00400,FFFFFF0B36FFFFFF,Q
$TX,7902,151803,0CF00400,FFFFFFD435FFFFFF,Q
$TX,7903,151808,0CF00400,FFFFFF9D35FFFFFF,Q
$6X,7904,151813,0CF00400,FFFFFF6635FFFFFF,Q
$TX,7905,151818,0CF00400,FFFFFF2F35FFFFFF,Q
$TX,7906,151823,0CF00400,FFFFFFF834FFFFFF,Q
$TX,7907,151828,0CF00400,FFFFFFC134FFFFFF,Q
$TX,7908,151833,0CF00400,FFFFFF8A34FFFFFF,Q
$TX,7909,151838,0CF00400,FFFFFF5334FFFFFF,Q
$TX,7910,151843,0CF00400,FFFFFF1D34FFFFFF,Q
$TX,7911,151848,0CF00400,FFFFFFE633FFFFFF,Q
$TX,7912,151853,0CF00400,FFFFFFAF33FFFFFF,Q
$7X,7913,151858,0CF00400,FFFFFF7833FFFFFF,Q
$TX,7914,151863,0CF00400,FFFFFF4133FFFFFF,Q
$TX,7915,151868,0CF00400,FFFFFF0A33FFFFFF,Q
$TX,7916,151873,0CF00400,FFFFFFD332FFFFFF,Q
$TX,7917,151878,0CF00400,FFFFFF9C32FFFFFF,Q
$TX,7918,151883,0CF00400,FFFFFF6632FFFFFF,Q
$TX,7919,151888,0CF00400,FFFFFF2F32FFFFFF,Q
$TX,7920,151893,0CF00400,FFFFFFF831FFFFFF,Q
$TX,7921,151898,0CF00400,FFFFFFC131FFFFFF,Q
$TX,7922,151903,0CF00400,FFFFFF8A31FFFFFF,Q
$TX,7923,151908,0CF00400,FFFFFF5431FFFFFF,Q
$TX,7924,151913,0CF00400,FFFFFF1D31FFFFFF,Q
$TX,7925,151918,0CF00400,FFFFFFE630FFFFFF,Q
$TX,7926,151923,0CF00400,FFFFFFB030FFFFFF,Q
$TX,7927,151928,0CF00400,FFFFFF7930FFFFFF,Q
$TX,7928,151933,0CF00400,FFFFFF4230FFFFFF,Q
$TX,7929,151938,0CF00400,FFFFFF0C30FFFFFF,Q
$8X,7930,151943,0CF00400,FFFFFFD52FFFFFFF,Q
$TX,7931,151948,0CF00400,FFFFFF9F2FFFFFFF,Q
$TX,7932,151953,0CF00400,FFFFFF682FFFFFFF,Q
$TX,7933,151958,0CF00400,FFFFFF322FFFFFFF,Q
$TX,7934,151963,0CF00400,FFFFFFFB2EFFFFFF,Q
$TX,7935,151968,0CF00400,FFFFFFC52EFFFFFF,Q
$TX,7936,151973,0CF00400,FFFFFF8F2EFFFFFF,Q
$TX,7937,151978,0CF00400,FFFFFF582EFFFFFF,Q
$TX,7938,151983,0CF00400,FFFFFF222EFFFFFF,Q
$TX,7939,151988,0CF00400,FFFFFFEC2DFFFFFF,Q
$TX,7940,151993,0CF00400,FFFFFFB52DFFFFFF,Q
$TX,7941,151998,0CF00400,FFFFFF7F2DFFFFFF,Q
$TX,7942,152003,0CF00400,FFFFFF492DFFFFFF,Q
$TX,7943,152008,0CF00400,FFFFFF132DFFFFFF,Q
$TX,7944,152013,0CF00400,FFFFFFDD2CFFFFFF,Q
$TX,7945,152018,0CF00400,FFFFFFA72CFFFFFF,Q
$TX,7946,152023,0CF00400,FFFFFF712CFFFFFF,Q
$TX,7947,152028,0CF00400,FFFFFF3B2CFFFFFF,Q
$TX,7948,152033,0CF00400,FFFFFF052CFFFFFF,Q
$TX,7949,152038,0CF00400,FFFFFFCF2BFFFFFF,Q
$TX,7950,152043,0CF00400,FFFFFF992BFFFFFF,Q
$TX,7951,152048,0CF00400,FFFFFF632BFFFFFF,Q
$TX,7952,152053,0CF00400,FFFFFF2D2BFFFFFF,Q
$TX,7953,152058,0CF00400,FFFFFFF82AFFFFFF,Q
$TX,7954,152063,0CF00400,FFFFFFC22AFFFFFF,Q
$TX,7955,152068,0CF00400,FFFFFF8C2AFFFFFF,Q
$TX,7956,152073,0CF00400,FFFFFF572AFFFFFF,Q
$TX,7957,152078,0CF00400,FFFFFF212AFFFFFF,Q
$TX,7958,152083,0CF00400,FFFFFFEC29FFFFFF,Q
$TX,7959,152088,0CF00400,FFFFFFB629FFFFFF,Q
$TX,7960,152093,0CF00400,FFFFFF8129FFFFFF,Q
$TX,7961,152098,0CF00400,FFFFFF4C29FFFFFF,Q
$TX,7962,152103,0CF00400,FFFFFF1629FFFFFF,Q
$TX,7963,152108,0CF00400,FFFFFFE128FFFFFF,Q
$TX,7964,152113,0CF00400,FFFFFFAC28FFFFFF,Q
$TX,7965,152118,0CF00400,FFFFFF7728FFFFFF,Q
$TX,7966,152123,0CF00400,FFFFFF4228FFFFFF,Q
$TX,7967,152128,0CF00400,FFFFFF0D28FFFFFF,Q
$0X,7968,152133,0CF00400,FFFFFFD827FFFFFF,Q
$TX,7969,152138,0CF00400,FFFFFFA327FFFFFF,Q
$TX,7970,152143,0CF00400,FFFFFF6E27FFFFFF,Q
$TX,7971,152148,0CF00400,FFFFFF3927FFFFFF,Q
$TX,7972,152153,0CF00400,FFFFFF0527FFFFFF,Q
$TX,7973,152158,0CF00400,FFFFFFD026FFFFFF,Q
$TX,7974,152163,0CF00400,FFFFFF9B26FFFFFF,Q
$TX,7975,152168,0CF00400,FFFFFF6726FFFFFF,Q
$TX,7976,152173,0CF00400,FFFFFF3226FFFFFF,Q
$0X,7977,152178,0CF00400,FFFFFFFE25FFFFFF,Q
$TX,7978,152183,0CF00400,FFFFFFCA25FFFFFF,Q
$TX,7979,152188,0CF00400,FFFFFF9625FFFFFF,Q
$TX,7980,152193,0CF00400,FFFFFF6125FFFFFF,Q
$TX,7981,152198,0CF00400,FFFFFF2D25FFFFFF,Q
$TX,7982,152203,0CF00400,FFFFFFF924FFFFFF,Q
$TX,7983,152208,0CF00400,FFFFFFC524FFFFFF,Q
$TX,7984,152213,0CF00400,FFFFFF9124FFFFFF,Q
$TX,7985,152218,0CF00400,FFFFFF5D24FFFFFF,Q
$TX,7986,152223,0CF00400,FFFFFF2A24FFFFFF,Q
$TX,7987,152228,0CF00400,FFFFFFF623FFFFFF,Q
$TX,7988,152233,0CF00400,FFFFFFC223FFFFFF,Q
$TX,7989,152238,0CF00400,FFFFFF8F23FFFFFF,Q
$TX,7990,152243,0CF00400,FFFFFF5B23FFFFFF,Q
$TX,7991,152248,0CF00400,FFFFFF2823FFFFFF,Q
$TX,7992,152253,0CF00400,FFFFFFF522FFFFFF,Q
$TX,7993,152258,0CF00400,FFFFFFC122FFFFFF,Q
$TX,7994,152263,0CF00400,FFFFFF8E22FFFFFF,Q
$TX,7995,152268,0CF00400,FFFFFF5B22FFFFFF,Q
$TX,7996,152273,0CF00400,FFFFFF2822FFFFFF,Q
$TX,7997,152278,0CF00400,FFFFFFF521FFFFFF,Q
$TX,7998,152283,0CF00400,FFFFFFC221FFFFFF,Q
$TX,7999,152288,0CF00400,FFFFFF9021FFFFFF,Q
$TX,8000,152293,0CF00400,FFFFFF5D21FFFFFF,Q
$TX,8001,152298,0CF00400,FFFFFF2A21FFFFFF,Q
$TX,8002,152303,0CF00400,FFFFFFF820FFFFFF,Q
$TX,8003,152308,0CF00400,FFFFFFC620FFFFFF,Q
$TX,8004,152313,0CF00400,FFFFFF9320FFFFFF,Q
$TX,8005,152318,0CF00400,FFFFFF6120FFFFFF,Q
$TX,8006,152323,0CF00400,FFFFFF2F20FFFFFF,Q
$TX,8007,152328,0CF00400,FFFFFFFD1FFFFFFF,Q
$TX,8008,152333,0CF00400,FFFFFFCB1FFFFFFF,Q
$TX,8009,152338,0CF00400,FFFFFF991FFFFFFF,Q
$TX,8010,152343,0CF00400,FFFFFF671FFFFFFF,Q
$TX,8011,152348,0CF00400,FFFFFF351FFFFFFF,Q
$TX,8012,152353,0CF00400,FFFFFF041FFFFFFF,Q
$TX,8013,152358,0CF00400,FFFFFFD21EFFFFFF,Q
$TX,8014,152363,0CF00400,FFFFFFA11EFFFFFF,Q
$TX,8015,152368,0CF00400,FFFFFF701EFFFFFF,Q
$TX,8016,152373,0CF00400,FFFFFF3E1EFFFFFF,Q
$TX,8017,152378,0CF00400,FFFFFF0D1EFFFFFF,Q
$TX,8018,152383,0CF00400,FFFFFFDC1DFFFFFF,Q
$TX,8019,152388,0CF00400,FFFFFFAB1DFFFFFF,Q
$TX,8020,152393,0CF00400,FFFFFF7A1DFFFFFF,Q
$TX,8021,152398,0CF00400,FFFFFF4A1DFFFFFF,Q
$TX,8022,152403,0CF00400,FFFFFF191DFFFFFF,Q
$TX,8023,152408,0CF00400,FFFFFFE81CFFFFFF,Q
$TX,8024,152413,0CF00400,FFFFFFB81CFFFFFF,Q
$TX,8025,152418,0CF00400,FFFFFF881CFFFFFF,Q
$TX,8026,152423,0CF00400,FFFFFF571CFFFFFF,Q
$TX,8027,152428,0CF00400,FFFFFF271CFFFFFF,Q
$TX,8028,152433,0CF00400,FFFFFFF71BFFFFFF,Q
$TX,8029,152438,0CF00400,FFFFFFC71BFFFFFF,Q
$TX,8030,152443,0CF00400,FFFFFF981BFFFFFF,Q
$TX,8031,152448,0CF00400,FFFFFF681BFFFFFF,Q
$TX,8032,152453,0CF00400,FFFFFF381BFFFFFF,Q
$TX,8033,152458,0CF00400,FFFFFF091BFFFFFF,Q
$TX,8034,152463,0CF00400,FFFFFFD91AFFFFFF,Q
$TX,8035,152468,0CF00400,FFFFFFAA1AFFFFFF,Q
$TX,8036,152473,0CF00400,FFFFFF7B1AFFFFFF,Q
$TX,8037,152478,0CF00400,FFFFFF4C1AFFFFFF,Q
$TX,8038,152483,0CF00400,FFFFFF1D1AFFFFFF,Q
$TX,8039,152488,0CF00400,FFFFFFEE19FFFFFF,Q
$TX,8040,152493,0CF00400,FFFFFFC019FFFFFF,Q
$TX,8041,152498,0CF00400,FFFFFF9119FFFFFF,Q
$TX,8042,152503,0CF00400,FFFFFF6219FFFFFF,Q
$TX,8043,152508,0CF00400,FFFFFF3419FFFFFF,Q
$TX,8044,152513,0CF00400,FFFFFF0619FFFFFF,Q
$TX,8045,152518,0CF00400,FFFFFFD818FFFFFF,Q
$TX,8046,152523,0CF00400,FFFFFFAA18FFFFFF,Q
$TX,8047,152528,0CF00400,FFFFFF7C18FFFFFF,Q
$TX,8048,152533,0CF00400,FFFFFF4E18FFFFFF,Q
$TX,8049,152538,0CF00400,FFFFFF2018FFFFFF,Q
$TX,8050,152543,0CF00400,FFFFFFF317FFFFFF,Q
$TX,8051,152548,0CF00400,FFFFFFC517FFFFFF,Q
$TX,8052,152553,0CF00400,FFFFFF9817FFFFFF,Q
$TX,8053,152558,0CF00400,FFFFFF6B17FFFFFF,Q
$TX,8054,152563,0CF00400,FFFFFF3E17FFFFFF,Q
$TX,8055,152568,0CF00400,FFFFFF1117FFFFFF,Q
$TX,8056,152573,0CF00400,FFFFFFE416FFFFFF,Q
$TX,8057,152578,0CF00400,FFFFFFB816FFFFFF,Q
$TX,8058,152583,0CF00400,FFFFFF8B16FFFFFF,Q
$TX,8059,152588,0CF00400,FFFFFF5F16FFFFFF,Q
$TX,8060,152593,0CF00400,FFFFFF3216FFFFFF,Q
$TX,8061,152598,0CF00400,FFFFFF0616FFFFFF,Q
$TX,8062,152603,0CF00400,FFFFFFDA15FFFFFF,Q
$TX,8063,152608,0CF00400,FFFFFFAE15FFFFFF,Q
$TX,8064,152613,0CF00400,FFFFFF8215FFFFFF,Q
$TX,8065,152618,0CF00400,FFFFFF5715FFFFFF,Q
$TX,8066,152623,0CF00400,FFFFFF2B15FFFFFF,Q
$TX,8067,152628,0CF00400,FFFFFF0015FFFFFF,Q
$TX,8068,152633,0CF00400,FFFFFFD514FFFFFF,Q
$TX,8069,152638,0CF00400,FFFFFFAA14FFFFFF,Q
$TX,8070,152643,0CF00400,FFFFFF7F14FFFFFF,Q
$TX,8071,152648,0CF00400,FFFFFF5414FFFFFF,Q
$TX,8072,152653,0CF00400,FFFFFF2914FFFFFF,Q
$TX,8073,152658,0CF00400,FFFFFFFE13FFFFFF,Q
$TX,8074,152663,0CF00400,FFFFFFD413FFFFFF,Q
$TX,8075,152668,0CF00400,FFFFFFAA13FFFFFF,Q
$TX,8076,152673,0CF00400,FFFFFF8013FFFFFF,Q
$TX,8077,152678,0CF00400,FFFFFF5613FFFFFF,Q
$TX,8078,152683,0CF00400,FFFFFF2C13FFFFFF,Q
$TX,8079,152688,0CF00400,FFFFFF0213FFFFFF,Q
$TX,8080,152693,0CF00400,FFFFFFD812FFFFFF,Q
$TX,8081,152698,0CF00400,FFFFFFAF12FFFFFF,Q
$TX,8082,152703,0CF00400,FFFFFF8612FFFFFF,Q
$TX,8083,152708,0CF00400,FFFFFF5C12FFFFFF,Q
$TX,8084,152713,0CF00400,FFFFFF3312FFFFFF,Q
$TX,8085,152718,0CF00400,FFFFFF0B12FFFFFF,Q
$TX,8086,152723,0CF00400,FFFFFFE211FFFFFF,Q
$TX,8087,152728,0CF00400,FFFFFFB911FFFFFF,Q
$TX,8088,152733,0CF00400,FFFFFF9111FFFFFF,Q
$TX,8089,152738,0CF00400,FFFFFF6811FFFFFF,Q
$TX,8090,152743,0CF00400,FFFFFF4011FFFFFF,Q
$TX,8091,152748,0CF00400,FFFFFF1811FFFFFF,Q
$TX,8092,152753,0CF00400,FFFFFFF010FFFFFF,Q
$TX,8093,152758,0CF00400,FFFFFFC910FFFFFF,Q
$TX,8094,152763,0CF00400,FFFFFFA110FFFFFF,Q
$TX,8095,152768,0CF00400,FFFFFF7A10FFFFFF,Q
$TX,8096,152773,0CF00400,FFFFFF5310FFFFFF,Q
$TX,8097,152778,0CF00400,FFFFFF2B10FFFFFF,Q
$TX,8098,152783,0CF00400,FFFFFF0510FFFFFF,Q
$TX,8099,152788,0CF00400,FFFFFFDE0FFFFFFF,Q
$TX,8100,152793,0CF00400,FFFFFFB70FFFFFFF,Q
$TX,8101,152798,0CF00400,FFFFFF910FFFFFFF,Q
$TX,8102,152803,0CF00400,FFFFFF6A0FFFFFFF,Q
$TX,8103,152808,0CF00400,FFFFFF440FFFFFFF,Q
$TX,8104,152813,0CF00400,FFFFFF1E0FFFFFFF,Q
$TX,8105,152818,0CF00400,FFFFFFF80EFFFFFF,Q
$TX,8106,152823,0CF00400,FFFFFFD20EFFFFFF,Q
$TX,8107,152828,0CF00400,FFFFFFAD0EFFFFFF,Q
$TX,8108,152833,0CF00400,FFFFFF870EFFFFFF,Q
$TX,8109,152838,0CF00400,FFFFFF620EFFFFFF,Q
$TX,8110,152843,0CF00400,FFFFFF3D0EFFFFFF,Q
$TX,8111,152848,0CF00400,FFFFFF180EFFFFFF,Q
$TX,8112,152853,0CF00400,FFFFFFF30DFFFFFF,Q
$TX,8113,152858,0CF00400,FFFFFFCF0DFFFFFF,Q
$TX,8114,152863,0CF00400,FFFFFFAA0DFFFFFF,Q
$TX,8115,152868,0CF00400,FFFFFF860DFFFFFF,Q
$TX,8116,152873,0CF00400,FFFFFF620DFFFFFF,Q
$TX,8117,152878,0CF00400,FFFFFF3E0DFFFFFF,Q
$TX,8118,152883,0CF00400,FFFFFF1A0DFFFFFF,Q
$TX,8119,152888,0CF00400,FFFFFFF70CFFFFFF,Q
$TX,8120,152893,0CF00400,FFFFFFD30CFFFFFF,Q
$TX,8121,152898,0CF00400,FFFFFFB00CFFFFFF,Q
$TX,8122,152903,0CF00400,FFFFFF8D0CFFFFFF,Q
$TX,8123,152908,0CF00400,FFFFFF6A0CFFFFFF,Q
$TX,8124,152913,0CF00400,FFFFFF470CFFFFFF,Q
$TX,8125,152918,0CF00400,FFFFFF240CFFFFFF,Q
$TX,8126,152923,0CF00400,FFFFFF020CFFFFFF,Q
$TX,8127,152928,0CF00400,FFFFFFE00BFFFFFF,Q
$TX,8128,152933,0CF00400,FFFFFFBE0BFFFFFF,Q
$TX,8129,152938,0CF00400,FFFFFF9C0BFFFFFF,Q
$TX,8130,152943,0CF00400,FFFFFF7A0BFFFFFF,Q
$TX,8131,152948,0CF00400,FFFFFF580BFFFFFF,Q
$TX,8132,152953,0CF00400,FFFFFF370BFFFFFF,Q
$TX,8133,152958,0CF00400,FFFFFF160BFFFFFF,Q
$TX,8134,152963,0CF00400,FFFFFFF40AFFFFFF,Q
$TX,8135,152968,0CF00400,FFFFFFD30AFFFFFF,Q
$TX,8136,152973,0CF00400,FFFFFFB30AFFFFFF,Q
$TX,8137,152978,0CF00400,FFFFFF920AFFFFFF,Q
$TX,8138,152983,0CF00400,FFFFFF720AFFFFFF,Q
$TX,8139,152988,0CF00400,FFFFFF520AFFFFFF,Q
$TX,8140,152993,0CF00400,FFFFFF310AFFFFFF,Q
$TX,8141,152998,0CF00400,FFFFFF120AFFFFFF,Q
$TX,8142,153003,0CF00400,FFFFFFF209FFFFFF,Q
$TX,8143,153008,0CF00400,FFFFFFD209FFFFFF,Q
$TX,8144,153013,0CF00400,FFFFFFB309FFFFFF,Q
$TX,8145,153018,0CF00400,FFFFFF9409FFFFFF,Q
$TX,8146,153023,0CF00400,FFFFFF7509FFFFFF,Q
$TX,8147,153028,0CF00400,FFFFFF5609FFFFFF,Q
$TX,8148,153033,0CF00400,FFFFFF3709FFFFFF,Q
$TX,8149,153038,0CF00400,FFFFFF1909FFFFFF,Q
$TX,8150,153043,0CF00400,FFFFFFFB08FFFFFF,Q
$TX,8151,153048,0CF00400,FFFFFFDD08FFFFFF,Q
$TX,8152,153053,0CF00400,FFFFFFBF08FFFFFF,Q
$TX,8153,153058,0CF00400,FFFFFFA108FFFFFF,Q
$TX,8154,153063,0CF00400,FFFFFF8308FFFFFF,Q
$TX,8155,153068,0CF00400,FFFFFF6608FFFFFF,Q
$TX,8156,153073,0CF00400,FFFFFF4908FFFFFF,Q
$TX,8157,153078,0CF00400,FFFFFF2C08FFFFFF,Q
$TX,8158,153083,0CF00400,FFFFFF0F08FFFFFF,Q
$TX,8159,153088,0CF00400,FFFFFFF207FFFFFF,Q
$TX,8160,153093,0CF00400,FFFFFFD607FFFFFF,Q
$TX,8161,153098,0CF00400,FFFFFFBA07FFFFFF,Q
$TX,8162,153103,0CF00400,FFFFFF9E07FFFFFF,Q
$TX,8163,153108,0CF00400,FFFFFF8207FFFFFF,Q
$TX,8164,153113,0CF00400,FFFFFF6607FFFFFF,Q
$TX,8165,153118,0CF00400,FFFFFF4A07FFFFFF,Q
$TX,8166,153123,0CF00400,FFFFFF2F07FFFFFF,Q
$TX,8167,153128,0CF00400,FFFFFF1407FFFFFF,Q
$TX,8168,153133,0CF00400,FFFFFFF906FFFFFF,Q
$TX,8169,153138,0CF00400,FFFFFFDE06FFFFFF,Q
$TX,8170,153143,0CF00400,FFFFFFC406FFFFFF,Q
$TX,8171,153148,0CF00400,FFFFFFA906FFFFFF,Q
$TX,8172,153153,0CF00400,FFFFFF8F06FFFFFF,Q
$TX,8173,153158,0CF00400,FFFFFF7506FFFFFF,Q
$TX,8174,153163,0CF00400,FFFFFF5B06FFFFFF,Q
$TX,8175,153168,0CF00400,FFFFFF4206FFFFFF,Q
$TX,8176,153173,0CF00400,FFFFFF2806FFFFFF,Q
$TX,8177,153178,0CF00400,FFFFFF0F06FFFFFF,Q
$TX,8178,153183,0CF00400,FFFFFFF605FFFFFF,Q
$TX,8179,153188,0CF00400,FFFFFFDD05FFFFFF,Q
$TX,8180,153193,0CF00400,FFFFFFC405FFFFFF,Q
$TX,8181,153198,0CF00400,FFFFFFAC05FFFFFF,Q
$TX,8182,153203,0CF00400,FFFFFF9405FFFFFF,Q
$TX,8183,153208,0CF00400,FFFFFF7C05FFFFFF,Q
$TX,8184,153213,0CF00400,FFFFFF6405FFFFFF,Q
$TX,8185,153218,0CF00400,FFFFFF4C05FFFFFF,Q
$TX,8186,153223,0CF00400,FFFFFF3405FFFFFF,Q
$TX,8187,153228,0CF00400,FFFFFF1D05FFFFFF,Q
$TX,8188,153233,0CF00400,FFFFFF0605FFFFFF,Q
$TX,8189,153238,0CF00400,FFFFFFEF04FFFFFF,Q
$1X,8190,153243,0CF00400,FFFFFFD804FFFFFF,Q
$TX,8191,153248,0CF00400,FFFFFFC204FFFFFF,Q
$TX,8192,153253,0CF00400,FFFFFFAC04FFFFFF,Q
$TX,8193,153258,0CF00400,FFFFFF9504FFFFFF,Q
$TX,8194,153263,0CF00400,FFFFFF7F04FFFFFF,Q
$TX,8195,153268,0CF00400,FFFFFF6A04FFFFFF,Q
$TX,8196,153273,0CF00400,FFFFFF5404FFFFFF,Q
$TX,8197,153278,0CF00400,FFFFFF3F04FFFFFF,Q
$TX,8198,153283,0CF00400,FFFFFF2A04FFFFFF,Q
$TX,8199,153288,0CF00400,FFFFFF1504FFFFFF,Q
$TX,8200,153293,0CF00400,FFFFFF0004FFFFFF,Q
$TX,8201,153298,0CF00400,FFFFFFEB03FFFFFF,Q
$TX,8202,153303,0CF00400,FFFFFFD703FFFFFF,Q
$TX,8203,153308,0CF00400,FFFFFFC303FFFFFF,Q
$TX,8204,153313,0CF00400,FFFFFFAF03FFFFFF,Q
$TX,8205,153318,0CF00400,FFFFFF9B03FFFFFF,Q
$TX,8206,153323,0CF00400,FFFFFF8803FFFFFF,Q
$TX,8207,153328,0CF00400,FFFFFF7403FFFFFF,Q
$TX,8208,153333,0CF00400,FFFFFF6103FFFFFF,Q
$TX,8209,153338,0CF00400,FFFFFF4E03FFFFFF,Q
$TX,8210,153343,0CF00400,FFFFFF3C03FFFFFF,Q
$TX,8211,153348,0CF00400,FFFFFF2903FFFFFF,Q
$TX,8212,153353,0CF00400,FFFFFF1703FFFFFF,Q
$TX,8213,153358,0CF00400,FFFFFF0503FFFFFF,Q
$TX,8214,153363,0CF00400,FFFFFFF302FFFFFF,Q
$TX,8215,153368,0CF00400,FFFFFFE102FFFFFF,Q
$TX,8216,153373,0CF00400,FFFFFFD002FFFFFF,Q
$TX,8217,153378,0CF00400,FFFFFFBE02FFFFFF,Q
$TX,8218,153383,0CF00400,FFFFFFAD02FFFFFF,Q
$TX,8219,153388,0CF00400,FFFFFF9C02FFFFFF,Q
$TX,8220,153393,0CF00400,FFFFFF8C02FFFFFF,Q
$TX,8221,153398,0CF00400,FFFFFF7B02FFFFFF,Q
$TX,8222,153403,0CF00400,FFFFFF6B02FFFFFF,Q
$TX,8223,153408,0CF00400,FFFFFF5B02FFFFFF,Q
$TX,8224,153413,0CF00400,FFFFFF4B02FFFFFF,Q
$TX,8225,153418,0CF00400,FFFFFF3B02FFFFFF,Q
$TX,8226,153423,0CF00400,FFFFFF2C02FFFFFF,Q
$TX,8227,153428,0CF00400,FFFFFF1D02FFFFFF,Q
$TX,8228,153433,0CF00400,FFFFFF0E02FFFFFF,Q
$TX,8229,153438,0CF00400,FFFFFFFF01FFFFFF,Q
$TX,8230,153443,0CF00400,FFFFFFF001FFFFFF,Q
$TX,8231,153448,0CF00400,FFFFFFE201FFFFFF,Q
$TX,8232,153453,0CF00400,FFFFFFD401FFFFFF,Q
$TX,8233,153458,0CF00400,FFFFFFC601FFFFFF,Q
$TX,8234,153463,0CF00400,FFFFFFB801FFFFFF,Q
$TX,8235,153468,0CF00400,FFFFFFAA01FFFFFF,Q
$TX,8236,153473,0CF00400,FFFFFF9D01FFFFFF,Q
$TX,8237,153478,0CF00400,FFFFFF9001FFFFFF,Q
$TX,8238,153483,0CF00400,FFFFFF8301FFFFFF,Q
$TX,8239,153488,0CF00400,FFFFFF7601FFFFFF,Q
$TX,8240,153493,0CF00400,FFFFFF6A01FFFFFF,Q
$TX,8241,153498,0CF00400,FFFFFF5D01FFFFFF,Q
$TX,8242,153503,0CF00400,FFFFFF5101FFFFFF,Q
$TX,8243,153508,0CF00400,FFFFFF4501FFFFFF,Q
$TX,8244,153513,0CF00400,FFFFFF3A01FFFFFF,Q
$TX,8245,153518,0CF00400,FFFFFF2E01FFFFFF,Q
$TX,8246,153523,0CF00400,FFFFFF2301FFFFFF,Q
$TX,8247,153528,0CF00400,FFFFFF1801FFFFFF,Q
$TX,8248,153533,0CF00400,FFFFFF0D01FFFFFF,Q
$TX,8249,153538,0CF00400,FFFFFF0201FFFFFF,Q
$4X,8250,153543,0CF00400,FFFFFFF800FFFFFF,Q
$TX,8251,153548,0CF00400,FFFFFFEE00FFFFFF,Q
$TX,8252,153553,0CF00400,FFFFFFE400FFFFFF,Q
$TX,8253,153558,0CF00400,FFFFFFDA00FFFFFF,Q
$TX,8254,153563,0CF00400,FFFFFFD000FFFFFF,Q
$TX,8255,153568,0CF00400,FFFFFFC700FFFFFF,Q
$TX,8256,153573,0CF00400,FFFFFFBE00FFFFFF,Q
$TX,8257,153578,0CF00400,FFFFFFB500FFFFFF,Q
$TX,8258,153583,0CF00400,FFFFFFAC00FFFFFF,Q
$TX,8259,153588,0CF00400,FFFFFFA400FFFFFF,Q
$TX,8260,153593,0CF00400,FFFFFF9C00FFFFFF,Q
$TX,8261,153598,0CF00400,FFFFFF9400FFFFFF,Q
$TX,8262,153603,0CF00400,FFFFFF8C00FFFFFF,Q
$TX,8263,153608,0CF00400,FFFFFF8400FFFFFF,Q
$TX,8264,153613,0CF00400,FFFFFF7D00FFFFFF,Q
$TX,8265,153618,0CF00400,FFFFFF7500FFFFFF,Q
$TX,8266,153623,0CF00400,FFFFFF6E00FFFFFF,Q
$TX,8267,153628,0CF00400,FFFFFF6800FFFFFF,Q
$TX,8268,153633,0CF00400,FFFFFF6100FFFFFF,Q
$TX,8269,153638,0CF00400,FFFFFF5B00FFFFFF,Q
$TX,8270,153643,0CF00400,FFFFFF5500FFFFFF,Q
$TX,8271,153648,0CF00400,FFFFFF4F00FFFFFF,Q
$TX,8272,153653,0CF00400,FFFFFF4900FFFFFF,Q
$TX,8273,153658,0CF00400,FFFFFF4300FFFFFF,Q
$TX,8274,153663,0CF00400,FFFFFF3E00FFFFFF,Q
$TX,8275,153668,0CF00400,FFFFFF3900FFFFFF,Q
$TX,8276,153673,0CF00400,FFFFFF3400FFFFFF,Q
$TX,8277,153678,0CF00400,FFFFFF3000FFFFFF,Q
$TX,8278,153683,0CF00400,FFFFFF2B00FFFFFF,Q
$TX,8279,153688,0CF00400,FFFFFF2700FFFFFF,Q
$TX,8280,153693,0CF00400,FFFFFF2300FFFFFF,Q
$TX,8281,153698,0CF00400,FFFFFF1F00FFFFFF,Q
$TX,8282,153703,0CF00400,FFFFFF1C00FFFFFF,Q
$TX,8283,153708,0CF00400,FFFFFF1800FFFFFF,Q
$TX,8284,153713,0CF00400,FFFFFF1500FFFFFF,Q
$TX,8285,153718,0CF00400,FFFFFF1200FFFFFF,Q
$TX,8286,153723,0CF00400,FFFFFF1000FFFFFF,Q
$TX,8287,153728,0CF00400,FFFFFF0D00FFFFFF,Q
$TX,8288,153733,0CF00400,FFFFFF0B00FFFFFF,Q
$TX,8289,153738,0CF00400,FFFFFF0900FFFFFF,Q
$TX,8290,153743,0CF00400,FFFFFF0700FFFFFF,Q
$TX,8291,153748,0CF00400,FFFFFF0500FFFFFF,Q
$TX,8292,153753,0CF00400,FFFFFF0400FFFFFF,Q
$TX,8293,153758,0CF00400,FFFFFF0300FFFFFF,Q
$6X,8294,153763,0CF00400,FFFFFF0200FFFFFF,Q
$TX,8295,153768,0CF00400,FFFFFF0100FFFFFF,Q
$TX,8296,153773,0CF00400,FFFFFF0000FFFFFF,Q
$TX,8297,153778,0CF00400,FFFFFF0000FFFFFF,Q
$TX,8298,153783,0CF00400,FFFFFF0000FFFFFF,Q
$TX,8299,153788,0CF00400,FFFFFF0000FFFFFF,Q
$TX,8300,153793,0CF00400,FFFFFF0000FFFFFF,Q
$TX,8301,153798,0CF00400,FFFFFF0100FFFFFF,Q
$TX,8302,153803,0CF00400,FFFFFF0200FFFFFF,Q
$TX,8303,153808,0CF00400,FFFFFF0300FFFFFF,Q
$TX,8304,153813,0CF00400,FFFFFF0400FFFFFF,Q
$TX,8305,153818,0CF00400,FFFFFF0500FFFFFF,Q
$TX,8306,153823,0CF00400,FFFFFF0700FFFFFF,Q
$TX,8307,153828,0CF00400,FFFFFF0900FFFFFF,Q
$TX,8308,153833,0CF00400,FFFFFF0B00FFFFFF,Q
$TX,8309,153838,0CF00400,FFFFFF0D00FFFFFF,Q
$TX,8310,153843,0CF00400,FFFFFF1000FFFFFF,Q
$TX,8311,153848,0CF00400,FFFFFF1200FFFFFF,Q
$TX,8312,153853,0CF00400,FFFFFF1500FFFFFF,Q
$TX,8313,153858,0CF00400,FFFFFF1800FFFFFF,Q
$TX,8314,153863,0CF00400,FFFFFF1C00FFFFFF,Q
$TX,8315,153868,0CF00400,FFFFFF1F00FFFFFF,Q
$TX,8316,153873,0CF00400,FFFFFF2300FFFFFF,Q
$TX,8317,153878,0CF00400,FFFFFF2700FFFFFF,Q
$TX,8318,153883,0CF00400,FFFFFF2B00FFFFFF,Q
$TX,8319,153888,0CF00400,FFFFFF3000FFFFFF,Q
$TX,8320,153893,0CF00400,FFFFFF3400FFFFFF,Q
$TX,8321,153898,0CF00400,FFFFFF3900FFFFFF,Q
$TX,8322,153903,0CF00400,FFFFFF3E00FFFFFF,Q
$TX,8323,153908,0CF00400,FFFFFF4300FFFFFF,Q
$TX,8324,153913,0CF00400,FFFFFF4900FFFFFF,Q
$TX,8325,153918,0CF00400,FFFFFF4F00FFFFFF,Q
$TX,8326,153923,0CF00400,FFFFFF5500FFFFFF,Q
$TX,8327,153928,0CF00400,FFFFFF5B00FFFFFF,Q
$TX,8328,153933,0CF00400,FFFFFF6100FFFFFF,Q
$TX,8329,153938,0CF00400,FFFFFF6800FFFFFF,Q
$8X,8330,153943,0CF00400,FFFFFF6E00FFFFFF,Q
$TX,8331,153948,0CF00400,FFFFFF7500FFFFFF,Q
$TX,8332,153953,0CF00400,FFFFFF7D00FFFFFF,Q
$TX,8333,153958,0CF00400,FFFFFF8400FFFFFF,Q
$TX,8334,153963,0CF00400,FFFFFF8C00FFFFFF,Q
$TX,8335,153968,0CF00400,FFFFFF9400FFFFFF,Q
$TX,8336,153973,0CF00400,FFFFFF9C00FFFFFF,Q
$TX,8337,153978,0CF00400,FFFFFFA400FFFFFF,Q
$TX,8338,153983,0CF00400,FFFFFFAC00FFFFFF,Q
$TX,8339,153988,0CF00400,FFFFFFB500FFFFFF,Q
$TX,8340,153993,0CF00400,FFFFFFBE00FFFFFF,Q
$TX,8341,153998,0CF00400,FFFFFFC700FFFFFF,Q
$TX,8342,154003,0CF00400,FFFFFFD000FFFFFF,Q
$TX,8343,154008,0CF00400,FFFFFFDA00FFFFFF,Q
$TX,8344,154013,0CF00400,FFFFFFE400FFFFFF,Q
$TX,8345,154018,0CF00400,FFFFFFEE00FFFFFF,Q
$TX,8346,154023,0CF00400,FFFFFFF800FFFFFF,Q
$TX,8347,154028,0CF00400,FFFFFF0201FFFFFF,Q
$TX,8348,154033,0CF00400,FFFFFF0D01FFFFFF,Q
$TX,8349,154038,0CF00400,FFFFFF1801FFFFFF,Q
$TX,8350,154043,0CF00400,FFFFFF2301FFFFFF,Q
$TX,8351,154048,0CF00400,FFFFFF2E01FFFFFF,Q
$TX,8352,154053,0CF00400,FFFFFF3A01FFFFFF,Q
$TX,8353,154058,0CF00400,FFFFFF4501FFFFFF,Q
$TX,8354,154063,0CF00400,FFFFFF5101FFFFFF,Q
$TX,8355,154068,0CF00400,FFFFFF5D01FFFFFF,Q
$TX,8356,154073,0CF00400,FFFFFF6A01FFFFFF,Q
$TX,8357,154078,0CF00400,FFFFFF7601FFFFFF,Q
$TX,8358,154083,0CF00400,FFFFFF8301FFFFFF,Q
$TX,8359,154088,0CF00400,FFFFFF9001FFFFFF,Q
$TX,8360,154093,0CF00400,FFFFFF9D01FFFFFF,Q
$TX,8361,154098,0CF00400,FFFFFFAA01FFFFFF,Q
$TX,8362,154103,0CF00400,FFFFFFB801FFFFFF,Q
$TX,8363,154108,0CF00400,FFFFFFC601FFFFFF,Q
$TX,8364,154113,0CF00400,FFFFFFD401FFFFFF,Q
$TX,8365,154118,0CF00400,FFFFFFE201FFFFFF,Q
$TX,8366,154123,0CF00400,FFFFFFF001FFFFFF,Q
$TX,8367,154128,0CF00400,FFFFFFFF01FFFFFF,Q
$0X,8368,154133,0CF00400,FFFFFF0E02FFFFFF,Q
$TX,8369,154138,0CF00400,FFFFFF1D02FFFFFF,Q
$TX,8370,154143,0CF00400,FFFFFF2C02FFFFFF,Q
$TX,8371,154148,0CF00400,FFFFFF3B02FFFFFF,Q
$TX,8372,154153,0CF00400,FFFFFF4B02FFFFFF,Q
$TX,8373,154158,0CF00400,FFFFFF5B02FFFFFF,Q
$TX,8374,154163,0CF00400,FFFFFF6B02FFFFFF,Q
$TX,8375,154168,0CF00400,FFFFFF7B02FFFFFF,Q
$TX,8376,154173,0CF00400,FFFFFF8C02FFFFFF,Q
$TX,8377,154178,0CF00400,FFFFFF9C02FFFFFF,Q
$TX,8378,154183,0CF00400,FFFFFFAD02FFFFFF,Q
$TX,8379,154188,0CF00400,FFFFFFBE02FFFFFF,Q
$TX,8380,154193,0CF00400,FFFFFFD002FFFFFF,Q
$TX,8381,154198,0CF00400,FFFFFFE102FFFFFF,Q
$TX,8382,154203,0CF00400,FFFFFFF302FFFFFF,Q
$TX,8383,154208,0CF00400,FFFFFF0503FFFFFF,Q
$TX,8384,154213,0CF00400,FFFFFF1703FFFFFF,Q
$TX,8385,154218,0CF00400,FFFFFF2903FFFFFF,Q
$TX,8386,154223,0CF00400,FFFFFF3C03FFFFFF,Q
$TX,8387,154228,0CF00400,FFFFFF4E03FFFFFF,Q
$TX,8388,154233,0CF00400,FFFFFF6103FFFFFF,Q
$TX,8389,154238,0CF00400,FFFFFF7403FFFFFF,Q
$TX,8390,154243,0CF00400,FFFFFF8803FFFFFF,Q
$TX,8391,154248,0CF00400,FFFFFF9B03FFFFFF,Q
$TX,8392,154253,0CF00400,FFFFFFAF03FFFFFF,Q
$TX,8393,154258,0CF00400,FFFFFFC303FFFFFF,Q
$TX,8394,154263,0CF00400,FFFFFFD703FFFFFF,Q
$TX,8395,154268,0CF00400,FFFFFFEB03FFFFFF,Q
$TX,8396,154273,0CF00400,FFFFFF0004FFFFFF,Q
$TX,8397,154278,0CF00400,FFFFFF1504FFFFFF,Q
$TX,8398,154283,0CF00400,FFFFFF2A04FFFFFF,Q
$TX,8399,154288,0CF00400,FFFFFF3F04FFFFFF,Q
$TX,8400,154293,0CF00400,FFFFFF5404FFFFFF,Q
$TX,8401,154298,0CF00400,FFFFFF6A04FFFFFF,Q
$TX,8402,154303,0CF00400,FFFFFF7F04FFFFFF,Q
$TX,8403,154308,0CF00400,FFFFFF9504FFFFFF,Q
$TX,8404,154313,0CF00400,FFFFFFAC04FFFFFF,Q
$TX,8405,154318,0CF00400,FFFFFFC204FFFFFF,Q
$TX,8406,154323,0CF00400,FFFFFFD804FFFFFF,Q
$TX,8407,154328,0CF00400,FFFFFFEF04FFFFFF,Q
$TX,8408,154333,0CF00400,FFFFFF0605FFFFFF,Q
$TX,8409,154338,0CF00400,FFFFFF1D05FFFFFF,Q
$TX,8410,154343,0CF00400,FFFFFF3405FFFFFF,Q
$TX,8411,154348,0CF00400,FFFFFF4C05FFFFFF,Q
$TX,8412,154353,0CF00400,FFFFFF6405FFFFFF,Q
$TX,8413,154358,0CF00400,FFFFFF7C05FFFFFF,Q
$TX,8414,154363,0CF00400,FFFFFF9405FFFFFF,Q
$TX,8415,154368,0CF00400,FFFFFFAC05FFFFFF,Q
$TX,8416,154373,0CF00400,FFFFFFC405FFFFFF,Q
$TX,8417,154378,0CF00400,FFFFFFDD05FFFFFF,Q
$TX,8418,154383,0CF00400,FFFFFFF605FFFFFF,Q
$TX,8419,154388,0CF00400,FFFFFF0F06FFFFFF,Q
$TX,8420,154393,0CF00400,FFFFFF2806FFFFFF,Q
$TX,8421,154398,0CF00400,FFFFFF4206FFFFFF,Q
$TX,8422,154403,0CF00400,FFFFFF5B06FFFFFF,Q
$TX,8423,154408,0CF00400,FFFFFF7506FFFFFF,Q
$TX,8424,154413,0CF00400,FFFFFF8F06FFFFFF,Q
$3X,8425,154418,0CF00400,FFFFFFA906FFFFFF,Q
$TX,8426,154423,0CF00400,FFFFFFC406FFFFFF,Q
$TX,8427,154428,0CF00400,FFFFFFDE06FFFFFF,Q
$TX,8428,154433,0CF00400,FFFFFFF906FFFFFF,Q
$TX,8429,154438,0CF00400,FFFFFF1407FFFFFF,Q
$TX,8430,154443,0CF00400,FFFFFF2F07FFFFFF,Q
$TX,8431,154448,0CF00400,FFFFFF4A07FFFFFF,Q
$TX,8432,154453,0CF00400,FFFFFF6607FFFFFF,Q
$TX,8433,154458,0CF00400,FFFFFF8207FFFFFF,Q
$TX,8434,154463,0CF00400,FFFFFF9E07FFFFFF,Q
$TX,8435,154468,0CF00400,FFFFFFBA07FFFFFF,Q
$TX,8436,154473,0CF00400,FFFFFFD607FFFFFF,Q
$TX,8437,154478,0CF00400,FFFFFFF207FFFFFF,Q
$TX,8438,154483,0CF00400,FFFFFF0F08FFFFFF,Q
$TX,8439,154488,0CF00400,FFFFFF2C08FFFFFF,Q
$TX,8440,154493,0CF00400,FFFFFF4908FFFFFF,Q
$TX,8441,154498,0CF00400,FFFFFF6608FFFFFF,Q
$TX,8442,154503,0CF00400,FFFFFF8308FFFFFF,Q
$TX,8443,154508,0CF00400,FFFFFFA108FFFFFF,Q
$TX,8444,154513,0CF00400,FFFFFFBF08FFFFFF,Q
$TX,8445,154518,0CF00400,FFFFFFDD08FFFFFF,Q
$TX,8446,154523,0CF00400,FFFFFFFB08FFFFFF,Q
$TX,8447,154528,0CF00400,FFFFFF1909FFFFFF,Q
$TX,8448,154533,0CF00400,FFFFFF3709FFFFFF,Q
$TX,8449,154538,0CF00400,FFFFFF5609FFFFFF,Q
$TX,8450,154543,0CF00400,FFFFFF7509FFFFFF,Q
$TX,8451,154548,0CF00400,FFFFFF9409FFFFFF,Q
$TX,8452,154553,0CF00400,FFFFFFB309FFFFFF,Q
$TX,8453,154558,0CF00400,FFFFFFD209FFFFFF,Q
$TX,8454,154563,0CF00400,FFFFFFF209FFFFFF,Q
$TX,8455,154568,0CF00400,FFFFFF120AFFFFFF,Q
$TX,8456,154573,0CF00400,FFFFFF310AFFFFFF,Q
$TX,8457,154578,0CF00400,FFFFFF520AFFFFFF,Q
$TX,8458,154583,0CF00400,FFFFFF720AFFFFFF,Q
$TX,8459,154588,0CF00400,FFFFFF920AFFFFFF,Q
$TX,8460,154593,0CF00400,FFFFFFB30AFFFFFF,Q
$TX,8461,154598,0CF00400,FFFFFFD30AFFFFFF,Q
$TX,8462,154603,0CF00400,FFFFFFF40AFFFFFF,Q
$TX,8463,154608,0CF00400,FFFFFF160BFFFFFF,Q
$TX,8464,154613,0CF00400,FFFFFF370BFFFFFF,Q
$TX,8465,154618,0CF00400,FFFFFF580BFFFFFF,Q
$TX,8466,154623,0CF00400,FFFFFF7A0BFFFFFF,Q
$TX,8467,154628,0CF00400,FFFFFF9C0BFFFFFF,Q
$TX,8468,154633,0CF00400,FFFFFFBE0BFFFFFF,Q
$TX,8469,154638,0CF00400,FFFFFFE00BFFFFFF,Q
$TX,8470,154643,0CF00400,FFFFFF020CFFFFFF,Q
$TX,8471,154648,0CF00400,FFFFFF240CFFFFFF,Q
$TX,8472,154653,0CF00400,FFFFFF470CFFFFFF,Q
$TX,8473,154658,0CF00400,FFFFFF6A0CFFFFFF,Q
$TX,8474,154663,0CF00400,FFFFFF8D0CFFFFFF,Q
$TX,8475,154668,0CF00400,FFFFFFB00CFFFFFF,Q
$TX,8476,154673,0CF00400,FFFFFFD30CFFFFFF,Q
$TX,8477,154678,0CF00400,FFFFFFF70CFFFFFF,Q
$TX,8478,154683,0CF00400,FFFFFF1A0DFFFFFF,Q
$TX,8479,154688,0CF00400,FFFFFF3E0DFFFFFF,Q
$TX,8480,154693,0CF00400,FFFFFF620DFFFFFF,Q
$TX,8481,154698,0CF00400,FFFFFF860DFFFFFF,Q
$TX,8482,154703,0CF00400,FFFFFFAA0DFFFFFF,Q
$TX,8483,154708,0CF00400,FFFFFFCF0DFFFFFF,Q
$TX,8484,154713,0CF00400,FFFFFFF30DFFFFFF,Q
$TX,8485,154718,0CF00400,FFFFFF180EFFFFFF,Q
$TX,8486,154723,0CF00400,FFFFFF3D0EFFFFFF,Q
$TX,8487,154728,0CF00400,FFFFFF620EFFFFFF,Q
$TX,8488,154733,0CF00400,FFFFFF870EFFFFFF,Q
$TX,8489,154738,0CF00400,FFFFFFAD0EFFFFFF,Q
$TX,8490,154743,0CF00400,FFFFFFD20EFFFFFF,Q
$TX,8491,154748,0CF00400,FFFFFFF80EFFFFFF,Q
$TX,8492,154753,0CF00400,FFFFFF1E0FFFFFFF,Q
$TX,8493,154758,0CF00400,FFFFFF440FFFFFFF,Q
$TX,8494,154763,0CF00400,FFFFFF6A0FFFFFFF,Q
$TX,8495,154768,0CF00400,FFFFFF910FFFFFFF,Q
$TX,8496,154773,0CF00400,FFFFFFB70FFFFFFF,Q
$TX,8497,154778,0CF00400,FFFFFFDE0FFFFFFF,Q
$TX,8498,154783,0CF00400,FFFFFF0510FFFFFF,Q
$TX,8499,154788,0CF00400,FFFFFF2B10FFFFFF,Q
$TX,8500,154793,0CF00400,FFFFFF5310FFFFFF,Q
$TX,8501,154798,0CF00400,FFFFFF7A10FFFFFF,Q
$TX,8502,154803,0CF00400,FFFFFFA110FFFFFF,Q
$TX,8503,154808,0CF00400,FFFFFFC910FFFFFF,Q
$TX,8504,154813,0CF00400,FFFFFFF010FFFFFF,Q
$TX,8505,154818,0CF00400,FFFFFF1811FFFFFF,Q
$TX,8506,154823,0CF00400,FFFFFF4011FFFFFF,Q
$TX,8507,154828,0CF00400,FFFFFF6811FFFFFF,Q
$TX,8508,154833,0CF00400,FFFFFF9111FFFFFF,Q
$TX,8509,154838,0CF00400,FFFFFFB911FFFFFF,Q
$TX,8510,154843,0CF00400,FFFFFFE211FFFFFF,Q
$TX,8511,154848,0CF00400,FFFFFF0B12FFFFFF,Q
$TX,8512,154853,0CF00400,FFFFFF3312FFFFFF,Q
$TX,8513,154858,0CF00400,FFFFFF5C12FFFFFF,Q
$TX,8514,154863,0CF00400,FFFFFF8612FFFFFF,Q
$TX,8515,154868,0CF00400,FFFFFFAF12FFFFFF,Q
$TX,8516,154873,0CF00400,FFFFFFD812FFFFFF,Q
$TX,8517,154878,0CF00400,FFFFFF0213FFFFFF,Q
$TX,8518,154883,0CF00400,FFFFFF2C13FFFFFF,Q
$TX,8519,154888,0CF00400,FFFFFF5613FFFFFF,Q
$TX,8520,154893,0CF00400,FFFFFF8013FFFFFF,Q
$TX,8521,154898,0CF00400,FFFFFFAA13FFFFFF,Q
$TX,8522,154903,0CF00400,FFFFFFD413FFFFFF,Q
$TX,8523,154908,0CF00400,FFFFFFFE13FFFFFF,Q
$TX,8524,154913,0CF00400,FFFFFF2914FFFFFF,Q
$TX,8525,154918,0CF00400,FFFFFF5414FFFFFF,Q
$TX,8526,154923,0CF00400,FFFFFF7F14FFFFFF,Q
$TX,8527,154928,0CF00400,FFFFFFAA14FFFFFF,Q
$TX,8528,154933,0CF00400,FFFFFFD514FFFFFF,Q
$TX,8529,154938,0CF00400,FFFFFF0015FFFFFF,Q
$TX,8530,154943,0CF00400,FFFFFF2B15FFFFFF,Q
$TX,8531,154948,0CF00400,FFFFFF5715FFFFFF,Q
$TX,8532,154953,0CF00400,FFFFFF8215FFFFFF,Q
$TX,8533,154958,0CF00400,FFFFFFAE15FFFFFF,Q
$TX,8534,154963,0CF00400,FFFFFFDA15FFFFFF,Q
$TX,8535,154968,0CF00400,FFFFFF0616FFFFFF,Q
$TX,8536,154973,0CF00400,FFFFFF3216FFFFFF,Q
$TX,8537,154978,0CF00400,FFFFFF5F16FFFFFF,Q
$TX,8538,154983,0CF00400,FFFFFF8B16FFFFFF,Q
$TX,8539,154988,0CF00400,FFFFFFB816FFFFFF,Q
$TX,8540,154993,0CF00400,FFFFFFE416FFFFFF,Q
$TX,8541,154998,0CF00400,FFFFFF1117FFFFFF,Q
$TX,8542,155003,0CF00400,FFFFFF3E17FFFFFF,Q
$TX,8543,155008,0CF00400,FFFFFF6B17FFFFFF,Q
$TX,8544,155013,0CF00400,FFFFFF9817FFFFFF,Q
$TX,8545,155018,0CF00400,FFFFFFC517FFFFFF,Q
$TX,8546,155023,0CF00400,FFFFFFF317FFFFFF,Q
$TX,8547,155028,0CF00400,FFFFFF2018FFFFFF,Q
$TX,8548,155033,0CF00400,FFFFFF4E18FFFFFF,Q
$TX,8549,155038,0CF00400,FFFFFF7C18FFFFFF,Q
$9X,8550,155043,0CF00400,FFFFFFAA18FFFFFF,Q
$TX,8551,155048,0CF00400,FFFFFFD818FFFFFF,Q
$TX,8552,155053,0CF00400,FFFFFF0619FFFFFF,Q
$TX,8553,155058,0CF00400,FFFFFF3419FFFFFF,Q
$TX,8554,155063,0CF00400,FFFFFF6219FFFFFF,Q
$TX,8555,155068,0CF00400,FFFFFF9119FFFFFF,Q
$TX,8556,155073,0CF00400,FFFFFFC019FFFFFF,Q
$TX,8557,155078,0CF00400,FFFFFFEE19FFFFFF,Q
$TX,8558,155083,0CF00400,FFFFFF1D1AFFFFFF,Q
$TX,8559,155088,0CF00400,FFFFFF4C1AFFFFFF,Q
$TX,8560,155093,0CF00400,FFFFFF7B1AFFFFFF,Q
$TX,8561,155098,0CF00400,FFFFFFAA1AFFFFFF,Q
$TX,8562,155103,0CF00400,FFFFFFD91AFFFFFF,Q
$TX,8563,155108,0CF00400,FFFFFF091BFFFFFF,Q
$TX,8564,155113,0CF00400,FFFFFF381BFFFFFF,Q
$TX,8565,155118,0CF00400,FFFFFF681BFFFFFF,Q
$TX,8566,155123,0CF00400,FFFFFF981BFFFFFF,Q
$TX,8567,155128,0CF00400,FFFFFFC71BFFFFFF,Q
$TX,8568,155133,0CF00400,FFFFFFF71BFFFFFF,Q
$TX,8569,155138,0CF00400,FFFFFF271CFFFFFF,Q
$TX,8570,155143,0CF00400,FFFFFF571CFFFFFF,Q
$TX,8571,155148,0CF00400,FFFFFF881CFFFFFF,Q
$TX,8572,155153,0CF00400,FFFFFFB81CFFFFFF,Q
$TX,8573,155158,0CF00400,FFFFFFE81CFFFFFF,Q
$TX,8574,155163,0CF00400,FFFFFF191DFFFFFF,Q
$TX,8575,155168,0CF00400,FFFFFF4A1DFFFFFF,Q
$TX,8576,155173,0CF00400,FFFFFF7A1DFFFFFF,Q
$TX,8577,155178,0CF00400,FFFFFFAB1DFFFFFF,Q
$TX,8578,155183,0CF00400,FFFFFFDC1DFFFFFF,Q
$TX,8579,155188,0CF00400,FFFFFF0D1EFFFFFF,Q
$TX,8580,155193,0CF00400,FFFFFF3E1EFFFFFF,Q
$TX,8581,155198,0CF00400,FFFFFF701EFFFFFF,Q
$TX,8582,155203,0CF00400,FFFFFFA11EFFFFFF,Q
$TX,8583,155208,0CF00400,FFFFFFD21EFFFFFF,Q
$TX,8584,155213,0CF00400,FFFFFF041FFFFFFF,Q
$TX,8585,155218,0CF00400,FFFFFF351FFFFFFF,Q
$TX,8586,155223,0CF00400,FFFFFF671FFFFFFF,Q
$TX,8587,155228,0CF00400,FFFFFF991FFFFFFF,Q
$TX,8588,155233,0CF00400,FFFFFFCB1FFFFFFF,Q
$TX,8589,155238,0CF00400,FFFFFFFD1FFFFFFF,Q
$TX,8590,155243,0CF00400,FFFFFF2F20FFFFFF,Q
$TX,8591,155248,0CF00400,FFFFFF6120FFFFFF,Q
$TX,8592,155253,0CF00400,FFFFFF9320FFFFFF,Q
$TX,8593,155258,0CF00400,FFFFFFC620FFFFFF,Q
$TX,8594,155263,0CF00400,FFFFFFF820FFFFFF,Q
$TX,8595,155268,0CF00400,FFFFFF2A21FFFFFF,Q
$TX,8596,155273,0CF00400,FFFFFF5D21FFFFFF,Q
$TX,8597,155278,0CF00400,FFFFFF9021FFFFFF,Q
$TX,8598,155283,0CF00400,FFFFFFC221FFFFFF,Q
$TX,8599,155288,0CF00400,FFFFFFF521FFFFFF,Q
$TX,8600,155293,0CF00400,FFFFFF2822FFFFFF,Q
$TX,8601,155298,0CF00400,FFFFFF5B22FFFFFF,Q
$TX,8602,155303,0CF00400,FFFFFF8E22FFFFFF,Q
$TX,8603,155308,0CF00400,FFFFFFC122FFFFFF,Q
$TX,8604,155313,0CF00400,FFFFFFF522FFFFFF,Q
$TX,8605,155318,0CF00400,FFFFFF2823FFFFFF,Q
$TX,8606,155323,0CF00400,FFFFFF5B23FFFFFF,Q
$TX,8607,155328,0CF00400,FFFFFF8F23FFFFFF,Q
$TX,8608,155333,0CF00400,FFFFFFC223FFFFFF,Q
$TX,8609,155338,0CF00400,FFFFFFF623FFFFFF,Q
$TX,8610,155343,0CF00400,FFFFFF2A24FFFFFF,Q
$TX,8611,155348,0CF00400,FFFFFF5D24FFFFFF,Q
$TX,8612,155353,0CF00400,FFFFFF9124FFFFFF,Q
$TX,8613,155358,0CF00400,FFFFFFC524FFFFFF,Q
$TX,8614,155363,0CF00400,FFFFFFF924FFFFFF,Q
$TX,8615,155368,0CF00400,FFFFFF2D25FFFFFF,Q
$TX,8616,155373,0CF00400,FFFFFF6125FFFFFF,Q
$TX,8617,155378,0CF00400,FFFFFF9625FFFFFF,Q
$TX,8618,155383,0CF00400,FFFFFFCA25FFFFFF,Q
$TX,8619,155388,0CF00400,FFFFFFFE25FFFFFF,Q
$TX,8620,155393,0CF00400,FFFFFF3226FFFFFF,Q
$TX,8621,155398,0CF00400,FFFFFF6726FFFFFF,Q
$TX,8622,155403,0CF00400,FFFFFF9B26FFFFFF,Q
$TX,8623,155408,0CF00400,FFFFFFD026FFFFFF,Q
$TX,8624,155413,0CF00400,FFFFFF0527FFFFFF,Q
$TX,8625,155418,0CF00400,FFFFFF3927FFFFFF,Q
$TX,8626,155423,0CF00400,FFFFFF6E27FFFFFF,Q
$TX,8627,155428,0CF00400,FFFFFFA327FFFFFF,Q
$TX,8628,155433,0CF00400,FFFFFFD827FFFFFF,Q
$TX,8629,155438,0CF00400,FFFFFF0D28FFFFFF,Q
$TX,8630,155443,0CF00400,FFFFFF4228FFFFFF,Q
$TX,8631,155448,0CF00400,FFFFFF7728FFFFFF,Q
$TX,8632,155453,0CF00400,FFFFFFAC28FFFFFF,Q
$TX,8633,155458,0CF00400,FFFFFFE128FFFFFF,Q
$TX,8634,155463,0CF00400,FFFFFF1629FFFFFF,Q
$TX,8635,155468,0CF00400,FFFFFF4C29FFFFFF,Q
$TX,8636,155473,0CF00400,FFFFFF8129FFFFFF,Q
$TX,8637,155478,0CF00400,FFFFFFB629FFFFFF,Q
$TX,8638,155483,0CF00400,FFFFFFEC29FFFFFF,Q
$TX,8639,155488,0CF00400,FFFFFF212AFFFFFF,Q
$TX,8640,155493,0CF00400,FFFFFF572AFFFFFF,Q
$TX,8641,155498,0CF00400,FFFFFF8C2AFFFFFF,Q
$TX,8642,155503,0CF00400,FFFFFFC22AFFFFFF,Q
$TX,8643,155508,0CF00400,FFFFFFF82AFFFFFF,Q
$TX,8644,155513,0CF00400,FFFFFF2D2BFFFFFF,Q
$TX,8645,155518,0CF00400,FFFFFF632BFFFFFF,Q
$TX,8646,155523,0CF00400,FFFFFF992BFFFFFF,Q
$TX,8647,155528,0CF00400,FFFFFFCF2BFFFFFF,Q
$TX,8648,155533,0CF00400,FFFFFF052CFFFFFF,Q
$TX,8649,155538,0CF00400,FFFFFF3B2CFFFFFF,Q
$TX,8650,155543,0CF00400,FFFFFF712CFFFFFF,Q
$TX,8651,155548,0CF00400,FFFFFFA72CFFFFFF,Q
$TX,8652,155553,0CF00400,FFFFFFDD2CFFFFFF,Q
$TX,8653,155558,0CF00400,FFFFFF132DFFFFFF,Q
$TX,8654,155563,0CF00400,FFFFFF492DFFFFFF,Q
$TX,8655,155568,0CF00400,FFFFFF7F2DFFFFFF,Q
$TX,8656,155573,0CF00400,FFFFFFB52DFFFFFF,Q
$TX,8657,155578,0CF00400,FFFFFFEC2DFFFFFF,Q
$TX,8658,155583,0CF00400,FFFFFF222EFFFFFF,Q
$TX,8659,155588,0CF00400,FFFFFF582EFFFFFF,Q
$TX,8660,155593,0CF00400,FFFFFF8F2EFFFFFF,Q
$TX,8661,155598,0CF00400,FFFFFFC52EFFFFFF,Q
$TX,8662,155603,0CF00400,FFFFFFFB2EFFFFFF,Q
$TX,8663,155608,0CF00400,FFFFFF322FFFFFFF,Q
$TX,8664,155613,0CF00400,FFFFFF682FFFFFFF,Q
$TX,8665,155618,0CF00400,FFFFFF9F2FFFFFFF,Q
$TX,8666,155623,0CF00400,FFFFFFD52FFFFFFF,Q
$TX,8667,155628,0CF00400,FFFFFF0C30FFFFFF,Q
$TX,8668,155633,0CF00400,FFFFFF4230FFFFFF,Q
$TX,8669,155638,0CF00400,FFFFFF7930FFFFFF,Q
$TX,8670,155643,0CF00400,FFFFFFB030FFFFFF,Q
$TX,8671,155648,0CF00400,FFFFFFE630FFFFFF,Q
$TX,8672,155653,0CF00400,FFFFFF1D31FFFFFF,Q
$TX,8673,155658,0CF00400,FFFFFF5431FFFFFF,Q
$TX,8674,155663,0CF00400,FFFFFF8A31FFFFFF,Q
$TX,8675,155668,0CF00400,FFFFFFC131FFFFFF,Q
$TX,8676,155673,0CF00400,FFFFFFF831FFFFFF,Q
$TX,8677,155678,0CF00400,FFFFFF2F32FFFFFF,Q
$TX,8678,155683,0CF00400,FFFFFF6632FFFFFF,Q
$TX,8679,155688,0CF00400,FFFFFF9C32FFFFFF,Q
$TX,8680,155693,0CF00400,FFFFFFD332FFFFFF,Q
$TX,8681,155698,0CF00400,FFFFFF0A33FFFFFF,Q
$TX,8682,155703,0CF00400,FFFFFF4133FFFFFF,Q
$TX,8683,155708,0CF00400,FFFFFF7833FFFFFF,Q
$TX,8684,155713,0CF00400,FFFFFFAF33FFFFFF,Q
$TX,8685,155718,0CF00400,FFFFFFE633FFFFFF,Q
$TX,8686,155723,0CF00400,FFFFFF1D34FFFFFF,Q
$TX,8687,155728,0CF00400,FFFFFF5334FFFFFF,Q
$TX,8688,155733,0CF00400,FFFFFF8A34FFFFFF,Q
$TX,8689,155738,0CF00400,FFFFFFC134FFFFFF,Q
$TX,8690,155743,0CF00400,FFFFFFF834FFFFFF,Q
$TX,8691,155748,0CF00400,FFFFFF2F35FFFFFF,Q
$TX,8692,155753,0CF00400,FFFFFF6635FFFFFF,Q
$TX,8693,155758,0CF00400,FFFFFF9D35FFFFFF,Q
$TX,8694,155763,0CF00400,FFFFFFD435FFFFFF,Q
$TX,8695,155768,0CF00400,FFFFFF0B36FFFFFF,Q
$TX,8696,155773,0CF00400,FFFFFF4236FFFFFF,Q
$TX,8697,155778,0CF00400,FFFFFF7936FFFFFF,Q
$TX,8698,155783,0CF00400,FFFFFFB036FFFFFF,Q
$TX,8699,155788,0CF00400,FFFFFFE736FFFFFF,Q
$TX,8700,155793,0CF00400,FFFFFF1E37FFFFFF,Q
$TX,8701,155798,0CF00400,FFFFFF5537FFFFFF,Q
$TX,8702,155803,0CF00400,FFFFFF8C37FFFFFF,Q
$TX,8703,155808,0CF00400,FFFFFFC337FFFFFF,Q
$TX,8704,155813,0CF00400,FFFFFFFA37FFFFFF,Q
$TX,8705,155818,0CF00400,FFFFFF3138FFFFFF,Q
$TX,8706,155823,0CF00400,FFFFFF6838FFFFFF,Q
$TX,8707,155828,0CF00400,FFFFFF9F38FFFFFF,Q
$TX,8708,155833,0CF00400,FFFFFFD638FFFFFF,Q
$TX,8709,155838,0CF00400,FFFFFF0D39FFFFFF,Q
$TX,8710,155843,0CF00400,FFFFFF4339FFFFFF,Q
$TX,8711,155848,0CF00400,FFFFFF7A39FFFFFF,Q
$TX,8712,155853,0CF00400,FFFFFFB139FFFFFF,Q
$TX,8713,155858,0CF00400,FFFFFFE839FFFFFF,Q
$TX,8714,155863,0CF00400,FFFFFF1F3AFFFFFF,Q
$TX,8715,155868,0CF00400,FFFFFF563AFFFFFF,Q
$TX,8716,155873,0CF00400,FFFFFF8D3AFFFFFF,Q
$TX,8717,155878,0CF00400,FFFFFFC43AFFFFFF,Q
$TX,8718,155883,0CF00400,FFFFFFFA3AFFFFFF,Q
$TX,8719,155888,0CF00400,FFFFFF313BFFFFFF,Q
$TX,8720,155893,0CF00400,FFFFFF683BFFFFFF,Q
$TX,8721,155898,0CF00400,FFFFFF9F3BFFFFFF,Q
$TX,8722,155903,0CF00400,FFFFFFD63BFFFFFF,Q
$TX,8723,155908,0CF00400,FFFFFF0C3CFFFFFF,Q
$TX,8724,155913,0CF00400,FFFFFF433CFFFFFF,Q
$TX,8725,155918,0CF00400,FFFFFF7A3CFFFFFF,Q
$TX,8726,155923,0CF00400,FFFFFFB03CFFFFFF,Q
$TX,8727,155928,0CF00400,FFFFFFE73CFFFFFF,Q
$TX,8728,155933,0CF00400,FFFFFF1E3DFFFFFF,Q
$TX,8729,155938,0CF00400,FFFFFF543DFFFFFF,Q
$TX,8730,155943,0CF00400,FFFFFF8B3DFFFFFF,Q
$TX,8731,155948,0CF00400,FFFFFFC13DFFFFFF,Q
$TX,8732,155953,0CF00400,FFFFFFF83DFFFFFF,Q
$TX,8733,155958,0CF00400,FFFFFF2E3EFFFFFF,Q
$TX,8734,155963,0CF00400,FFFFFF653EFFFFFF,Q
$TX,8735,155968,0CF00400,FFFFFF9B3EFFFFFF,Q
$TX,8736,155973,0CF00400,FFFFFFD13EFFFFFF,Q
$TX,8737,155978,0CF00400,FFFFFF083FFFFFFF,Q
$TX,8738,155983,0CF00400,FFFFFF3E3FFFFFFF,Q
$TX,8739,155988,0CF00400,FFFFFF743FFFFFFF,Q
$TX,8740,155993,0CF00400,FFFFFFAB3FFFFFFF,Q
$TX,8741,155998,0CF00400,FFFFFFE13FFFFFFF,Q
$TX,8742,156003,0CF00400,FFFFFF1740FFFFFF,Q
$TX,8743,156008,0CF00400,FFFFFF4D40FFFFFF,Q
$TX,8744,156013,0CF00400,FFFFFF8340FFFFFF,Q
$TX,8745,156018,0CF00400,FFFFFFB940FFFFFF,Q
$TX,8746,156023,0CF00400,FFFFFFEF40FFFFFF,Q
$TX,8747,156028,0CF00400,FFFFFF2541FFFFFF,Q
$TX,8748,156033,0CF00400,FFFFFF5B41FFFFFF,Q
$TX,8749,156038,0CF00400,FFFFFF9141FFFFFF,Q
$TX,8750,156043,0CF00400,FFFFFFC741FFFFFF,Q
$TX,8751,156048,0CF00400,FFFFFFFD41FFFFFF,Q
$TX,8752,156053,0CF00400,FFFFFF3342FFFFFF,Q
$TX,8753,156058,0CF00400,FFFFFF6842FFFFFF,Q
$TX,8754,156063,0CF00400,FFFFFF9E42FFFFFF,Q
$TX,8755,156068,0CF00400,FFFFFFD442FFFFFF,Q
$TX,8756,156073,0CF00400,FFFFFF0943FFFFFF,Q
$TX,8757,156078,0CF00400,FFFFFF3F43FFFFFF,Q
$TX,8758,156083,0CF00400,FFFFFF7443FFFFFF,Q
$TX,8759,156088,0CF00400,FFFFFFAA43FFFFFF,Q
$TX,8760,156093,0CF00400,FFFFFFDF43FFFFFF,Q
$TX,8761,156098,0CF00400,FFFFFF1444FFFFFF,Q
$TX,8762,156103,0CF00400,FFFFFF4A44FFFFFF,Q
$TX,8763,156108,0CF00400,FFFFFF7F44FFFFFF,Q
$TX,8764,156113,0CF00400,FFFFFFB444FFFFFF,Q
$TX,8765,156118,0CF00400,FFFFFFE944FFFFFF,Q
$TX,8766,156123,0CF00400,FFFFFF1E45FFFFFF,Q
$TX,8767,156128,0CF00400,FFFFFF5345FFFFFF,Q
$TX,8768,156133,0CF00400,FFFFFF8845FFFFFF,Q
$TX,8769,156138,0CF00400,FFFFFFBD45FFFFFF,Q
$TX,8770,156143,0CF00400,FFFFFFF245FFFFFF,Q
$TX,8771,156148,0CF00400,FFFFFF2746FFFFFF,Q
$TX,8772,156153,0CF00400,FFFFFF5B46FFFFFF,Q
$TX,8773,156158,0CF00400,FFFFFF9046FFFFFF,Q
$TX,8774,156163,0CF00400,FFFFFFC546FFFFFF,Q
$TX,8775,156168,0CF00400,FFFFFFF946FFFFFF,Q
$TX,8776,156173,0CF00400,FFFFFF2E47FFFFFF,Q
$0X,8777,156178,0CF00400,FFFFFF6247FFFFFF,Q
$TX,8778,156183,0CF00400,FFFFFF9647FFFFFF,Q
$TX,8779,156188,0CF00400,FFFFFFCB47FFFFFF,Q
$0X,8780,156193,0CF00400,FFFFFFFF47FFFFFF,Q
$TX,8781,156198,0CF00400,FFFFFF3348FFFFFF,Q
$TX,8782,156203,0CF00400,FFFFFF6748FFFFFF,Q
$TX,8783,156208,0CF00400,FFFFFF9B48FFFFFF,Q
$TX,8784,156213,0CF00400,FFFFFFCF48FFFFFF,Q
$TX,8785,156218,0CF00400,FFFFFF0349FFFFFF,Q
$TX,8786,156223,0CF00400,FFFFFF3649FFFFFF,Q
$TX,8787,156228,0CF00400,FFFFFF6A49FFFFFF,Q
$TX,8788,156233,0CF00400,FFFFFF9E49FFFFFF,Q
$TX,8789,156238,0CF00400,FFFFFFD149FFFFFF,Q
$TX,8790,156243,0CF00400,FFFFFF054AFFFFFF,Q
$TX,8791,156248,0CF00400,FFFFFF384AFFFFFF,Q
$TX,8792,156253,0CF00400,FFFFFF6B4AFFFFFF,Q
$TX,8793,156258,0CF00400,FFFFFF9F4AFFFFFF,Q
$TX,8794,156263,0CF00400,FFFFFFD24AFFFFFF,Q
$TX,8795,156268,0CF00400,FFFFFF054BFFFFFF,Q
$TX,8796,156273,0CF00400,FFFFFF384BFFFFFF,Q
$TX,8797,156278,0CF00400,FFFFFF6B4BFFFFFF,Q
$TX,8798,156283,0CF00400,FFFFFF9E4BFFFFFF,Q
$TX,8799,156288,0CF00400,FFFFFFD04BFFFFFF,Q
$TX,8800,156293,0CF00400,FFFFFF034CFFFFFF,Q
$TX,8801,156298,0CF00400,FFFFFF364CFFFFFF,Q
$TX,8802,156303,0CF00400,FFFFFF684CFFFFFF,Q
$TX,8803,156308,0CF00400,FFFFFF9A4CFFFFFF,Q
$TX,8804,156313,0CF00400,FFFFFFCD4CFFFFFF,Q
$TX,8805,156318,0CF00400,FFFFFFFF4CFFFFFF,Q
$TX,8806,156323,0CF00400,FFFFFF314DFFFFFF,Q
$TX,8807,156328,0CF00400,FFFFFF634DFFFFFF,Q
$TX,8808,156333,0CF00400,FFFFFF954DFFFFFF,Q
$TX,8809,156338,0CF00400,FFFFFFC74DFFFFFF,Q
$TX,8810,156343,0CF00400,FFFFFFF94DFFFFFF,Q
$TX,8811,156348,0CF00400,FFFFFF2B4EFFFFFF,Q
$TX,8812,156353,0CF00400,FFFFFF5C4EFFFFFF,Q
$TX,8813,156358,0CF00400,FFFFFF8E4EFFFFFF,Q
$TX,8814,156363,0CF00400,FFFFFFBF4EFFFFFF,Q
$TX,8815,156368,0CF00400,FFFFFFF04EFFFFFF,Q
$TX,8816,156373,0CF00400,FFFFFF224FFFFFFF,Q
$TX,8817,156378,0CF00400,FFFFFF534FFFFFFF,Q
$TX,8818,156383,0CF00400,FFFFFF844FFFFFFF,Q
$TX,8819,156388,0CF00400,FFFFFFB54FFFFFFF,Q
$TX,8820,156393,0CF00400,FFFFFFE64FFFFFFF,Q
$TX,8821,156398,0CF00400,FFFFFF1650FFFFFF,Q
$TX,8822,156403,0CF00400,FFFFFF4750FFFFFF,Q
$TX,8823,156408,0CF00400,FFFFFF7850FFFFFF,Q
$TX,8824,156413,0CF00400,FFFFFFA850FFFFFF,Q
$TX,8825,156418,0CF00400,FFFFFFD850FFFFFF,Q
$TX,8826,156423,0CF00400,FFFFFF0951FFFFFF,Q
$TX,8827,156428,0CF00400,FFFFFF3951FFFFFF,Q
$TX,8828,156433,0CF00400,FFFFFF6951FFFFFF,Q
$TX,8829,156438,0CF00400,FFFFFF9951FFFFFF,Q
$TX,8830,156443,0CF00400,FFFFFFC851FFFFFF,Q
$TX,8831,156448,0CF00400,FFFFFFF851FFFFFF,Q
$TX,8832,156453,0CF00400,FFFFFF2852FFFFFF,Q
$TX,8833,156458,0CF00400,FFFFFF5752FFFFFF,Q
$TX,8834,156463,0CF00400,FFFFFF8752FFFFFF,Q
$TX,8835,156468,0CF00400,FFFFFFB652FFFFFF,Q
$TX,8836,156473,0CF00400,FFFFFFE552FFFFFF,Q
$TX,8837,156478,0CF00400,FFFFFF1453FFFFFF,Q
$TX,8838,156483,0CF00400,FFFFFF4353FFFFFF,Q
$TX,8839,156488,0CF00400,FFFFFF7253FFFFFF,Q
$TX,8840,156493,0CF00400,FFFFFFA053FFFFFF,Q
$TX,8841,156498,0CF00400,FFFFFFCF53FFFFFF,Q
$TX,8842,156503,0CF00400,FFFFFFFE53FFFFFF,Q
$TX,8843,156508,0CF00400,FFFFFF2C54FFFFFF,Q
$TX,8844,156513,0CF00400,FFFFFF5A54FFFFFF,Q
$TX,8845,156518,0CF00400,FFFFFF8854FFFFFF,Q
$TX,8846,156523,0CF00400,FFFFFFB654FFFFFF,Q
$TX,8847,156528,0CF00400,FFFFFFE454FFFFFF,Q
$TX,8848,156533,0CF00400,FFFFFF1255FFFFFF,Q
$TX,8849,156538,0CF00400,FFFFFF4055FFFFFF,Q
$TX,8850,156543,0CF00400,FFFFFF6D55FFFFFF,Q
$TX,8851,156548,0CF00400,FFFFFF9B55FFFFFF,Q
$TX,8852,156553,0CF00400,FFFFFFC855FFFFFF,Q
$TX,8853,156558,0CF00400,FFFFFFF555FFFFFF,Q
$TX,8854,156563,0CF00400,FFFFFF2256FFFFFF,Q
$TX,8855,156568,0CF00400,FFFFFF4F56FFFFFF,Q
$TX,8856,156573,0CF00400,FFFFFF7C56FFFFFF,Q
$TX,8857,156578,0CF00400,FFFFFFA856FFFFFF,Q
$TX,8858,156583,0CF00400,FFFFFFD556FFFFFF,Q
$TX,8859,156588,0CF00400,FFFFFF0157FFFFFF,Q
$TX,8860,156593,0CF00400,FFFFFF2E57FFFFFF,Q
$TX,8861,156598,0CF00400,FFFFFF5A57FFFFFF,Q
$TX,8862,156603,0CF00400,FFFFFF8657FFFFFF,Q
$TX,8863,156608,0CF00400,FFFFFFB257FFFFFF,Q
$TX,8864,156613,0CF00400,FFFFFFDE57FFFFFF,Q
$TX,8865,156618,0CF00400,FFFFFF0958FFFFFF,Q
$TX,8866,156623,0CF00400,FFFFFF3558FFFFFF,Q
$TX,8867,156628,0CF00400,FFFFFF6058FFFFFF,Q
$TX,8868,156633,0CF00400,FFFFFF8B58FFFFFF,Q
$TX,8869,156638,0CF00400,FFFFFFB658FFFFFF,Q
$TX,8870,156643,0CF00400,FFFFFFE158FFFFFF,Q
$TX,8871,156648,0CF00400,FFFFFF0C59FFFFFF,Q
$TX,8872,156653,0CF00400,FFFFFF3759FFFFFF,Q
$TX,8873,156658,0CF00400,FFFFFF6259FFFFFF,Q
$TX,8874,156663,0CF00400,FFFFFF8C59FFFFFF,Q
$TX,8875,156668,0CF00400,FFFFFFB659FFFFFF,Q
$TX,8876,156673,0CF00400,FFFFFFE059FFFFFF,Q
$TX,8877,156678,0CF00400,FFFFFF0A5AFFFFFF,Q
$TX,8878,156683,0CF00400,FFFFFF345AFFFFFF,Q
$TX,8879,156688,0CF00400,FFFFFF5E5AFFFFFF,Q
$TX,8880,156693,0CF00400,FFFFFF885AFFFFFF,Q
$TX,8881,156698,0CF00400,FFFFFFB15AFFFFFF,Q
$TX,8882,156703,0CF00400,FFFFFFDA5AFFFFFF,Q
$TX,8883,156708,0CF00400,FFFFFF045BFFFFFF,Q
$TX,8884,156713,0CF00400,FFFFFF2D5BFFFFFF,Q
$TX,8885,156718,0CF00400,FFFFFF555BFFFFFF,Q
$TX,8886,156723,0CF00400,FFFFFF7E5BFFFFFF,Q
$TX,8887,156728,0CF00400,FFFFFFA75BFFFFFF,Q
$TX,8888,156733,0CF00400,FFFFFFCF5BFFFFFF,Q
$TX,8889,156738,0CF00400,FFFFFFF85BFFFFFF,Q
$TX,8890,156743,0CF00400,FFFFFF205CFFFFFF,Q
$TX,8891,156748,0CF00400,FFFFFF485CFFFFFF,Q
$TX,8892,156753,0CF00400,FFFFFF705CFFFFFF,Q
$TX,8893,156758,0CF00400,FFFFFF975CFFFFFF,Q
$TX,8894,156763,0CF00400,FFFFFFBF5CFFFFFF,Q
$TX,8895,156768,0CF00400,FFFFFFE65CFFFFFF,Q
$TX,8896,156773,0CF00400,FFFFFF0D5DFFFFFF,Q
$TX,8897,156778,0CF00400,FFFFFF355DFFFFFF,Q
$TX,8898,156783,0CF00400,FFFFFF5B5DFFFFFF,Q
$TX,8899,156788,0CF00400,FFFFFF825DFFFFFF,Q
$TX,8900,156793,0CF00400,FFFFFFA95DFFFFFF,Q
$TX,8901,156798,0CF00400,FFFFFFCF5DFFFFFF,Q
$TX,8902,156803,0CF00400,FFFFFFF65DFFFFFF,Q
$TX,8903,156808,0CF00400,FFFFFF1C5EFFFFFF,Q
$TX,8904,156813,0CF00400,FFFFFF425EFFFFFF,Q
$TX,8905,156818,0CF00400,FFFFFF685EFFFFFF,Q
$TX,8906,156823,0CF00400,FFFFFF8E5EFFFFFF,Q
$TX,8907,156828,0CF00400,FFFFFFB35EFFFFFF,Q
$TX,8908,156833,0CF00400,FFFFFFD95EFFFFFF,Q
$TX,8909,156838,0CF00400,FFFFFFFE5EFFFFFF,Q
$TX,8910,156843,0CF00400,FFFFFF235FFFFFFF,Q
$TX,8911,156848,0CF00400,FFFFFF485FFFFFFF,Q
$TX,8912,156853,0CF00400,FFFFFF6D5FFFFFFF,Q
$TX,8913,156858,0CF00400,FFFFFF915FFFFFFF,Q
$TX,8914,156863,0CF00400,FFFFFFB65FFFFFFF,Q
$TX,8915,156868,0CF00400,FFFFFFDA5FFFFFFF,Q
$TX,8916,156873,0CF00400,FFFFFFFE5FFFFFFF,Q
$TX,8917,156878,0CF00400,FFFFFF2260FFFFFF,Q
$TX,8918,156883,0CF00400,FFFFFF4660FFFFFF,Q
$TX,8919,156888,0CF00400,FFFFFF6960FFFFFF,Q
$TX,8920,156893,0CF00400,FFFFFF8D60FFFFFF,Q
$TX,8921,156898,0CF00400,FFFFFFB060FFFFFF,Q
$TX,8922,156903,0CF00400,FFFFFFD360FFFFFF,Q
$TX,8923,156908,0CF00400,FFFFFFF660FFFFFF,Q
$TX,8924,156913,0CF00400,FFFFFF1961FFFFFF,Q
$TX,8925,156918,0CF00400,FFFFFF3C61FFFFFF,Q
$TX,8926,156923,0CF00400,FFFFFF5E61FFFFFF,Q
$TX,8927,156928,0CF00400,FFFFFF8061FFFFFF,Q
$TX,8928,156933,0CF00400,FFFFFFA261FFFFFF,Q
$TX,8929,156938,0CF00400,FFFFFFC461FFFFFF,Q
$TX,8930,156943,0CF00400,FFFFFFE661FFFFFF,Q
$TX,8931,156948,0CF00400,FFFFFF0862FFFFFF,Q
$TX,8932,156953,0CF00400,FFFFFF2962FFFFFF,Q
$TX,8933,156958,0CF00400,FFFFFF4A62FFFFFF,Q
$TX,8934,156963,0CF00400,FFFFFF6C62FFFFFF,Q
$TX,8935,156968,0CF00400,FFFFFF8D62FFFFFF,Q
$TX,8936,156973,0CF00400,FFFFFFAD62FFFFFF,Q
$TX,8937,156978,0CF00400,FFFFFFCE62FFFFFF,Q
$TX,8938,156983,0CF00400,FFFFFFEE62FFFFFF,Q
$TX,8939,156988,0CF00400,FFFFFF0E63FFFFFF,Q
$TX,8940,156993,0CF00400,FFFFFF2F63FFFFFF,Q
$TX,8941,156998,0CF00400,FFFFFF4E63FFFFFF,Q
$TX,8942,157003,0CF00400,FFFFFF6E63FFFFFF,Q
$TX,8943,157008,0CF00400,FFFFFF8E63FFFFFF,Q
$TX,8944,157013,0CF00400,FFFFFFAD63FFFFFF,Q
$TX,8945,157018,0CF00400,FFFFFFCC63FFFFFF,Q
$TX,8946,157023,0CF00400,FFFFFFEB63FFFFFF,Q
$TX,8947,157028,0CF00400,FFFFFF0A64FFFFFF,Q
$TX,8948,157033,0CF00400,FFFFFF2964FFFFFF,Q
$TX,8949,157038,0CF00400,FFFFFF4764FFFFFF,Q
$TX,8950,157043,0CF00400,FFFFFF6564FFFFFF,Q
$TX,8951,157048,0CF00400,FFFFFF8364FFFFFF,Q
$TX,8952,157053,0CF00400,FFFFFFA164FFFFFF,Q
$TX,8953,157058,0CF00400,FFFFFFBF64FFFFFF,Q
$TX,8954,157063,0CF00400,FFFFFFDD64FFFFFF,Q
$TX,8955,157068,0CF00400,FFFFFFFA64FFFFFF,Q
$TX,8956,157073,0CF00400,FFFFFF1765FFFFFF,Q
$TX,8957,157078,0CF00400,FFFFFF3465FFFFFF,Q
$TX,8958,157083,0CF00400,FFFFFF5165FFFFFF,Q
$TX,8959,157088,0CF00400,FFFFFF6E65FFFFFF,Q
$TX,8960,157093,0CF00400,FFFFFF8A65FFFFFF,Q
$TX,8961,157098,0CF00400,FFFFFFA665FFFFFF,Q
$9X,8962,157103,0CF00400,FFFFFFC265FFFFFF,Q
$TX,8963,157108,0CF00400,FFFFFFDE65FFFFFF,Q
$TX,8964,157113,0CF00400,FFFFFFFA65FFFFFF,Q
$TX,8965,157118,0CF00400,FFFFFF1666FFFFFF,Q
$TX,8966,157123,0CF00400,FFFFFF3166FFFFFF,Q
$TX,8967,157128,0CF00400,FFFFFF4C66FFFFFF,Q
$TX,8968,157133,0CF00400,FFFFFF6766FFFFFF,Q
$TX,8969,157138,0CF00400,FFFFFF8266FFFFFF,Q
$TX,8970,157143,0CF00400,FFFFFF9C66FFFFFF,Q
$TX,8971,157148,0CF00400,FFFFFFB766FFFFFF,Q
$TX,8972,157153,0CF00400,FFFFFFD166FFFFFF,Q
$TX,8973,157158,0CF00400,FFFFFFEB66FFFFFF,Q
$TX,8974,157163,0CF00400,FFFFFF0567FFFFFF,Q
$TX,8975,157168,0CF00400,FFFFFF1E67FFFFFF,Q
$TX,8976,157173,0CF00400,FFFFFF3867FFFFFF,Q
$TX,8977,157178,0CF00400,FFFFFF5167FFFFFF,Q
$TX,8978,157183,0CF00400,FFFFFF6A67FFFFFF,Q
$TX,8979,157188,0CF00400,FFFFFF8367FFFFFF,Q
$TX,8980,157193,0CF00400,FFFFFF9C67FFFFFF,Q
$TX,8981,157198,0CF00400,FFFFFFB467FFFFFF,Q
$TX,8982,157203,0CF00400,FFFFFFCC67FFFFFF,Q
$TX,8983,157208,0CF00400,FFFFFFE467FFFFFF,Q
$TX,8984,157213,0CF00400,FFFFFFFC67FFFFFF,Q
$TX,8985,157218,0CF00400,FFFFFF1468FFFFFF,Q
$TX,8986,157223,0CF00400,FFFFFF2C68FFFFFF,Q
$TX,8987,157228,0CF00400,FFFFFF4368FFFFFF,Q
$TX,8988,157233,0CF00400,FFFFFF5A68FFFFFF,Q
$TX,8989,157238,0CF00400,FFFFFF7168FFFFFF,Q
$TX,8990,157243,0CF00400,FFFFFF8868FFFFFF,Q
$TX,8991,157248,0CF00400,FFFFFF9E68FFFFFF,Q
$TX,8992,157253,0CF00400,FFFFFFB468FFFFFF,Q
$TX,8993,157258,0CF00400,FFFFFFCB68FFFFFF,Q
$TX,8994,157263,0CF00400,FFFFFFE168FFFFFF,Q
$TX,8995,157268,0CF00400,FFFFFFF668FFFFFF,Q
$TX,8996,157273,0CF00400,FFFFFF0C69FFFFFF,Q
$TX,8997,157278,0CF00400,FFFFFF2169FFFFFF,Q
$TX,8998,157283,0CF00400,FFFFFF3669FFFFFF,Q
$TX,8999,157288,0CF00400,FFFFFF4B69FFFFFF,Q
$TX,9000,157293,0CF00400,FFFFFF6069FFFFFF,Q
$TX,9001,157298,0CF00400,FFFFFF7569FFFFFF,Q
$TX,9002,157303,0CF00400,FFFFFF8969FFFFFF,Q
$TX,9003,157308,0CF00400,FFFFFF9D69FFFFFF,Q
$TX,9004,157313,0CF00400,FFFFFFB169FFFFFF,Q
$TX,9005,157318,0CF00400,FFFFFFC569FFFFFF,Q
$TX,9006,157323,0CF00400,FFFFFFD869FFFFFF,Q
$TX,9007,157328,0CF00400,FFFFFFEC69FFFFFF,Q
$TX,9008,157333,0CF00400,FFFFFFFF69FFFFFF,Q
$TX,9009,157338,0CF00400,FFFFFF126AFFFFFF,Q
$TX,9010,157343,0CF00400,FFFFFF246AFFFFFF,Q
$TX,9011,157348,0CF00400,FFFFFF376AFFFFFF,Q
$TX,9012,157353,0CF00400,FFFFFF496AFFFFFF,Q
$TX,9013,157358,0CF00400,FFFFFF5B6AFFFFFF,Q
$TX,9014,157363,0CF00400,FFFFFF6D6AFFFFFF,Q
$TX,9015,157368,0CF00400,FFFFFF7F6AFFFFFF,Q
$TX,9016,157373,0CF00400,FFFFFF906AFFFFFF,Q
$TX,9017,157378,0CF00400,FFFFFFA26AFFFFFF,Q
$TX,9018,157383,0CF00400,FFFFFFB36AFFFFFF,Q
$TX,9019,157388,0CF00400,FFFFFFC46AFFFFFF,Q
$TX,9020,157393,0CF00400,FFFFFFD46AFFFFFF,Q
$TX,9021,157398,0CF00400,FFFFFFE56AFFFFFF,Q
$TX,9022,157403,0CF00400,FFFFFFF56AFFFFFF,Q
$TX,9023,157408,0CF00400,FFFFFF056BFFFFFF,Q
$TX,9024,157413,0CF00400,FFFFFF156BFFFFFF,Q
$TX,9025,157418,0CF00400,FFFFFF256BFFFFFF,Q
$TX,9026,157423,0CF00400,FFFFFF346BFFFFFF,Q
$TX,9027,157428,0CF00400,FFFFFF436BFFFFFF,Q
$TX,9028,157433,0CF00400,FFFFFF526BFFFFFF,Q
$TX,9029,157438,0CF00400,FFFFFF616BFFFFFF,Q
$TX,9030,157443,0CF00400,FFFFFF706BFFFFFF,Q
$TX,9031,157448,0CF00400,FFFFFF7E6BFFFFFF,Q
$TX,9032,157453,0CF00400,FFFFFF8C6BFFFFFF,Q
$TX,9033,157458,0CF00400,FFFFFF9A6BFFFFFF,Q
$TX,9034,157463,0CF00400,FFFFFFA86BFFFFFF,Q
$TX,9035,157468,0CF00400,FFFFFFB66BFFFFFF,Q
$TX,9036,157473,0CF00400,FFFFFFC36BFFFFFF,Q
$TX,9037,157478,0CF00400,FFFFFFD06BFFFFFF,Q
$TX,9038,157483,0CF00400,FFFFFFDD6BFFFFFF,Q
$TX,9039,157488,0CF00400,FFFFFFEA6BFFFFFF,Q
$TX,9040,157493,0CF00400,FFFFFFF66BFFFFFF,Q
$TX,9041,157498,0CF00400,FFFFFF036CFFFFFF,Q
$TX,9042,157503,0CF00400,FFFFFF0F6CFFFFFF,Q
$TX,9043,157508,0CF00400,FFFFFF1B6CFFFFFF,Q
$TX,9044,157513,0CF00400,FFFFFF266CFFFFFF,Q
$TX,9045,157518,0CF00400,FFFFFF326CFFFFFF,Q
$TX,9046,157523,0CF00400,FFFFFF3D6CFFFFFF,Q
$TX,9047,157528,0CF00400,FFFFFF486CFFFFFF,Q
$TX,9048,157533,0CF00400,FFFFFF536CFFFFFF,Q
$TX,9049,157538,0CF00400,FFFFFF5E6CFFFFFF,Q
$TX,9050,157543,0CF00400,FFFFFF686CFFFFFF,Q
$TX,9051,157548,0CF00400,FFFFFF726CFFFFFF,Q
$TX,9052,157553,0CF00400,FFFFFF7C6CFFFFFF,Q
$TX,9053,157558,0CF00400,FFFFFF866CFFFFFF,Q
$TX,9054,157563,0CF00400,FFFFFF906CFFFFFF,Q
$TX,9055,157568,0CF00400,FFFFFF996CFFFFFF,Q
$TX,9056,157573,0CF00400,FFFFFFA26CFFFFFF,Q
$TX,9057,157578,0CF00400,FFFFFFAB6CFFFFFF,Q
$TX,9058,157583,0CF00400,FFFFFFB46CFFFFFF,Q
$TX,9059,157588,0CF00400,FFFFFFBC6CFFFFFF,Q
$TX,9060,157593,0CF00400,FFFFFFC46CFFFFFF,Q
$TX,9061,157598,0CF00400,FFFFFFCC6CFFFFFF,Q
$TX,9062,157603,0CF00400,FFFFFFD46CFFFFFF,Q
$TX,9063,157608,0CF00400,FFFFFFDC6CFFFFFF,Q
$TX,9064,157613,0CF00400,FFFFFFE36CFFFFFF,Q
$TX,9065,157618,0CF00400,FFFFFFEB6CFFFFFF,Q
$TX,9066,157623,0CF00400,FFFFFFF26CFFFFFF,Q
$TX,9067,157628,0CF00400,FFFFFFF86CFFFFFF,Q
$TX,9068,157633,0CF00400,FFFFFFFF6CFFFFFF,Q
$TX,9069,157638,0CF00400,FFFFFF056DFFFFFF,Q
$TX,9070,157643,0CF00400,FFFFFF0B6DFFFFFF,Q
$TX,9071,157648,0CF00400,FFFFFF116DFFFFFF,Q
$TX,9072,157653,0CF00400,FFFFFF176DFFFFFF,Q
$TX,9073,157658,0CF00400,FFFFFF1D6DFFFFFF,Q
$TX,9074,157663,0CF00400,FFFFFF226DFFFFFF,Q
$TX,9075,157668,0CF00400,FFFFFF276DFFFFFF,Q
$TX,9076,157673,0CF00400,FFFFFF2C6DFFFFFF,Q
$TX,9077,157678,0CF00400,FFFFFF306DFFFFFF,Q
$TX,9078,157683,0CF00400,FFFFFF356DFFFFFF,Q
$TX,9079,157688,0CF00400,FFFFFF396DFFFFFF,Q
$TX,9080,157693,0CF00400,FFFFFF3D6DFFFFFF,Q
$TX,9081,157698,0CF00400,FFFFFF416DFFFFFF,Q
$TX,9082,157703,0CF00400,FFFFFF446DFFFFFF,Q
$TX,9083,157708,0CF00400,FFFFFF486DFFFFFF,Q
$TX,9084,157713,0CF00400,FFFFFF4B6DFFFFFF,Q
$TX,9085,157718,0CF00400,FFFFFF4E6DFFFFFF,Q
$TX,9086,157723,0CF00400,FFFFFF506DFFFFFF,Q
$TX,9087,157728,0CF00400,FFFFFF536DFFFFFF,Q
$TX,9088,157733,0CF00400,FFFFFF556DFFFFFF,Q
$TX,9089,157738,0CF00400,FFFFFF576DFFFFFF,Q
$TX,9090,157743,0CF00400,FFFFFF596DFFFFFF,Q
$TX,9091,157748,0CF00400,FFFFFF5B6DFFFFFF,Q
$TX,9092,157753,0CF00400,FFFFFF5C6DFFFFFF,Q
$TX,9093,157758,0CF00400,FFFFFF5D6DFFFFFF,Q
$TX,9094,157763,0CF00400,FFFFFF5E6DFFFFFF,Q
$TX,9095,157768,0CF00400,FFFFFF5F6DFFFFFF,Q
$TX,9096,157773,0CF00400,FFFFFF606DFFFFFF,Q
$TX,9097,157778,0CF00400,FFFFFF606DFFFFFF,Q
$TX,9098,157783,0CF00400,FFFFFF606DFFFFFF,Q
$TX,9099,157788,0CF00400,FFFFFF606DFFFFFF,Q
$TX,9100,157793,0CF00400,FFFFFF606DFFFFFF,Q
$TX,9101,157798,0CF00400,FFFFFF5F6DFFFFFF,Q
$TX,9102,157803,0CF00400,FFFFFF5E6DFFFFFF,Q
$TX,9103,157808,0CF00400,FFFFFF5D6DFFFFFF,Q
$TX,9104,157813,0CF00400,FFFFFF5C6DFFFFFF,Q
$TX,9105,157818,0CF00400,FFFFFF5B6DFFFFFF,Q
$TX,9106,157823,0CF00400,FFFFFF596DFFFFFF,Q
$TX,9107,157828,0CF00400,FFFFFF576DFFFFFF,Q
$TX,9108,157833,0CF00400,FFFFFF556DFFFFFF,Q
$TX,9109,157838,0CF00400,FFFFFF536DFFFFFF,Q
$TX,9110,157843,0CF00400,FFFFFF506DFFFFFF,Q
$TX,9111,157848,0CF00400,FFFFFF4E6DFFFFFF,Q
$TX,9112,157853,0CF00400,FFFFFF4B6DFFFFFF,Q
$TX,9113,157858,0CF00400,FFFFFF486DFFFFFF,Q
$TX,9114,157863,0CF00400,FFFFFF446DFFFFFF,Q
$TX,9115,157868,0CF00400,FFFFFF416DFFFFFF,Q
$TX,9116,157873,0CF00400,FFFFFF3D6DFFFFFF,Q
$TX,9117,157878,0CF00400,FFFFFF396DFFFFFF,Q
$TX,9118,157883,0CF00400,FFFFFF356DFFFFFF,Q
$TX,9119,157888,0CF00400,FFFFFF306DFFFFFF,Q
$TX,9120,157893,0CF00400,FFFFFF2C6DFFFFFF,Q
$TX,9121,157898,0CF00400,FFFFFF276DFFFFFF,Q
$TX,9122,157903,0CF00400,FFFFFF226DFFFFFF,Q
$TX,9123,157908,0CF00400,FFFFFF1D6DFFFFFF,Q
$TX,9124,157913,0CF00400,FFFFFF176DFFFFFF,Q
$TX,9125,157918,0CF00400,FFFFFF116DFFFFFF,Q
$TX,9126,157923,0CF00400,FFFFFF0B6DFFFFFF,Q
$TX,9127,157928,0CF00400,FFFFFF056DFFFFFF,Q
$TX,9128,157933,0CF00400,FFFFFFFF6CFFFFFF,Q
$TX,9129,157938,0CF00400,FFFFFFF86CFFFFFF,Q
$TX,9130,157943,0CF00400,FFFFFFF26CFFFFFF,Q
$TX,9131,157948,0CF00400,FFFFFFEB6CFFFFFF,Q
$TX,9132,157953,0CF00400,FFFFFFE36CFFFFFF,Q
$TX,9133,157958,0CF00400,FFFFFFDC6CFFFFFF,Q
$TX,9134,157963,0CF00400,FFFFFFD46CFFFFFF,Q
$TX,9135,157968,0CF00400,FFFFFFCC6CFFFFFF,Q
$TX,9136,157973,0CF00400,FFFFFFC46CFFFFFF,Q
$TX,9137,157978,0CF00400,FFFFFFBC6CFFFFFF,Q
$TX,9138,157983,0CF00400,FFFFFFB46CFFFFFF,Q
$TX,9139,157988,0CF00400,FFFFFFAB6CFFFFFF,Q
$TX,9140,157993,0CF00400,FFFFFFA26CFFFFFF,Q
$TX,9141,157998,0CF00400,FFFFFF996CFFFFFF,Q
$TX,9142,158003,0CF00400,FFFFFF906CFFFFFF,Q
$TX,9143,158008,0CF00400,FFFFFF866CFFFFFF,Q
$TX,9144,158013,0CF00400,FFFFFF7C6CFFFFFF,Q
$TX,9145,158018,0CF00400,FFFFFF726CFFFFFF,Q
$TX,9146,158023,0CF00400,FFFFFF686CFFFFFF,Q
$TX,9147,158028,0CF00400,FFFFFF5E6CFFFFFF,Q
$TX,9148,158033,0CF00400,FFFFFF536CFFFFFF,Q
$TX,9149,158038,0CF00400,FFFFFF486CFFFFFF,Q
$TX,9150,158043,0CF00400,FFFFFF3D6CFFFFFF,Q
$TX,9151,158048,0CF00400,FFFFFF326CFFFFFF,Q
$TX,9152,158053,0CF00400,FFFFFF266CFFFFFF,Q
$TX,9153,158058,0CF00400,FFFFFF1B6CFFFFFF,Q
$TX,9154,158063,0CF00400,FFFFFF0F6CFFFFFF,Q
$TX,9155,158068,0CF00400,FFFFFF036CFFFFFF,Q
$TX,9156,158073,0CF00400,FFFFFFF66BFFFFFF,Q
$TX,9157,158078,0CF00400,FFFFFFEA6BFFFFFF,Q
$TX,9158,158083,0CF00400,FFFFFFDD6BFFFFFF,Q
$TX,9159,158088,0CF00400,FFFFFFD06BFFFFFF,Q
$TX,9160,158093,0CF00400,FFFFFFC36BFFFFFF,Q
$TX,9161,158098,0CF00400,FFFFFFB66BFFFFFF,Q
$TX,9162,158103,0CF00400,FFFFFFA86BFFFFFF,Q
$TX,9163,158108,0CF00400,FFFFFF9A6BFFFFFF,Q
$TX,9164,158113,0CF00400,FFFFFF8C6BFFFFFF,Q
$TX,9165,158118,0CF00400,FFFFFF7E6BFFFFFF,Q
$TX,9166,158123,0CF00400,FFFFFF706BFFFFFF,Q
$TX,9167,158128,0CF00400,FFFFFF616BFFFFFF,Q
$TX,9168,158133,0CF00400,FFFFFF526BFFFFFF,Q
$TX,9169,158138,0CF00400,FFFFFF436BFFFFFF,Q
$TX,9170,158143,0CF00400,FFFFFF346BFFFFFF,Q
$TX,9171,158148,0CF00400,FFFFFF256BFFFFFF,Q
$TX,9172,158153,0CF00400,FFFFFF156BFFFFFF,Q
$TX,9173,158158,0CF00400,FFFFFF056BFFFFFF,Q
$TX,9174,158163,0CF00400,FFFFFFF56AFFFFFF,Q
$TX,9175,158168,0CF00400,FFFFFFE56AFFFFFF,Q
$TX,9176,158173,0CF00400,FFFFFFD46AFFFFFF,Q
$TX,9177,158178,0CF00400,FFFFFFC46AFFFFFF,Q
$TX,9178,158183,0CF00400,FFFFFFB36AFFFFFF,Q
$TX,9179,158188,0CF00400,FFFFFFA26AFFFFFF,Q
$TX,9180,158193,0CF00400,FFFFFF906AFFFFFF,Q
$TX,9181,158198,0CF00400,FFFFFF7F6AFFFFFF,Q
$TX,9182,158203,0CF00400,FFFFFF6D6AFFFFFF,Q
$TX,9183,158208,0CF00400,FFFFFF5B6AFFFFFF,Q
$TX,9184,158213,0CF00400,FFFFFF496AFFFFFF,Q
$TX,9185,158218,0CF00400,FFFFFF376AFFFFFF,Q
$TX,9186,158223,0CF00400,FFFFFF246AFFFFFF,Q
$TX,9187,158228,0CF00400,FFFFFF126AFFFFFF,Q
$TX,9188,158233,0CF00400,FFFFFFFF69FFFFFF,Q
$TX,9189,158238,0CF00400,FFFFFFEC69FFFFFF,Q
$TX,9190,158243,0CF00400,FFFFFFD869FFFFFF,Q
$TX,9191,158248,0CF00400,FFFFFFC569FFFFFF,Q
$TX,9192,158253,0CF00400,FFFFFFB169FFFFFF,Q
$TX,9193,158258,0CF00400,FFFFFF9D69FFFFFF,Q
$TX,9194,158263,0CF00400,FFFFFF8969FFFFFF,Q
$TX,9195,158268,0CF00400,FFFFFF7569FFFFFF,Q
$TX,9196,158273,0CF00400,FFFFFF6069FFFFFF,Q
$TX,9197,158278,0CF00400,FFFFFF4B69FFFFFF,Q
$TX,9198,158283,0CF00400,FFFFFF3669FFFFFF,Q
$TX,9199,158288,0CF00400,FFFFFF2169FFFFFF,Q
$TX,9200,158293,0CF00400,FFFFFF0C69FFFFFF,Q
$TX,9201,158298,0CF00400,FFFFFFF668FFFFFF,Q
$TX,9202,158303,0CF00400,FFFFFFE168FFFFFF,Q
$TX,9203,158308,0CF00400,FFFFFFCB68FFFFFF,Q
$TX,9204,158313,0CF00400,FFFFFFB468FFFFFF,Q
$TX,9205,158318,0CF00400,FFFFFF9E68FFFFFF,Q
$TX,9206,158323,0CF00400,FFFFFF8868FFFFFF,Q
$TX,9207,158328,0CF00400,FFFFFF7168FFFFFF,Q
$TX,9208,158333,0CF00400,FFFFFF5A68FFFFFF,Q
$TX,9209,158338,0CF00400,FFFFFF4368FFFFFF,Q
$TX,9210,158343,0CF00400,FFFFFF2C68FFFFFF,Q
$TX,9211,158348,0CF00400,FFFFFF1468FFFFFF,Q
$TX,9212,158353,0CF00400,FFFFFFFC67FFFFFF,Q
$TX,9213,158358,0CF00400,FFFFFFE467FFFFFF,Q
$TX,9214,158363,0CF00400,FFFFFFCC67FFFFFF,Q
$TX,9215,158368,0CF00400,FFFFFFB467FFFFFF,Q
$TX,9216,158373,0CF00400,FFFFFF9C67FFFFFF,Q
$TX,9217,158378,0CF00400,FFFFFF8367FFFFFF,Q
$TX,9218,158383,0CF00400,FFFFFF6A67FFFFFF,Q
$TX,9219,158388,0CF00400,FFFFFF5167FFFFFF,Q
$TX,9220,158393,0CF00400,FFFFFF3867FFFFFF,Q
$TX,9221,158398,0CF00400,FFFFFF1E67FFFFFF,Q
$TX,9222,158403,0CF00400,FFFFFF0567FFFFFF,Q
$TX,9223,158408,0CF00400,FFFFFFEB66FFFFFF,Q
$TX,9224,158413,0CF00400,FFFFFFD166FFFFFF,Q
$TX,9225,158418,0CF00400,FFFFFFB766FFFFFF,Q
$TX,9226,158423,0CF00400,FFFFFF9C66FFFFFF,Q
$TX,9227,158428,0CF00400,FFFFFF8266FFFFFF,Q
$TX,9228,158433,0CF00400,FFFFFF6766FFFFFF,Q
$TX,9229,158438,0CF00400,FFFFFF4C66FFFFFF,Q
$TX,9230,158443,0CF00400,FFFFFF3166FFFFFF,Q
$TX,9231,158448,0CF00400,FFFFFF1666FFFFFF,Q
$TX,9232,158453,0CF00400,FFFFFFFA65FFFFFF,Q
$TX,9233,158458,0CF00400,FFFFFFDE65FFFFFF,Q
$TX,9234,158463,0CF00400,FFFFFFC265FFFFFF,Q
$TX,9235,158468,0CF00400,FFFFFFA665FFFFFF,Q
$TX,9236,158473,0CF00400,FFFFFF8A65FFFFFF,Q
$TX,9237,158478,0CF00400,FFFFFF6E65FFFFFF,Q
$TX,9238,158483,0CF00400,FFFFFF5165FFFFFF,Q
$TX,9239,158488,0CF00400,FFFFFF3465FFFFFF,Q
$TX,9240,158493,0CF00400,FFFFFF1765FFFFFF,Q
$TX,9241,158498,0CF00400,FFFFFFFA64FFFFFF,Q
$TX,9242,158503,0CF00400,FFFFFFDD64FFFFFF,Q
$TX,9243,158508,0CF00400,FFFFFFBF64FFFFFF,Q
$TX,9244,158513,0CF00400,FFFFFFA164FFFFFF,Q
$TX,9245,158518,0CF00400,FFFFFF8364FFFFFF,Q
$TX,9246,158523,0CF00400,FFFFFF6564FFFFFF,Q
$TX,9247,158528,0CF00400,FFFFFF4764FFFFFF,Q
$TX,9248,158533,0CF00400,FFFFFF2964FFFFFF,Q
$TX,9249,158538,0CF00400,FFFFFF0A64FFFFFF,Q
$TX,9250,158543,0CF00400,FFFFFFEB63FFFFFF,Q
$TX,9251,158548,0CF00400,FFFFFFCC63FFFFFF,Q
$TX,9252,158553,0CF00400,FFFFFFAD63FFFFFF,Q
$TX,9253,158558,0CF00400,FFFFFF8E63FFFFFF,Q
$TX,9254,158563,0CF00400,FFFFFF6E63FFFFFF,Q
$TX,9255,158568,0CF00400,FFFFFF4E63FFFFFF,Q
$TX,9256,158573,0CF00400,FFFFFF2F63FFFFFF,Q
$TX,9257,158578,0CF00400,FFFFFF0E63FFFFFF,Q
$TX,9258,158583,0CF00400,FFFFFFEE62FFFFFF,Q
$TX,9259,158588,0CF00400,FFFFFFCE62FFFFFF,Q
$TX,9260,158593,0CF00400,FFFFFFAD62FFFFFF,Q
$TX,9261,158598,0CF00400,FFFFFF8D62FFFFFF,Q
$TX,9262,158603,0CF00400,FFFFFF6C62FFFFFF,Q
$TX,9263,158608,0CF00400,FFFFFF4A62FFFFFF,Q
$TX,9264,158613,0CF00400,FFFFFF2962FFFFFF,Q
$TX,9265,158618,0CF00400,FFFFFF0862FFFFFF,Q
$TX,9266,158623,0CF00400,FFFFFFE661FFFFFF,Q
$TX,9267,158628,0CF00400,FFFFFFC461FFFFFF,Q
$TX,9268,158633,0CF00400,FFFFFFA261FFFFFF,Q
$TX,9269,158638,0CF00400,FFFFFF8061FFFFFF,Q
$TX,9270,158643,0CF00400,FFFFFF5E61FFFFFF,Q
$5X,9271,158648,0CF00400,FFFFFF3C61FFFFFF,Q
$TX,9272,158653,0CF00400,FFFFFF1961FFFFFF,Q
$TX,9273,158658,0CF00400,FFFFFFF660FFFFFF,Q
$5X,9274,158663,0CF00400,FFFFFFD360FFFFFF,Q
$TX,9275,158668,0CF00400,FFFFFFB060FFFFFF,Q
$TX,9276,158673,0CF00400,FFFFFF8D60FFFFFF,Q
$TX,9277,158678,0CF00400,FFFFFF6960FFFFFF,Q
$TX,9278,158683,0CF00400,FFFFFF4660FFFFFF,Q
$TX,9279,158688,0CF00400,FFFFFF2260FFFFFF,Q
$TX,9280,158693,0CF00400,FFFFFFFE5FFFFFFF,Q
$TX,9281,158698,0CF00400,FFFFFFDA5FFFFFFF,Q
$TX,9282,158703,0CF00400,FFFFFFB65FFFFFFF,Q
$TX,9283,158708,0CF00400,FFFFFF915FFFFFFF,Q
$TX,9284,158713,0CF00400,FFFFFF6D5FFFFFFF,Q
$TX,9285,158718,0CF00400,FFFFFF485FFFFFFF,Q
$TX,9286,158723,0CF00400,FFFFFF235FFFFFFF,Q
$TX,9287,158728,0CF00400,FFFFFFFE5EFFFFFF,Q
$TX,9288,158733,0CF00400,FFFFFFD95EFFFFFF,Q
$TX,9289,158738,0CF00400,FFFFFFB35EFFFFFF,Q
$TX,9290,158743,0CF00400,FFFFFF8E5EFFFFFF,Q
$TX,9291,158748,0CF00400,FFFFFF685EFFFFFF,Q
$TX,9292,158753,0CF00400,FFFFFF425EFFFFFF,Q
$TX,9293,158758,0CF00400,FFFFFF1C5EFFFFFF,Q
$TX,9294,158763,0CF00400,FFFFFFF65DFFFFFF,Q
$TX,9295,158768,0CF00400,FFFFFFCF5DFFFFFF,Q
$TX,9296,158773,0CF00400,FFFFFFA95DFFFFFF,Q
$TX,9297,158778,0CF00400,FFFFFF825DFFFFFF,Q
$TX,9298,158783,0CF00400,FFFFFF5B5DFFFFFF,Q
$TX,9299,158788,0CF00400,FFFFFF355DFFFFFF,Q
$TX,9300,158793,0CF00400,FFFFFF0D5DFFFFFF,Q
$TX,9301,158798,0CF00400,FFFFFFE65CFFFFFF,Q
$TX,9302,158803,0CF00400,FFFFFFBF5CFFFFFF,Q
$TX,9303,158808,0CF00400,FFFFFF975CFFFFFF,Q
$TX,9304,158813,0CF00400,FFFFFF705CFFFFFF,Q
$TX,9305,158818,0CF00400,FFFFFF485CFFFFFF,Q
$TX,9306,158823,0CF00400,FFFFFF205CFFFFFF,Q
$TX,9307,158828,0CF00400,FFFFFFF85BFFFFFF,Q
$TX,9308,158833,0CF00400,FFFFFFCF5BFFFFFF,Q
$TX,9309,158838,0CF00400,FFFFFFA75BFFFFFF,Q
$TX,9310,158843,0CF00400,FFFFFF7E5BFFFFFF,Q
$TX,9311,158848,0CF00400,FFFFFF555BFFFFFF,Q
$TX,9312,158853,0CF00400,FFFFFF2D5BFFFFFF,Q
$TX,9313,158858,0CF00400,FFFFFF045BFFFFFF,Q
$TX,9314,158863,0CF00400,FFFFFFDA5AFFFFFF,Q
$TX,9315,158868,0CF00400,FFFFFFB15AFFFFFF,Q
$TX,9316,158873,0CF00400,FFFFFF885AFFFFFF,Q
$TX,9317,158878,0CF00400,FFFFFF5E5AFFFFFF,Q
$TX,9318,158883,0CF00400,FFFFFF345AFFFFFF,Q
$TX,9319,158888,0CF00400,FFFFFF0A5AFFFFFF,Q
$TX,9320,158893,0CF00400,FFFFFFE059FFFFFF,Q
$TX,9321,158898,0CF00400,FFFFFFB659FFFFFF,Q
$TX,9322,158903,0CF00400,FFFFFF8C59FFFFFF,Q
$TX,9323,158908,0CF00400,FFFFFF6259FFFFFF,Q
$TX,9324,158913,0CF00400,FFFFFF3759FFFFFF,Q
$TX,9325,158918,0CF00400,FFFFFF0C59FFFFFF,Q
$TX,9326,158923,0CF00400,FFFFFFE158FFFFFF,Q
$TX,9327,158928,0CF00400,FFFFFFB658FFFFFF,Q
$TX,9328,158933,0CF00400,FFFFFF8B58FFFFFF,Q
$TX,9329,158938,0CF00400,FFFFFF6058FFFFFF,Q
$TX,9330,158943,0CF00400,FFFFFF3558FFFFFF,Q
$TX,9331,158948,0CF00400,FFFFFF0958FFFFFF,Q
$TX,9332,158953,0CF00400,FFFFFFDE57FFFFFF,Q
$TX,9333,158958,0CF00400,FFFFFFB257FFFFFF,Q
$TX,9334,158963,0CF00400,FFFFFF8657FFFFFF,Q
$TX,9335,158968,0CF00400,FFFFFF5A57FFFFFF,Q
$TX,9336,158973,0CF00400,FFFFFF2E57FFFFFF,Q
$TX,9337,158978,0CF00400,FFFFFF0157FFFFFF,Q
$TX,9338,158983,0CF00400,FFFFFFD556FFFFFF,Q
$TX,9339,158988,0CF00400,FFFFFFA856FFFFFF,Q
$TX,9340,158993,0CF00400,FFFFFF7C56FFFFFF,Q
$TX,9341,158998,0CF00400,FFFFFF4F56FFFFFF,Q
$TX,9342,159003,0CF00400,FFFFFF2256FFFFFF,Q
$TX,9343,159008,0CF00400,FFFFFFF555FFFFFF,Q
$TX,9344,159013,0CF00400,FFFFFFC855FFFFFF,Q
$TX,9345,159018,0CF00400,FFFFFF9B55FFFFFF,Q
$TX,9346,159023,0CF00400,FFFFFF6D55FFFFFF,Q
$TX,9347,159028,0CF00400,FFFFFF4055FFFFFF,Q
$TX,9348,159033,0CF00400,FFFFFF1255FFFFFF,Q
$TX,9349,159038,0CF00400,FFFFFFE454FFFFFF,Q
$TX,9350,159043,0CF00400,FFFFFFB654FFFFFF,Q
$TX,9351,159048,0CF00400,FFFFFF8854FFFFFF,Q
$TX,9352,159053,0CF00400,FFFFFF5A54FFFFFF,Q
$TX,9353,159058,0CF00400,FFFFFF2C54FFFFFF,Q
$TX,9354,159063,0CF00400,FFFFFFFE53FFFFFF,Q
$TX,9355,159068,0CF00400,FFFFFFCF53FFFFFF,Q
$TX,9356,159073,0CF00400,FFFFFFA053FFFFFF,Q
$TX,9357,159078,0CF00400,FFFFFF7253FFFFFF,Q
$TX,9358,159083,0CF00400,FFFFFF4353FFFFFF,Q
$TX,9359,159088,0CF00400,FFFFFF1453FFFFFF,Q
$TX,9360,159093,0CF00400,FFFFFFE552FFFFFF,Q
$TX,9361,159098,0CF00400,FFFFFFB652FFFFFF,Q
$TX,9362,159103,0CF00400,FFFFFF8752FFFFFF,Q
$TX,9363,159108,0CF00400,FFFFFF5752FFFFFF,Q
$TX,9364,159113,0CF00400,FFFFFF2852FFFFFF,Q
$TX,9365,159118,0CF00400,FFFFFFF851FFFFFF,Q
$TX,9366,159123,0CF00400,FFFFFFC851FFFFFF,Q
$TX,9367,159128,0CF00400,FFFFFF9951FFFFFF,Q
$TX,9368,159133,0CF00400,FFFFFF6951FFFFFF,Q
$TX,9369,159138,0CF00400,FFFFFF3951FFFFFF,Q
$TX,9370,159143,0CF00400,FFFFFF0951FFFFFF,Q
$TX,9371,159148,0CF00400,FFFFFFD850FFFFFF,Q
$TX,9372,159153,0CF00400,FFFFFFA850FFFFFF,Q
$TX,9373,159158,0CF00400,FFFFFF7850FFFFFF,Q
$TX,9374,159163,0CF00400,FFFFFF4750FFFFFF,Q
$TX,9375,159168,0CF00400,FFFFFF1650FFFFFF,Q
$TX,9376,159173,0CF00400,FFFFFFE64FFFFFFF,Q
$TX,9377,159178,0CF00400,FFFFFFB54FFFFFFF,Q
$TX,9378,159183,0CF00400,FFFFFF844FFFFFFF,Q
$TX,9379,159188,0CF00400,FFFFFF534FFFFFFF,Q
$TX,9380,159193,0CF00400,FFFFFF224FFFFFFF,Q
$TX,9381,159198,0CF00400,FFFFFFF04EFFFFFF,Q
$TX,9382,159203,0CF00400,FFFFFFBF4EFFFFFF,Q
$TX,9383,159208,0CF00400,FFFFFF8E4EFFFFFF,Q
$TX,9384,159213,0CF00400,FFFFFF5C4EFFFFFF,Q
$TX,9385,159218,0CF00400,FFFFFF2B4EFFFFFF,Q
$TX,9386,159223,0CF00400,FFFFFFF94DFFFFFF,Q
$TX,9387,159228,0CF00400,FFFFFFC74DFFFFFF,Q
$TX,9388,159233,0CF00400,FFFFFF954DFFFFFF,Q
$TX,9389,159238,0CF00400,FFFFFF634DFFFFFF,Q
$TX,9390,159243,0CF00400,FFFFFF314DFFFFFF,Q
$TX,9391,159248,0CF00400,FFFFFFFF4CFFFFFF,Q
$TX,9392,159253,0CF00400,FFFFFFCD4CFFFFFF,Q
$TX,9393,159258,0CF00400,FFFFFF9A4CFFFFFF,Q
$TX,9394,159263,0CF00400,FFFFFF684CFFFFFF,Q
$TX,9395,159268,0CF00400,FFFFFF364CFFFFFF,Q
$TX,9396,159273,0CF00400,FFFFFF034CFFFFFF,Q
$TX,9397,159278,0CF00400,FFFFFFD04BFFFFFF,Q
$TX,9398,159283,0CF00400,FFFFFF9E4BFFFFFF,Q
$TX,9399,159288,0CF00400,FFFFFF6B4BFFFFFF,Q
$TX,9400,159293,0CF00400,FFFFFF384BFFFFFF,Q
$TX,9401,159298,0CF00400,FFFFFF054BFFFFFF,Q
$TX,9402,159303,0CF00400,FFFFFFD24AFFFFFF,Q
$TX,9403,159308,0CF00400,FFFFFF9F4AFFFFFF,Q
$TX,9404,159313,0CF00400,FFFFFF6B4AFFFFFF,Q
$TX,9405,159318,0CF00400,FFFFFF384AFFFFFF,Q
$TX,9406,159323,0CF00400,FFFFFF054AFFFFFF,Q
$TX,9407,159328,0CF00400,FFFFFFD149FFFFFF,Q
$TX,9408,159333,0CF00400,FFFFFF9E49FFFFFF,Q
$TX,9409,159338,0CF00400,FFFFFF6A49FFFFFF,Q
$TX,9410,159343,0CF00400,FFFFFF3649FFFFFF,Q
$TX,9411,159348,0CF00400,FFFFFF0349FFFFFF,Q
$TX,9412,159353,0CF00400,FFFFFFCF48FFFFFF,Q
$TX,9413,159358,0CF00400,FFFFFF9B48FFFFFF,Q
$TX,9414,159363,0CF00400,FFFFFF6748FFFFFF,Q
$TX,9415,159368,0CF00400,FFFFFF3348FFFFFF,Q
$TX,9416,159373,0CF00400,FFFFFFFF47FFFFFF,Q
$TX,9417,159378,0CF00400,FFFFFFCA47FFFFFF,Q
$TX,9418,159383,0CF00400,FFFFFF9647FFFFFF,Q
$TX,9419,159388,0CF00400,FFFFFF6247FFFFFF,Q
$TX,9420,159393,0CF00400,FFFFFF2E47FFFFFF,Q
$TX,9421,159398,0CF00400,FFFFFFF946FFFFFF,Q
$TX,9422,159403,0CF00400,FFFFFFC546FFFFFF,Q
$TX,9423,159408,0CF00400,FFFFFF9046FFFFFF,Q
$TX,9424,159413,0CF00400,FFFFFF5B46FFFFFF,Q
$TX,9425,159418,0CF00400,FFFFFF2746FFFFFF,Q
$TX,9426,159423,0CF00400,FFFFFFF245FFFFFF,Q
$TX,9427,159428,0CF00400,FFFFFFBD45FFFFFF,Q
$TX,9428,159433,0CF00400,FFFFFF8845FFFFFF,Q
$TX,9429,159438,0CF00400,FFFFFF5345FFFFFF,Q
$TX,9430,159443,0CF00400,FFFFFF1E45FFFFFF,Q
$TX,9431,159448,0CF00400,FFFFFFE944FFFFFF,Q
$TX,9432,159453,0CF00400,FFFFFFB444FFFFFF,Q
$TX,9433,159458,0CF00400,FFFFFF7F44FFFFFF,Q
$TX,9434,159463,0CF00400,FFFFFF4A44FFFFFF,Q
$TX,9435,159468,0CF00400,FFFFFF1444FFFFFF,Q
$TX,9436,159473,0CF00400,FFFFFFDF43FFFFFF,Q
$TX,9437,159478,0CF00400,FFFFFFAA43FFFFFF,Q
$TX,9438,159483,0CF00400,FFFFFF7443FFFFFF,Q
$TX,9439,159488,0CF00400,FFFFFF3F43FFFFFF,Q
$TX,9440,159493,0CF00400,FFFFFF0943FFFFFF,Q
$TX,9441,159498,0CF00400,FFFFFFD442FFFFFF,Q
$TX,9442,159503,0CF00400,FFFFFF9E42FFFFFF,Q
$TX,9443,159508,0CF00400,FFFFFF6842FFFFFF,Q
$TX,9444,159513,0CF00400,FFFFFF3342FFFFFF,Q
$TX,9445,159518,0CF00400,FFFFFFFD41FFFFFF,Q
$TX,9446,159523,0CF00400,FFFFFFC741FFFFFF,Q
$TX,9447,159528,0CF00400,FFFFFF9141FFFFFF,Q
$TX,9448,159533,0CF00400,FFFFFF5B41FFFFFF,Q
$TX,9449,159538,0CF00400,FFFFFF2541FFFFFF,Q
$TX,9450,159543,0CF00400,FFFFFFEF40FFFFFF,Q
$TX,9451,159548,0CF00400,FFFFFFB940FFFFFF,Q
$TX,9452,159553,0CF00400,FFFFFF8340FFFFFF,Q
$TX,9453,159558,0CF00400,FFFFFF4D40FFFFFF,Q
$TX,9454,159563,0CF00400,FFFFFF1740FFFFFF,Q
$TX,9455,159568,0CF00400,FFFFFFE13FFFFFFF,Q
$TX,9456,159573,0CF00400,FFFFFFAB3FFFFFFF,Q
$TX,9457,159578,0CF00400,FFFFFF743FFFFFFF,Q
$TX,9458,159583,0CF00400,FFFFFF3E3FFFFFFF,Q
$TX,9459,159588,0CF00400,FFFFFF083FFFFFFF,Q
$TX,9460,159593,0CF00400,FFFFFFD13EFFFFFF,Q
$TX,9461,159598,0CF00400,FFFFFF9B3EFFFFFF,Q
$TX,9462,159603,0CF00400,FFFFFF653EFFFFFF,Q
$4X,9463,159608,0CF00400,FFFFFF2E3EFFFFFF,Q
$TX,9464,159613,0CF00400,FFFFFFF83DFFFFFF,Q
$5X,9465,159618,0CF00400,FFFFFFC13DFFFFFF,Q
$TX,9466,159623,0CF00400,FFFFFF8B3DFFFFFF,Q
$TX,9467,159628,0CF00400,FFFFFF543DFFFFFF,Q
$TX,9468,159633,0CF00400,FFFFFF1E3DFFFFFF,Q
$TX,9469,159638,0CF00400,FFFFFFE73CFFFFFF,Q
$TX,9470,159643,0CF00400,FFFFFFB03CFFFFFF,Q
$TX,9471,159648,0CF00400,FFFFFF7A3CFFFFFF,Q
$TX,9472,159653,0CF00400,FFFFFF433CFFFFFF,Q
$TX,9473,159658,0CF00400,FFFFFF0C3CFFFFFF,Q
$TX,9474,159663,0CF00400,FFFFFFD63BFFFFFF,Q
$TX,9475,159668,0CF00400,FFFFFF9F3BFFFFFF,Q
$TX,9476,159673,0CF00400,FFFFFF683BFFFFFF,Q
$TX,9477,159678,0CF00400,FFFFFF313BFFFFFF,Q
$TX,9478,159683,0CF00400,FFFFFFFA3AFFFFFF,Q
$TX,9479,159688,0CF00400,FFFFFFC43AFFFFFF,Q
$TX,9480,159693,0CF00400,FFFFFF8D3AFFFFFF,Q
$TX,9481,159698,0CF00400,FFFFFF563AFFFFFF,Q
$TX,9482,159703,0CF00400,FFFFFF1F3AFFFFFF,Q
$TX,9483,159708,0CF00400,FFFFFFE839FFFFFF,Q
$TX,9484,159713,0CF00400,FFFFFFB139FFFFFF,Q
$TX,9485,159718,0CF00400,FFFFFF7A39FFFFFF,Q
$TX,9486,159723,0CF00400,FFFFFF4339FFFFFF,Q
$TX,9487,159728,0CF00400,FFFFFF0D39FFFFFF,Q
$TX,9488,159733,0CF00400,FFFFFFD638FFFFFF,Q
$TX,9489,159738,0CF00400,FFFFFF9F38FFFFFF,Q
$TX,9490,159743,0CF00400,FFFFFF6838FFFFFF,Q
$TX,9491,159748,0CF00400,FFFFFF3138FFFFFF,Q
$TX,9492,159753,0CF00400,FFFFFFFA37FFFFFF,Q
$TX,9493,159758,0CF00400,FFFFFFC337FFFFFF,Q
$TX,9494,159763,0CF00400,FFFFFF8C37FFFFFF,Q
$TX,9495,159768,0CF00400,FFFFFF5537FFFFFF,Q
$TX,9496,159773,0CF00400,FFFFFF1E37FFFFFF,Q
$TX,9497,159778,0CF00400,FFFFFFE736FFFFFF,Q
$TX,9498,159783,0CF00400,FFFFFFB036FFFFFF,Q
$TX,9499,159788,0CF00400,FFFFFF7936FFFFFF,Q
$TX,9500,159793,0CF00400,FFFFFF4236FFFFFF,Q
$TX,9501,159798,0CF00400,FFFFFF0B36FFFFFF,Q
$TX,9502,159803,0CF00400,FFFFFFD435FFFFFF,Q
$TX,9503,159808,0CF00400,FFFFFF9D35FFFFFF,Q
$TX,9504,159813,0CF00400,FFFFFF6635FFFFFF,Q
$TX,9505,159818,0CF00400,FFFFFF2F35FFFFFF,Q
$TX,9506,159823,0CF00400,FFFFFFF834FFFFFF,Q
$TX,9507,159828,0CF00400,FFFFFFC134FFFFFF,Q
$TX,9508,159833,0CF00400,FFFFFF8A34FFFFFF,Q
$TX,9509,159838,0CF00400,FFFFFF5334FFFFFF,Q
$TX,9510,159843,0CF00400,FFFFFF1D34FFFFFF,Q
$TX,9511,159848,0CF00400,FFFFFFE633FFFFFF,Q
$TX,9512,159853,0CF00400,FFFFFFAF33FFFFFF,Q
$TX,9513,159858,0CF00400,FFFFFF7833FFFFFF,Q
$TX,9514,159863,0CF00400,FFFFFF4133FFFFFF,Q
$TX,9515,159868,0CF00400,FFFFFF0A33FFFFFF,Q
$TX,9516,159873,0CF00400,FFFFFFD332FFFFFF,Q
$TX,9517,159878,0CF00400,FFFFFF9C32FFFFFF,Q
$TX,9518,159883,0CF00400,FFFFFF6632FFFFFF,Q
$TX,9519,159888,0CF00400,FFFFFF2F32FFFFFF,Q
$TX,9520,159893,0CF00400,FFFFFFF831FFFFFF,Q
$TX,9521,159898,0CF00400,FFFFFFC131FFFFFF,Q
$TX,9522,159903,0CF00400,FFFFFF8A31FFFFFF,Q
$TX,9523,159908,0CF00400,FFFFFF5431FFFFFF,Q
$TX,9524,159913,0CF00400,FFFFFF1D31FFFFFF,Q
$TX,9525,159918,0CF00400,FFFFFFE630FFFFFF,Q
$TX,9526,159923,0CF00400,FFFFFFB030FFFFFF,Q
$TX,9527,159928,0CF00400,FFFFFF7930FFFFFF,Q
$TX,9528,159933,0CF00400,FFFFFF4230FFFFFF,Q
$TX,9529,159938,0CF00400,FFFFFF0C30FFFFFF,Q
$TX,9530,159943,0CF00400,FFFFFFD52FFFFFFF,Q
$TX,9531,159948,0CF00400,FFFFFF9F2FFFFFFF,Q
$TX,9532,159953,0CF00400,FFFFFF682FFFFFFF,Q
$TX,9533,159958,0CF00400,FFFFFF322FFFFFFF,Q
$TX,9534,159963,0CF00400,FFFFFFFB2EFFFFFF,Q
$TX,9535,159968,0CF00400,FFFFFFC52EFFFFFF,Q
$TX,9536,159973,0CF00400,FFFFFF8F2EFFFFFF,Q
$TX,9537,159978,0CF00400,FFFFFF582EFFFFFF,Q
$TX,9538,159983,0CF00400,FFFFFF222EFFFFFF,Q
$TX,9539,159988,0CF00400,FFFFFFEC2DFFFFFF,Q
$TX,9540,159993,0CF00400,FFFFFFB52DFFFFFF,Q
$TX,9541,159998,0CF00400,FFFFFF7F2DFFFFFF,Q
$TX,9542,160003,0CF00400,FFFFFF492DFFFFFF,Q
$TX,9543,160008,0CF00400,FFFFFF132DFFFFFF,Q
$TX,9544,160013,0CF00400,FFFFFFDD2CFFFFFF,Q
$TX,9545,160018,0CF00400,FFFFFFA72CFFFFFF,Q
$TX,9546,160023,0CF00400,FFFFFF712CFFFFFF,Q
$TX,9547,160028,0CF00400,FFFFFF3B2CFFFFFF,Q
$TX,9548,160033,0CF00400,FFFFFF052CFFFFFF,Q
$TX,9549,160038,0CF00400,FFFFFFCF2BFFFFFF,Q
$TX,9550,160043,0CF00400,FFFFFF992BFFFFFF,Q
$TX,9551,160048,0CF00400,FFFFFF632BFFFFFF,Q
$TX,9552,160053,0CF00400,FFFFFF2D2BFFFFFF,Q
$TX,9553,160058,0CF00400,FFFFFFF82AFFFFFF,Q
$TX,9554,160063,0CF00400,FFFFFFC22AFFFFFF,Q
$TX,9555,160068,0CF00400,FFFFFF8C2AFFFFFF,Q
$TX,9556,160073,0CF00400,FFFFFF572AFFFFFF,Q
$TX,9557,160078,0CF00400,FFFFFF212AFFFFFF,Q
$TX,9558,160083,0CF00400,FFFFFFEC29FFFFFF,Q
$TX,9559,160088,0CF00400,FFFFFFB629FFFFFF,Q
$TX,9560,160093,0CF00400,FFFFFF8129FFFFFF,Q
$TX,9561,160098,0CF00400,FFFFFF4C29FFFFFF,Q
$TX,9562,160103,0CF00400,FFFFFF1629FFFFFF,Q
$TX,9563,160108,0CF00400,FFFFFFE128FFFFFF,Q
$TX,9564,160113,0CF00400,FFFFFFAC28FFFFFF,Q
$TX,9565,160118,0CF00400,FFFFFF7728FFFFFF,Q
$TX,9566,160123,0CF00400,FFFFFF4228FFFFFF,Q
$TX,9567,160128,0CF00400,FFFFFF0D28FFFFFF,Q
$TX,9568,160133,0CF00400,FFFFFFD827FFFFFF,Q
$TX,9569,160138,0CF00400,FFFFFFA327FFFFFF,Q
$TX,9570,160143,0CF00400,FFFFFF6E27FFFFFF,Q
$TX,9571,160148,0CF00400,FFFFFF3927FFFFFF,Q
$TX,9572,160153,0CF00400,FFFFFF0527FFFFFF,Q
$TX,9573,160158,0CF00400,FFFFFFD026FFFFFF,Q
$TX,9574,160163,0CF00400,FFFFFF9B26FFFFFF,Q
$TX,9575,160168,0CF00400,FFFFFF6726FFFFFF,Q
$TX,9576,160173,0CF00400,FFFFFF3226FFFFFF,Q
$TX,9577,160178,0CF00400,FFFFFFFE25FFFFFF,Q
$TX,9578,160183,0CF00400,FFFFFFCA25FFFFFF,Q
$TX,9579,160188,0CF00400,FFFFFF9625FFFFFF,Q
$TX,9580,160193,0CF00400,FFFFFF6125FFFFFF,Q
$TX,9581,160198,0CF00400,FFFFFF2D25FFFFFF,Q
$TX,9582,160203,0CF00400,FFFFFFF924FFFFFF,Q
$TX,9583,160208,0CF00400,FFFFFFC524FFFFFF,Q
$TX,9584,160213,0CF00400,FFFFFF9124FFFFFF,Q
$TX,9585,160218,0CF00400,FFFFFF5D24FFFFFF,Q
$TX,9586,160223,0CF00400,FFFFFF2A24FFFFFF,Q
$TX,9587,160228,0CF00400,FFFFFFF623FFFFFF,Q
$TX,9588,160233,0CF00400,FFFFFFC223FFFFFF,Q
$TX,9589,160238,0CF00400,FFFFFF8F23FFFFFF,Q
$TX,9590,160243,0CF00400,FFFFFF5B23FFFFFF,Q
$TX,9591,160248,0CF00400,FFFFFF2823FFFFFF,Q
$TX,9592,160253,0CF00400,FFFFFFF522FFFFFF,Q
$TX,9593,160258,0CF00400,FFFFFFC122FFFFFF,Q
$TX,9594,160263,0CF00400,FFFFFF8E22FFFFFF,Q
$TX,9595,160268,0CF00400,FFFFFF5B22FFFFFF,Q
$TX,9596,160273,0CF00400,FFFFFF2822FFFFFF,Q
$TX,9597,160278,0CF00400,FFFFFFF521FFFFFF,Q
$TX,9598,160283,0CF00400,FFFFFFC221FFFFFF,Q
$TX,9599,160288,0CF00400,FFFFFF9021FFFFFF,Q
$TX,9600,160293,0CF00400,FFFFFF5D21FFFFFF,Q
$TX,9601,160298,0CF00400,FFFFFF2A21FFFFFF,Q
$TX,9602,160303,0CF00400,FFFFFFF820FFFFFF,Q
$TX,9603,160308,0CF00400,FFFFFFC620FFFFFF,Q
$TX,9604,160313,0CF00400,FFFFFF9320FFFFFF,Q
$TX,9605,160318,0CF00400,FFFFFF6120FFFFFF,Q
$TX,9606,160323,0CF00400,FFFFFF2F20FFFFFF,Q
$2X,9607,160328,0CF00400,FFFFFFFD1FFFFFFF,Q
$TX,9608,160333,0CF00400,FFFFFFCB1FFFFFFF,Q
$TX,9609,160338,0CF00400,FFFFFF991FFFFFFF,Q
$TX,9610,160343,0CF00400,FFFFFF671FFFFFFF,Q
$TX,9611,160348,0CF00400,FFFFFF351FFFFFFF,Q
$TX,9612,160353,0CF00400,FFFFFF041FFFFFFF,Q
$2X,9613,160358,0CF00400,FFFFFFD21EFFFFFF,Q
$TX,9614,160363,0CF00400,FFFFFFA11EFFFFFF,Q
$TX,9615,160368,0CF00400,FFFFFF701EFFFFFF,Q
$TX,9616,160373,0CF00400,FFFFFF3E1EFFFFFF,Q
$TX,9617,160378,0CF00400,FFFFFF0D1EFFFFFF,Q
$TX,9618,160383,0CF00400,FFFFFFDC1DFFFFFF,Q
$TX,9619,160388,0CF00400,FFFFFFAB1DFFFFFF,Q
$TX,9620,160393,0CF00400,FFFFFF7A1DFFFFFF,Q
$TX,9621,160398,0CF00400,FFFFFF4A1DFFFFFF,Q
$TX,9622,160403,0CF00400,FFFFFF191DFFFFFF,Q
$TX,9623,160408,0CF00400,FFFFFFE81CFFFFFF,Q
$TX,9624,160413,0CF00400,FFFFFFB81CFFFFFF,Q
$TX,9625,160418,0CF00400,FFFFFF881CFFFFFF,Q
$TX,9626,160423,0CF00400,FFFFFF571CFFFFFF,Q
$TX,9627,160428,0CF00400,FFFFFF271CFFFFFF,Q
$TX,9628,160433,0CF00400,FFFFFFF71BFFFFFF,Q
$TX,9629,160438,0CF00400,FFFFFFC71BFFFFFF,Q
$TX,9630,160443,0CF00400,FFFFFF981BFFFFFF,Q
$TX,9631,160448,0CF00400,FFFFFF681BFFFFFF,Q
$TX,9632,160453,0CF00400,FFFFFF381BFFFFFF,Q
$TX,9633,160458,0CF00400,FFFFFF091BFFFFFF,Q
$TX,9634,160463,0CF00400,FFFFFFD91AFFFFFF,Q
$TX,9635,160468,0CF00400,FFFFFFAA1AFFFFFF,Q
$TX,9636,160473,0CF00400,FFFFFF7B1AFFFFFF,Q
$TX,9637,160478,0CF00400,FFFFFF4C1AFFFFFF,Q
$TX,9638,160483,0CF00400,FFFFFF1D1AFFFFFF,Q
$TX,9639,160488,0CF00400,FFFFFFEE19FFFFFF,Q
$TX,9640,160493,0CF00400,FFFFFFC019FFFFFF,Q
$TX,9641,160498,0CF00400,FFFFFF9119FFFFFF,Q
$TX,9642,160503,0CF00400,FFFFFF6219FFFFFF,Q
$TX,9643,160508,0CF00400,FFFFFF3419FFFFFF,Q
$TX,9644,160513,0CF00400,FFFFFF0619FFFFFF,Q
$TX,9645,160518,0CF00400,FFFFFFD818FFFFFF,Q
$TX,9646,160523,0CF00400,FFFFFFAA18FFFFFF,Q
$TX,9647,160528,0CF00400,FFFFFF7C18FFFFFF,Q
$TX,9648,160533,0CF00400,FFFFFF4E18FFFFFF,Q
$TX,9649,160538,0CF00400,FFFFFF2018FFFFFF,Q
$TX,9650,160543,0CF00400,FFFFFFF317FFFFFF,Q
$TX,9651,160548,0CF00400,FFFFFFC517FFFFFF,Q
$TX,9652,160553,0CF00400,FFFFFF9817FFFFFF,Q
$TX,9653,160558,0CF00400,FFFFFF6B17FFFFFF,Q
$TX,9654,160563,0CF00400,FFFFFF3E17FFFFFF,Q
$TX,9655,160568,0CF00400,FFFFFF1117FFFFFF,Q
$4X,9656,160573,0CF00400,FFFFFFE416FFFFFF,Q
$TX,9657,160578,0CF00400,FFFFFFB816FFFFFF,Q
$TX,9658,160583,0CF00400,FFFFFF8B16FFFFFF,Q
$TX,9659,160588,0CF00400,FFFFFF5F16FFFFFF,Q
$TX,9660,160593,0CF00400,FFFFFF3216FFFFFF,Q
$TX,9661,160598,0CF00400,FFFFFF0616FFFFFF,Q
$TX,9662,160603,0CF00400,FFFFFFDA15FFFFFF,Q
$TX,9663,160608,0CF00400,FFFFFFAE15FFFFFF,Q
$TX,9664,160613,0CF00400,FFFFFF8215FFFFFF,Q
$TX,9665,160618,0CF00400,FFFFFF5715FFFFFF,Q
$TX,9666,160623,0CF00400,FFFFFF2B15FFFFFF,Q
$TX,9667,160628,0CF00400,FFFFFF0015FFFFFF,Q
$TX,9668,160633,0CF00400,FFFFFFD514FFFFFF,Q
$TX,9669,160638,0CF00400,FFFFFFAA14FFFFFF,Q
$TX,9670,160643,0CF00400,FFFFFF7F14FFFFFF,Q
$TX,9671,160648,0CF00400,FFFFFF5414FFFFFF,Q
$TX,9672,160653,0CF00400,FFFFFF2914FFFFFF,Q
$TX,9673,160658,0CF00400,FFFFFFFE13FFFFFF,Q
$TX,9674,160663,0CF00400,FFFFFFD413FFFFFF,Q
$TX,9675,160668,0CF00400,FFFFFFAA13FFFFFF,Q
$TX,9676,160673,0CF00400,FFFFFF8013FFFFFF,Q
$TX,9677,160678,0CF00400,FFFFFF5613FFFFFF,Q
$TX,9678,160683,0CF00400,FFFFFF2C13FFFFFF,Q
$TX,9679,160688,0CF00400,FFFFFF0213FFFFFF,Q
$TX,9680,160693,0CF00400,FFFFFFD812FFFFFF,Q
$TX,9681,160698,0CF00400,FFFFFFAF12FFFFFF,Q
$TX,9682,160703,0CF00400,FFFFFF8612FFFFFF,Q
$TX,9683,160708,0CF00400,FFFFFF5C12FFFFFF,Q
$TX,9684,160713,0CF00400,FFFFFF3312FFFFFF,Q
$TX,9685,160718,0CF00400,FFFFFF0B12FFFFFF,Q
$TX,9686,160723,0CF00400,FFFFFFE211FFFFFF,Q
$TX,9687,160728,0CF00400,FFFFFFB911FFFFFF,Q
$TX,9688,160733,0CF00400,FFFFFF9111FFFFFF,Q
$TX,9689,160738,0CF00400,FFFFFF6811FFFFFF,Q
$TX,9690,160743,0CF00400,FFFFFF4011FFFFFF,Q
$TX,9691,160748,0CF00400,FFFFFF1811FFFFFF,Q
$TX,9692,160753,0CF00400,FFFFFFF010FFFFFF,Q
$TX,9693,160758,0CF00400,FFFFFFC910FFFFFF,Q
$TX,9694,160763,0CF00400,FFFFFFA110FFFFFF,Q
$TX,9695,160768,0CF00400,FFFFFF7A10FFFFFF,Q
$TX,9696,160773,0CF00400,FFFFFF5310FFFFFF,Q
$TX,9697,160778,0CF00400,FFFFFF2B10FFFFFF,Q
$TX,9698,160783,0CF00400,FFFFFF0510FFFFFF,Q
$TX,9699,160788,0CF00400,FFFFFFDE0FFFFFFF,Q
$TX,9700,160793,0CF00400,FFFFFFB70FFFFFFF,Q
$TX,9701,160798,0CF00400,FFFFFF910FFFFFFF,Q
$TX,9702,160803,0CF00400,FFFFFF6A0FFFFFFF,Q
$TX,9703,160808,0CF00400,FFFFFF440FFFFFFF,Q
$TX,9704,160813,0CF00400,FFFFFF1E0FFFFFFF,Q
$TX,9705,160818,0CF00400,FFFFFFF80EFFFFFF,Q
$TX,9706,160823,0CF00400,FFFFFFD20EFFFFFF,Q
$TX,9707,160828,0CF00400,FFFFFFAD0EFFFFFF,Q
$TX,9708,160833,0CF00400,FFFFFF870EFFFFFF,Q
$TX,9709,160838,0CF00400,FFFFFF620EFFFFFF,Q
$TX,9710,160843,0CF00400,FFFFFF3D0EFFFFFF,Q
$TX,9711,160848,0CF00400,FFFFFF180EFFFFFF,Q
$TX,9712,160853,0CF00400,FFFFFFF30DFFFFFF,Q
$TX,9713,160858,0CF00400,FFFFFFCF0DFFFFFF,Q
$TX,9714,160863,0CF00400,FFFFFFAA0DFFFFFF,Q
$TX,9715,160868,0CF00400,FFFFFF860DFFFFFF,Q
$TX,9716,160873,0CF00400,FFFFFF620DFFFFFF,Q
$TX,9717,160878,0CF00400,FFFFFF3E0DFFFFFF,Q
$TX,9718,160883,0CF00400,FFFFFF1A0DFFFFFF,Q
$TX,9719,160888,0CF00400,FFFFFFF70CFFFFFF,Q
$TX,9720,160893,0CF00400,FFFFFFD30CFFFFFF,Q
$TX,9721,160898,0CF00400,FFFFFFB00CFFFFFF,Q
$TX,9722,160903,0CF00400,FFFFFF8D0CFFFFFF,Q
$TX,9723,160908,0CF00400,FFFFFF6A0CFFFFFF,Q
$TX,9724,160913,0CF00400,FFFFFF470CFFFFFF,Q
$TX,9725,160918,0CF00400,FFFFFF240CFFFFFF,Q
$TX,9726,160923,0CF00400,FFFFFF020CFFFFFF,Q
$TX,9727,160928,0CF00400,FFFFFFE00BFFFFFF,Q
$TX,9728,160933,0CF00400,FFFFFFBE0BFFFFFF,Q
$TX,9729,160938,0CF00400,FFFFFF9C0BFFFFFF,Q
$TX,9730,160943,0CF00400,FFFFFF7A0BFFFFFF,Q
$TX,9731,160948,0CF00400,FFFFFF580BFFFFFF,Q
$TX,9732,160953,0CF00400,FFFFFF370BFFFFFF,Q
$TX,9733,160958,0CF00400,FFFFFF160BFFFFFF,Q
$TX,9734,160963,0CF00400,FFFFFFF40AFFFFFF,Q
$TX,9735,160968,0CF00400,FFFFFFD30AFFFFFF,Q
$TX,9736,160973,0CF00400,FFFFFFB30AFFFFFF,Q
$TX,9737,160978,0CF00400,FFFFFF920AFFFFFF,Q
$TX,9738,160983,0CF00400,FFFFFF720AFFFFFF,Q
$TX,9739,160988,0CF00400,FFFFFF520AFFFFFF,Q
$TX,9740,160993,0CF00400,FFFFFF310AFFFFFF,Q
$TX,9741,160998,0CF00400,FFFFFF120AFFFFFF,Q
$TX,9742,161003,0CF00400,FFFFFFF209FFFFFF,Q
$TX,9743,161008,0CF00400,FFFFFFD209FFFFFF,Q
$TX,9744,161013,0CF00400,FFFFFFB309FFFFFF,Q
$TX,9745,161018,0CF00400,FFFFFF9409FFFFFF,Q
$TX,9746,161023,0CF00400,FFFFFF7509FFFFFF,Q
$TX,9747,161028,0CF00400,FFFFFF5609FFFFFF,Q
$TX,9748,161033,0CF00400,FFFFFF3709FFFFFF,Q
$TX,9749,161038,0CF00400,FFFFFF1909FFFFFF,Q
$TX,9750,161043,0CF00400,FFFFFFFB08FFFFFF,Q
$TX,9751,161048,0CF00400,FFFFFFDD08FFFFFF,Q
$TX,9752,161053,0CF00400,FFFFFFBF08FFFFFF,Q
$TX,9753,161058,0CF00400,FFFFFFA108FFFFFF,Q
$TX,9754,161063,0CF00400,FFFFFF8308FFFFFF,Q
$TX,9755,161068,0CF00400,FFFFFF6608FFFFFF,Q
$TX,9756,161073,0CF00400,FFFFFF4908FFFFFF,Q
$TX,9757,161078,0CF00400,FFFFFF2C08FFFFFF,Q
$TX,9758,161083,0CF00400,FFFFFF0F08FFFFFF,Q
$TX,9759,161088,0CF00400,FFFFFFF207FFFFFF,Q
$TX,9760,161093,0CF00400,FFFFFFD607FFFFFF,Q
$9X,9761,161098,0CF00400,FFFFFFBA07FFFFFF,Q
$TX,9762,161103,0CF00400,FFFFFF9E07FFFFFF,Q
$TX,9763,161108,0CF00400,FFFFFF8207FFFFFF,Q
$TX,9764,161113,0CF00400,FFFFFF6607FFFFFF,Q
$TX,9765,161118,0CF00400,FFFFFF4A07FFFFFF,Q
$TX,9766,161123,0CF00400,FFFFFF2F07FFFFFF,Q
$TX,9767,161128,0CF00400,FFFFFF1407FFFFFF,Q
$TX,9768,161133,0CF00400,FFFFFFF906FFFFFF,Q
$TX,9769,161138,0CF00400,FFFFFFDE06FFFFFF,Q
$TX,9770,161143,0CF00400,FFFFFFC406FFFFFF,Q
$TX,9771,161148,0CF00400,FFFFFFA906FFFFFF,Q
$TX,9772,161153,0CF00400,FFFFFF8F06FFFFFF,Q
$TX,9773,161158,0CF00400,FFFFFF7506FFFFFF,Q
$TX,9774,161163,0CF00400,FFFFFF5B06FFFFFF,Q
$TX,9775,161168,0CF00400,FFFFFF4206FFFFFF,Q
$TX,9776,161173,0CF00400,FFFFFF2806FFFFFF,Q
$TX,9777,161178,0CF00400,FFFFFF0F06FFFFFF,Q
$TX,9778,161183,0CF00400,FFFFFFF605FFFFFF,Q
$TX,9779,161188,0CF00400,FFFFFFDD05FFFFFF,Q
$TX,9780,161193,0CF00400,FFFFFFC405FFFFFF,Q
$TX,9781,161198,0CF00400,FFFFFFAC05FFFFFF,Q
$TX,9782,161203,0CF00400,FFFFFF9405FFFFFF,Q
$TX,9783,161208,0CF00400,FFFFFF7C05FFFFFF,Q
$TX,9784,161213,0CF00400,FFFFFF6405FFFFFF,Q
$TX,9785,161218,0CF00400,FFFFFF4C05FFFFFF,Q
$TX,9786,161223,0CF00400,FFFFFF3405FFFFFF,Q
$TX,9787,161228,0CF00400,FFFFFF1D05FFFFFF,Q
$TX,9788,161233,0CF00400,FFFFFF0605FFFFFF,Q
$TX,9789,161238,0CF00400,FFFFFFEF04FFFFFF,Q
$TX,9790,161243,0CF00400,FFFFFFD804FFFFFF,Q
$TX,9791,161248,0CF00400,FFFFFFC204FFFFFF,Q
$TX,9792,161253,0CF00400,FFFFFFAC04FFFFFF,Q
$TX,9793,161258,0CF00400,FFFFFF9504FFFFFF,Q
$TX,9794,161263,0CF00400,FFFFFF7F04FFFFFF,Q
$TX,9795,161268,0CF00400,FFFFFF6A04FFFFFF,Q
$TX,9796,161273,0CF00400,FFFFFF5404FFFFFF,Q
$TX,9797,161278,0CF00400,FFFFFF3F04FFFFFF,Q
$TX,9798,161283,0CF00400,FFFFFF2A04FFFFFF,Q
$TX,9799,161288,0CF00400,FFFFFF1504FFFFFF,Q
$TX,9800,161293,0CF00400,FFFFFF0004FFFFFF,Q
$TX,9801,161298,0CF00400,FFFFFFEB03FFFFFF,Q
$TX,9802,161303,0CF00400,FFFFFFD703FFFFFF,Q
$TX,9803,161308,0CF00400,FFFFFFC303FFFFFF,Q
$TX,9804,161313,0CF00400,FFFFFFAF03FFFFFF,Q
$TX,9805,161318,0CF00400,FFFFFF9B03FFFFFF,Q
$TX,9806,161323,0CF00400,FFFFFF8803FFFFFF,Q
$TX,9807,161328,0CF00400,FFFFFF7403FFFFFF,Q
$TX,9808,161333,0CF00400,FFFFFF6103FFFFFF,Q
$TX,9809,161338,0CF00400,FFFFFF4E03FFFFFF,Q
$TX,9810,161343,0CF00400,FFFFFF3C03FFFFFF,Q
$TX,9811,161348,0CF00400,FFFFFF2903FFFFFF,Q
$TX,9812,161353,0CF00400,FFFFFF1703FFFFFF,Q
$TX,9813,161358,0CF00400,FFFFFF0503FFFFFF,Q
$TX,9814,161363,0CF00400,FFFFFFF302FFFFFF,Q
$TX,9815,161368,0CF00400,FFFFFFE102FFFFFF,Q
$TX,9816,161373,0CF00400,FFFFFFD002FFFFFF,Q
$TX,9817,161378,0CF00400,FFFFFFBE02FFFFFF,Q
$TX,9818,161383,0CF00400,FFFFFFAD02FFFFFF,Q
$TX,9819,161388,0CF00400,FFFFFF9C02FFFFFF,Q
$TX,9820,161393,0CF00400,FFFFFF8C02FFFFFF,Q
$TX,9821,161398,0CF00400,FFFFFF7B02FFFFFF,Q
$TX,9822,161403,0CF00400,FFFFFF6B02FFFFFF,Q
$TX,9823,161408,0CF00400,FFFFFF5B02FFFFFF,Q
$TX,9824,161413,0CF00400,FFFFFF4B02FFFFFF,Q
$TX,9825,161418,0CF00400,FFFFFF3B02FFFFFF,Q
$TX,9826,161423,0CF00400,FFFFFF2C02FFFFFF,Q
$TX,9827,161428,0CF00400,FFFFFF1D02FFFFFF,Q
$TX,9828,161433,0CF00400,FFFFFF0E02FFFFFF,Q
$TX,9829,161438,0CF00400,FFFFFFFF01FFFFFF,Q
$TX,9830,161443,0CF00400,FFFFFFF001FFFFFF,Q
$TX,9831,161448,0CF00400,FFFFFFE201FFFFFF,Q
$TX,9832,161453,0CF00400,FFFFFFD401FFFFFF,Q
$TX,9833,161458,0CF00400,FFFFFFC601FFFFFF,Q
$TX,9834,161463,0CF00400,FFFFFFB801FFFFFF,Q
$TX,9835,161468,0CF00400,FFFFFFAA01FFFFFF,Q
$TX,9836,161473,0CF00400,FFFFFF9D01FFFFFF,Q
$TX,9837,161478,0CF00400,FFFFFF9001FFFFFF,Q
$TX,9838,161483,0CF00400,FFFFFF8301FFFFFF,Q
$TX,9839,161488,0CF00400,FFFFFF7601FFFFFF,Q
$TX,9840,161493,0CF00400,FFFFFF6A01FFFFFF,Q
$TX,9841,161498,0CF00400,FFFFFF5D01FFFFFF,Q
$TX,9842,161503,0CF00400,FFFFFF5101FFFFFF,Q
$TX,9843,161508,0CF00400,FFFFFF4501FFFFFF,Q
$TX,9844,161513,0CF00400,FFFFFF3A01FFFFFF,Q
$TX,9845,161518,0CF00400,FFFFFF2E01FFFFFF,Q
$TX,9846,161523,0CF00400,FFFFFF2301FFFFFF,Q
$TX,9847,161528,0CF00400,FFFFFF1801FFFFFF,Q
$TX,9848,161533,0CF00400,FFFFFF0D01FFFFFF,Q
$TX,9849,161538,0CF00400,FFFFFF0201FFFFFF,Q
$TX,9850,161543,0CF00400,FFFFFFF800FFFFFF,Q
$TX,9851,161548,0CF00400,FFFFFFEE00FFFFFF,Q
$TX,9852,161553,0CF00400,FFFFFFE400FFFFFF,Q
$TX,9853,161558,0CF00400,FFFFFFDA00FFFFFF,Q
$TX,9854,161563,0CF00400,FFFFFFD000FFFFFF,Q
$TX,9855,161568,0CF00400,FFFFFFC700FFFFFF,Q
$TX,9856,161573,0CF00400,FFFFFFBE00FFFFFF,Q
$TX,9857,161578,0CF00400,FFFFFFB500FFFFFF,Q
$TX,9858,161583,0CF00400,FFFFFFAC00FFFFFF,Q
$TX,9859,161588,0CF00400,FFFFFFA400FFFFFF,Q
$TX,9860,161593,0CF00400,FFFFFF9C00FFFFFF,Q
$TX,9861,161598,0CF00400,FFFFFF9400FFFFFF,Q
$TX,9862,161603,0CF00400,FFFFFF8C00FFFFFF,Q
$TX,9863,161608,0CF00400,FFFFFF8400FFFFFF,Q
$TX,9864,161613,0CF00400,FFFFFF7D00FFFFFF,Q
$TX,9865,161618,0CF00400,FFFFFF7500FFFFFF,Q
$TX,9866,161623,0CF00400,FFFFFF6E00FFFFFF,Q
$TX,9867,161628,0CF00400,FFFFFF6800FFFFFF,Q
$TX,9868,161633,0CF00400,FFFFFF6100FFFFFF,Q
$TX,9869,161638,0CF00400,FFFFFF5B00FFFFFF,Q
$TX,9870,161643,0CF00400,FFFFFF5500FFFFFF,Q
$TX,9871,161648,0CF00400,FFFFFF4F00FFFFFF,Q
$TX,9872,161653,0CF00400,FFFFFF4900FFFFFF,Q
$TX,9873,161658,0CF00400,FFFFFF4300FFFFFF,Q
$TX,9874,161663,0CF00400,FFFFFF3E00FFFFFF,Q
$TX,9875,161668,0CF00400,FFFFFF3900FFFFFF,Q
$TX,9876,161673,0CF00400,FFFFFF3400FFFFFF,Q
$TX,9877,161678,0CF00400,FFFFFF3000FFFFFF,Q
$TX,9878,161683,0CF00400,FFFFFF2B00FFFFFF,Q
$TX,9879,161688,0CF00400,FFFFFF2700FFFFFF,Q
$TX,9880,161693,0CF00400,FFFFFF2300FFFFFF,Q
$TX,9881,161698,0CF00400,FFFFFF1F00FFFFFF,Q
$TX,9882,161703,0CF00400,FFFFFF1C00FFFFFF,Q
$TX,9883,161708,0CF00400,FFFFFF1800FFFFFF,Q
$TX,9884,161713,0CF00400,FFFFFF1500FFFFFF,Q
$TX,9885,161718,0CF00400,FFFFFF1200FFFFFF,Q
$TX,9886,161723,0CF00400,FFFFFF1000FFFFFF,Q
$TX,9887,161728,0CF00400,FFFFFF0D00FFFFFF,Q
$TX,9888,161733,0CF00400,FFFFFF0B00FFFFFF,Q
$TX,9889,161738,0CF00400,FFFFFF0900FFFFFF,Q
$TX,9890,161743,0CF00400,FFFFFF0700FFFFFF,Q
$TX,9891,161748,0CF00400,FFFFFF0500FFFFFF,Q
$TX,9892,161753,0CF00400,FFFFFF0400FFFFFF,Q
$TX,9893,161758,0CF00400,FFFFFF0300FFFFFF,Q
$TX,9894,161763,0CF00400,FFFFFF0200FFFFFF,Q
$TX,9895,161768,0CF00400,FFFFFF0100FFFFFF,Q
$TX,9896,161773,0CF00400,FFFFFF0000FFFFFF,Q
$TX,9897,161778,0CF00400,FFFFFF0000FFFFFF,Q
$TX,9898,161783,0CF00400,FFFFFF0000FFFFFF,Q
$TX,9899,161788,0CF00400,FFFFFF0000FFFFFF,Q
$TX,9900,161793,0CF00400,FFFFFF0000FFFFFF,Q
$TX,9901,161798,0CF00400,FFFFFF0100FFFFFF,Q
$TX,9902,161803,0CF00400,FFFFFF0200FFFFFF,Q
$TX,9903,161808,0CF00400,FFFFFF0300FFFFFF,Q
$TX,9904,161813,0CF00400,FFFFFF0400FFFFFF,Q
$TX,9905,161818,0CF00400,FFFFFF0500FFFFFF,Q
$TX,9906,161823,0CF00400,FFFFFF0700FFFFFF,Q
$TX,9907,161828,0CF00400,FFFFFF0900FFFFFF,Q
$TX,9908,161833,0CF00400,FFFFFF0B00FFFFFF,Q
$TX,9909,161838,0CF00400,FFFFFF0D00FFFFFF,Q
$TX,9910,161843,0CF00400,FFFFFF1000FFFFFF,Q
$TX,9911,161848,0CF00400,FFFFFF1200FFFFFF,Q
$TX,9912,161853,0CF00400,FFFFFF1500FFFFFF,Q
$TX,9913,161858,0CF00400,FFFFFF1800FFFFFF,Q
$TX,9914,161863,0CF00400,FFFFFF1C00FFFFFF,Q
$TX,9915,161868,0CF00400,FFFFFF1F00FFFFFF,Q
$TX,9916,161873,0CF00400,FFFFFF2300FFFFFF,Q
$TX,9917,161878,0CF00400,FFFFFF2700FFFFFF,Q
$TX,9918,161883,0CF00400,FFFFFF2B00FFFFFF,Q
$TX,9919,161888,0CF00400,FFFFFF3000FFFFFF,Q
$TX,9920,161893,0CF00400,FFFFFF3400FFFFFF,Q
$TX,9921,161898,0CF00400,FFFFFF3900FFFFFF,Q
$TX,9922,161903,0CF00400,FFFFFF3E00FFFFFF,Q
$TX,9923,161908,0CF00400,FFFFFF4300FFFFFF,Q
$TX,9924,161913,0CF00400,FFFFFF4900FFFFFF,Q
$TX,9925,161918,0CF00400,FFFFFF4F00FFFFFF,Q
$TX,9926,161923,0CF00400,FFFFFF5500FFFFFF,Q
$TX,9927,161928,0CF00400,FFFFFF5B00FFFFFF,Q
$TX,9928,161933,0CF00400,FFFFFF6100FFFFFF,Q
$TX,9929,161938,0CF00400,FFFFFF6800FFFFFF,Q
$TX,9930,161943,0CF00400,FFFFFF6E00FFFFFF,Q
$TX,9931,161948,0CF00400,FFFFFF7500FFFFFF,Q
$TX,9932,161953,0CF00400,FFFFFF7D00FFFFFF,Q
$TX,9933,161958,0CF00400,FFFFFF8400FFFFFF,Q
$TX,9934,161963,0CF00400,FFFFFF8C00FFFFFF,Q
$TX,9935,161968,0CF00400,FFFFFF9400FFFFFF,Q
$TX,9936,161973,0CF00400,FFFFFF9C00FFFFFF,Q
$TX,9937,161978,0CF00400,FFFFFFA400FFFFFF,Q
$TX,9938,161983,0CF00400,FFFFFFAC00FFFFFF,Q
$TX,9939,161988,0CF00400,FFFFFFB500FFFFFF,Q
$TX,9940,161993,0CF00400,FFFFFFBE00FFFFFF,Q
$TX,9941,161998,0CF00400,FFFFFFC700FFFFFF,Q
$8X,9942,162003,0CF00400,FFFFFFD000FFFFFF,Q
$TX,9943,162008,0CF00400,FFFFFFDA00FFFFFF,Q
$TX,9944,162013,0CF00400,FFFFFFE400FFFFFF,Q
$TX,9945,162018,0CF00400,FFFFFFEE00FFFFFF,Q
$TX,9946,162023,0CF00400,FFFFFFF800FFFFFF,Q
$TX,9947,162028,0CF00400,FFFFFF0201FFFFFF,Q
$TX,9948,162033,0CF00400,FFFFFF0D01FFFFFF,Q
$TX,9949,162038,0CF00400,FFFFFF1801FFFFFF,Q
$TX,9950,162043,0CF00400,FFFFFF2301FFFFFF,Q
$TX,9951,162048,0CF00400,FFFFFF2E01FFFFFF,Q
$TX,9952,162053,0CF00400,FFFFFF3A01FFFFFF,Q
$TX,9953,162058,0CF00400,FFFFFF4501FFFFFF,Q
$TX,9954,162063,0CF00400,FFFFFF5101FFFFFF,Q
$TX,9955,162068,0CF00400,FFFFFF5D01FFFFFF,Q
$TX,9956,162073,0CF00400,FFFFFF6A01FFFFFF,Q
$TX,9957,162078,0CF00400,FFFFFF7601FFFFFF,Q
$TX,9958,162083,0CF00400,FFFFFF8301FFFFFF,Q
$TX,9959,162088,0CF00400,FFFFFF9001FFFFFF,Q
$TX,9960,162093,0CF00400,FFFFFF9D01FFFFFF,Q
$TX,9961,162098,0CF00400,FFFFFFAA01FFFFFF,Q
$TX,9962,162103,0CF00400,FFFFFFB801FFFFFF,Q
$TX,9963,162108,0CF00400,FFFFFFC601FFFFFF,Q
$TX,9964,162113,0CF00400,FFFFFFD401FFFFFF,Q
$TX,9965,162118,0CF00400,FFFFFFE201FFFFFF,Q
$TX,9966,162123,0CF00400,FFFFFFF001FFFFFF,Q
$TX,9967,162128,0CF00400,FFFFFFFF01FFFFFF,Q
$TX,9968,162133,0CF00400,FFFFFF0E02FFFFFF,Q
$TX,9969,162138,0CF00400,FFFFFF1D02FFFFFF,Q
$TX,9970,162143,0CF00400,FFFFFF2C02FFFFFF,Q
$TX,9971,162148,0CF00400,FFFFFF3B02FFFFFF,Q
$TX,9972,162153,0CF00400,FFFFFF4B02FFFFFF,Q
$TX,9973,162158,0CF00400,FFFFFF5B02FFFFFF,Q
$TX,9974,162163,0CF00400,FFFFFF6B02FFFFFF,Q
$TX,9975,162168,0CF00400,FFFFFF7B02FFFFFF,Q
$TX,9976,162173,0CF00400,FFFFFF8C02FFFFFF,Q
$TX,9977,162178,0CF00400,FFFFFF9C02FFFFFF,Q
$TX,9978,162183,0CF00400,FFFFFFAD02FFFFFF,Q
$TX,9979,162188,0CF00400,FFFFFFBE02FFFFFF,Q
$TX,9980,162193,0CF00400,FFFFFFD002FFFFFF,Q
$TX,9981,162198,0CF00400,FFFFFFE102FFFFFF,Q
$TX,9982,162203,0CF00400,FFFFFFF302FFFFFF,Q
$TX,9983,162208,0CF00400,FFFFFF0503FFFFFF,Q
$TX,9984,162213,0CF00400,FFFFFF1703FFFFFF,Q
$TX,9985,162218,0CF00400,FFFFFF2903FFFFFF,Q
$TX,9986,162223,0CF00400,FFFFFF3C03FFFFFF,Q
$TX,9987,162228,0CF00400,FFFFFF4E03FFFFFF,Q
$TX,9988,162233,0CF00400,FFFFFF6103FFFFFF,Q
$TX,9989,162238,0CF00400,FFFFFF7403FFFFFF,Q
$TX,9990,162243,0CF00400,FFFFFF8803FFFFFF,Q
$TX,9991,162248,0CF00400,FFFFFF9B03FFFFFF,Q
$TX,9992,162253,0CF00400,FFFFFFAF03FFFFFF,Q
$TX,9993,162258,0CF00400,FFFFFFC303FFFFFF,Q
$TX,9994,162263,0CF00400,FFFFFFD703FFFFFF,Q
$TX,9995,162268,0CF00400,FFFFFFEB03FFFFFF,Q
$TX,9996,162273,0CF00400,FFFFFF0004FFFFFF,Q
$TX,9997,162278,0CF00400,FFFFFF1504FFFFFF,Q
$TX,9998,162283,0CF00400,FFFFFF2A04FFFFFF,Q
$TX,9999,162288,0CF00400,FFFFFF3F04FFFFFF,Q
$TX,10000,162293,0CF00400,FFFFFF5404FFFFFF,Q
$TX,10001,162298,0CF00400,FFFFFF6A04FFFFFF,Q
$TX,10002,162303,0CF00400,FFFFFF7F04FFFFFF,Q
$TX,10003,162308,0CF00400,FFFFFF9504FFFFFF,Q
$TX,10004,162313,0CF00400,FFFFFFAC04FFFFFF,Q
$TX,10005,162318,0CF00400,FFFFFFC204FFFFFF,Q
$TX,10006,162323,0CF00400,FFFFFFD804FFFFFF,Q
$TX,10007,162328,0CF00400,FFFFFFEF04FFFFFF,Q
$TX,10008,162333,0CF00400,FFFFFF0605FFFFFF,Q
$TX,10009,162338,0CF00400,FFFFFF1D05FFFFFF,Q
$TX,10010,162343,0CF00400,FFFFFF3405FFFFFF,Q
$TX,10011,162348,0CF00400,FFFFFF4C05FFFFFF,Q
$TX,10012,162353,0CF00400,FFFFFF6405FFFFFF,Q
$TX,10013,162358,0CF00400,FFFFFF7C05FFFFFF,Q
$TX,10014,162363,0CF00400,FFFFFF9405FFFFFF,Q
$TX,10015,162368,0CF00400,FFFFFFAC05FFFFFF,Q
$TX,10016,162373,0CF00400,FFFFFFC405FFFFFF,Q
$TX,10017,162378,0CF00400,FFFFFFDD05FFFFFF,Q
$TX,10018,162383,0CF00400,FFFFFFF605FFFFFF,Q
$TX,10019,162388,0CF00400,FFFFFF0F06FFFFFF,Q
$TX,10020,162393,0CF00400,FFFFFF2806FFFFFF,Q
$TX,10021,162398,0CF00400,FFFFFF4206FFFFFF,Q
$TX,10022,162403,0CF00400,FFFFFF5B06FFFFFF,Q
$TX,10023,162408,0CF00400,FFFFFF7506FFFFFF,Q
$TX,10024,162413,0CF00400,FFFFFF8F06FFFFFF,Q
$TX,10025,162418,0CF00400,FFFFFFA906FFFFFF,Q
$TX,10026,162423,0CF00400,FFFFFFC406FFFFFF,Q
$TX,10027,162428,0CF00400,FFFFFFDE06FFFFFF,Q
$TX,10028,162433,0CF00400,FFFFFFF906FFFFFF,Q
$TX,10029,162438,0CF00400,FFFFFF1407FFFFFF,Q
$TX,10030,162443,0CF00400,FFFFFF2F07FFFFFF,Q
$TX,10031,162448,0CF00400,FFFFFF4A07FFFFFF,Q
$TX,10032,162453,0CF00400,FFFFFF6607FFFFFF,Q
$TX,10033,162458,0CF00400,FFFFFF8207FFFFFF,Q
$TX,10034,162463,0CF00400,FFFFFF9E07FFFFFF,Q
$TX,10035,162468,0CF00400,FFFFFFBA07FFFFFF,Q
$TX,10036,162473,0CF00400,FFFFFFD607FFFFFF,Q
$TX,10037,162478,0CF00400,FFFFFFF207FFFFFF,Q
$TX,10038,162483,0CF00400,FFFFFF0F08FFFFFF,Q
$TX,10039,162488,0CF00400,FFFFFF2C08FFFFFF,Q
$TX,10040,162493,0CF00400,FFFFFF4908FFFFFF,Q
$TX,10041,162498,0CF00400,FFFFFF6608FFFFFF,Q
$TX,10042,162503,0CF00400,FFFFFF8308FFFFFF,Q
$TX,10043,162508,0CF00400,FFFFFFA108FFFFFF,Q
$TX,10044,162513,0CF00400,FFFFFFBF08FFFFFF,Q
$TX,10045,162518,0CF00400,FFFFFFDD08FFFFFF,Q
$TX,10046,162523,0CF00400,FFFFFFFB08FFFFFF,Q
$TX,10047,162528,0CF00400,FFFFFF1909FFFFFF,Q
$TX,10048,162533,0CF00400,FFFFFF3709FFFFFF,Q
$TX,10049,162538,0CF00400,FFFFFF5609FFFFFF,Q
$TX,10050,162543,0CF00400,FFFFFF7509FFFFFF,Q
$TX,10051,162548,0CF00400,FFFFFF9409FFFFFF,Q
$TX,10052,162553,0CF00400,FFFFFFB309FFFFFF,Q
$TX,10053,162558,0CF00400,FFFFFFD209FFFFFF,Q
$TX,10054,162563,0CF00400,FFFFFFF209FFFFFF,Q
$TX,10055,162568,0CF00400,FFFFFF120AFFFFFF,Q
$TX,10056,162573,0CF00400,FFFFFF310AFFFFFF,Q
$TX,10057,162578,0CF00400,FFFFFF520AFFFFFF,Q
$TX,10058,162583,0CF00400,FFFFFF720AFFFFFF,Q
$7X,10059,162588,0CF00400,FFFFFF920AFFFFFF,Q
$TX,10060,162593,0CF00400,FFFFFFB30AFFFFFF,Q
$TX,10061,162598,0CF00400,FFFFFFD30AFFFFFF,Q
$TX,10062,162603,0CF00400,FFFFFFF40AFFFFFF,Q
$TX,10063,162608,0CF00400,FFFFFF160BFFFFFF,Q
$TX,10064,162613,0CF00400,FFFFFF370BFFFFFF,Q
$TX,10065,162618,0CF00400,FFFFFF580BFFFFFF,Q
$TX,10066,162623,0CF00400,FFFFFF7A0BFFFFFF,Q
$TX,10067,162628,0CF00400,FFFFFF9C0BFFFFFF,Q
$TX,10068,162633,0CF00400,FFFFFFBE0BFFFFFF,Q
$TX,10069,162638,0CF00400,FFFFFFE00BFFFFFF,Q
$TX,10070,162643,0CF00400,FFFFFF020CFFFFFF,Q
$TX,10071,162648,0CF00400,FFFFFF240CFFFFFF,Q
$TX,10072,162653,0CF00400,FFFFFF470CFFFFFF,Q
$TX,10073,162658,0CF00400,FFFFFF6A0CFFFFFF,Q
$TX,10074,162663,0CF00400,FFFFFF8D0CFFFFFF,Q
$TX,10075,162668,0CF00400,FFFFFFB00CFFFFFF,Q
$TX,10076,162673,0CF00400,FFFFFFD30CFFFFFF,Q
$TX,10077,162678,0CF00400,FFFFFFF70CFFFFFF,Q
$TX,10078,162683,0CF00400,FFFFFF1A0DFFFFFF,Q
$TX,10079,162688,0CF00400,FFFFFF3E0DFFFFFF,Q
$TX,10080,162693,0CF00400,FFFFFF620DFFFFFF,Q
$TX,10081,162698,0CF00400,FFFFFF860DFFFFFF,Q
$TX,10082,162703,0CF00400,FFFFFFAA0DFFFFFF,Q
$TX,10083,162708,0CF00400,FFFFFFCF0DFFFFFF,Q
$TX,10084,162713,0CF00400,FFFFFFF30DFFFFFF,Q
$TX,10085,162718,0CF00400,FFFFFF180EFFFFFF,Q
$TX,10086,162723,0CF00400,FFFFFF3D0EFFFFFF,Q
$TX,10087,162728,0CF00400,FFFFFF620EFFFFFF,Q
$TX,10088,162733,0CF00400,FFFFFF870EFFFFFF,Q
$TX,10089,162738,0CF00400,FFFFFFAD0EFFFFFF,Q
$TX,10090,162743,0CF00400,FFFFFFD20EFFFFFF,Q
$TX,10091,162748,0CF00400,FFFFFFF80EFFFFFF,Q
$TX,10092,162753,0CF00400,FFFFFF1E0FFFFFFF,Q
$TX,10093,162758,0CF00400,FFFFFF440FFFFFFF,Q
$TX,10094,162763,0CF00400,FFFFFF6A0FFFFFFF,Q
$TX,10095,162768,0CF00400,FFFFFF910FFFFFFF,Q
$TX,10096,162773,0CF00400,FFFFFFB70FFFFFFF,Q
$TX,10097,162778,0CF00400,FFFFFFDE0FFFFFFF,Q
$TX,10098,162783,0CF00400,FFFFFF0510FFFFFF,Q
$TX,10099,162788,0CF00400,FFFFFF2B10FFFFFF,Q
$TX,10100,162793,0CF00400,FFFFFF5310FFFFFF,Q
$TX,10101,162798,0CF00400,FFFFFF7A10FFFFFF,Q
$TX,10102,162803,0CF00400,FFFFFFA110FFFFFF,Q
$TX,10103,162808,0CF00400,FFFFFFC910FFFFFF,Q
$TX,10104,162813,0CF00400,FFFFFFF010FFFFFF,Q
$TX,10105,162818,0CF00400,FFFFFF1811FFFFFF,Q
$TX,10106,162823,0CF00400,FFFFFF4011FFFFFF,Q
$TX,10107,162828,0CF00400,FFFFFF6811FFFFFF,Q
$TX,10108,162833,0CF00400,FFFFFF9111FFFFFF,Q
$TX,10109,162838,0CF00400,FFFFFFB911FFFFFF,Q
$TX,10110,162843,0CF00400,FFFFFFE211FFFFFF,Q
$TX,10111,162848,0CF00400,FFFFFF0B12FFFFFF,Q
$TX,10112,162853,0CF00400,FFFFFF3312FFFFFF,Q
$TX,10113,162858,0CF00400,FFFFFF5C12FFFFFF,Q
$TX,10114,162863,0CF00400,FFFFFF8612FFFFFF,Q
$TX,10115,162868,0CF00400,FFFFFFAF12FFFFFF,Q
$TX,10116,162873,0CF00400,FFFFFFD812FFFFFF,Q
$TX,10117,162878,0CF00400,FFFFFF0213FFFFFF,Q
$TX,10118,162883,0CF00400,FFFFFF2C13FFFFFF,Q
$TX,10119,162888,0CF00400,FFFFFF5613FFFFFF,Q
$TX,10120,162893,0CF00400,FFFFFF8013FFFFFF,Q
$TX,10121,162898,0CF00400,FFFFFFAA13FFFFFF,Q
$TX,10122,162903,0CF00400,FFFFFFD413FFFFFF,Q
$TX,10123,162908,0CF00400,FFFFFFFE13FFFFFF,Q
$TX,10124,162913,0CF00400,FFFFFF2914FFFFFF,Q
$TX,10125,162918,0CF00400,FFFFFF5414FFFFFF,Q
$TX,10126,162923,0CF00400,FFFFFF7F14FFFFFF,Q
$TX,10127,162928,0CF00400,FFFFFFAA14FFFFFF,Q
$TX,10128,162933,0CF00400,FFFFFFD514FFFFFF,Q
$TX,10129,162938,0CF00400,FFFFFF0015FFFFFF,Q
$TX,10130,162943,0CF00400,FFFFFF2B15FFFFFF,Q
$TX,10131,162948,0CF00400,FFFFFF5715FFFFFF,Q
$TX,10132,162953,0CF00400,FFFFFF8215FFFFFF,Q
$TX,10133,162958,0CF00400,FFFFFFAE15FFFFFF,Q
$TX,10134,162963,0CF00400,FFFFFFDA15FFFFFF,Q
$TX,10135,162968,0CF00400,FFFFFF0616FFFFFF,Q
$TX,10136,162973,0CF00400,FFFFFF3216FFFFFF,Q
$TX,10137,162978,0CF00400,FFFFFF5F16FFFFFF,Q
$TX,10138,162983,0CF00400,FFFFFF8B16FFFFFF,Q
$TX,10139,162988,0CF00400,FFFFFFB816FFFFFF,Q
$TX,10140,162993,0CF00400,FFFFFFE416FFFFFF,Q
$TX,10141,162998,0CF00400,FFFFFF1117FFFFFF,Q
$TX,10142,163003,0CF00400,FFFFFF3E17FFFFFF,Q
$TX,10143,163008,0CF00400,FFFFFF6B17FFFFFF,Q
$TX,10144,163013,0CF00400,FFFFFF9817FFFFFF,Q
$TX,10145,163018,0CF00400,FFFFFFC517FFFFFF,Q
$TX,10146,163023,0CF00400,FFFFFFF317FFFFFF,Q
$TX,10147,163028,0CF00400,FFFFFF2018FFFFFF,Q
$TX,10148,163033,0CF00400,FFFFFF4E18FFFFFF,Q
$TX,10149,163038,0CF00400,FFFFFF7C18FFFFFF,Q
$TX,10150,163043,0CF00400,FFFFFFAA18FFFFFF,Q
$TX,10151,163048,0CF00400,FFFFFFD818FFFFFF,Q
$TX,10152,163053,0CF00400,FFFFFF0619FFFFFF,Q
$TX,10153,163058,0CF00400,FFFFFF3419FFFFFF,Q
$TX,10154,163063,0CF00400,FFFFFF6219FFFFFF,Q
$TX,10155,163068,0CF00400,FFFFFF9119FFFFFF,Q
$TX,10156,163073,0CF00400,FFFFFFC019FFFFFF,Q
$TX,10157,163078,0CF00400,FFFFFFEE19FFFFFF,Q
$TX,10158,163083,0CF00400,FFFFFF1D1AFFFFFF,Q
$TX,10159,163088,0CF00400,FFFFFF4C1AFFFFFF,Q
$TX,10160,163093,0CF00400,FFFFFF7B1AFFFFFF,Q
$TX,10161,163098,0CF00400,FFFFFFAA1AFFFFFF,Q
$TX,10162,163103,0CF00400,FFFFFFD91AFFFFFF,Q
$TX,10163,163108,0CF00400,FFFFFF091BFFFFFF,Q
$TX,10164,163113,0CF00400,FFFFFF381BFFFFFF,Q
$TX,10165,163118,0CF00400,FFFFFF681BFFFFFF,Q
$TX,10166,163123,0CF00400,FFFFFF981BFFFFFF,Q
$TX,10167,163128,0CF00400,FFFFFFC71BFFFFFF,Q
$TX,10168,163133,0CF00400,FFFFFFF71BFFFFFF,Q
$TX,10169,163138,0CF00400,FFFFFF271CFFFFFF,Q
$8X,10170,163143,0CF00400,FFFFFF571CFFFFFF,Q
$TX,10171,163148,0CF00400,FFFFFF881CFFFFFF,Q
$TX,10172,163153,0CF00400,FFFFFFB81CFFFFFF,Q
$TX,10173,163158,0CF00400,FFFFFFE81CFFFFFF,Q
$TX,10174,163163,0CF00400,FFFFFF191DFFFFFF,Q
$TX,10175,163168,0CF00400,FFFFFF4A1DFFFFFF,Q
$TX,10176,163173,0CF00400,FFFFFF7A1DFFFFFF,Q
$TX,10177,163178,0CF00400,FFFFFFAB1DFFFFFF,Q
$TX,10178,163183,0CF00400,FFFFFFDC1DFFFFFF,Q
$TX,10179,163188,0CF00400,FFFFFF0D1EFFFFFF,Q
$TX,10180,163193,0CF00400,FFFFFF3E1EFFFFFF,Q
$TX,10181,163198,0CF00400,FFFFFF701EFFFFFF,Q
$TX,10182,163203,0CF00400,FFFFFFA11EFFFFFF,Q
$TX,10183,163208,0CF00400,FFFFFFD21EFFFFFF,Q
$TX,10184,163213,0CF00400,FFFFFF041FFFFFFF,Q
$TX,10185,163218,0CF00400,FFFFFF351FFFFFFF,Q
$TX,10186,163223,0CF00400,FFFFFF671FFFFFFF,Q
$TX,10187,163228,0CF00400,FFFFFF991FFFFFFF,Q
$TX,10188,163233,0CF00400,FFFFFFCB1FFFFFFF,Q
$TX,10189,163238,0CF00400,FFFFFFFD1FFFFFFF,Q
$TX,10190,163243,0CF00400,FFFFFF2F20FFFFFF,Q
$TX,10191,163248,0CF00400,FFFFFF6120FFFFFF,Q
$TX,10192,163253,0CF00400,FFFFFF9320FFFFFF,Q
$TX,10193,163258,0CF00400,FFFFFFC620FFFFFF,Q
$TX,10194,163263,0CF00400,FFFFFFF820FFFFFF,Q
$TX,10195,163268,0CF00400,FFFFFF2A21FFFFFF,Q
$TX,10196,163273,0CF00400,FFFFFF5D21FFFFFF,Q
$TX,10197,163278,0CF00400,FFFFFF9021FFFFFF,Q
$TX,10198,163283,0CF00400,FFFFFFC221FFFFFF,Q
$TX,10199,163288,0CF00400,FFFFFFF521FFFFFF,Q
$TX,10200,163293,0CF00400,FFFFFF2822FFFFFF,Q
$TX,10201,163298,0CF00400,FFFFFF5B22FFFFFF,Q
$TX,10202,163303,0CF00400,FFFFFF8E22FFFFFF,Q
$TX,10203,163308,0CF00400,FFFFFFC122FFFFFF,Q
$TX,10204,163313,0CF00400,FFFFFFF522FFFFFF,Q
$TX,10205,163318,0CF00400,FFFFFF2823FFFFFF,Q
$TX,10206,163323,0CF00400,FFFFFF5B23FFFFFF,Q
$TX,10207,163328,0CF00400,FFFFFF8F23FFFFFF,Q
$TX,10208,163333,0CF00400,FFFFFFC223FFFFFF,Q
$TX,10209,163338,0CF00400,FFFFFFF623FFFFFF,Q
$TX,10210,163343,0CF00400,FFFFFF2A24FFFFFF,Q
$TX,10211,163348,0CF00400,FFFFFF5D24FFFFFF,Q
$TX,10212,163353,0CF00400,FFFFFF9124FFFFFF,Q
$TX,10213,163358,0CF00400,FFFFFFC524FFFFFF,Q
$TX,10214,163363,0CF00400,FFFFFFF924FFFFFF,Q
$TX,10215,163368,0CF00400,FFFFFF2D25FFFFFF,Q
$TX,10216,163373,0CF00400,FFFFFF6125FFFFFF,Q
$TX,10217,163378,0CF00400,FFFFFF9625FFFFFF,Q
$TX,10218,163383,0CF00400,FFFFFFCA25FFFFFF,Q
$TX,10219,163388,0CF00400,FFFFFFFE25FFFFFF,Q
$TX,10220,163393,0CF00400,FFFFFF3226FFFFFF,Q
$TX,10221,163398,0CF00400,FFFFFF6726FFFFFF,Q
$TX,10222,163403,0CF00400,FFFFFF9B26FFFFFF,Q
$TX,10223,163408,0CF00400,FFFFFFD026FFFFFF,Q
$TX,10224,163413,0CF00400,FFFFFF0527FFFFFF,Q
$TX,10225,163418,0CF00400,FFFFFF3927FFFFFF,Q
$TX,10226,163423,0CF00400,FFFFFF6E27FFFFFF,Q
$TX,10227,163428,0CF00400,FFFFFFA327FFFFFF,Q
$TX,10228,163433,0CF00400,FFFFFFD827FFFFFF,Q
$TX,10229,163438,0CF00400,FFFFFF0D28FFFFFF,Q
$TX,10230,163443,0CF00400,FFFFFF4228FFFFFF,Q
$TX,10231,163448,0CF00400,FFFFFF7728FFFFFF,Q
$TX,10232,163453,0CF00400,FFFFFFAC28FFFFFF,Q
$TX,10233,163458,0CF00400,FFFFFFE128FFFFFF,Q
$TX,10234,163463,0CF00400,FFFFFF1629FFFFFF,Q
$TX,10235,163468,0CF00400,FFFFFF4C29FFFFFF,Q
$TX,10236,163473,0CF00400,FFFFFF8129FFFFFF,Q
$TX,10237,163478,0CF00400,FFFFFFB629FFFFFF,Q
$TX,10238,163483,0CF00400,FFFFFFEC29FFFFFF,Q
$TX,10239,163488,0CF00400,FFFFFF212AFFFFFF,Q
$TX,10240,163493,0CF00400,FFFFFF572AFFFFFF,Q
$TX,10241,163498,0CF00400,FFFFFF8C2AFFFFFF,Q
$TX,10242,163503,0CF00400,FFFFFFC22AFFFFFF,Q
$TX,10243,163508,0CF00400,FFFFFFF82AFFFFFF,Q
$TX,10244,163513,0CF00400,FFFFFF2D2BFFFFFF,Q
$TX,10245,163518,0CF00400,FFFFFF632BFFFFFF,Q
$TX,10246,163523,0CF00400,FFFFFF992BFFFFFF,Q
$TX,10247,163528,0CF00400,FFFFFFCF2BFFFFFF,Q
$TX,10248,163533,0CF00400,FFFFFF052CFFFFFF,Q
$TX,10249,163538,0CF00400,FFFFFF3B2CFFFFFF,Q
$TX,10250,163543,0CF00400,FFFFFF712CFFFFFF,Q
$TX,10251,163548,0CF00400,FFFFFFA72CFFFFFF,Q
$TX,10252,163553,0CF00400,FFFFFFDD2CFFFFFF,Q
$TX,10253,163558,0CF00400,FFFFFF132DFFFFFF,Q
$TX,10254,163563,0CF00400,FFFFFF492DFFFFFF,Q
$TX,10255,163568,0CF00400,FFFFFF7F2DFFFFFF,Q
$TX,10256,163573,0CF00400,FFFFFFB52DFFFFFF,Q
$TX,10257,163578,0CF00400,FFFFFFEC2DFFFFFF,Q
$TX,10258,163583,0CF00400,FFFFFF222EFFFFFF,Q
$TX,10259,163588,0CF00400,FFFFFF582EFFFFFF,Q
$TX,10260,163593,0CF00400,FFFFFF8F2EFFFFFF,Q
$TX,10261,163598,0CF00400,FFFFFFC52EFFFFFF,Q
$TX,10262,163603,0CF00400,FFFFFFFB2EFFFFFF,Q
$TX,10263,163608,0CF00400,FFFFFF322FFFFFFF,Q
$TX,10264,163613,0CF00400,FFFFFF682FFFFFFF,Q
$TX,10265,163618,0CF00400,FFFFFF9F2FFFFFFF,Q
$TX,10266,163623,0CF00400,FFFFFFD52FFFFFFF,Q
$TX,10267,163628,0CF00400,FFFFFF0C30FFFFFF,Q
$TX,10268,163633,0CF00400,FFFFFF4230FFFFFF,Q
$TX,10269,163638,0CF00400,FFFFFF7930FFFFFF,Q
$TX,10270,163643,0CF00400,FFFFFFB030FFFFFF,Q
$TX,10271,163648,0CF00400,FFFFFFE630FFFFFF,Q
$TX,10272,163653,0CF00400,FFFFFF1D31FFFFFF,Q
$TX,10273,163658,0CF00400,FFFFFF5431FFFFFF,Q
$TX,10274,163663,0CF00400,FFFFFF8A31FFFFFF,Q
$TX,10275,163668,0CF00400,FFFFFFC131FFFFFF,Q
$TX,10276,163673,0CF00400,FFFFFFF831FFFFFF,Q
$TX,10277,163678,0CF00400,FFFFFF2F32FFFFFF,Q
$TX,10278,163683,0CF00400,FFFFFF6632FFFFFF,Q
$TX,10279,163688,0CF00400,FFFFFF9C32FFFFFF,Q
$TX,10280,163693,0CF00400,FFFFFFD332FFFFFF,Q
$TX,10281,163698,0CF00400,FFFFFF0A33FFFFFF,Q
$TX,10282,163703,0CF00400,FFFFFF4133FFFFFF,Q
$TX,10283,163708,0CF00400,FFFFFF7833FFFFFF,Q
$TX,10284,163713,0CF00400,FFFFFFAF33FFFFFF,Q
$TX,10285,163718,0CF00400,FFFFFFE633FFFFFF,Q
$TX,10286,163723,0CF00400,FFFFFF1D34FFFFFF,Q
$TX,10287,163728,0CF00400,FFFFFF5334FFFFFF,Q
$TX,10288,163733,0CF00400,FFFFFF8A34FFFFFF,Q
$TX,10289,163738,0CF00400,FFFFFFC134FFFFFF,Q
$TX,10290,163743,0CF00400,FFFFFFF834FFFFFF,Q
$TX,10291,163748,0CF00400,FFFFFF2F35FFFFFF,Q
$TX,10292,163753,0CF00400,FFFFFF6635FFFFFF,Q
$TX,10293,163758,0CF00400,FFFFFF9D35FFFFFF,Q
$TX,10294,163763,0CF00400,FFFFFFD435FFFFFF,Q
$TX,10295,163768,0CF00400,FFFFFF0B36FFFFFF,Q
$TX,10296,163773,0CF00400,FFFFFF4236FFFFFF,Q
$TX,10297,163778,0CF00400,FFFFFF7936FFFFFF,Q
$TX,10298,163783,0CF00400,FFFFFFB036FFFFFF,Q
$TX,10299,163788,0CF00400,FFFFFFE736FFFFFF,Q
$TX,10300,163793,0CF00400,FFFFFF1E37FFFFFF,Q
$TX,10301,163798,0CF00400,FFFFFF5537FFFFFF,Q
$TX,10302,163803,0CF00400,FFFFFF8C37FFFFFF,Q
$TX,10303,163808,0CF00400,FFFFFFC337FFFFFF,Q
$TX,10304,163813,0CF00400,FFFFFFFA37FFFFFF,Q
$TX,10305,163818,0CF00400,FFFFFF3138FFFFFF,Q
$TX,10306,163823,0CF00400,FFFFFF6838FFFFFF,Q
$TX,10307,163828,0CF00400,FFFFFF9F38FFFFFF,Q
$TX,10308,163833,0CF00400,FFFFFFD638FFFFFF,Q
$TX,10309,163838,0CF00400,FFFFFF0D39FFFFFF,Q
$TX,10310,163843,0CF00400,FFFFFF4339FFFFFF,Q
$TX,10311,163848,0CF00400,FFFFFF7A39FFFFFF,Q
$TX,10312,163853,0CF00400,FFFFFFB139FFFFFF,Q
$TX,10313,163858,0CF00400,FFFFFFE839FFFFFF,Q
$TX,10314,163863,0CF00400,FFFFFF1F3AFFFFFF,Q
$TX,10315,163868,0CF00400,FFFFFF563AFFFFFF,Q
$TX,10316,163873,0CF00400,FFFFFF8D3AFFFFFF,Q
$TX,10317,163878,0CF00400,FFFFFFC43AFFFFFF,Q
$TX,10318,163883,0CF00400,FFFFFFFA3AFFFFFF,Q
$TX,10319,163888,0CF00400,FFFFFF313BFFFFFF,Q
$TX,10320,163893,0CF00400,FFFFFF683BFFFFFF,Q
$TX,10321,163898,0CF00400,FFFFFF9F3BFFFFFF,Q
$TX,10322,163903,0CF00400,FFFFFFD63BFFFFFF,Q
$TX,10323,163908,0CF00400,FFFFFF0C3CFFFFFF,Q
$TX,10324,163913,0CF00400,FFFFFF433CFFFFFF,Q
$TX,10325,163918,0CF00400,FFFFFF7A3CFFFFFF,Q
$TX,10326,163923,0CF00400,FFFFFFB03CFFFFFF,Q
$TX,10327,163928,0CF00400,FFFFFFE73CFFFFFF,Q
$TX,10328,163933,0CF00400,FFFFFF1E3DFFFFFF,Q
$TX,10329,163938,0CF00400,FFFFFF543DFFFFFF,Q
$TX,10330,163943,0CF00400,FFFFFF8B3DFFFFFF,Q
$TX,10331,163948,0CF00400,FFFFFFC13DFFFFFF,Q
$TX,10332,163953,0CF00400,FFFFFFF83DFFFFFF,Q
$TX,10333,163958,0CF00400,FFFFFF2E3EFFFFFF,Q
$TX,10334,163963,0CF00400,FFFFFF653EFFFFFF,Q
$TX,10335,163968,0CF00400,FFFFFF9B3EFFFFFF,Q
$TX,10336,163973,0CF00400,FFFFFFD13EFFFFFF,Q
$TX,10337,163978,0CF00400,FFFFFF083FFFFFFF,Q
$TX,10338,163983,0CF00400,FFFFFF3E3FFFFFFF,Q
$TX,10339,163988,0CF00400,FFFFFF743FFFFFFF,Q
$TX,10340,163993,0CF00400,FFFFFFAB3FFFFFFF,Q
$TX,10341,163998,0CF00400,FFFFFFE13FFFFFFF,Q
$TX,10342,164003,0CF00400,FFFFFF1740FFFFFF,Q
$TX,10343,164008,0CF00400,FFFFFF4D40FFFFFF,Q
$TX,10344,164013,0CF00400,FFFFFF8340FFFFFF,Q
$TX,10345,164018,0CF00400,FFFFFFB940FFFFFF,Q
$TX,10346,164023,0CF00400,FFFFFFEF40FFFFFF,Q
$TX,10347,164028,0CF00400,FFFFFF2541FFFFFF,Q
$TX,10348,164033,0CF00400,FFFFFF5B41FFFFFF,Q
$TX,10349,164038,0CF00400,FFFFFF9141FFFFFF,Q
$TX,10350,164043,0CF00400,FFFFFFC741FFFFFF,Q
$TX,10351,164048,0CF00400,FFFFFFFD41FFFFFF,Q
$TX,10352,164053,0CF00400,FFFFFF3342FFFFFF,Q
$TX,10353,164058,0CF00400,FFFFFF6842FFFFFF,Q
$TX,10354,164063,0CF00400,FFFFFF9E42FFFFFF,Q
$TX,10355,164068,0CF00400,FFFFFFD442FFFFFF,Q
$TX,10356,164073,0CF00400,FFFFFF0943FFFFFF,Q
$TX,10357,164078,0CF00400,FFFFFF3F43FFFFFF,Q
$TX,10358,164083,0CF00400,FFFFFF7443FFFFFF,Q
$TX,10359,164088,0CF00400,FFFFFFAA43FFFFFF,Q
$TX,10360,164093,0CF00400,FFFFFFDF43FFFFFF,Q
$TX,10361,164098,0CF00400,FFFFFF1444FFFFFF,Q
$TX,10362,164103,0CF00400,FFFFFF4A44FFFFFF,Q
$TX,10363,164108,0CF00400,FFFFFF7F44FFFFFF,Q
$TX,10364,164113,0CF00400,FFFFFFB444FFFFFF,Q
$TX,10365,164118,0CF00400,FFFFFFE944FFFFFF,Q
$TX,10366,164123,0CF00400,FFFFFF1E45FFFFFF,Q
$TX,10367,164128,0CF00400,FFFFFF5345FFFFFF,Q
$TX,10368,164133,0CF00400,FFFFFF8845FFFFFF,Q
$TX,10369,164138,0CF00400,FFFFFFBD45FFFFFF,Q
$TX,10370,164143,0CF00400,FFFFFFF245FFFFFF,Q
$TX,10371,164148,0CF00400,FFFFFF2746FFFFFF,Q
$TX,10372,164153,0CF00400,FFFFFF5B46FFFFFF,Q
$TX,10373,164158,0CF00400,FFFFFF9046FFFFFF,Q
$TX,10374,164163,0CF00400,FFFFFFC546FFFFFF,Q
$TX,10375,164168,0CF00400,FFFFFFF946FFFFFF,Q
$TX,10376,164173,0CF00400,FFFFFF2E47FFFFFF,Q
$TX,10377,164178,0CF00400,FFFFFF6247FFFFFF,Q
$TX,10378,164183,0CF00400,FFFFFF9647FFFFFF,Q
$TX,10379,164188,0CF00400,FFFFFFCB47FFFFFF,Q
$TX,10380,164193,0CF00400,FFFFFFFF47FFFFFF,Q
$TX,10381,164198,0CF00400,FFFFFF3348FFFFFF,Q
$TX,10382,164203,0CF00400,FFFFFF6748FFFFFF,Q
$TX,10383,164208,0CF00400,FFFFFF9B48FFFFFF,Q
$TX,10384,164213,0CF00400,FFFFFFCF48FFFFFF,Q
$TX,10385,164218,0CF00400,FFFFFF0349FFFFFF,Q
$TX,10386,164223,0CF00400,FFFFFF3649FFFFFF,Q
$TX,10387,164228,0CF00400,FFFFFF6A49FFFFFF,Q
$TX,10388,164233,0CF00400,FFFFFF9E49FFFFFF,Q
$TX,10389,164238,0CF00400,FFFFFFD149FFFFFF,Q
$TX,10390,164243,0CF00400,FFFFFF054AFFFFFF,Q
$TX,10391,164248,0CF00400,FFFFFF384AFFFFFF,Q
$TX,10392,164253,0CF00400,FFFFFF6B4AFFFFFF,Q
$TX,10393,164258,0CF00400,FFFFFF9F4AFFFFFF,Q
$TX,10394,164263,0CF00400,FFFFFFD24AFFFFFF,Q
$TX,10395,164268,0CF00400,FFFFFF054BFFFFFF,Q
$TX,10396,164273,0CF00400,FFFFFF384BFFFFFF,Q
$TX,10397,164278,0CF00400,FFFFFF6B4BFFFFFF,Q
$TX,10398,164283,0CF00400,FFFFFF9E4BFFFFFF,Q
$TX,10399,164288,0CF00400,FFFFFFD04BFFFFFF,Q
$TX,10400,164293,0CF00400,FFFFFF034CFFFFFF,Q
$TX,10401,164298,0CF00400,FFFFFF364CFFFFFF,Q
$7X,10402,164303,0CF00400,FFFFFF684CFFFFFF,Q
$TX,10403,164308,0CF00400,FFFFFF9A4CFFFFFF,Q
$8X,10404,164313,0CF00400,FFFFFFCD4CFFFFFF,Q
$TX,10405,164318,0CF00400,FFFFFFFF4CFFFFFF,Q
$TX,10406,164323,0CF00400,FFFFFF314DFFFFFF,Q
$TX,10407,164328,0CF00400,FFFFFF634DFFFFFF,Q
$TX,10408,164333,0CF00400,FFFFFF954DFFFFFF,Q
$TX,10409,164338,0CF00400,FFFFFFC74DFFFFFF,Q
$TX,10410,164343,0CF00400,FFFFFFF94DFFFFFF,Q
$TX,10411,164348,0CF00400,FFFFFF2B4EFFFFFF,Q
$TX,10412,164353,0CF00400,FFFFFF5C4EFFFFFF,Q
$TX,10413,164358,0CF00400,FFFFFF8E4EFFFFFF,Q
$TX,10414,164363,0CF00400,FFFFFFBF4EFFFFFF,Q
$TX,10415,164368,0CF00400,FFFFFFF04EFFFFFF,Q
$TX,10416,164373,0CF00400,FFFFFF224FFFFFFF,Q
$TX,10417,164378,0CF00400,FFFFFF534FFFFFFF,Q
$TX,10418,164383,0CF00400,FFFFFF844FFFFFFF,Q
$TX,10419,164388,0CF00400,FFFFFFB54FFFFFFF,Q
$TX,10420,164393,0CF00400,FFFFFFE64FFFFFFF,Q
$TX,10421,164398,0CF00400,FFFFFF1650FFFFFF,Q
$TX,10422,164403,0CF00400,FFFFFF4750FFFFFF,Q
$TX,10423,164408,0CF00400,FFFFFF7850FFFFFF,Q
$TX,10424,164413,0CF00400,FFFFFFA850FFFFFF,Q
$TX,10425,164418,0CF00400,FFFFFFD850FFFFFF,Q
$TX,10426,164423,0CF00400,FFFFFF0951FFFFFF,Q
$TX,10427,164428,0CF00400,FFFFFF3951FFFFFF,Q
$TX,10428,164433,0CF00400,FFFFFF6951FFFFFF,Q
$TX,10429,164438,0CF00400,FFFFFF9951FFFFFF,Q
$TX,10430,164443,0CF00400,FFFFFFC851FFFFFF,Q
$TX,10431,164448,0CF00400,FFFFFFF851FFFFFF,Q
$TX,10432,164453,0CF00400,FFFFFF2852FFFFFF,Q
$TX,10433,164458,0CF00400,FFFFFF5752FFFFFF,Q
$TX,10434,164463,0CF00400,FFFFFF8752FFFFFF,Q
$TX,10435,164468,0CF00400,FFFFFFB652FFFFFF,Q
$TX,10436,164473,0CF00400,FFFFFFE552FFFFFF,Q
$TX,10437,164478,0CF00400,FFFFFF1453FFFFFF,Q
$TX,10438,164483,0CF00400,FFFFFF4353FFFFFF,Q
$TX,10439,164488,0CF00400,FFFFFF7253FFFFFF,Q
$TX,10440,164493,0CF00400,FFFFFFA053FFFFFF,Q
$TX,10441,164498,0CF00400,FFFFFFCF53FFFFFF,Q
$TX,10442,164503,0CF00400,FFFFFFFE53FFFFFF,Q
$TX,10443,164508,0CF00400,FFFFFF2C54FFFFFF,Q
$TX,10444,164513,0CF00400,FFFFFF5A54FFFFFF,Q
$TX,10445,164518,0CF00400,FFFFFF8854FFFFFF,Q
$TX,10446,164523,0CF00400,FFFFFFB654FFFFFF,Q
$TX,10447,164528,0CF00400,FFFFFFE454FFFFFF,Q
$TX,10448,164533,0CF00400,FFFFFF1255FFFFFF,Q
$TX,10449,164538,0CF00400,FFFFFF4055FFFFFF,Q
$TX,10450,164543,0CF00400,FFFFFF6D55FFFFFF,Q
$TX,10451,164548,0CF00400,FFFFFF9B55FFFFFF,Q
$TX,10452,164553,0CF00400,FFFFFFC855FFFFFF,Q
$TX,10453,164558,0CF00400,FFFFFFF555FFFFFF,Q
$TX,10454,164563,0CF00400,FFFFFF2256FFFFFF,Q
$TX,10455,164568,0CF00400,FFFFFF4F56FFFFFF,Q
$TX,10456,164573,0CF00400,FFFFFF7C56FFFFFF,Q
$TX,10457,164578,0CF00400,FFFFFFA856FFFFFF,Q
$TX,10458,164583,0CF00400,FFFFFFD556FFFFFF,Q
$TX,10459,164588,0CF00400,FFFFFF0157FFFFFF,Q
$TX,10460,164593,0CF00400,FFFFFF2E57FFFFFF,Q
$TX,10461,164598,0CF00400,FFFFFF5A57FFFFFF,Q
$TX,10462,164603,0CF00400,FFFFFF8657FFFFFF,Q
$TX,10463,164608,0CF00400,FFFFFFB257FFFFFF,Q
$TX,10464,164613,0CF00400,FFFFFFDE57FFFFFF,Q
$TX,10465,164618,0CF00400,FFFFFF0958FFFFFF,Q
$TX,10466,164623,0CF00400,FFFFFF3558FFFFFF,Q
$TX,10467,164628,0CF00400,FFFFFF6058FFFFFF,Q
$TX,10468,164633,0CF00400,FFFFFF8B58FFFFFF,Q
$TX,10469,164638,0CF00400,FFFFFFB658FFFFFF,Q
$TX,10470,164643,0CF00400,FFFFFFE158FFFFFF,Q
$TX,10471,164648,0CF00400,FFFFFF0C59FFFFFF,Q
$TX,10472,164653,0CF00400,FFFFFF3759FFFFFF,Q
$TX,10473,164658,0CF00400,FFFFFF6259FFFFFF,Q
$TX,10474,164663,0CF00400,FFFFFF8C59FFFFFF,Q
$TX,10475,164668,0CF00400,FFFFFFB659FFFFFF,Q
$TX,10476,164673,0CF00400,FFFFFFE059FFFFFF,Q
$TX,10477,164678,0CF00400,FFFFFF0A5AFFFFFF,Q
$TX,10478,164683,0CF00400,FFFFFF345AFFFFFF,Q
$TX,10479,164688,0CF00400,FFFFFF5E5AFFFFFF,Q
$TX,10480,164693,0CF00400,FFFFFF885AFFFFFF,Q
$TX,10481,164698,0CF00400,FFFFFFB15AFFFFFF,Q
$TX,10482,164703,0CF00400,FFFFFFDA5AFFFFFF,Q
$TX,10483,164708,0CF00400,FFFFFF045BFFFFFF,Q
$TX,10484,164713,0CF00400,FFFFFF2D5BFFFFFF,Q
$TX,10485,164718,0CF00400,FFFFFF555BFFFFFF,Q
$TX,10486,164723,0CF00400,FFFFFF7E5BFFFFFF,Q
$TX,10487,164728,0CF00400,FFFFFFA75BFFFFFF,Q
$TX,10488,164733,0CF00400,FFFFFFCF5BFFFFFF,Q
$TX,10489,164738,0CF00400,FFFFFFF85BFFFFFF,Q
$TX,10490,164743,0CF00400,FFFFFF205CFFFFFF,Q
$TX,10491,164748,0CF00400,FFFFFF485CFFFFFF,Q
$TX,10492,164753,0CF00400,FFFFFF705CFFFFFF,Q
$TX,10493,164758,0CF00400,FFFFFF975CFFFFFF,Q
$TX,10494,164763,0CF00400,FFFFFFBF5CFFFFFF,Q
$TX,10495,164768,0CF00400,FFFFFFE65CFFFFFF,Q
$TX,10496,164773,0CF00400,FFFFFF0D5DFFFFFF,Q
$TX,10497,164778,0CF00400,FFFFFF355DFFFFFF,Q
$9ND,164783,10497

[TEST] Target test duration elapsed. Transmission completed (signals at 0).
[STATS] Total frames sent: 5999
