verdict,seq,can_id,pgn,t_tx_ms,t_rx_ms,latency_ms,tx_data,rx_data,diff_bytes,spn
MATCH,1,0x0CF00400,61444,54739.0,38405.135,0.664,FF FF FF 00 00 FF FF FF,FF FF FF 00 00 FF FF FF,[],190=0.0/exp 0.0 VALUE_OK
MATCH,2,0x0CF00400,61444,54749.0,38415.134,0.65,FF FF FF 00 00 FF FF FF,FF FF FF 00 00 FF FF FF,[],190=0.0/exp 0.0 VALUE_OK
MATCH,3,0x0CF00400,61444,54759.0,38425.137,0.64,FF FF FF 00 00 FF FF FF,FF FF FF 00 00 FF FF FF,[],190=0.0/exp 0.0 VALUE_OK
MATCH,4,0x0CF00400,61444,54769.0,38435.132,0.622,FF FF FF 00 00 FF FF FF,FF FF FF 00 00 FF FF FF,[],190=0.0/exp 0.0 VALUE_OK
MATCH,5,0x0CF00400,61444,54779.0,38445.13,0.607,FF FF FF 00 00 FF FF FF,FF FF FF 00 00 FF FF FF,[],190=0.0/exp 0.0 VALUE_OK
MATCH,6,0x0CF00400,61444,54789.0,38455.126,0.591,FF FF FF 00 00 FF FF FF,FF FF FF 00 00 FF FF FF,[],190=0.0/exp 0.0 VALUE_OK
MATCH,7,0x0CF00400,61444,54799.0,38465.12,0.574,FF FF FF 00 00 FF FF FF,FF FF FF 00 00 FF FF FF,[],190=0.0/exp 0.0 VALUE_OK
MATCH,8,0x0CF00400,61444,54809.0,38475.131,0.573,FF FF FF 00 00 FF FF FF,FF FF FF 00 00 FF FF FF,[],190=0.0/exp 0.0 VALUE_OK
MATCH,9,0x0CF00400,61444,54819.0,38485.126,0.557,FF FF FF 00 00 FF FF FF,FF FF FF 00 00 FF FF FF,[],190=0.0/exp 0.0 VALUE_OK
MATCH,10,0x0CF00400,61444,54829.0,38495.12,0.539,FF FF FF 00 00 FF FF FF,FF FF FF 00 00 FF FF FF,[],190=0.0/exp 0.0 VALUE_OK
MATCH,11,0x0CF00400,61444,54839.0,38505.12,0.529,FF FF FF 00 00 FF FF FF,FF FF FF 00 00 FF FF FF,[],190=0.0/exp 0.0 VALUE_OK
MATCH,12,0x0CF00400,61444,54849.0,38515.118,0.516,FF FF FF 00 00 FF FF FF,FF FF FF 00 00 FF FF FF,[],190=0.0/exp 0.0 VALUE_OK
MATCH,13,0x0CF00400,61444,54859.0,38525.113,0.501,FF FF FF 00 00 FF FF FF,FF FF FF 00 00 FF FF FF,[],190=0.0/exp 0.0 VALUE_OK
MATCH,14,0x0CF00400,61444,54869.0,38535.112,0.49,FF FF FF 00 00 FF FF FF,FF FF FF 00 00 FF FF FF,[],190=0.0/exp 0.0 VALUE_OK
MATCH,15,0x0CF00400,61444,54879.0,38545.107,0.475,FF FF FF 00 00 FF FF FF,FF FF FF 00 00 FF FF FF,[],190=0.0/exp 0.0 VALUE_OK
MATCH,16,0x0CF00400,61444,54889.0,38555.105,0.463,FF FF FF 00 00 FF FF FF,FF FF FF 00 00 FF FF FF,[],190=0.0/exp 0.0 VALUE_OK
MATCH,17,0x0CF00400,61444,54899.0,38565.104,0.453,FF FF FF 00 00 FF FF FF,FF FF FF 00 00 FF FF FF,[],190=0.0/exp 0.0 VALUE_OK
MATCH,18,0x0CF00400,61444,54909.0,38575.107,0.447,FF FF FF 00 00 FF FF FF,FF FF FF 00 00 FF FF FF,[],190=0.0/exp 0.0 VALUE_OK
MATCH,19,0x0CF00400,61444,54919.0,38585.106,0.437,FF FF FF 00 00 FF FF FF,FF FF FF 00 00 FF FF FF,[],190=0.0/exp 0.0 VALUE_OK
MATCH,20,0x0CF00400,61444,54929.0,38595.105,0.427,FF FF FF 00 00 FF FF FF,FF FF FF 00 00 FF FF FF,[],190=0.0/exp 0.0 VALUE_OK
MATCH,21,0x0CF00400,61444,54939.0,38605.103,0.417,FF FF FF 00 00 FF FF FF,FF FF FF 00 00 FF FF FF,[],190=0.0/exp 0.0 VALUE_OK
MATCH,22,0x0CF00400,61444,54949.0,38615.103,0.409,FF FF FF 00 00 FF FF FF,FF FF FF 00 00 FF FF FF,[],190=0.0/exp 0.0 VALUE_OK
MATCH,23,0x0CF00400,61444,54959.0,38625.101,0.398,FF FF FF 00 00 FF FF FF,FF FF FF 00 00 FF FF FF,[],190=0.0/exp 0.0 VALUE_OK
MATCH,24,0x0CF00400,61444,54969.0,38635.096,0.385,FF FF FF 00 00 FF FF FF,FF FF FF 00 00 FF FF FF,[],190=0.0/exp 0.0 VALUE_OK
MATCH,25,0x0CF00400,61444,54979.0,38645.091,0.373,FF FF FF 00 00 FF FF FF,FF FF FF 00 00 FF FF FF,[],190=0.0/exp 0.0 VALUE_OK
UNLOGGED,,0x0CF00400,61444,,38655.102,,,FF FF FF 00 00 FF FF FF,[],
UNLOGGED,,0x0CF00400,61444,,38665.1,,,FF FF FF 00 00 FF FF FF,[],
MATCH,28,0x0CF00400,61444,55009.0,38675.099,0.373,FF FF FF 00 00 FF FF FF,FF FF FF 00 00 FF FF FF,[],190=0.0/exp 0.0 VALUE_OK
MATCH,29,0x0CF00400,61444,55019.0,38685.098,0.365,FF FF FF 00 00 FF FF FF,FF FF FF 00 00 FF FF FF,[],190=0.0/exp 0.0 VALUE_OK
MATCH,30,0x0CF00400,61444,55029.0,38695.097,0.356,FF FF FF 00 00 FF FF FF,FF FF FF 00 00 FF FF FF,[],190=0.0/exp 0.0 VALUE_OK
MATCH,31,0x0CF00400,61444,55039.0,38705.096,0.348,FF FF FF 00 00 FF FF FF,FF FF FF 00 00 FF FF FF,[],190=0.0/exp 0.0 VALUE_OK
MATCH,32,0x0CF00400,61444,55049.0,38715.094,0.339,FF FF FF 00 00 FF FF FF,FF FF FF 00 00 FF FF FF,[],190=0.0/exp 0.0 VALUE_OK
MATCH,33,0x0CF00400,61444,55059.0,38725.093,0.332,FF FF FF 00 00 FF FF FF,FF FF FF 00 00 FF FF FF,[],190=0.0/exp 0.0 VALUE_OK
MATCH,34,0x0CF00400,61444,55069.0,38735.092,0.324,FF FF FF 00 00 FF FF FF,FF FF FF 00 00 FF FF FF,[],190=0.0/exp 0.0 VALUE_OK
MATCH,35,0x0CF00400,61444,55079.0,38745.091,0.316,FF FF FF 00 00 FF FF FF,FF FF FF 00 00 FF FF FF,[],190=0.0/exp 0.0 VALUE_OK
MATCH,36,0x0CF00400,61444,55089.0,38755.09,0.309,FF FF FF 00 00 FF FF FF,FF FF FF 00 00 FF FF FF,[],190=0.0/exp 0.0 VALUE_OK
MATCH,37,0x0CF00400,61444,55099.0,38765.089,0.302,FF FF FF 00 00 FF FF FF,FF FF FF 00 00 FF FF FF,[],190=0.0/exp 0.0 VALUE_OK
MATCH,38,0x0CF00400,61444,55109.0,38775.079,0.286,FF FF FF 00 00 FF FF FF,FF FF FF 00 00 FF FF FF,[],190=0.0/exp 0.0 VALUE_OK
MATCH,39,0x0CF00400,61444,55119.0,38785.078,0.279,FF FF FF 00 00 FF FF FF,FF FF FF 00 00 FF FF FF,[],190=0.0/exp 0.0 VALUE_OK
MATCH,40,0x0CF00400,61444,55129.0,38795.077,0.273,FF FF FF 00 00 FF FF FF,FF FF FF 00 00 FF FF FF,[],190=0.0/exp 0.0 VALUE_OK
MATCH,41,0x0CF00400,61444,55139.0,38805.076,0.266,FF FF FF 00 00 FF FF FF,FF FF FF 00 00 FF FF FF,[],190=0.0/exp 0.0 VALUE_OK
MATCH,42,0x0CF00400,61444,55149.0,38815.071,0.256,FF FF FF 00 00 FF FF FF,FF FF FF 00 00 FF FF FF,[],190=0.0/exp 0.0 VALUE_OK
MATCH,43,0x0CF00400,61444,55159.0,38825.069,0.249,FF FF FF 00 00 FF FF FF,FF FF FF 00 00 FF FF FF,[],190=0.0/exp 0.0 VALUE_OK
MATCH,44,0x0CF00400,61444,55169.0,38835.068,0.243,FF FF FF 00 00 FF FF FF,FF FF FF 00 00 FF FF FF,[],190=0.0/exp 0.0 VALUE_OK
MATCH,45,0x0CF00400,61444,55179.0,38845.067,0.237,FF FF FF 00 00 FF FF FF,FF FF FF 00 00 FF FF FF,[],190=0.0/exp 0.0 VALUE_OK
MATCH,46,0x0CF00400,61444,55189.0,38855.066,0.231,FF FF FF 00 00 FF FF FF,FF FF FF 00 00 FF FF FF,[],190=0.0/exp 0.0 VALUE_OK
MATCH,47,0x0CF00400,61444,55199.0,38865.065,0.226,FF FF FF 00 00 FF FF FF,FF FF FF 00 00 FF FF FF,[],190=0.0/exp 0.0 VALUE_OK
MATCH,48,0x0CF00400,61444,55209.0,38875.064,0.22,FF FF FF 00 00 FF FF FF,FF FF FF 00 00 FF FF FF,[],190=0.0/exp 0.0 VALUE_OK
MATCH,49,0x0CF00400,61444,55219.0,38885.062,0.214,FF FF FF 00 00 FF FF FF,FF FF FF 00 00 FF FF FF,[],190=0.0/exp 0.0 VALUE_OK
MATCH,50,0x0CF00400,61444,55229.0,38895.057,0.204,FF FF FF 00 00 FF FF FF,FF FF FF 00 00 FF FF FF,[],190=0.0/exp 0.0 VALUE_OK
MATCH,51,0x0CF00400,61444,55239.0,38905.056,0.199,FF FF FF 00 00 FF FF FF,FF FF FF 00 00 FF FF FF,[],190=0.0/exp 0.0 VALUE_OK
MATCH,52,0x0CF00400,61444,55249.0,38915.059,0.198,FF FF FF 00 00 FF FF FF,FF FF FF 00 00 FF FF FF,[],190=0.0/exp 0.0 VALUE_OK
MATCH,53,0x0CF00400,61444,55259.0,38925.058,0.193,FF FF FF 00 00 FF FF FF,FF FF FF 00 00 FF FF FF,[],190=0.0/exp 0.0 VALUE_OK
MATCH,54,0x0CF00400,61444,55269.0,38935.056,0.187,FF FF FF 00 00 FF FF FF,FF FF FF 00 00 FF FF FF,[],190=0.0/exp 0.0 VALUE_OK
MATCH,55,0x0CF00400,61444,55279.0,38945.055,0.183,FF FF FF 00 00 FF FF FF,FF FF FF 00 00 FF FF FF,[],190=0.0/exp 0.0 VALUE_OK
MATCH,56,0x0CF00400,61444,55289.0,38955.05,0.174,FF FF FF 00 00 FF FF FF,FF FF FF 00 00 FF FF FF,[],190=0.0/exp 0.0 VALUE_OK
MATCH,57,0x0CF00400,61444,55299.0,38965.049,0.17,FF FF FF 00 00 FF FF FF,FF FF FF 00 00 FF FF FF,[],190=0.0/exp 0.0 VALUE_OK
MATCH,58,0x0CF00400,61444,55309.0,38975.048,0.165,FF FF FF 00 00 FF FF FF,FF FF FF 00 00 FF FF FF,[],190=0.0/exp 0.0 VALUE_OK
MATCH,59,0x0CF00400,61444,55319.0,38985.047,0.161,FF FF FF 00 00 FF FF FF,FF FF FF 00 00 FF FF FF,[],190=0.0/exp 0.0 VALUE_OK
MATCH,60,0x0CF00400,61444,55329.0,38995.045,0.156,FF FF FF 00 00 FF FF FF,FF FF FF 00 00 FF FF FF,[],190=0.0/exp 0.0 VALUE_OK
MATCH,61,0x0CF00400,61444,55339.0,39005.044,0.152,FF FF FF 00 00 FF FF FF,FF FF FF 00 00 FF FF FF,[],190=0.0/exp 0.0 VALUE_OK
MATCH,62,0x0CF00400,61444,55349.0,39015.043,0.148,FF FF FF 00 00 FF FF FF,FF FF FF 00 00 FF FF FF,[],190=0.0/exp 0.0 VALUE_OK
MATCH,63,0x0CF00400,61444,55359.0,39025.05,0.152,FF FF FF 00 00 FF FF FF,FF FF FF 00 00 FF FF FF,[],190=0.0/exp 0.0 VALUE_OK
MATCH,64,0x0CF00400,61444,55369.0,39035.045,0.144,FF FF FF 00 00 FF FF FF,FF FF FF 00 00 FF FF FF,[],190=0.0/exp 0.0 VALUE_OK
MATCH,65,0x0CF00400,61444,55379.0,39045.043,0.139,FF FF FF 00 00 FF FF FF,FF FF FF 00 00 FF FF FF,[],190=0.0/exp 0.0 VALUE_OK
MATCH,66,0x0CF00400,61444,55389.0,39055.042,0.135,FF FF FF 00 00 FF FF FF,FF FF FF 00 00 FF FF FF,[],190=0.0/exp 0.0 VALUE_OK
MATCH,67,0x0CF00400,61444,55399.0,39065.041,0.131,FF FF FF 00 00 FF FF FF,FF FF FF 00 00 FF FF FF,[],190=0.0/exp 0.0 VALUE_OK
MATCH,68,0x0CF00400,61444,55409.0,39075.04,0.128,FF FF FF 00 00 FF FF FF,FF FF FF 00 00 FF FF FF,[],190=0.0/exp 0.0 VALUE_OK
MATCH,69,0x0CF00400,61444,55419.0,39085.039,0.124,FF FF FF 00 00 FF FF FF,FF FF FF 00 00 FF FF FF,[],190=0.0/exp 0.0 VALUE_OK
MATCH,70,0x0CF00400,61444,55429.0,39095.037,0.12,FF FF FF 00 00 FF FF FF,FF FF FF 00 00 FF FF FF,[],190=0.0/exp 0.0 VALUE_OK
MATCH,71,0x0CF00400,61444,55439.0,39105.036,0.116,FF FF FF 00 00 FF FF FF,FF FF FF 00 00 FF FF FF,[],190=0.0/exp 0.0 VALUE_OK
MATCH,72,0x0CF00400,61444,55449.0,39115.035,0.113,FF FF FF 00 00 FF FF FF,FF FF FF 00 00 FF FF FF,[],190=0.0/exp 0.0 VALUE_OK
MATCH,73,0x0CF00400,61444,55459.0,39125.034,0.11,FF FF FF 00 00 FF FF FF,FF FF FF 00 00 FF FF FF,[],190=0.0/exp 0.0 VALUE_OK
MATCH,74,0x0CF00400,61444,55469.0,39135.033,0.106,FF FF FF 00 00 FF FF FF,FF FF FF 00 00 FF FF FF,[],190=0.0/exp 0.0 VALUE_OK
MATCH,75,0x0CF00400,61444,55479.0,39145.024,0.095,FF FF FF 00 00 FF FF FF,FF FF FF 00 00 FF FF FF,[],190=0.0/exp 0.0 VALUE_OK
MATCH,76,0x0CF00400,61444,55489.0,39155.027,0.096,FF FF FF 00 00 FF FF FF,FF FF FF 00 00 FF FF FF,[],190=0.0/exp 0.0 VALUE_OK
MATCH,77,0x0CF00400,61444,55499.0,39165.025,0.092,FF FF FF 00 00 FF FF FF,FF FF FF 00 00 FF FF FF,[],190=0.0/exp 0.0 VALUE_OK
MATCH,78,0x0CF00400,61444,55509.0,39175.024,0.09,FF FF FF 00 00 FF FF FF,FF FF FF 00 00 FF FF FF,[],190=0.0/exp 0.0 VALUE_OK
MATCH,79,0x0CF00400,61444,55519.0,39185.023,0.087,FF FF FF 00 00 FF FF FF,FF FF FF 00 00 FF FF FF,[],190=0.0/exp 0.0 VALUE_OK
MATCH,80,0x0CF00400,61444,55529.0,39195.022,0.084,FF FF FF 00 00 FF FF FF,FF FF FF 00 00 FF FF FF,[],190=0.0/exp 0.0 VALUE_OK
MATCH,81,0x0CF00400,61444,55539.0,39205.017,0.077,FF FF FF 00 00 FF FF FF,FF FF FF 00 00 FF FF FF,[],190=0.0/exp 0.0 VALUE_OK
MATCH,82,0x0CF00400,61444,55549.0,39215.015,0.074,FF FF FF 00 00 FF FF FF,FF FF FF 00 00 FF FF FF,[],190=0.0/exp 0.0 VALUE_OK
MATCH,83,0x0CF00400,61444,55559.0,39225.014,0.071,FF FF FF 00 00 FF FF FF,FF FF FF 00 00 FF FF FF,[],190=0.0/exp 0.0 VALUE_OK
MATCH,84,0x0CF00400,61444,55569.0,39235.013,0.069,FF FF FF 00 00 FF FF FF,FF FF FF 00 00 FF FF FF,[],190=0.0/exp 0.0 VALUE_OK
MATCH,85,0x0CF00400,61444,55579.0,39245.012,0.067,FF FF FF 00 00 FF FF FF,FF FF FF 00 00 FF FF FF,[],190=0.0/exp 0.0 VALUE_OK
MATCH,86,0x0CF00400,61444,55589.0,39255.011,0.064,FF FF FF 00 00 FF FF FF,FF FF FF 00 00 FF FF FF,[],190=0.0/exp 0.0 VALUE_OK
MATCH,87,0x0CF00400,61444,55599.0,39265.01,0.062,FF FF FF 00 00 FF FF FF,FF FF FF 00 00 FF FF FF,[],190=0.0/exp 0.0 VALUE_OK
MATCH,88,0x0CF00400,61444,55609.0,39275.016,0.067,FF FF FF 00 00 FF FF FF,FF FF FF 00 00 FF FF FF,[],190=0.0/exp 0.0 VALUE_OK
MATCH,89,0x0CF00400,61444,55619.0,39285.015,0.064,FF FF FF 00 00 FF FF FF,FF FF FF 00 00 FF FF FF,[],190=0.0/exp 0.0 VALUE_OK
MATCH,90,0x0CF00400,61444,55629.0,39295.014,0.062,FF FF FF 00 00 FF FF FF,FF FF FF 00 00 FF FF FF,[],190=0.0/exp 0.0 VALUE_OK
MATCH,91,0x0CF00400,61444,55639.0,39305.009,0.056,FF FF FF 00 00 FF FF FF,FF FF FF 00 00 FF FF FF,[],190=0.0/exp 0.0 VALUE_OK
MATCH,92,0x0CF00400,61444,55649.0,39315.008,0.054,FF FF FF 00 00 FF FF FF,FF FF FF 00 00 FF FF FF,[],190=0.0/exp 0.0 VALUE_OK
MATCH,93,0x0CF00400,61444,55659.0,39325.007,0.052,FF FF FF 00 00 FF FF FF,FF FF FF 00 00 FF FF FF,[],190=0.0/exp 0.0 VALUE_OK
MATCH,94,0x0CF00400,61444,55669.0,39335.005,0.049,FF FF FF 00 00 FF FF FF,FF FF FF 00 00 FF FF FF,[],190=0.0/exp 0.0 VALUE_OK
MATCH,95,0x0CF00400,61444,55679.0,39345.004,0.047,FF FF FF 00 00 FF FF FF,FF FF FF 00 00 FF FF FF,[],190=0.0/exp 0.0 VALUE_OK
MATCH,96,0x0CF00400,61444,55689.0,39355.003,0.045,FF FF FF 00 00 FF FF FF,FF FF FF 00 00 FF FF FF,[],190=0.0/exp 0.0 VALUE_OK
MATCH,97,0x0CF00400,61444,55699.0,39365.002,0.043,FF FF FF 00 00 FF FF FF,FF FF FF 00 00 FF FF FF,[],190=0.0/exp 0.0 VALUE_OK
MATCH,98,0x0CF00400,61444,55709.0,39375.0,0.04,FF FF FF 00 00 FF FF FF,FF FF FF 00 00 FF FF FF,[],190=0.0/exp 0.0 VALUE_OK
MATCH,99,0x0CF00400,61444,55719.0,39384.999,0.038,FF FF FF 00 00 FF FF FF,FF FF FF 00 00 FF FF FF,[],190=0.0/exp 0.0 VALUE_OK
MATCH,100,0x0CF00400,61444,55729.0,39394.994,0.032,FF FF FF 00 00 FF FF FF,FF FF FF 00 00 FF FF FF,[],190=0.0/exp 0.0 VALUE_OK
MATCH,101,0x0CF00400,61444,55739.0,39404.997,0.035,FF FF FF 00 00 FF FF FF,FF FF FF 00 00 FF FF FF,[],190=0.0/exp 0.0 VALUE_OK
MATCH,102,0x0CF00400,61444,55749.0,39414.984,0.021,FF FF FF 00 00 FF FF FF,FF FF FF 00 00 FF FF FF,[],190=0.0/exp 0.0 VALUE_OK
MATCH,103,0x0CF00400,61444,55759.0,39424.986,0.023,FF FF FF 00 00 FF FF FF,FF FF FF 00 00 FF FF FF,[],190=0.0/exp 0.0 VALUE_OK
MATCH,104,0x0CF00400,61444,55769.0,39434.989,0.025,FF FF FF 00 00 FF FF FF,FF FF FF 00 00 FF FF FF,[],190=0.0/exp 0.0 VALUE_OK
MATCH,105,0x0CF00400,61444,55779.0,39444.988,0.024,FF FF FF 00 00 FF FF FF,FF FF FF 00 00 FF FF FF,[],190=0.0/exp 0.0 VALUE_OK
MATCH,106,0x0CF00400,61444,55789.0,39454.991,0.026,FF FF FF 00 00 FF FF FF,FF FF FF 00 00 FF FF FF,[],190=0.0/exp 0.0 VALUE_OK
MATCH,107,0x0CF00400,61444,55799.0,39464.978,0.013,FF FF FF 00 00 FF FF FF,FF FF FF 00 00 FF FF FF,[],190=0.0/exp 0.0 VALUE_OK
MATCH,108,0x0CF00400,61444,55809.0,39474.981,0.015,FF FF FF 00 00 FF FF FF,FF FF FF 00 00 FF FF FF,[],190=0.0/exp 0.0 VALUE_OK
MATCH,109,0x0CF00400,61444,55819.0,39484.984,0.018,FF FF FF 00 00 FF FF FF,FF FF FF 00 00 FF FF FF,[],190=0.0/exp 0.0 VALUE_OK
MATCH,110,0x0CF00400,61444,55829.0,39494.982,0.016,FF FF FF 00 00 FF FF FF,FF FF FF 00 00 FF FF FF,[],190=0.0/exp 0.0 VALUE_OK
MATCH,111,0x0CF00400,61444,55839.0,39504.973,0.006,FF FF FF 00 00 FF FF FF,FF FF FF 00 00 FF FF FF,[],190=0.0/exp 0.0 VALUE_OK
MATCH,112,0x0CF00400,61444,55849.0,39514.972,0.005,FF FF FF 00 00 FF FF FF,FF FF FF 00 00 FF FF FF,[],190=0.0/exp 0.0 VALUE_OK
MATCH,113,0x0CF00400,61444,55859.0,39524.971,0.004,FF FF FF 00 00 FF FF FF,FF FF FF 00 00 FF FF FF,[],190=0.0/exp 0.0 VALUE_OK
MATCH,114,0x0CF00400,61444,55869.0,39534.97,0.003,FF FF FF 00 00 FF FF FF,FF FF FF 00 00 FF FF FF,[],190=0.0/exp 0.0 VALUE_OK
MATCH,115,0x0CF00400,61444,55879.0,39544.972,0.005,FF FF FF 00 00 FF FF FF,FF FF FF 00 00 FF FF FF,[],190=0.0/exp 0.0 VALUE_OK
MATCH,116,0x0CF00400,61444,55889.0,39554.971,0.004,FF FF FF 00 00 FF FF FF,FF FF FF 00 00 FF FF FF,[],190=0.0/exp 0.0 VALUE_OK
MATCH,117,0x0CF00400,61444,55899.0,39564.974,0.007,FF FF FF 00 00 FF FF FF,FF FF FF 00 00 FF FF FF,[],190=0.0/exp 0.0 VALUE_OK
MATCH,118,0x0CF00400,61444,55909.0,39574.965,-0.002,FF FF FF 00 00 FF FF FF,FF FF FF 00 00 FF FF FF,[],190=0.0/exp 0.0 VALUE_OK
MATCH,119,0x0CF00400,61444,55919.0,39584.964,-0.003,FF FF FF 00 00 FF FF FF,FF FF FF 00 00 FF FF FF,[],190=0.0/exp 0.0 VALUE_OK
MATCH,120,0x0CF00400,61444,55929.0,39594.966,-0.001,FF FF FF 00 00 FF FF FF,FF FF FF 00 00 FF FF FF,[],190=0.0/exp 0.0 VALUE_OK
MATCH,121,0x0CF00400,61444,55939.0,39604.969,0.002,FF FF FF 00 00 FF FF FF,FF FF FF 00 00 FF FF FF,[],190=0.0/exp 0.0 VALUE_OK
MATCH,122,0x0CF00400,61444,55949.0,39614.956,-0.011,FF FF FF 00 00 FF FF FF,FF FF FF 00 00 FF FF FF,[],190=0.0/exp 0.0 VALUE_OK
MATCH,123,0x0CF00400,61444,55959.0,39624.959,-0.008,FF FF FF 00 00 FF FF FF,FF FF FF 00 00 FF FF FF,[],190=0.0/exp 0.0 VALUE_OK
MATCH,124,0x0CF00400,61444,55969.0,39634.958,-0.009,FF FF FF 00 00 FF FF FF,FF FF FF 00 00 FF FF FF,[],190=0.0/exp 0.0 VALUE_OK
MATCH,125,0x0CF00400,61444,55979.0,39644.957,-0.01,FF FF FF 00 00 FF FF FF,FF FF FF 00 00 FF FF FF,[],190=0.0/exp 0.0 VALUE_OK
MATCH,126,0x0CF00400,61444,55989.0,39654.959,-0.007,FF FF FF 00 00 FF FF FF,FF FF FF 00 00 FF FF FF,[],190=0.0/exp 0.0 VALUE_OK
MATCH,127,0x0CF00400,61444,55999.0,39664.958,-0.008,FF FF FF 00 00 FF FF FF,FF FF FF 00 00 FF FF FF,[],190=0.0/exp 0.0 VALUE_OK
MATCH,128,0x0CF00400,61444,56009.0,39674.949,-0.017,FF FF FF 00 00 FF FF FF,FF FF FF 00 00 FF FF FF,[],190=0.0/exp 0.0 VALUE_OK
MATCH,129,0x0CF00400,61444,56019.0,39684.948,-0.018,FF FF FF 00 00 FF FF FF,FF FF FF 00 00 FF FF FF,[],190=0.0/exp 0.0 VALUE_OK
MATCH,130,0x0CF00400,61444,56029.0,39694.951,-0.014,FF FF FF 00 00 FF FF FF,FF FF FF 00 00 FF FF FF,[],190=0.0/exp 0.0 VALUE_OK
MATCH,131,0x0CF00400,61444,56039.0,39704.953,-0.012,FF FF FF 00 00 FF FF FF,FF FF FF 00 00 FF FF FF,[],190=0.0/exp 0.0 VALUE_OK
MATCH,132,0x0CF00400,61444,56049.0,39714.952,-0.013,FF FF FF 00 00 FF FF FF,FF FF FF 00 00 FF FF FF,[],190=0.0/exp 0.0 VALUE_OK
MATCH,133,0x0CF00400,61444,56059.0,39724.943,-0.022,FF FF FF 00 00 FF FF FF,FF FF FF 00 00 FF FF FF,[],190=0.0/exp 0.0 VALUE_OK
MATCH,134,0x0CF00400,61444,56069.0,39734.942,-0.022,FF FF FF 00 00 FF FF FF,FF FF FF 00 00 FF FF FF,[],190=0.0/exp 0.0 VALUE_OK
MATCH,135,0x0CF00400,61444,56079.0,39744.945,-0.019,FF FF FF 00 00 FF FF FF,FF FF FF 00 00 FF FF FF,[],190=0.0/exp 0.0 VALUE_OK
MATCH,136,0x0CF00400,61444,56089.0,39754.944,-0.019,FF FF FF 00 00 FF FF FF,FF FF FF 00 00 FF FF FF,[],190=0.0/exp 0.0 VALUE_OK
MATCH,137,0x0CF00400,61444,56099.0,39764.946,-0.017,FF FF FF 00 00 FF FF FF,FF FF FF 00 00 FF FF FF,[],190=0.0/exp 0.0 VALUE_OK
MATCH,138,0x0CF00400,61444,56109.0,39774.941,-0.022,FF FF FF 00 00 FF FF FF,FF FF FF 00 00 FF FF FF,[],190=0.0/exp 0.0 VALUE_OK
MATCH,139,0x0CF00400,61444,56119.0,39784.944,-0.018,FF FF FF 00 00 FF FF FF,FF FF FF 00 00 FF FF FF,[],190=0.0/exp 0.0 VALUE_OK
MATCH,140,0x0CF00400,61444,56129.0,39794.931,-0.031,FF FF FF 00 00 FF FF FF,FF FF FF 00 00 FF FF FF,[],190=0.0/exp 0.0 VALUE_OK
MATCH,141,0x0CF00400,61444,56139.0,39804.933,-0.028,FF FF FF 00 00 FF FF FF,FF FF FF 00 00 FF FF FF,[],190=0.0/exp 0.0 VALUE_OK
MATCH,142,0x0CF00400,61444,56149.0,39814.932,-0.029,FF FF FF 00 00 FF FF FF,FF FF FF 00 00 FF FF FF,[],190=0.0/exp 0.0 VALUE_OK
MATCH,143,0x0CF00400,61444,56159.0,39824.935,-0.025,FF FF FF 00 00 FF FF FF,FF FF FF 00 00 FF FF FF,[],190=0.0/exp 0.0 VALUE_OK
MATCH,144,0x0CF00400,61444,56169.0,39834.934,-0.026,FF FF FF 00 00 FF FF FF,FF FF FF 00 00 FF FF FF,[],190=0.0/exp 0.0 VALUE_OK
MATCH,145,0x0CF00400,61444,56179.0,39844.925,-0.034,FF FF FF 00 00 FF FF FF,FF FF FF 00 00 FF FF FF,[],190=0.0/exp 0.0 VALUE_OK
MATCH,146,0x0CF00400,61444,56189.0,39854.924,-0.034,FF FF FF 00 00 FF FF FF,FF FF FF 00 00 FF FF FF,[],190=0.0/exp 0.0 VALUE_OK
MATCH,147,0x0CF00400,61444,56199.0,39864.927,-0.031,FF FF FF 00 00 FF FF FF,FF FF FF 00 00 FF FF FF,[],190=0.0/exp 0.0 VALUE_OK
MATCH,148,0x0CF00400,61444,56209.0,39874.929,-0.028,FF FF FF 00 00 FF FF FF,FF FF FF 00 00 FF FF FF,[],190=0.0/exp 0.0 VALUE_OK
MATCH,149,0x0CF00400,61444,56219.0,39884.928,-0.029,FF FF FF 00 00 FF FF FF,FF FF FF 00 00 FF FF FF,[],190=0.0/exp 0.0 VALUE_OK
MATCH,150,0x0CF00400,61444,56229.0,39894.911,-0.045,FF FF FF 00 00 FF FF FF,FF FF FF 00 00 FF FF FF,[],190=0.0/exp 0.0 VALUE_OK
MATCH,151,0x0CF00400,61444,56239.0,39904.914,-0.041,FF FF FF 00 00 FF FF FF,FF FF FF 00 00 FF FF FF,[],190=0.0/exp 0.0 VALUE_OK
MATCH,152,0x0CF00400,61444,56249.0,39914.916,-0.038,FF FF FF 00 00 FF FF FF,FF FF FF 00 00 FF FF FF,[],190=0.0/exp 0.0 VALUE_OK
MATCH,153,0x0CF00400,61444,56259.0,39924.919,-0.034,FF FF FF 00 00 FF FF FF,FF FF FF 00 00 FF FF FF,[],190=0.0/exp 0.0 VALUE_OK
MATCH,154,0x0CF00400,61444,56269.0,39934.918,-0.035,FF FF FF 00 00 FF FF FF,FF FF FF 00 00 FF FF FF,[],190=0.0/exp 0.0 VALUE_OK
MATCH,155,0x0CF00400,61444,56279.0,39944.921,-0.031,FF FF FF 00 00 FF FF FF,FF FF FF 00 00 FF FF FF,[],190=0.0/exp 0.0 VALUE_OK
MATCH,156,0x0CF00400,61444,56289.0,39954.908,-0.043,FF FF FF 00 00 FF FF FF,FF FF FF 00 00 FF FF FF,[],190=0.0/exp 0.0 VALUE_OK
MATCH,157,0x0CF00400,61444,56299.0,39964.911,-0.04,FF FF FF 00 00 FF FF FF,FF FF FF 00 00 FF FF FF,[],190=0.0/exp 0.0 VALUE_OK
MATCH,158,0x0CF00400,61444,56309.0,39974.909,-0.041,FF FF FF 00 00 FF FF FF,FF FF FF 00 00 FF FF FF,[],190=0.0/exp 0.0 VALUE_OK
MATCH,159,0x0CF00400,61444,56319.0,39984.913,-0.036,FF FF FF 00 00 FF FF FF,FF FF FF 00 00 FF FF FF,[],190=0.0/exp 0.0 VALUE_OK
MATCH,160,0x0CF00400,61444,56329.0,39994.899,-0.049,FF FF FF 00 00 FF FF FF,FF FF FF 00 00 FF FF FF,[],190=0.0/exp 0.0 VALUE_OK
MATCH,161,0x0CF00400,61444,56339.0,40004.902,-0.045,FF FF FF 00 00 FF FF FF,FF FF FF 00 00 FF FF FF,[],190=0.0/exp 0.0 VALUE_OK
MATCH,162,0x0CF00400,61444,56349.0,40014.905,-0.041,FF FF FF 00 00 FF FF FF,FF FF FF 00 00 FF FF FF,[],190=0.0/exp 0.0 VALUE_OK
MATCH,163,0x0CF00400,61444,56359.0,40024.9,-0.046,FF FF FF 00 00 FF FF FF,FF FF FF 00 00 FF FF FF,[],190=0.0/exp 0.0 VALUE_OK
MATCH,164,0x0CF00400,61444,56369.0,40034.902,-0.043,FF FF FF 00 00 FF FF FF,FF FF FF 00 00 FF FF FF,[],190=0.0/exp 0.0 VALUE_OK
MATCH,165,0x0CF00400,61444,56379.0,40044.901,-0.043,FF FF FF 00 00 FF FF FF,FF FF FF 00 00 FF FF FF,[],190=0.0/exp 0.0 VALUE_OK
MATCH,166,0x0CF00400,61444,56389.0,40054.904,-0.039,FF FF FF 00 00 FF FF FF,FF FF FF 00 00 FF FF FF,[],190=0.0/exp 0.0 VALUE_OK
MATCH,167,0x0CF00400,61444,56399.0,40064.891,-0.051,FF FF FF 00 00 FF FF FF,FF FF FF 00 00 FF FF FF,[],190=0.0/exp 0.0 VALUE_OK
MATCH,168,0x0CF00400,61444,56409.0,40074.894,-0.047,FF FF FF 00 00 FF FF FF,FF FF FF 00 00 FF FF FF,[],190=0.0/exp 0.0 VALUE_OK
MATCH,169,0x0CF00400,61444,56419.0,40084.896,-0.044,FF FF FF 00 00 FF FF FF,FF FF FF 00 00 FF FF FF,[],190=0.0/exp 0.0 VALUE_OK
MATCH,170,0x0CF00400,61444,56429.0,40094.899,-0.04,FF FF FF 00 00 FF FF FF,FF FF FF 00 00 FF FF FF,[],190=0.0/exp 0.0 VALUE_OK
MATCH,171,0x0CF00400,61444,56439.0,40104.886,-0.053,FF FF FF 00 00 FF FF FF,FF FF FF 00 00 FF FF FF,[],190=0.0/exp 0.0 VALUE_OK
MATCH,172,0x0CF00400,61444,56449.0,40114.889,-0.048,FF FF FF 00 00 FF FF FF,FF FF FF 00 00 FF FF FF,[],190=0.0/exp 0.0 VALUE_OK
MATCH,173,0x0CF00400,61444,56459.0,40124.888,-0.048,FF FF FF 00 00 FF FF FF,FF FF FF 00 00 FF FF FF,[],190=0.0/exp 0.0 VALUE_OK
MATCH,174,0x0CF00400,61444,56469.0,40134.89,-0.046,FF FF FF 00 00 FF FF FF,FF FF FF 00 00 FF FF FF,[],190=0.0/exp 0.0 VALUE_OK
MATCH,175,0x0CF00400,61444,56479.0,40144.885,-0.05,FF FF FF 00 00 FF FF FF,FF FF FF 00 00 FF FF FF,[],190=0.0/exp 0.0 VALUE_OK
MATCH,176,0x0CF00400,61444,56489.0,40154.889,-0.045,FF FF FF 00 00 FF FF FF,FF FF FF 00 00 FF FF FF,[],190=0.0/exp 0.0 VALUE_OK
MATCH,177,0x0CF00400,61444,56499.0,40164.879,-0.054,FF FF FF 00 00 FF FF FF,FF FF FF 00 00 FF FF FF,[],190=0.0/exp 0.0 VALUE_OK
MATCH,178,0x0CF00400,61444,56509.0,40174.882,-0.05,FF FF FF 00 00 FF FF FF,FF FF FF 00 00 FF FF FF,[],190=0.0/exp 0.0 VALUE_OK
MATCH,179,0x0CF00400,61444,56519.0,40184.88,-0.051,FF FF FF 00 00 FF FF FF,FF FF FF 00 00 FF FF FF,[],190=0.0/exp 0.0 VALUE_OK
MATCH,180,0x0CF00400,61444,56529.0,40194.883,-0.047,FF FF FF 00 00 FF FF FF,FF FF FF 00 00 FF FF FF,[],190=0.0/exp 0.0 VALUE_OK
MATCH,181,0x0CF00400,61444,56539.0,40204.87,-0.059,FF FF FF 00 00 FF FF FF,FF FF FF 00 00 FF FF FF,[],190=0.0/exp 0.0 VALUE_OK
MATCH,182,0x0CF00400,61444,56549.0,40214.873,-0.055,FF FF FF 00 00 FF FF FF,FF FF FF 00 00 FF FF FF,[],190=0.0/exp 0.0 VALUE_OK
MATCH,183,0x0CF00400,61444,56559.0,40224.876,-0.05,FF FF FF 00 00 FF FF FF,FF FF FF 00 00 FF FF FF,[],190=0.0/exp 0.0 VALUE_OK
MATCH,184,0x0CF00400,61444,56569.0,40234.875,-0.05,FF FF FF 00 00 FF FF FF,FF FF FF 00 00 FF FF FF,[],190=0.0/exp 0.0 VALUE_OK
MATCH,185,0x0CF00400,61444,56579.0,40244.877,-0.047,FF FF FF 00 00 FF FF FF,FF FF FF 00 00 FF FF FF,[],190=0.0/exp 0.0 VALUE_OK
MATCH,186,0x0CF00400,61444,56589.0,40254.864,-0.059,FF FF FF 00 00 FF FF FF,FF FF FF 00 00 FF FF FF,[],190=0.0/exp 0.0 VALUE_OK
MATCH,187,0x0CF00400,61444,56599.0,40264.867,-0.055,FF FF FF 00 00 FF FF FF,FF FF FF 00 00 FF FF FF,[],190=0.0/exp 0.0 VALUE_OK
MATCH,188,0x0CF00400,61444,56609.0,40274.862,-0.059,FF FF FF 00 00 FF FF FF,FF FF FF 00 00 FF FF FF,[],190=0.0/exp 0.0 VALUE_OK
MATCH,189,0x0CF00400,61444,56619.0,40284.865,-0.055,FF FF FF 00 00 FF FF FF,FF FF FF 00 00 FF FF FF,[],190=0.0/exp 0.0 VALUE_OK
MATCH,190,0x0CF00400,61444,56629.0,40294.867,-0.052,FF FF FF 00 00 FF FF FF,FF FF FF 00 00 FF FF FF,[],190=0.0/exp 0.0 VALUE_OK
MATCH,191,0x0CF00400,61444,56639.0,40304.866,-0.052,FF FF FF 00 00 FF FF FF,FF FF FF 00 00 FF FF FF,[],190=0.0/exp 0.0 VALUE_OK
MATCH,192,0x0CF00400,61444,56649.0,40314.857,-0.06,FF FF FF 00 00 FF FF FF,FF FF FF 00 00 FF FF FF,[],190=0.0/exp 0.0 VALUE_OK
MATCH,193,0x0CF00400,61444,56659.0,40324.856,-0.06,FF FF FF 00 00 FF FF FF,FF FF FF 00 00 FF FF FF,[],190=0.0/exp 0.0 VALUE_OK
MATCH,194,0x0CF00400,61444,56669.0,40334.859,-0.055,FF FF FF 00 00 FF FF FF,FF FF FF 00 00 FF FF FF,[],190=0.0/exp 0.0 VALUE_OK
MATCH,195,0x0CF00400,61444,56679.0,40344.858,-0.055,FF FF FF 00 00 FF FF FF,FF FF FF 00 00 FF FF FF,[],190=0.0/exp 0.0 VALUE_OK
MATCH,196,0x0CF00400,61444,56689.0,40354.86,-0.052,FF FF FF 00 00 FF FF FF,FF FF FF 00 00 FF FF FF,[],190=0.0/exp 0.0 VALUE_OK
MATCH,197,0x0CF00400,61444,56699.0,40364.847,-0.064,FF FF FF 00 00 FF FF FF,FF FF FF 00 00 FF FF FF,[],190=0.0/exp 0.0 VALUE_OK
MATCH,198,0x0CF00400,61444,56709.0,40374.85,-0.06,FF FF FF 00 00 FF FF FF,FF FF FF 00 00 FF FF FF,[],190=0.0/exp 0.0 VALUE_OK
MATCH,199,0x0CF00400,61444,56719.0,40384.853,-0.056,FF FF FF 00 00 FF FF FF,FF FF FF 00 00 FF FF FF,[],190=0.0/exp 0.0 VALUE_OK
MATCH,200,0x0CF00400,61444,56729.0,40394.852,-0.056,FF FF FF 00 00 FF FF FF,FF FF FF 00 00 FF FF FF,[],190=0.0/exp 0.0 VALUE_OK
MATCH,201,0x0CF00400,61444,56739.0,40404.854,-0.052,FF FF FF 00 00 FF FF FF,FF FF FF 00 00 FF FF FF,[],190=0.0/exp 0.0 VALUE_OK
MATCH,202,0x0CF00400,61444,56749.0,40414.841,-0.064,FF FF FF 00 00 FF FF FF,FF FF FF 00 00 FF FF FF,[],190=0.0/exp 0.0 VALUE_OK
MATCH,203,0x0CF00400,61444,56759.0,40424.844,-0.06,FF FF FF 00 00 FF FF FF,FF FF FF 00 00 FF FF FF,[],190=0.0/exp 0.0 VALUE_OK
MATCH,204,0x0CF00400,61444,56769.0,40434.843,-0.06,FF FF FF 00 00 FF FF FF,FF FF FF 00 00 FF FF FF,[],190=0.0/exp 0.0 VALUE_OK
MATCH,205,0x0CF00400,61444,56779.0,40444.846,-0.056,FF FF FF 00 00 FF FF FF,FF FF FF 00 00 FF FF FF,[],190=0.0/exp 0.0 VALUE_OK
MATCH,206,0x0CF00400,61444,56789.0,40454.845,-0.056,FF FF FF 00 00 FF FF FF,FF FF FF 00 00 FF FF FF,[],190=0.0/exp 0.0 VALUE_OK
MATCH,207,0x0CF00400,61444,56799.0,40464.835,-0.064,FF FF FF 00 00 FF FF FF,FF FF FF 00 00 FF FF FF,[],190=0.0/exp 0.0 VALUE_OK
MATCH,208,0x0CF00400,61444,56809.0,40474.838,-0.06,FF FF FF 00 00 FF FF FF,FF FF FF 00 00 FF FF FF,[],190=0.0/exp 0.0 VALUE_OK
MATCH,209,0x0CF00400,61444,56819.0,40484.837,-0.06,FF FF FF 00 00 FF FF FF,FF FF FF 00 00 FF FF FF,[],190=0.0/exp 0.0 VALUE_OK
MATCH,210,0x0CF00400,61444,56829.0,40494.84,-0.056,FF FF FF 00 00 FF FF FF,FF FF FF 00 00 FF FF FF,[],190=0.0/exp 0.0 VALUE_OK
MATCH,211,0x0CF00400,61444,56839.0,40504.831,-0.064,FF FF FF 00 00 FF FF FF,FF FF FF 00 00 FF FF FF,[],190=0.0/exp 0.0 VALUE_OK
MATCH,212,0x0CF00400,61444,56849.0,40514.829,-0.064,FF FF FF 00 00 FF FF FF,FF FF FF 00 00 FF FF FF,[],190=0.0/exp 0.0 VALUE_OK
MATCH,213,0x0CF00400,61444,56859.0,40524.832,-0.06,FF FF FF 00 00 FF FF FF,FF FF FF 00 00 FF FF FF,[],190=0.0/exp 0.0 VALUE_OK
MATCH,214,0x0CF00400,61444,56869.0,40534.835,-0.056,FF FF FF 00 00 FF FF FF,FF FF FF 00 00 FF FF FF,[],190=0.0/exp 0.0 VALUE_OK
MATCH,215,0x0CF00400,61444,56879.0,40544.822,-0.068,FF FF FF 00 00 FF FF FF,FF FF FF 00 00 FF FF FF,[],190=0.0/exp 0.0 VALUE_OK
MATCH,216,0x0CF00400,61444,56889.0,40554.825,-0.063,FF FF FF 00 00 FF FF FF,FF FF FF 00 00 FF FF FF,[],190=0.0/exp 0.0 VALUE_OK
MATCH,217,0x0CF00400,61444,56899.0,40564.824,-0.063,FF FF FF 00 00 FF FF FF,FF FF FF 00 00 FF FF FF,[],190=0.0/exp 0.0 VALUE_OK
MATCH,218,0x0CF00400,61444,56909.0,40574.827,-0.059,FF FF FF 00 00 FF FF FF,FF FF FF 00 00 FF FF FF,[],190=0.0/exp 0.0 VALUE_OK
MATCH,219,0x0CF00400,61444,56919.0,40584.829,-0.056,FF FF FF 00 00 FF FF FF,FF FF FF 00 00 FF FF FF,[],190=0.0/exp 0.0 VALUE_OK
MATCH,220,0x0CF00400,61444,56929.0,40594.816,-0.068,FF FF FF 00 00 FF FF FF,FF FF FF 00 00 FF FF FF,[],190=0.0/exp 0.0 VALUE_OK
MATCH,221,0x0CF00400,61444,56939.0,40604.819,-0.063,FF FF FF 00 00 FF FF FF,FF FF FF 00 00 FF FF FF,[],190=0.0/exp 0.0 VALUE_OK
MATCH,222,0x0CF00400,61444,56949.0,40614.818,-0.063,FF FF FF 00 00 FF FF FF,FF FF FF 00 00 FF FF FF,[],190=0.0/exp 0.0 VALUE_OK
MATCH,223,0x0CF00400,61444,56959.0,40624.82,-0.06,FF FF FF 00 00 FF FF FF,FF FF FF 00 00 FF FF FF,[],190=0.0/exp 0.0 VALUE_OK
MATCH,224,0x0CF00400,61444,56969.0,40634.819,-0.06,FF FF FF 00 00 FF FF FF,FF FF FF 00 00 FF FF FF,[],190=0.0/exp 0.0 VALUE_OK
MATCH,225,0x0CF00400,61444,56979.0,40644.806,-0.071,FF FF FF 00 00 FF FF FF,FF FF FF 00 00 FF FF FF,[],190=0.0/exp 0.0 VALUE_OK
MATCH,226,0x0CF00400,61444,56989.0,40654.805,-0.071,FF FF FF 00 00 FF FF FF,FF FF FF 00 00 FF FF FF,[],190=0.0/exp 0.0 VALUE_OK
MATCH,227,0x0CF00400,61444,56999.0,40664.808,-0.067,FF FF FF 00 00 FF FF FF,FF FF FF 00 00 FF FF FF,[],190=0.0/exp 0.0 VALUE_OK
MATCH,228,0x0CF00400,61444,57009.0,40674.811,-0.062,FF FF FF 00 00 FF FF FF,FF FF FF 00 00 FF FF FF,[],190=0.0/exp 0.0 VALUE_OK
MATCH,229,0x0CF00400,61444,57019.0,40684.813,-0.059,FF FF FF 00 00 FF FF FF,FF FF FF 00 00 FF FF FF,[],190=0.0/exp 0.0 VALUE_OK
MATCH,230,0x0CF00400,61444,57029.0,40694.8,-0.071,FF FF FF 00 00 FF FF FF,FF FF FF 00 00 FF FF FF,[],190=0.0/exp 0.0 VALUE_OK
MATCH,231,0x0CF00400,61444,57039.0,40704.803,-0.066,FF FF FF 00 00 FF FF FF,FF FF FF 00 00 FF FF FF,[],190=0.0/exp 0.0 VALUE_OK
MATCH,232,0x0CF00400,61444,57049.0,40714.806,-0.062,FF FF FF 00 00 FF FF FF,FF FF FF 00 00 FF FF FF,[],190=0.0/exp 0.0 VALUE_OK
MATCH,233,0x0CF00400,61444,57059.0,40724.805,-0.062,FF FF FF 00 00 FF FF FF,FF FF FF 00 00 FF FF FF,[],190=0.0/exp 0.0 VALUE_OK
MATCH,234,0x0CF00400,61444,57069.0,40734.808,-0.058,FF FF FF 00 00 FF FF FF,FF FF FF 00 00 FF FF FF,[],190=0.0/exp 0.0 VALUE_OK
MATCH,235,0x0CF00400,61444,57079.0,40744.794,-0.07,FF FF FF 00 00 FF FF FF,FF FF FF 00 00 FF FF FF,[],190=0.0/exp 0.0 VALUE_OK
MATCH,236,0x0CF00400,61444,57089.0,40754.797,-0.066,FF FF FF 00 00 FF FF FF,FF FF FF 00 00 FF FF FF,[],190=0.0/exp 0.0 VALUE_OK
MATCH,237,0x0CF00400,61444,57099.0,40764.796,-0.066,FF FF FF 00 00 FF FF FF,FF FF FF 00 00 FF FF FF,[],190=0.0/exp 0.0 VALUE_OK
MATCH,238,0x0CF00400,61444,57109.0,40774.799,-0.061,FF FF FF 00 00 FF FF FF,FF FF FF 00 00 FF FF FF,[],190=0.0/exp 0.0 VALUE_OK
MATCH,239,0x0CF00400,61444,57119.0,40784.785,-0.074,FF FF FF 00 00 FF FF FF,FF FF FF 00 00 FF FF FF,[],190=0.0/exp 0.0 VALUE_OK
MATCH,240,0x0CF00400,61444,57129.0,40794.788,-0.07,FF FF FF 00 00 FF FF FF,FF FF FF 00 00 FF FF FF,[],190=0.0/exp 0.0 VALUE_OK
MATCH,241,0x0CF00400,61444,57139.0,40804.791,-0.065,FF FF FF 00 00 FF FF FF,FF FF FF 00 00 FF FF FF,[],190=0.0/exp 0.0 VALUE_OK
MATCH,242,0x0CF00400,61444,57149.0,40814.79,-0.065,FF FF FF 00 00 FF FF FF,FF FF FF 00 00 FF FF FF,[],190=0.0/exp 0.0 VALUE_OK
MATCH,243,0x0CF00400,61444,57159.0,40824.793,-0.061,FF FF FF 00 00 FF FF FF,FF FF FF 00 00 FF FF FF,[],190=0.0/exp 0.0 VALUE_OK
MATCH,244,0x0CF00400,61444,57169.0,40834.784,-0.068,FF FF FF 00 00 FF FF FF,FF FF FF 00 00 FF FF FF,[],190=0.0/exp 0.0 VALUE_OK
MATCH,245,0x0CF00400,61444,57179.0,40844.782,-0.069,FF FF FF 00 00 FF FF FF,FF FF FF 00 00 FF FF FF,[],190=0.0/exp 0.0 VALUE_OK
MATCH,246,0x0CF00400,61444,57189.0,40854.785,-0.065,FF FF FF 00 00 FF FF FF,FF FF FF 00 00 FF FF FF,[],190=0.0/exp 0.0 VALUE_OK
MATCH,247,0x0CF00400,61444,57199.0,40864.784,-0.064,FF FF FF 00 00 FF FF FF,FF FF FF 00 00 FF FF FF,[],190=0.0/exp 0.0 VALUE_OK
MATCH,248,0x0CF00400,61444,57209.0,40874.787,-0.06,FF FF FF 00 00 FF FF FF,FF FF FF 00 00 FF FF FF,[],190=0.0/exp 0.0 VALUE_OK
MATCH,249,0x0CF00400,61444,57219.0,40884.774,-0.072,FF FF FF 00 00 FF FF FF,FF FF FF 00 00 FF FF FF,[],190=0.0/exp 0.0 VALUE_OK
MATCH,250,0x0CF00400,61444,57229.0,40894.772,-0.072,FF FF FF 00 00 FF FF FF,FF FF FF 00 00 FF FF FF,[],190=0.0/exp 0.0 VALUE_OK
MATCH,251,0x0CF00400,61444,57239.0,40904.775,-0.068,FF FF FF 00 00 FF FF FF,FF FF FF 00 00 FF FF FF,[],190=0.0/exp 0.0 VALUE_OK
MATCH,252,0x0CF00400,61444,57249.0,40914.774,-0.068,FF FF FF 00 00 FF FF FF,FF FF FF 00 00 FF FF FF,[],190=0.0/exp 0.0 VALUE_OK
MATCH,253,0x0CF00400,61444,57259.0,40924.777,-0.063,FF FF FF 00 00 FF FF FF,FF FF FF 00 00 FF FF FF,[],190=0.0/exp 0.0 VALUE_OK
MATCH,254,0x0CF00400,61444,57269.0,40934.776,-0.063,FF FF FF 00 00 FF FF FF,FF FF FF 00 00 FF FF FF,[],190=0.0/exp 0.0 VALUE_OK
MATCH,255,0x0CF00400,61444,57279.0,40944.767,-0.071,FF FF FF 00 00 FF FF FF,FF FF FF 00 00 FF FF FF,[],190=0.0/exp 0.0 VALUE_OK
MATCH,256,0x0CF00400,61444,57289.0,40954.766,-0.07,FF FF FF 00 00 FF FF FF,FF FF FF 00 00 FF FF FF,[],190=0.0/exp 0.0 VALUE_OK
MATCH,257,0x0CF00400,61444,57299.0,40964.768,-0.067,FF FF FF 00 00 FF FF FF,FF FF FF 00 00 FF FF FF,[],190=0.0/exp 0.0 VALUE_OK
MATCH,258,0x0CF00400,61444,57309.0,40974.771,-0.063,FF FF FF 00 00 FF FF FF,FF FF FF 00 00 FF FF FF,[],190=0.0/exp 0.0 VALUE_OK
MATCH,259,0x0CF00400,61444,57319.0,40984.77,-0.062,FF FF FF 00 00 FF FF FF,FF FF FF 00 00 FF FF FF,[],190=0.0/exp 0.0 VALUE_OK
MATCH,260,0x0CF00400,61444,57329.0,40994.761,-0.07,FF FF FF 00 00 FF FF FF,FF FF FF 00 00 FF FF FF,[],190=0.0/exp 0.0 VALUE_OK
MATCH,261,0x0CF00400,61444,57339.0,41004.76,-0.07,FF FF FF 00 00 FF FF FF,FF FF FF 00 00 FF FF FF,[],190=0.0/exp 0.0 VALUE_OK
MATCH,262,0x0CF00400,61444,57349.0,41014.762,-0.066,FF FF FF 00 00 FF FF FF,FF FF FF 00 00 FF FF FF,[],190=0.0/exp 0.0 VALUE_OK
MATCH,263,0x0CF00400,61444,57359.0,41024.765,-0.062,FF FF FF 00 00 FF FF FF,FF FF FF 00 00 FF FF FF,[],190=0.0/exp 0.0 VALUE_OK
MATCH,264,0x0CF00400,61444,57369.0,41034.752,-0.074,FF FF FF 00 00 FF FF FF,FF FF FF 00 00 FF FF FF,[],190=0.0/exp 0.0 VALUE_OK
MATCH,265,0x0CF00400,61444,57379.0,41044.751,-0.073,FF FF FF 00 00 FF FF FF,FF FF FF 00 00 FF FF FF,[],190=0.0/exp 0.0 VALUE_OK
MATCH,266,0x0CF00400,61444,57389.0,41054.753,-0.07,FF FF FF 00 00 FF FF FF,FF FF FF 00 00 FF FF FF,[],190=0.0/exp 0.0 VALUE_OK
MATCH,267,0x0CF00400,61444,57399.0,41064.757,-0.064,FF FF FF 00 00 FF FF FF,FF FF FF 00 00 FF FF FF,[],190=0.0/exp 0.0 VALUE_OK
MATCH,268,0x0CF00400,61444,57409.0,41074.759,-0.061,FF FF FF 00 00 FF FF FF,FF FF FF 00 00 FF FF FF,[],190=0.0/exp 0.0 VALUE_OK
MATCH,269,0x0CF00400,61444,57419.0,41084.746,-0.073,FF FF FF 00 00 FF FF FF,FF FF FF 00 00 FF FF FF,[],190=0.0/exp 0.0 VALUE_OK
MATCH,270,0x0CF00400,61444,57429.0,41094.749,-0.068,FF FF FF 00 00 FF FF FF,FF FF FF 00 00 FF FF FF,[],190=0.0/exp 0.0 VALUE_OK
MATCH,271,0x0CF00400,61444,57439.0,41104.748,-0.068,FF FF FF 00 00 FF FF FF,FF FF FF 00 00 FF FF FF,[],190=0.0/exp 0.0 VALUE_OK
MATCH,272,0x0CF00400,61444,57449.0,41114.75,-0.065,FF FF FF 00 00 FF FF FF,FF FF FF 00 00 FF FF FF,[],190=0.0/exp 0.0 VALUE_OK
MATCH,273,0x0CF00400,61444,57459.0,41124.749,-0.064,FF FF FF 00 00 FF FF FF,FF FF FF 00 00 FF FF FF,[],190=0.0/exp 0.0 VALUE_OK
MATCH,274,0x0CF00400,61444,57469.0,41134.74,-0.072,FF FF FF 00 00 FF FF FF,FF FF FF 00 00 FF FF FF,[],190=0.0/exp 0.0 VALUE_OK
MATCH,275,0x0CF00400,61444,57479.0,41144.735,-0.076,FF FF FF 00 00 FF FF FF,FF FF FF 00 00 FF FF FF,[],190=0.0/exp 0.0 VALUE_OK
MATCH,276,0x0CF00400,61444,57489.0,41154.738,-0.071,FF FF FF 00 00 FF FF FF,FF FF FF 00 00 FF FF FF,[],190=0.0/exp 0.0 VALUE_OK
MATCH,277,0x0CF00400,61444,57499.0,41164.741,-0.067,FF FF FF 00 00 FF FF FF,FF FF FF 00 00 FF FF FF,[],190=0.0/exp 0.0 VALUE_OK
MATCH,278,0x0CF00400,61444,57509.0,41174.739,-0.067,FF FF FF 00 00 FF FF FF,FF FF FF 00 00 FF FF FF,[],190=0.0/exp 0.0 VALUE_OK
MATCH,279,0x0CF00400,61444,57519.0,41184.742,-0.063,FF FF FF 00 00 FF FF FF,FF FF FF 00 00 FF FF FF,[],190=0.0/exp 0.0 VALUE_OK
MATCH,280,0x0CF00400,61444,57529.0,41194.729,-0.075,FF FF FF 00 00 FF FF FF,FF FF FF 00 00 FF FF FF,[],190=0.0/exp 0.0 VALUE_OK
MATCH,281,0x0CF00400,61444,57539.0,41204.732,-0.07,FF FF FF 00 00 FF FF FF,FF FF FF 00 00 FF FF FF,[],190=0.0/exp 0.0 VALUE_OK
MATCH,282,0x0CF00400,61444,57549.0,41214.735,-0.066,FF FF FF 00 00 FF FF FF,FF FF FF 00 00 FF FF FF,[],190=0.0/exp 0.0 VALUE_OK
MATCH,283,0x0CF00400,61444,57559.0,41224.734,-0.066,FF FF FF 00 00 FF FF FF,FF FF FF 00 00 FF FF FF,[],190=0.0/exp 0.0 VALUE_OK
MATCH,284,0x0CF00400,61444,57569.0,41234.736,-0.062,FF FF FF 00 00 FF FF FF,FF FF FF 00 00 FF FF FF,[],190=0.0/exp 0.0 VALUE_OK
MATCH,285,0x0CF00400,61444,57579.0,41244.723,-0.074,FF FF FF 00 00 FF FF FF,FF FF FF 00 00 FF FF FF,[],190=0.0/exp 0.0 VALUE_OK
MATCH,286,0x0CF00400,61444,57589.0,41254.726,-0.07,FF FF FF 00 00 FF FF FF,FF FF FF 00 00 FF FF FF,[],190=0.0/exp 0.0 VALUE_OK
MATCH,287,0x0CF00400,61444,57599.0,41264.725,-0.069,FF FF FF 00 00 FF FF FF,FF FF FF 00 00 FF FF FF,[],190=0.0/exp 0.0 VALUE_OK
MATCH,288,0x0CF00400,61444,57609.0,41274.727,-0.066,FF FF FF 00 00 FF FF FF,FF FF FF 00 00 FF FF FF,[],190=0.0/exp 0.0 VALUE_OK
MATCH,289,0x0CF00400,61444,57619.0,41284.73,-0.061,FF FF FF 00 00 FF FF FF,FF FF FF 00 00 FF FF FF,[],190=0.0/exp 0.0 VALUE_OK
MATCH,290,0x0CF00400,61444,57629.0,41294.717,-0.073,FF FF FF 00 00 FF FF FF,FF FF FF 00 00 FF FF FF,[],190=0.0/exp 0.0 VALUE_OK
MATCH,291,0x0CF00400,61444,57639.0,41304.716,-0.073,FF FF FF 00 00 FF FF FF,FF FF FF 00 00 FF FF FF,[],190=0.0/exp 0.0 VALUE_OK
MATCH,292,0x0CF00400,61444,57649.0,41314.719,-0.068,FF FF FF 00 00 FF FF FF,FF FF FF 00 00 FF FF FF,[],190=0.0/exp 0.0 VALUE_OK
MATCH,293,0x0CF00400,61444,57659.0,41324.722,-0.064,FF FF FF 00 00 FF FF FF,FF FF FF 00 00 FF FF FF,[],190=0.0/exp 0.0 VALUE_OK
MATCH,294,0x0CF00400,61444,57669.0,41334.721,-0.064,FF FF FF 00 00 FF FF FF,FF FF FF 00 00 FF FF FF,[],190=0.0/exp 0.0 VALUE_OK
MATCH,295,0x0CF00400,61444,57679.0,41344.707,-0.076,FF FF FF 00 00 FF FF FF,FF FF FF 00 00 FF FF FF,[],190=0.0/exp 0.0 VALUE_OK
MATCH,296,0x0CF00400,61444,57689.0,41354.71,-0.072,FF FF FF 00 00 FF FF FF,FF FF FF 00 00 FF FF FF,[],190=0.0/exp 0.0 VALUE_OK
MATCH,297,0x0CF00400,61444,57699.0,41364.713,-0.067,FF FF FF 00 00 FF FF FF,FF FF FF 00 00 FF FF FF,[],190=0.0/exp 0.0 VALUE_OK
MATCH,298,0x0CF00400,61444,57709.0,41374.716,-0.063,FF FF FF 00 00 FF FF FF,FF FF FF 00 00 FF FF FF,[],190=0.0/exp 0.0 VALUE_OK
MATCH,299,0x0CF00400,61444,57719.0,41384.703,-0.075,FF FF FF 00 00 FF FF FF,FF FF FF 00 00 FF FF FF,[],190=0.0/exp 0.0 VALUE_OK
MATCH,300,0x0CF00400,61444,57729.0,41394.701,-0.075,FF FF FF 00 00 FF FF FF,FF FF FF 00 00 FF FF FF,[],190=0.0/exp 0.0 VALUE_OK
MATCH,301,0x0CF00400,61444,57739.0,41404.704,-0.071,FF FF FF 00 00 FF FF FF,FF FF FF 00 00 FF FF FF,[],190=0.0/exp 0.0 VALUE_OK
MATCH,302,0x0CF00400,61444,57749.0,41414.703,-0.07,FF FF FF 00 00 FF FF FF,FF FF FF 00 00 FF FF FF,[],190=0.0/exp 0.0 VALUE_OK
MATCH,303,0x0CF00400,61444,57759.0,41424.706,-0.066,FF FF FF 00 00 FF FF FF,FF FF FF 00 00 FF FF FF,[],190=0.0/exp 0.0 VALUE_OK
MATCH,304,0x0CF00400,61444,57769.0,41434.705,-0.066,FF FF FF 00 00 FF FF FF,FF FF FF 00 00 FF FF FF,[],190=0.0/exp 0.0 VALUE_OK
MATCH,305,0x0CF00400,61444,57779.0,41444.695,-0.074,FF FF FF 00 00 FF FF FF,FF FF FF 00 00 FF FF FF,[],190=0.0/exp 0.0 VALUE_OK
MATCH,306,0x0CF00400,61444,57789.0,41454.694,-0.074,FF FF FF 00 00 FF FF FF,FF FF FF 00 00 FF FF FF,[],190=0.0/exp 0.0 VALUE_OK
MATCH,307,0x0CF00400,61444,57799.0,41464.697,-0.069,FF FF FF 00 00 FF FF FF,FF FF FF 00 00 FF FF FF,[],190=0.0/exp 0.0 VALUE_OK
MATCH,308,0x0CF00400,61444,57809.0,41474.7,-0.065,FF FF FF 00 00 FF FF FF,FF FF FF 00 00 FF FF FF,[],190=0.0/exp 0.0 VALUE_OK
MATCH,309,0x0CF00400,61444,57819.0,41484.699,-0.065,FF FF FF 00 00 FF FF FF,FF FF FF 00 00 FF FF FF,[],190=0.0/exp 0.0 VALUE_OK
MATCH,310,0x0CF00400,61444,57829.0,41494.69,-0.072,FF FF FF 00 00 FF FF FF,FF FF FF 00 00 FF FF FF,[],190=0.0/exp 0.0 VALUE_OK
MATCH,311,0x0CF00400,61444,57839.0,41504.688,-0.073,FF FF FF 00 00 FF FF FF,FF FF FF 00 00 FF FF FF,[],190=0.0/exp 0.0 VALUE_OK
MATCH,312,0x0CF00400,61444,57849.0,41514.691,-0.069,FF FF FF 00 00 FF FF FF,FF FF FF 00 00 FF FF FF,[],190=0.0/exp 0.0 VALUE_OK
MATCH,313,0x0CF00400,61444,57859.0,41524.694,-0.064,FF FF FF 00 00 FF FF FF,FF FF FF 00 00 FF FF FF,[],190=0.0/exp 0.0 VALUE_OK
MATCH,314,0x0CF00400,61444,57869.0,41534.681,-0.076,FF FF FF 00 00 FF FF FF,FF FF FF 00 00 FF FF FF,[],190=0.0/exp 0.0 VALUE_OK
MATCH,315,0x0CF00400,61444,57879.0,41544.68,-0.075,FF FF FF 00 00 FF FF FF,FF FF FF 00 00 FF FF FF,[],190=0.0/exp 0.0 VALUE_OK
MATCH,316,0x0CF00400,61444,57889.0,41554.683,-0.071,FF FF FF 00 00 FF FF FF,FF FF FF 00 00 FF FF FF,[],190=0.0/exp 0.0 VALUE_OK
MATCH,317,0x0CF00400,61444,57899.0,41564.685,-0.067,FF FF FF 00 00 FF FF FF,FF FF FF 00 00 FF FF FF,[],190=0.0/exp 0.0 VALUE_OK
MATCH,318,0x0CF00400,61444,57909.0,41574.688,-0.063,FF FF FF 00 00 FF FF FF,FF FF FF 00 00 FF FF FF,[],190=0.0/exp 0.0 VALUE_OK
MATCH,319,0x0CF00400,61444,57919.0,41584.675,-0.075,FF FF FF 00 00 FF FF FF,FF FF FF 00 00 FF FF FF,[],190=0.0/exp 0.0 VALUE_OK
MATCH,320,0x0CF00400,61444,57929.0,41594.674,-0.074,FF FF FF 00 00 FF FF FF,FF FF FF 00 00 FF FF FF,[],190=0.0/exp 0.0 VALUE_OK
MATCH,321,0x0CF00400,61444,57939.0,41604.676,-0.071,FF FF FF 00 00 FF FF FF,FF FF FF 00 00 FF FF FF,[],190=0.0/exp 0.0 VALUE_OK
MATCH,322,0x0CF00400,61444,57949.0,41614.675,-0.07,FF FF FF 00 00 FF FF FF,FF FF FF 00 00 FF FF FF,[],190=0.0/exp 0.0 VALUE_OK
MATCH,323,0x0CF00400,61444,57959.0,41624.678,-0.066,FF FF FF 00 00 FF FF FF,FF FF FF 00 00 FF FF FF,[],190=0.0/exp 0.0 VALUE_OK
MATCH,324,0x0CF00400,61444,57969.0,41634.669,-0.074,FF FF FF 00 00 FF FF FF,FF FF FF 00 00 FF FF FF,[],190=0.0/exp 0.0 VALUE_OK
MATCH,325,0x0CF00400,61444,57979.0,41644.664,-0.077,FF FF FF 00 00 FF FF FF,FF FF FF 00 00 FF FF FF,[],190=0.0/exp 0.0 VALUE_OK
MATCH,326,0x0CF00400,61444,57989.0,41654.667,-0.073,FF FF FF 00 00 FF FF FF,FF FF FF 00 00 FF FF FF,[],190=0.0/exp 0.0 VALUE_OK
MATCH,327,0x0CF00400,61444,57999.0,41664.669,-0.069,FF FF FF 00 00 FF FF FF,FF FF FF 00 00 FF FF FF,[],190=0.0/exp 0.0 VALUE_OK
MATCH,328,0x0CF00400,61444,58009.0,41674.668,-0.069,FF FF FF 00 00 FF FF FF,FF FF FF 00 00 FF FF FF,[],190=0.0/exp 0.0 VALUE_OK
MATCH,329,0x0CF00400,61444,58019.0,41684.671,-0.064,FF FF FF 00 00 FF FF FF,FF FF FF 00 00 FF FF FF,[],190=0.0/exp 0.0 VALUE_OK
MATCH,330,0x0CF00400,61444,58029.0,41694.658,-0.076,FF FF FF 00 00 FF FF FF,FF FF FF 00 00 FF FF FF,[],190=0.0/exp 0.0 VALUE_OK
MATCH,331,0x0CF00400,61444,58039.0,41704.661,-0.072,FF FF FF 00 00 FF FF FF,FF FF FF 00 00 FF FF FF,[],190=0.0/exp 0.0 VALUE_OK
MATCH,332,0x0CF00400,61444,58049.0,41714.66,-0.071,FF FF FF 00 00 FF FF FF,FF FF FF 00 00 FF FF FF,[],190=0.0/exp 0.0 VALUE_OK
MATCH,333,0x0CF00400,61444,58059.0,41724.662,-0.068,FF FF FF 00 00 FF FF FF,FF FF FF 00 00 FF FF FF,[],190=0.0/exp 0.0 VALUE_OK
MATCH,334,0x0CF00400,61444,58069.0,41734.665,-0.063,FF FF FF 00 00 FF FF FF,FF FF FF 00 00 FF FF FF,[],190=0.0/exp 0.0 VALUE_OK
MATCH,335,0x0CF00400,61444,58079.0,41744.652,-0.075,FF FF FF 00 00 FF FF FF,FF FF FF 00 00 FF FF FF,[],190=0.0/exp 0.0 VALUE_OK
MATCH,336,0x0CF00400,61444,58089.0,41754.655,-0.071,FF FF FF 00 00 FF FF FF,FF FF FF 00 00 FF FF FF,[],190=0.0/exp 0.0 VALUE_OK
MATCH,337,0x0CF00400,61444,58099.0,41764.653,-0.071,FF FF FF 00 00 FF FF FF,FF FF FF 00 00 FF FF FF,[],190=0.0/exp 0.0 VALUE_OK
MATCH,338,0x0CF00400,61444,58109.0,41774.656,-0.067,FF FF FF 00 00 FF FF FF,FF FF FF 00 00 FF FF FF,[],190=0.0/exp 0.0 VALUE_OK
MATCH,339,0x0CF00400,61444,58119.0,41784.655,-0.066,FF FF FF 00 00 FF FF FF,FF FF FF 00 00 FF FF FF,[],190=0.0/exp 0.0 VALUE_OK
MATCH,340,0x0CF00400,61444,58129.0,41794.646,-0.074,FF FF FF 00 00 FF FF FF,FF FF FF 00 00 FF FF FF,[],190=0.0/exp 0.0 VALUE_OK
MATCH,341,0x0CF00400,61444,58139.0,41804.645,-0.074,FF FF FF 00 00 FF FF FF,FF FF FF 00 00 FF FF FF,[],190=0.0/exp 0.0 VALUE_OK
MATCH,342,0x0CF00400,61444,58149.0,41814.648,-0.069,FF FF FF 00 00 FF FF FF,FF FF FF 00 00 FF FF FF,[],190=0.0/exp 0.0 VALUE_OK
MATCH,343,0x0CF00400,61444,58159.0,41824.646,-0.07,FF FF FF 00 00 FF FF FF,FF FF FF 00 00 FF FF FF,[],190=0.0/exp 0.0 VALUE_OK
MATCH,344,0x0CF00400,61444,58169.0,41834.649,-0.065,FF FF FF 00 00 FF FF FF,FF FF FF 00 00 FF FF FF,[],190=0.0/exp 0.0 VALUE_OK
MATCH,345,0x0CF00400,61444,58179.0,41844.636,-0.077,FF FF FF 00 00 FF FF FF,FF FF FF 00 00 FF FF FF,[],190=0.0/exp 0.0 VALUE_OK
MATCH,346,0x0CF00400,61444,58189.0,41854.639,-0.073,FF FF FF 00 00 FF FF FF,FF FF FF 00 00 FF FF FF,[],190=0.0/exp 0.0 VALUE_OK
MATCH,347,0x0CF00400,61444,58199.0,41864.642,-0.068,FF FF FF 00 00 FF FF FF,FF FF FF 00 00 FF FF FF,[],190=0.0/exp 0.0 VALUE_OK
MATCH,348,0x0CF00400,61444,58209.0,41874.64,-0.069,FF FF FF 00 00 FF FF FF,FF FF FF 00 00 FF FF FF,[],190=0.0/exp 0.0 VALUE_OK
MATCH,349,0x0CF00400,61444,58219.0,41884.631,-0.076,FF FF FF 00 00 FF FF FF,FF FF FF 00 00 FF FF FF,[],190=0.0/exp 0.0 VALUE_OK
MATCH,350,0x0CF00400,61444,58229.0,41894.63,-0.076,FF FF FF 00 00 FF FF FF,FF FF FF 00 00 FF FF FF,[],190=0.0/exp 0.0 VALUE_OK
MATCH,351,0x0CF00400,61444,58239.0,41904.629,-0.075,FF FF FF 00 00 FF FF FF,FF FF FF 00 00 FF FF FF,[],190=0.0/exp 0.0 VALUE_OK
MATCH,352,0x0CF00400,61444,58249.0,41914.632,-0.071,FF FF FF 00 00 FF FF FF,FF FF FF 00 00 FF FF FF,[],190=0.0/exp 0.0 VALUE_OK
MATCH,353,0x0CF00400,61444,58259.0,41924.635,-0.066,FF FF FF 00 00 FF FF FF,FF FF FF 00 00 FF FF FF,[],190=0.0/exp 0.0 VALUE_OK
MATCH,354,0x0CF00400,61444,58269.0,41934.634,-0.066,FF FF FF 00 00 FF FF FF,FF FF FF 00 00 FF FF FF,[],190=0.0/exp 0.0 VALUE_OK
MATCH,355,0x0CF00400,61444,58279.0,41944.624,-0.075,FF FF FF 00 00 FF FF FF,FF FF FF 00 00 FF FF FF,[],190=0.0/exp 0.0 VALUE_OK
MATCH,356,0x0CF00400,61444,58289.0,41954.623,-0.074,FF FF FF 00 00 FF FF FF,FF FF FF 00 00 FF FF FF,[],190=0.0/exp 0.0 VALUE_OK
MATCH,357,0x0CF00400,61444,58299.0,41964.626,-0.07,FF FF FF 00 00 FF FF FF,FF FF FF 00 00 FF FF FF,[],190=0.0/exp 0.0 VALUE_OK
MATCH,358,0x0CF00400,61444,58309.0,41974.625,-0.069,FF FF FF 00 00 FF FF FF,FF FF FF 00 00 FF FF FF,[],190=0.0/exp 0.0 VALUE_OK
MATCH,359,0x0CF00400,61444,58319.0,41984.628,-0.065,FF FF FF 00 00 FF FF FF,FF FF FF 00 00 FF FF FF,[],190=0.0/exp 0.0 VALUE_OK
MATCH,360,0x0CF00400,61444,58329.0,41994.615,-0.077,FF FF FF 00 00 FF FF FF,FF FF FF 00 00 FF FF FF,[],190=0.0/exp 0.0 VALUE_OK
MATCH,361,0x0CF00400,61444,58339.0,42004.617,-0.073,FF FF FF 00 00 FF FF FF,FF FF FF 00 00 FF FF FF,[],190=0.0/exp 0.0 VALUE_OK
MATCH,362,0x0CF00400,61444,58349.0,42014.62,-0.069,FF FF FF 00 00 FF FF FF,FF FF FF 00 00 FF FF FF,[],190=0.0/exp 0.0 VALUE_OK
MATCH,363,0x0CF00400,61444,58359.0,42024.619,-0.068,FF FF FF 00 00 FF FF FF,FF FF FF 00 00 FF FF FF,[],190=0.0/exp 0.0 VALUE_OK
MATCH,364,0x0CF00400,61444,58369.0,42034.61,-0.076,FF FF FF 00 00 FF FF FF,FF FF FF 00 00 FF FF FF,[],190=0.0/exp 0.0 VALUE_OK
MATCH,365,0x0CF00400,61444,58379.0,42044.608,-0.076,FF FF FF 00 00 FF FF FF,FF FF FF 00 00 FF FF FF,[],190=0.0/exp 0.0 VALUE_OK
MATCH,366,0x0CF00400,61444,58389.0,42054.611,-0.072,FF FF FF 00 00 FF FF FF,FF FF FF 00 00 FF FF FF,[],190=0.0/exp 0.0 VALUE_OK
MATCH,367,0x0CF00400,61444,58399.0,42064.614,-0.067,FF FF FF 00 00 FF FF FF,FF FF FF 00 00 FF FF FF,[],190=0.0/exp 0.0 VALUE_OK
MATCH,368,0x0CF00400,61444,58409.0,42074.613,-0.067,FF FF FF 00 00 FF FF FF,FF FF FF 00 00 FF FF FF,[],190=0.0/exp 0.0 VALUE_OK
MATCH,369,0x0CF00400,61444,58419.0,42084.604,-0.075,FF FF FF 00 00 FF FF FF,FF FF FF 00 00 FF FF FF,[],190=0.0/exp 0.0 VALUE_OK
MATCH,370,0x0CF00400,61444,58429.0,42094.602,-0.075,FF FF FF 00 00 FF FF FF,FF FF FF 00 00 FF FF FF,[],190=0.0/exp 0.0 VALUE_OK
MATCH,371,0x0CF00400,61444,58439.0,42104.605,-0.071,FF FF FF 00 00 FF FF FF,FF FF FF 00 00 FF FF FF,[],190=0.0/exp 0.0 VALUE_OK
MATCH,372,0x0CF00400,61444,58449.0,42114.604,-0.07,FF FF FF 00 00 FF FF FF,FF FF FF 00 00 FF FF FF,[],190=0.0/exp 0.0 VALUE_OK
MATCH,373,0x0CF00400,61444,58459.0,42124.607,-0.066,FF FF FF 00 00 FF FF FF,FF FF FF 00 00 FF FF FF,[],190=0.0/exp 0.0 VALUE_OK
MATCH,374,0x0CF00400,61444,58469.0,42134.594,-0.078,FF FF FF 00 00 FF FF FF,FF FF FF 00 00 FF FF FF,[],190=0.0/exp 0.0 VALUE_OK
MATCH,375,0x0CF00400,61444,58479.0,42144.593,-0.077,FF FF FF 00 00 FF FF FF,FF FF FF 00 00 FF FF FF,[],190=0.0/exp 0.0 VALUE_OK
MATCH,376,0x0CF00400,61444,58489.0,42154.595,-0.074,FF FF FF 00 00 FF FF FF,FF FF FF 00 00 FF FF FF,[],190=0.0/exp 0.0 VALUE_OK
MATCH,377,0x0CF00400,61444,58499.0,42164.598,-0.069,FF FF FF 00 00 FF FF FF,FF FF FF 00 00 FF FF FF,[],190=0.0/exp 0.0 VALUE_OK
MATCH,378,0x0CF00400,61444,58509.0,42174.597,-0.069,FF FF FF 00 00 FF FF FF,FF FF FF 00 00 FF FF FF,[],190=0.0/exp 0.0 VALUE_OK
MATCH,379,0x0CF00400,61444,58519.0,42184.6,-0.064,FF FF FF 00 00 FF FF FF,FF FF FF 00 00 FF FF FF,[],190=0.0/exp 0.0 VALUE_OK
MATCH,380,0x0CF00400,61444,58529.0,42194.587,-0.076,FF FF FF 00 00 FF FF FF,FF FF FF 00 00 FF FF FF,[],190=0.0/exp 0.0 VALUE_OK
MATCH,381,0x0CF00400,61444,58539.0,42204.589,-0.073,FF FF FF 00 00 FF FF FF,FF FF FF 00 00 FF FF FF,[],190=0.0/exp 0.0 VALUE_OK
MATCH,382,0x0CF00400,61444,58549.0,42214.588,-0.072,FF FF FF 00 00 FF FF FF,FF FF FF 00 00 FF FF FF,[],190=0.0/exp 0.0 VALUE_OK
MATCH,383,0x0CF00400,61444,58559.0,42224.591,-0.068,FF FF FF 00 00 FF FF FF,FF FF FF 00 00 FF FF FF,[],190=0.0/exp 0.0 VALUE_OK
MATCH,384,0x0CF00400,61444,58569.0,42234.594,-0.063,FF FF FF 00 00 FF FF FF,FF FF FF 00 00 FF FF FF,[],190=0.0/exp 0.0 VALUE_OK
MATCH,385,0x0CF00400,61444,58579.0,42244.581,-0.075,FF FF FF 00 00 FF FF FF,FF FF FF 00 00 FF FF FF,[],190=0.0/exp 0.0 VALUE_OK
MATCH,386,0x0CF00400,61444,58589.0,42254.58,-0.074,FF FF FF 00 00 FF FF FF,FF FF FF 00 00 FF FF FF,[],190=0.0/exp 0.0 VALUE_OK
MATCH,387,0x0CF00400,61444,58599.0,42264.582,-0.071,FF FF FF 00 00 FF FF FF,FF FF FF 00 00 FF FF FF,[],190=0.0/exp 0.0 VALUE_OK
MATCH,388,0x0CF00400,61444,58609.0,42274.585,-0.067,FF FF FF 00 00 FF FF FF,FF FF FF 00 00 FF FF FF,[],190=0.0/exp 0.0 VALUE_OK
MATCH,389,0x0CF00400,61444,58619.0,42284.584,-0.066,FF FF FF 00 00 FF FF FF,FF FF FF 00 00 FF FF FF,[],190=0.0/exp 0.0 VALUE_OK
MATCH,390,0x0CF00400,61444,58629.0,42294.575,-0.074,FF FF FF 00 00 FF FF FF,FF FF FF 00 00 FF FF FF,[],190=0.0/exp 0.0 VALUE_OK
MATCH,391,0x0CF00400,61444,58639.0,42304.574,-0.073,FF FF FF 00 00 FF FF FF,FF FF FF 00 00 FF FF FF,[],190=0.0/exp 0.0 VALUE_OK
MATCH,392,0x0CF00400,61444,58649.0,42314.576,-0.07,FF FF FF 00 00 FF FF FF,FF FF FF 00 00 FF FF FF,[],190=0.0/exp 0.0 VALUE_OK
MATCH,393,0x0CF00400,61444,58659.0,42324.575,-0.07,FF FF FF 00 00 FF FF FF,FF FF FF 00 00 FF FF FF,[],190=0.0/exp 0.0 VALUE_OK
MATCH,394,0x0CF00400,61444,58669.0,42334.578,-0.065,FF FF FF 00 00 FF FF FF,FF FF FF 00 00 FF FF FF,[],190=0.0/exp 0.0 VALUE_OK
MATCH,395,0x0CF00400,61444,58679.0,42344.565,-0.077,FF FF FF 00 00 FF FF FF,FF FF FF 00 00 FF FF FF,[],190=0.0/exp 0.0 VALUE_OK
MATCH,396,0x0CF00400,61444,58689.0,42354.568,-0.072,FF FF FF 00 00 FF FF FF,FF FF FF 00 00 FF FF FF,[],190=0.0/exp 0.0 VALUE_OK
MATCH,397,0x0CF00400,61444,58699.0,42364.567,-0.072,FF FF FF 00 00 FF FF FF,FF FF FF 00 00 FF FF FF,[],190=0.0/exp 0.0 VALUE_OK
MATCH,398,0x0CF00400,61444,58709.0,42374.569,-0.068,FF FF FF 00 00 FF FF FF,FF FF FF 00 00 FF FF FF,[],190=0.0/exp 0.0 VALUE_OK
MATCH,399,0x0CF00400,61444,58719.0,42384.56,-0.076,FF FF FF 00 00 FF FF FF,FF FF FF 00 00 FF FF FF,[],190=0.0/exp 0.0 VALUE_OK
MATCH,400,0x0CF00400,61444,58729.0,42394.555,-0.08,FF FF FF 00 00 FF FF FF,FF FF FF 00 00 FF FF FF,[],190=0.0/exp 0.0 VALUE_OK
MATCH,401,0x0CF00400,61444,58739.0,42404.558,-0.075,FF FF FF 00 00 FF FF FF,FF FF FF 00 00 FF FF FF,[],190=0.0/exp 0.0 VALUE_OK
MATCH,402,0x0CF00400,61444,58749.0,42414.561,-0.07,FF FF FF 00 00 FF FF FF,FF FF FF 00 00 FF FF FF,[],190=0.0/exp 0.0 VALUE_OK
MATCH,403,0x0CF00400,61444,58759.0,42424.559,-0.071,FF FF FF 00 00 FF FF FF,FF FF FF 00 00 FF FF FF,[],190=0.0/exp 0.0 VALUE_OK
MATCH,404,0x0CF00400,61444,58769.0,42434.562,-0.067,FF FF FF 00 00 FF FF FF,FF FF FF 00 00 FF FF FF,[],190=0.0/exp 0.0 VALUE_OK
MATCH,405,0x0CF00400,61444,58779.0,42444.549,-0.078,FF FF FF 00 00 FF FF FF,FF FF FF 00 00 FF FF FF,[],190=0.0/exp 0.0 VALUE_OK
MATCH,406,0x0CF00400,61444,58789.0,42454.552,-0.074,FF FF FF 00 00 FF FF FF,FF FF FF 00 00 FF FF FF,[],190=0.0/exp 0.0 VALUE_OK
MATCH,407,0x0CF00400,61444,58799.0,42464.555,-0.069,FF FF FF 00 00 FF FF FF,FF FF FF 00 00 FF FF FF,[],190=0.0/exp 0.0 VALUE_OK
MATCH,408,0x0CF00400,61444,58809.0,42474.553,-0.07,FF FF FF 00 00 FF FF FF,FF FF FF 00 00 FF FF FF,[],190=0.0/exp 0.0 VALUE_OK
MATCH,409,0x0CF00400,61444,58819.0,42484.556,-0.065,FF FF FF 00 00 FF FF FF,FF FF FF 00 00 FF FF FF,[],190=0.0/exp 0.0 VALUE_OK
MATCH,410,0x0CF00400,61444,58829.0,42494.543,-0.077,FF FF FF 00 00 FF FF FF,FF FF FF 00 00 FF FF FF,[],190=0.0/exp 0.0 VALUE_OK
MATCH,411,0x0CF00400,61444,58839.0,42504.546,-0.073,FF FF FF 00 00 FF FF FF,FF FF FF 00 00 FF FF FF,[],190=0.0/exp 0.0 VALUE_OK
MATCH,412,0x0CF00400,61444,58849.0,42514.545,-0.072,FF FF FF 00 00 FF FF FF,FF FF FF 00 00 FF FF FF,[],190=0.0/exp 0.0 VALUE_OK
MATCH,413,0x0CF00400,61444,58859.0,42524.548,-0.068,FF FF FF 00 00 FF FF FF,FF FF FF 00 00 FF FF FF,[],190=0.0/exp 0.0 VALUE_OK
MATCH,414,0x0CF00400,61444,58869.0,42534.538,-0.076,FF FF FF 00 00 FF FF FF,FF FF FF 00 00 FF FF FF,[],190=0.0/exp 0.0 VALUE_OK
MATCH,415,0x0CF00400,61444,58879.0,42544.537,-0.076,FF FF FF 00 00 FF FF FF,FF FF FF 00 00 FF FF FF,[],190=0.0/exp 0.0 VALUE_OK
MATCH,416,0x0CF00400,61444,58889.0,42554.54,-0.071,FF FF FF 00 00 FF FF FF,FF FF FF 00 00 FF FF FF,[],190=0.0/exp 0.0 VALUE_OK
MATCH,417,0x0CF00400,61444,58899.0,42564.539,-0.071,FF FF FF 00 00 FF FF FF,FF FF FF 00 00 FF FF FF,[],190=0.0/exp 0.0 VALUE_OK
MATCH,418,0x0CF00400,61444,58909.0,42574.542,-0.066,FF FF FF 00 00 FF FF FF,FF FF FF 00 00 FF FF FF,[],190=0.0/exp 0.0 VALUE_OK
MATCH,419,0x0CF00400,61444,58919.0,42584.532,-0.075,FF FF FF 00 00 FF FF FF,FF FF FF 00 00 FF FF FF,[],190=0.0/exp 0.0 VALUE_OK
MATCH,420,0x0CF00400,61444,58929.0,42594.531,-0.075,FF FF FF 00 00 FF FF FF,FF FF FF 00 00 FF FF FF,[],190=0.0/exp 0.0 VALUE_OK
MATCH,421,0x0CF00400,61444,58939.0,42604.534,-0.07,FF FF FF 00 00 FF FF FF,FF FF FF 00 00 FF FF FF,[],190=0.0/exp 0.0 VALUE_OK
MATCH,422,0x0CF00400,61444,58949.0,42614.533,-0.07,FF FF FF 00 00 FF FF FF,FF FF FF 00 00 FF FF FF,[],190=0.0/exp 0.0 VALUE_OK
MATCH,423,0x0CF00400,61444,58959.0,42624.536,-0.065,FF FF FF 00 00 FF FF FF,FF FF FF 00 00 FF FF FF,[],190=0.0/exp 0.0 VALUE_OK
MATCH,424,0x0CF00400,61444,58969.0,42634.523,-0.077,FF FF FF 00 00 FF FF FF,FF FF FF 00 00 FF FF FF,[],190=0.0/exp 0.0 VALUE_OK
MATCH,425,0x0CF00400,61444,58979.0,42644.521,-0.078,FF FF FF 00 00 FF FF FF,FF FF FF 00 00 FF FF FF,[],190=0.0/exp 0.0 VALUE_OK
MATCH,426,0x0CF00400,61444,58989.0,42654.528,-0.069,FF FF FF 00 00 FF FF FF,FF FF FF 00 00 FF FF FF,[],190=0.0/exp 0.0 VALUE_OK
MATCH,427,0x0CF00400,61444,58999.0,42664.531,-0.065,FF FF FF 00 00 FF FF FF,FF FF FF 00 00 FF FF FF,[],190=0.0/exp 0.0 VALUE_OK
MATCH,428,0x0CF00400,61444,59009.0,42674.518,-0.076,FF FF FF 00 00 FF FF FF,FF FF FF 00 00 FF FF FF,[],190=0.0/exp 0.0 VALUE_OK
MATCH,429,0x0CF00400,61444,59019.0,42684.521,-0.072,FF FF FF 00 00 FF FF FF,FF FF FF 00 00 FF FF FF,[],190=0.0/exp 0.0 VALUE_OK
MATCH,430,0x0CF00400,61444,59029.0,42694.519,-0.072,FF FF FF 00 00 FF FF FF,FF FF FF 00 00 FF FF FF,[],190=0.0/exp 0.0 VALUE_OK
MATCH,431,0x0CF00400,61444,59039.0,42704.522,-0.068,FF FF FF 00 00 FF FF FF,FF FF FF 00 00 FF FF FF,[],190=0.0/exp 0.0 VALUE_OK
MATCH,432,0x0CF00400,61444,59049.0,42714.525,-0.064,FF FF FF 00 00 FF FF FF,FF FF FF 00 00 FF FF FF,[],190=0.0/exp 0.0 VALUE_OK
MATCH,433,0x0CF00400,61444,59059.0,42724.512,-0.075,FF FF FF 00 00 FF FF FF,FF FF FF 00 00 FF FF FF,[],190=0.0/exp 0.0 VALUE_OK
MATCH,434,0x0CF00400,61444,59069.0,42734.511,-0.075,FF FF FF 00 00 FF FF FF,FF FF FF 00 00 FF FF FF,[],190=0.0/exp 0.0 VALUE_OK
MATCH,435,0x0CF00400,61444,59079.0,42744.513,-0.071,FF FF FF 00 00 FF FF FF,FF FF FF 00 00 FF FF FF,[],190=0.0/exp 0.0 VALUE_OK
MATCH,436,0x0CF00400,61444,59089.0,42754.517,-0.066,FF FF FF 00 00 FF FF FF,FF FF FF 00 00 FF FF FF,[],190=0.0/exp 0.0 VALUE_OK
MATCH,437,0x0CF00400,61444,59099.0,42764.515,-0.067,FF FF FF 00 00 FF FF FF,FF FF FF 00 00 FF FF FF,[],190=0.0/exp 0.0 VALUE_OK
MATCH,438,0x0CF00400,61444,59109.0,42774.506,-0.074,FF FF FF 00 00 FF FF FF,FF FF FF 00 00 FF FF FF,[],190=0.0/exp 0.0 VALUE_OK
MATCH,439,0x0CF00400,61444,59119.0,42784.509,-0.07,FF FF FF 00 00 FF FF FF,FF FF FF 00 00 FF FF FF,[],190=0.0/exp 0.0 VALUE_OK
MATCH,440,0x0CF00400,61444,59129.0,42794.508,-0.069,FF FF FF 00 00 FF FF FF,FF FF FF 00 00 FF FF FF,[],190=0.0/exp 0.0 VALUE_OK
MATCH,441,0x0CF00400,61444,59139.0,42804.51,-0.066,FF FF FF 00 00 FF FF FF,FF FF FF 00 00 FF FF FF,[],190=0.0/exp 0.0 VALUE_OK
MATCH,442,0x0CF00400,61444,59149.0,42814.498,-0.077,FF FF FF 00 00 FF FF FF,FF FF FF 00 00 FF FF FF,[],190=0.0/exp 0.0 VALUE_OK
MATCH,443,0x0CF00400,61444,59159.0,42824.5,-0.073,FF FF FF 00 00 FF FF FF,FF FF FF 00 00 FF FF FF,[],190=0.0/exp 0.0 VALUE_OK
MATCH,444,0x0CF00400,61444,59169.0,42834.499,-0.073,FF FF FF 00 00 FF FF FF,FF FF FF 00 00 FF FF FF,[],190=0.0/exp 0.0 VALUE_OK
MATCH,445,0x0CF00400,61444,59179.0,42844.502,-0.068,FF FF FF 00 00 FF FF FF,FF FF FF 00 00 FF FF FF,[],190=0.0/exp 0.0 VALUE_OK
MATCH,446,0x0CF00400,61444,59189.0,42854.5,-0.069,FF FF FF 00 00 FF FF FF,FF FF FF 00 00 FF FF FF,[],190=0.0/exp 0.0 VALUE_OK
MATCH,447,0x0CF00400,61444,59199.0,42864.491,-0.076,FF FF FF 00 00 FF FF FF,FF FF FF 00 00 FF FF FF,[],190=0.0/exp 0.0 VALUE_OK
MATCH,448,0x0CF00400,61444,59209.0,42874.494,-0.072,FF FF FF 00 00 FF FF FF,FF FF FF 00 00 FF FF FF,[],190=0.0/exp 0.0 VALUE_OK
MATCH,449,0x0CF00400,61444,59219.0,42884.493,-0.071,FF FF FF 00 00 FF FF FF,FF FF FF 00 00 FF FF FF,[],190=0.0/exp 0.0 VALUE_OK
MATCH,450,0x0CF00400,61444,59229.0,42894.492,-0.071,FF FF FF 00 00 FF FF FF,FF FF FF 00 00 FF FF FF,[],190=0.0/exp 0.0 VALUE_OK
MATCH,451,0x0CF00400,61444,59239.0,42904.495,-0.067,FF FF FF 00 00 FF FF FF,FF FF FF 00 00 FF FF FF,[],190=0.0/exp 0.0 VALUE_OK
MATCH,452,0x0CF00400,61444,59249.0,42914.486,-0.074,FF FF FF 00 00 FF FF FF,FF FF FF 00 00 FF FF FF,[],190=0.0/exp 0.0 VALUE_OK
MATCH,453,0x0CF00400,61444,59259.0,42924.484,-0.075,FF FF FF 00 00 FF FF FF,FF FF FF 00 00 FF FF FF,[],190=0.0/exp 0.0 VALUE_OK
MATCH,454,0x0CF00400,61444,59269.0,42934.487,-0.07,FF FF FF 00 00 FF FF FF,FF FF FF 00 00 FF FF FF,[],190=0.0/exp 0.0 VALUE_OK
MATCH,455,0x0CF00400,61444,59279.0,42944.486,-0.07,FF FF FF 00 00 FF FF FF,FF FF FF 00 00 FF FF FF,[],190=0.0/exp 0.0 VALUE_OK
MATCH,456,0x0CF00400,61444,59289.0,42954.489,-0.065,FF FF FF 00 00 FF FF FF,FF FF FF 00 00 FF FF FF,[],190=0.0/exp 0.0 VALUE_OK
MATCH,457,0x0CF00400,61444,59299.0,42964.476,-0.077,FF FF FF 00 00 FF FF FF,FF FF FF 00 00 FF FF FF,[],190=0.0/exp 0.0 VALUE_OK
MATCH,458,0x0CF00400,61444,59309.0,42974.478,-0.074,FF FF FF 00 00 FF FF FF,FF FF FF 00 00 FF FF FF,[],190=0.0/exp 0.0 VALUE_OK
MATCH,459,0x0CF00400,61444,59319.0,42984.481,-0.069,FF FF FF 00 00 FF FF FF,FF FF FF 00 00 FF FF FF,[],190=0.0/exp 0.0 VALUE_OK
MATCH,460,0x0CF00400,61444,59329.0,42994.484,-0.065,FF FF FF 00 00 FF FF FF,FF FF FF 00 00 FF FF FF,[],190=0.0/exp 0.0 VALUE_OK
MATCH,461,0x0CF00400,61444,59339.0,43004.471,-0.076,FF FF FF 00 00 FF FF FF,FF FF FF 00 00 FF FF FF,[],190=0.0/exp 0.0 VALUE_OK
MATCH,462,0x0CF00400,61444,59349.0,43014.474,-0.072,FF FF FF 00 00 FF FF FF,FF FF FF 00 00 FF FF FF,[],190=0.0/exp 0.0 VALUE_OK
MATCH,463,0x0CF00400,61444,59359.0,43024.473,-0.072,FF FF FF 00 00 FF FF FF,FF FF FF 00 00 FF FF FF,[],190=0.0/exp 0.0 VALUE_OK
MATCH,464,0x0CF00400,61444,59369.0,43034.475,-0.068,FF FF FF 00 00 FF FF FF,FF FF FF 00 00 FF FF FF,[],190=0.0/exp 0.0 VALUE_OK
MATCH,465,0x0CF00400,61444,59379.0,43044.462,-0.08,FF FF FF 00 00 FF FF FF,FF FF FF 00 00 FF FF FF,[],190=0.0/exp 0.0 VALUE_OK
MATCH,466,0x0CF00400,61444,59389.0,43054.465,-0.075,FF FF FF 00 00 FF FF FF,FF FF FF 00 00 FF FF FF,[],190=0.0/exp 0.0 VALUE_OK
MATCH,467,0x0CF00400,61444,59399.0,43064.468,-0.071,FF FF FF 00 00 FF FF FF,FF FF FF 00 00 FF FF FF,[],190=0.0/exp 0.0 VALUE_OK
MATCH,468,0x0CF00400,61444,59409.0,43074.466,-0.071,FF FF FF 00 00 FF FF FF,FF FF FF 00 00 FF FF FF,[],190=0.0/exp 0.0 VALUE_OK
MATCH,469,0x0CF00400,61444,59419.0,43084.469,-0.067,FF FF FF 00 00 FF FF FF,FF FF FF 00 00 FF FF FF,[],190=0.0/exp 0.0 VALUE_OK
MATCH,470,0x0CF00400,61444,59429.0,43094.456,-0.078,FF FF FF 00 00 FF FF FF,FF FF FF 00 00 FF FF FF,[],190=0.0/exp 0.0 VALUE_OK
MATCH,471,0x0CF00400,61444,59439.0,43104.459,-0.074,FF FF FF 00 00 FF FF FF,FF FF FF 00 00 FF FF FF,[],190=0.0/exp 0.0 VALUE_OK
MATCH,472,0x0CF00400,61444,59449.0,43114.462,-0.069,FF FF FF 00 00 FF FF FF,FF FF FF 00 00 FF FF FF,[],190=0.0/exp 0.0 VALUE_OK
MATCH,473,0x0CF00400,61444,59459.0,43124.46,-0.07,FF FF FF 00 00 FF FF FF,FF FF FF 00 00 FF FF FF,[],190=0.0/exp 0.0 VALUE_OK
MATCH,474,0x0CF00400,61444,59469.0,43134.463,-0.066,FF FF FF 00 00 FF FF FF,FF FF FF 00 00 FF FF FF,[],190=0.0/exp 0.0 VALUE_OK
MATCH,475,0x0CF00400,61444,59479.0,43144.446,-0.081,FF FF FF 00 00 FF FF FF,FF FF FF 00 00 FF FF FF,[],190=0.0/exp 0.0 VALUE_OK
MATCH,476,0x0CF00400,61444,59489.0,43154.453,-0.073,FF FF FF 00 00 FF FF FF,FF FF FF 00 00 FF FF FF,[],190=0.0/exp 0.0 VALUE_OK
MATCH,477,0x0CF00400,61444,59499.0,43164.452,-0.072,FF FF FF 00 00 FF FF FF,FF FF FF 00 00 FF FF FF,[],190=0.0/exp 0.0 VALUE_OK
MATCH,478,0x0CF00400,61444,59509.0,43174.455,-0.068,FF FF FF 00 00 FF FF FF,FF FF FF 00 00 FF FF FF,[],190=0.0/exp 0.0 VALUE_OK
MATCH,479,0x0CF00400,61444,59519.0,43184.458,-0.063,FF FF FF 00 00 FF FF FF,FF FF FF 00 00 FF FF FF,[],190=0.0/exp 0.0 VALUE_OK
MATCH,480,0x0CF00400,61444,59529.0,43194.444,-0.076,FF FF FF 00 00 FF FF FF,FF FF FF 00 00 FF FF FF,[],190=0.0/exp 0.0 VALUE_OK
MATCH,481,0x0CF00400,61444,59539.0,43204.443,-0.076,FF FF FF 00 00 FF FF FF,FF FF FF 00 00 FF FF FF,[],190=0.0/exp 0.0 VALUE_OK
MATCH,482,0x0CF00400,61444,59549.0,43214.446,-0.071,FF FF FF 00 00 FF FF FF,FF FF FF 00 00 FF FF FF,[],190=0.0/exp 0.0 VALUE_OK
MATCH,483,0x0CF00400,61444,59559.0,43224.449,-0.067,FF FF FF 00 00 FF FF FF,FF FF FF 00 00 FF FF FF,[],190=0.0/exp 0.0 VALUE_OK
MATCH,484,0x0CF00400,61444,59569.0,43234.447,-0.067,FF FF FF 00 00 FF FF FF,FF FF FF 00 00 FF FF FF,[],190=0.0/exp 0.0 VALUE_OK
MATCH,485,0x0CF00400,61444,59579.0,43244.438,-0.075,FF FF FF 00 00 FF FF FF,FF FF FF 00 00 FF FF FF,[],190=0.0/exp 0.0 VALUE_OK
MATCH,486,0x0CF00400,61444,59589.0,43254.437,-0.075,FF FF FF 00 00 FF FF FF,FF FF FF 00 00 FF FF FF,[],190=0.0/exp 0.0 VALUE_OK
MATCH,487,0x0CF00400,61444,59599.0,43264.44,-0.07,FF FF FF 00 00 FF FF FF,FF FF FF 00 00 FF FF FF,[],190=0.0/exp 0.0 VALUE_OK
MATCH,488,0x0CF00400,61444,59609.0,43274.439,-0.07,FF FF FF 00 00 FF FF FF,FF FF FF 00 00 FF FF FF,[],190=0.0/exp 0.0 VALUE_OK
MATCH,489,0x0CF00400,61444,59619.0,43284.442,-0.065,FF FF FF 00 00 FF FF FF,FF FF FF 00 00 FF FF FF,[],190=0.0/exp 0.0 VALUE_OK
MATCH,490,0x0CF00400,61444,59629.0,43294.429,-0.077,FF FF FF 00 00 FF FF FF,FF FF FF 00 00 FF FF FF,[],190=0.0/exp 0.0 VALUE_OK
MATCH,491,0x0CF00400,61444,59639.0,43304.431,-0.073,FF FF FF 00 00 FF FF FF,FF FF FF 00 00 FF FF FF,[],190=0.0/exp 0.0 VALUE_OK
MATCH,492,0x0CF00400,61444,59649.0,43314.43,-0.073,FF FF FF 00 00 FF FF FF,FF FF FF 00 00 FF FF FF,[],190=0.0/exp 0.0 VALUE_OK
MATCH,493,0x0CF00400,61444,59659.0,43324.433,-0.068,FF FF FF 00 00 FF FF FF,FF FF FF 00 00 FF FF FF,[],190=0.0/exp 0.0 VALUE_OK
MATCH,494,0x0CF00400,61444,59669.0,43334.436,-0.064,FF FF FF 00 00 FF FF FF,FF FF FF 00 00 FF FF FF,[],190=0.0/exp 0.0 VALUE_OK
MATCH,495,0x0CF00400,61444,59679.0,43344.423,-0.076,FF FF FF 00 00 FF FF FF,FF FF FF 00 00 FF FF FF,[],190=0.0/exp 0.0 VALUE_OK
MATCH,496,0x0CF00400,61444,59689.0,43354.426,-0.071,FF FF FF 00 00 FF FF FF,FF FF FF 00 00 FF FF FF,[],190=0.0/exp 0.0 VALUE_OK
MATCH,497,0x0CF00400,61444,59699.0,43364.424,-0.072,FF FF FF 00 00 FF FF FF,FF FF FF 00 00 FF FF FF,[],190=0.0/exp 0.0 VALUE_OK
MATCH,498,0x0CF00400,61444,59709.0,43374.427,-0.067,FF FF FF 00 00 FF FF FF,FF FF FF 00 00 FF FF FF,[],190=0.0/exp 0.0 VALUE_OK
MATCH,499,0x0CF00400,61444,59719.0,43384.414,-0.079,FF FF FF 00 00 FF FF FF,FF FF FF 00 00 FF FF FF,[],190=0.0/exp 0.0 VALUE_OK
MATCH,500,0x0CF00400,61444,59729.0,43394.441,-0.051,FF FF FF B0 36 FF FF FF,FF FF FF B0 36 FF FF FF,[],190=1750.0/exp 1750.0 VALUE_OK
MATCH,501,0x0CF00400,61444,59739.0,43404.48,-0.01,FF FF FF 1E 37 FF FF FF,FF FF FF 1E 37 FF FF FF,[],190=1763.75/exp 1763.7443 VALUE_OK
MATCH,502,0x0CF00400,61444,59749.0,43414.51,0.02,FF FF FF 8C 37 FF FF FF,FF FF FF 8C 37 FF FF FF,[],190=1777.5/exp 1777.4878 VALUE_OK
MATCH,503,0x0CF00400,61444,59759.0,43424.489,-0.002,FF FF FF FA 37 FF FF FF,FF FF FF FA 37 FF FF FF,[],190=1791.25/exp 1791.2296 VALUE_OK
UNLOGGED,,0x0CF00400,61444,,43434.48,,,FF FF FF 68 38 FF FF FF,[],
MATCH,505,0x0CF00400,61444,59779.0,43444.503,0.012,FF FF FF D6 38 FF FF FF,FF FF FF D6 38 FF FF FF,[],190=1818.75/exp 1818.7047 VALUE_OK
MATCH,506,0x0CF00400,61444,59789.0,43454.481,-0.01,FF FF FF 43 39 FF FF FF,FF FF FF 43 39 FF FF FF,[],190=1832.375/exp 1832.4363 VALUE_OK
MATCH,507,0x0CF00400,61444,59799.0,43464.476,-0.015,FF FF FF B1 39 FF FF FF,FF FF FF B1 39 FF FF FF,[],190=1846.125/exp 1846.1628 VALUE_OK
MATCH,508,0x0CF00400,61444,59809.0,43474.471,-0.019,FF FF FF 1F 3A FF FF FF,FF FF FF 1F 3A FF FF FF,[],190=1859.875/exp 1859.8834 VALUE_OK
MATCH,509,0x0CF00400,61444,59819.0,43484.494,0.004,FF FF FF 8D 3A FF FF FF,FF FF FF 8D 3A FF FF FF,[],190=1873.625/exp 1873.5972 VALUE_OK
MATCH,510,0x0CF00400,61444,59829.0,43494.477,-0.013,FF FF FF FA 3A FF FF FF,FF FF FF FA 3A FF FF FF,[],190=1887.25/exp 1887.3034 VALUE_OK
MATCH,511,0x0CF00400,61444,59839.0,43504.5,0.01,FF FF FF 68 3B FF FF FF,FF FF FF 68 3B FF FF FF,[],190=1901.0/exp 1901.0011 VALUE_OK
MATCH,512,0x0CF00400,61444,59849.0,43514.478,-0.012,FF FF FF D6 3B FF FF FF,FF FF FF D6 3B FF FF FF,[],190=1914.75/exp 1914.6895 VALUE_OK
MATCH,513,0x0CF00400,61444,59859.0,43524.505,0.015,FF FF FF 43 3C FF FF FF,FF FF FF 43 3C FF FF FF,[],190=1928.375/exp 1928.3678 VALUE_OK
MATCH,514,0x0CF00400,61444,59869.0,43534.5,0.01,FF FF FF B0 3C FF FF FF,FF FF FF B0 3C FF FF FF,[],190=1942.0/exp 1942.035 VALUE_OK
MATCH,515,0x0CF00400,61444,59879.0,43544.487,-0.003,FF FF FF 1E 3D FF FF FF,FF FF FF 1E 3D FF FF FF,[],190=1955.75/exp 1955.6904 VALUE_OK
MATCH,516,0x0CF00400,61444,59889.0,43554.498,0.008,FF FF FF 8B 3D FF FF FF,FF FF FF 8B 3D FF FF FF,[],190=1969.375/exp 1969.3332 VALUE_OK
MATCH,517,0x0CF00400,61444,59899.0,43564.476,-0.014,FF FF FF F8 3D FF FF FF,FF FF FF F8 3D FF FF FF,[],190=1983.0/exp 1982.9623 VALUE_OK
MATCH,518,0x0CF00400,61444,59909.0,43574.491,0.001,FF FF FF 65 3E FF FF FF,FF FF FF 65 3E FF FF FF,[],190=1996.625/exp 1996.5772 VALUE_OK
MATCH,519,0x0CF00400,61444,59919.0,43584.474,-0.016,FF FF FF D1 3E FF FF FF,FF FF FF D1 3E FF FF FF,[],190=2010.125/exp 2010.1768 VALUE_OK
MATCH,520,0x0CF00400,61444,59929.0,43594.453,-0.037,FF FF FF 3E 3F FF FF FF,FF FF FF 3E 3F FF FF FF,[],190=2023.75/exp 2023.7603 VALUE_OK
MATCH,521,0x0CF00400,61444,59939.0,43604.48,-0.009,FF FF FF AB 3F FF FF FF,FF FF FF AB 3F FF FF FF,[],190=2037.375/exp 2037.327 VALUE_OK
MATCH,522,0x0CF00400,61444,59949.0,43614.454,-0.035,FF FF FF 17 40 FF FF FF,FF FF FF 17 40 FF FF FF,[],190=2050.875/exp 2050.8759 VALUE_OK
MATCH,523,0x0CF00400,61444,59959.0,43624.453,-0.035,FF FF FF 83 40 FF FF FF,FF FF FF 83 40 FF FF FF,[],190=2064.375/exp 2064.4063 VALUE_OK
MATCH,524,0x0CF00400,61444,59969.0,43634.476,-0.011,FF FF FF EF 40 FF FF FF,FF FF FF EF 40 FF FF FF,[],190=2077.875/exp 2077.9173 VALUE_OK
MATCH,525,0x0CF00400,61444,59979.0,43644.463,-0.024,FF FF FF 5B 41 FF FF FF,FF FF FF 5B 41 FF FF FF,[],190=2091.375/exp 2091.4081 VALUE_OK
MATCH,526,0x0CF00400,61444,59989.0,43654.47,-0.017,FF FF FF C7 41 FF FF FF,FF FF FF C7 41 FF FF FF,[],190=2104.875/exp 2104.8778 VALUE_OK
MATCH,527,0x0CF00400,61444,59999.0,43664.469,-0.017,FF FF FF 33 42 FF FF FF,FF FF FF 33 42 FF FF FF,[],190=2118.375/exp 2118.3256 VALUE_OK
MATCH,528,0x0CF00400,61444,60009.0,43674.476,-0.01,FF FF FF 9E 42 FF FF FF,FF FF FF 9E 42 FF FF FF,[],190=2131.75/exp 2131.7507 VALUE_OK
MATCH,529,0x0CF00400,61444,60019.0,43684.439,-0.047,FF FF FF 09 43 FF FF FF,FF FF FF 09 43 FF FF FF,[],190=2145.125/exp 2145.1522 VALUE_OK
MATCH,530,0x0CF00400,61444,60029.0,43694.437,-0.048,FF FF FF 74 43 FF FF FF,FF FF FF 74 43 FF FF FF,[],190=2158.5/exp 2158.5294 VALUE_OK
MATCH,531,0x0CF00400,61444,60039.0,43704.452,-0.032,FF FF FF DF 43 FF FF FF,FF FF FF DF 43 FF FF FF,[],190=2171.875/exp 2171.8814 VALUE_OK
MATCH,532,0x0CF00400,61444,60049.0,43714.455,-0.028,FF FF FF 4A 44 FF FF FF,FF FF FF 4A 44 FF FF FF,[],190=2185.25/exp 2185.2073 VALUE_OK
MATCH,533,0x0CF00400,61444,60059.0,43724.449,-0.034,FF FF FF B4 44 FF FF FF,FF FF FF B4 44 FF FF FF,[],190=2198.5/exp 2198.5064 VALUE_OK
MATCH,534,0x0CF00400,61444,60069.0,43734.428,-0.054,FF FF FF 1E 45 FF FF FF,FF FF FF 1E 45 FF FF FF,[],190=2211.75/exp 2211.7778 VALUE_OK
MATCH,535,0x0CF00400,61444,60079.0,43744.467,-0.014,FF FF FF 88 45 FF FF FF,FF FF FF 88 45 FF FF FF,[],190=2225.0/exp 2225.0208 VALUE_OK
MATCH,536,0x0CF00400,61444,60089.0,43754.454,-0.027,FF FF FF F2 45 FF FF FF,FF FF FF F2 45 FF FF FF,[],190=2238.25/exp 2238.2344 VALUE_OK
MATCH,537,0x0CF00400,61444,60099.0,43764.437,-0.043,FF FF FF 5B 46 FF FF FF,FF FF FF 5B 46 FF FF FF,[],190=2251.375/exp 2251.418 VALUE_OK
MATCH,538,0x0CF00400,61444,60109.0,43774.436,-0.043,FF FF FF C5 46 FF FF FF,FF FF FF C5 46 FF FF FF,[],190=2264.625/exp 2264.5706 VALUE_OK
MATCH,539,0x0CF00400,61444,60119.0,43784.423,-0.055,FF FF FF 2E 47 FF FF FF,FF FF FF 2E 47 FF FF FF,[],190=2277.75/exp 2277.6914 VALUE_OK
MATCH,540,0x0CF00400,61444,60129.0,43794.453,-0.024,FF FF FF 96 47 FF FF FF,FF FF FF 96 47 FF FF FF,[],190=2290.75/exp 2290.7797 VALUE_OK
MATCH,541,0x0CF00400,61444,60139.0,43804.452,-0.025,FF FF FF FF 47 FF FF FF,FF FF FF FF 47 FF FF FF,[],190=2303.875/exp 2303.8347 VALUE_OK
MATCH,542,0x0CF00400,61444,60149.0,43814.427,-0.049,FF FF FF 67 48 FF FF FF,FF FF FF 67 48 FF FF FF,[],190=2316.875/exp 2316.8555 VALUE_OK
MATCH,543,0x0CF00400,61444,60159.0,43824.418,-0.057,FF FF FF CF 48 FF FF FF,FF FF FF CF 48 FF FF FF,[],190=2329.875/exp 2329.8413 VALUE_OK
MATCH,544,0x0CF00400,61444,60169.0,43834.444,-0.03,FF FF FF 36 49 FF FF FF,FF FF FF 36 49 FF FF FF,[],190=2342.75/exp 2342.7914 VALUE_OK
MATCH,545,0x0CF00400,61444,60179.0,43844.435,-0.039,FF FF FF 9E 49 FF FF FF,FF FF FF 9E 49 FF FF FF,[],190=2355.75/exp 2355.7048 VALUE_OK
MATCH,546,0x0CF00400,61444,60189.0,43854.426,-0.047,FF FF FF 05 4A FF FF FF,FF FF FF 05 4A FF FF FF,[],190=2368.625/exp 2368.581 VALUE_OK
MATCH,547,0x0CF00400,61444,60199.0,43864.409,-0.063,FF FF FF 6B 4A FF FF FF,FF FF FF 6B 4A FF FF FF,[],190=2381.375/exp 2381.4189 VALUE_OK
UNLOGGED,,0x0CF00400,61444,,43874.444,,,FF FF FF D2 4A FF FF FF,[],
MATCH,549,0x0CF00400,61444,60219.0,43884.427,-0.044,FF FF FF 38 4B FF FF FF,FF FF FF 38 4B FF FF FF,[],190=2407.0/exp 2406.9772 VALUE_OK
MATCH,550,0x0CF00400,61444,60229.0,43894.413,-0.057,FF FF FF 9E 4B FF FF FF,FF FF FF 9E 4B FF FF FF,[],190=2419.75/exp 2419.696 VALUE_OK
MATCH,551,0x0CF00400,61444,60239.0,43904.408,-0.061,FF FF FF 03 4C FF FF FF,FF FF FF 03 4C FF FF FF,[],190=2432.375/exp 2432.3735 VALUE_OK
MATCH,552,0x0CF00400,61444,60249.0,43914.407,-0.06,FF FF FF 68 4C FF FF FF,FF FF FF 68 4C FF FF FF,[],190=2445.0/exp 2445.0088 VALUE_OK
UNLOGGED,,0x0CF00400,61444,,43924.418,,,FF FF FF CD 4C FF FF FF,[],
MATCH,554,0x0CF00400,61444,60269.0,43934.421,-0.045,FF FF FF 31 4D FF FF FF,FF FF FF 31 4D FF FF FF,[],190=2470.125/exp 2470.1501 VALUE_OK
MATCH,555,0x0CF00400,61444,60279.0,43944.432,-0.033,FF FF FF 95 4D FF FF FF,FF FF FF 95 4D FF FF FF,[],190=2482.625/exp 2482.6545 VALUE_OK
MATCH,556,0x0CF00400,61444,60289.0,43954.442,-0.023,FF FF FF F9 4D FF FF FF,FF FF FF F9 4D FF FF FF,[],190=2495.125/exp 2495.1138 VALUE_OK
MATCH,557,0x0CF00400,61444,60299.0,43964.389,-0.075,FF FF FF 5C 4E FF FF FF,FF FF FF 5C 4E FF FF FF,[],190=2507.5/exp 2507.527 VALUE_OK
MATCH,558,0x0CF00400,61444,60309.0,43974.404,-0.059,FF FF FF BF 4E FF FF FF,FF FF FF BF 4E FF FF FF,[],190=2519.875/exp 2519.8935 VALUE_OK
MATCH,559,0x0CF00400,61444,60319.0,43984.403,-0.059,FF FF FF 22 4F FF FF FF,FF FF FF 22 4F FF FF FF,[],190=2532.25/exp 2532.2126 VALUE_OK
MATCH,560,0x0CF00400,61444,60329.0,43994.422,-0.038,FF FF FF 84 4F FF FF FF,FF FF FF 84 4F FF FF FF,[],190=2544.5/exp 2544.4834 VALUE_OK
MATCH,561,0x0CF00400,61444,60339.0,44004.424,-0.036,FF FF FF E6 4F FF FF FF,FF FF FF E6 4F FF FF FF,[],190=2556.75/exp 2556.7052 VALUE_OK
MATCH,562,0x0CF00400,61444,60349.0,44014.419,-0.04,FF FF FF 47 50 FF FF FF,FF FF FF 47 50 FF FF FF,[],190=2568.875/exp 2568.8772 VALUE_OK
MATCH,563,0x0CF00400,61444,60359.0,44024.386,-0.072,FF FF FF A8 50 FF FF FF,FF FF FF A8 50 FF FF FF,[],190=2581.0/exp 2580.9987 VALUE_OK
MATCH,564,0x0CF00400,61444,60369.0,44034.401,-0.056,FF FF FF 09 51 FF FF FF,FF FF FF 09 51 FF FF FF,[],190=2593.125/exp 2593.0689 VALUE_OK
MATCH,565,0x0CF00400,61444,60379.0,44044.412,-0.044,FF FF FF 69 51 FF FF FF,FF FF FF 69 51 FF FF FF,[],190=2605.125/exp 2605.0872 VALUE_OK
MATCH,566,0x0CF00400,61444,60389.0,44054.383,-0.072,FF FF FF C8 51 FF FF FF,FF FF FF C8 51 FF FF FF,[],190=2617.0/exp 2617.0527 VALUE_OK
MATCH,567,0x0CF00400,61444,60399.0,44064.381,-0.072,FF FF FF 28 52 FF FF FF,FF FF FF 28 52 FF FF FF,[],190=2629.0/exp 2628.9647 VALUE_OK
MATCH,568,0x0CF00400,61444,60409.0,44074.424,-0.028,FF FF FF 87 52 FF FF FF,FF FF FF 87 52 FF FF FF,[],190=2640.875/exp 2640.8225 VALUE_OK
MATCH,569,0x0CF00400,61444,60419.0,44084.415,-0.036,FF FF FF E5 52 FF FF FF,FF FF FF E5 52 FF FF FF,[],190=2652.625/exp 2652.6253 VALUE_OK
MATCH,570,0x0CF00400,61444,60429.0,44094.398,-0.053,FF FF FF 43 53 FF FF FF,FF FF FF 43 53 FF FF FF,[],190=2664.375/exp 2664.3725 VALUE_OK
MATCH,571,0x0CF00400,61444,60439.0,44104.388,-0.061,FF FF FF A1 53 FF FF FF,FF FF FF A1 53 FF FF FF,[],190=2676.125/exp 2676.0633 VALUE_OK
MATCH,572,0x0CF00400,61444,60449.0,44114.379,-0.069,FF FF FF FE 53 FF FF FF,FF FF FF FE 53 FF FF FF,[],190=2687.75/exp 2687.6969 VALUE_OK
MATCH,573,0x0CF00400,61444,60459.0,44124.402,-0.045,FF FF FF 5A 54 FF FF FF,FF FF FF 5A 54 FF FF FF,[],190=2699.25/exp 2699.2727 VALUE_OK
MATCH,574,0x0CF00400,61444,60469.0,44134.397,-0.049,FF FF FF B6 54 FF FF FF,FF FF FF B6 54 FF FF FF,[],190=2710.75/exp 2710.7899 VALUE_OK
MATCH,575,0x0CF00400,61444,60479.0,44144.376,-0.069,FF FF FF 12 55 FF FF FF,FF FF FF 12 55 FF FF FF,[],190=2722.25/exp 2722.2479 VALUE_OK
MATCH,576,0x0CF00400,61444,60489.0,44154.371,-0.073,FF FF FF 6D 55 FF FF FF,FF FF FF 6D 55 FF FF FF,[],190=2733.625/exp 2733.6459 VALUE_OK
MATCH,577,0x0CF00400,61444,60499.0,44164.409,-0.033,FF FF FF C8 55 FF FF FF,FF FF FF C8 55 FF FF FF,[],190=2745.0/exp 2744.9832 VALUE_OK
MATCH,578,0x0CF00400,61444,60509.0,44174.392,-0.049,FF FF FF 22 56 FF FF FF,FF FF FF 22 56 FF FF FF,[],190=2756.25/exp 2756.2592 VALUE_OK
MATCH,579,0x0CF00400,61444,60519.0,44184.379,-0.061,FF FF FF 7C 56 FF FF FF,FF FF FF 7C 56 FF FF FF,[],190=2767.5/exp 2767.4731 VALUE_OK
MATCH,580,0x0CF00400,61444,60529.0,44194.37,-0.069,FF FF FF D5 56 FF FF FF,FF FF FF D5 56 FF FF FF,[],190=2778.625/exp 2778.6242 VALUE_OK
MATCH,581,0x0CF00400,61444,60539.0,44204.357,-0.081,FF FF FF 2E 57 FF FF FF,FF FF FF 2E 57 FF FF FF,[],190=2789.75/exp 2789.7119 VALUE_OK
MATCH,582,0x0CF00400,61444,60549.0,44214.399,-0.037,FF FF FF 86 57 FF FF FF,FF FF FF 86 57 FF FF FF,[],190=2800.75/exp 2800.7354 VALUE_OK
MATCH,583,0x0CF00400,61444,60559.0,44224.378,-0.058,FF FF FF DE 57 FF FF FF,FF FF FF DE 57 FF FF FF,[],190=2811.75/exp 2811.6941 VALUE_OK
MATCH,584,0x0CF00400,61444,60569.0,44234.357,-0.077,FF FF FF 35 58 FF FF FF,FF FF FF 35 58 FF FF FF,[],190=2822.625/exp 2822.5873 VALUE_OK
MATCH,585,0x0CF00400,61444,60579.0,44244.352,-0.081,FF FF FF 8B 58 FF FF FF,FF FF FF 8B 58 FF FF FF,[],190=2833.375/exp 2833.4144 VALUE_OK
MATCH,586,0x0CF00400,61444,60589.0,44254.387,-0.044,FF FF FF E1 58 FF FF FF,FF FF FF E1 58 FF FF FF,[],190=2844.125/exp 2844.1746 VALUE_OK
MATCH,587,0x0CF00400,61444,60599.0,44264.374,-0.056,FF FF FF 37 59 FF FF FF,FF FF FF 37 59 FF FF FF,[],190=2854.875/exp 2854.8674 VALUE_OK
MATCH,588,0x0CF00400,61444,60609.0,44274.368,-0.061,FF FF FF 8C 59 FF FF FF,FF FF FF 8C 59 FF FF FF,[],190=2865.5/exp 2865.492 VALUE_OK
MATCH,589,0x0CF00400,61444,60619.0,44284.36,-0.068,FF FF FF E0 59 FF FF FF,FF FF FF E0 59 FF FF FF,[],190=2876.0/exp 2876.0478 VALUE_OK
MATCH,590,0x0CF00400,61444,60629.0,44294.39,-0.037,FF FF FF 34 5A FF FF FF,FF FF FF 34 5A FF FF FF,[],190=2886.5/exp 2886.5341 VALUE_OK
MATCH,591,0x0CF00400,61444,60639.0,44304.381,-0.045,FF FF FF 88 5A FF FF FF,FF FF FF 88 5A FF FF FF,[],190=2897.0/exp 2896.9503 VALUE_OK
MATCH,592,0x0CF00400,61444,60649.0,44314.368,-0.057,FF FF FF DA 5A FF FF FF,FF FF FF DA 5A FF FF FF,[],190=2907.25/exp 2907.2958 VALUE_OK
MATCH,593,0x0CF00400,61444,60659.0,44324.351,-0.073,FF FF FF 2D 5B FF FF FF,FF FF FF 2D 5B FF FF FF,[],190=2917.625/exp 2917.5698 VALUE_OK
MATCH,594,0x0CF00400,61444,60669.0,44334.345,-0.077,FF FF FF 7E 5B FF FF FF,FF FF FF 7E 5B FF FF FF,[],190=2927.75/exp 2927.7719 VALUE_OK
MATCH,595,0x0CF00400,61444,60679.0,44344.376,-0.045,FF FF FF CF 5B FF FF FF,FF FF FF CF 5B FF FF FF,[],190=2937.875/exp 2937.9013 VALUE_OK
MATCH,596,0x0CF00400,61444,60689.0,44354.367,-0.053,FF FF FF 20 5C FF FF FF,FF FF FF 20 5C FF FF FF,[],190=2948.0/exp 2947.9574 VALUE_OK
MATCH,597,0x0CF00400,61444,60699.0,44364.346,-0.073,FF FF FF 70 5C FF FF FF,FF FF FF 70 5C FF FF FF,[],190=2958.0/exp 2957.9397 VALUE_OK
MATCH,598,0x0CF00400,61444,60709.0,44374.341,-0.076,FF FF FF BF 5C FF FF FF,FF FF FF BF 5C FF FF FF,[],190=2967.875/exp 2967.8474 VALUE_OK
MATCH,599,0x0CF00400,61444,60719.0,44384.372,-0.044,FF FF FF 0D 5D FF FF FF,FF FF FF 0D 5D FF FF FF,[],190=2977.625/exp 2977.68 VALUE_OK
MATCH,600,0x0CF00400,61444,60729.0,44394.37,-0.045,FF FF FF 5B 5D FF FF FF,FF FF FF 5B 5D FF FF FF,[],190=2987.375/exp 2987.4369 VALUE_OK
MATCH,601,0x0CF00400,61444,60739.0,44404.385,-0.029,FF FF FF A9 5D FF FF FF,FF FF FF A9 5D FF FF FF,[],190=2997.125/exp 2997.1174 VALUE_OK
MATCH,602,0x0CF00400,61444,60749.0,44414.416,0.002,FF FF FF F6 5D FF FF FF,FF FF FF F6 5D FF FF FF,[],190=3006.75/exp 3006.721 VALUE_OK
MATCH,603,0x0CF00400,61444,60759.0,44424.379,-0.035,FF FF FF 42 5E FF FF FF,FF FF FF 42 5E FF FF FF,[],190=3016.25/exp 3016.2471 VALUE_OK
MATCH,604,0x0CF00400,61444,60769.0,44434.349,-0.064,FF FF FF 8E 5E FF FF FF,FF FF FF 8E 5E FF FF FF,[],190=3025.75/exp 3025.6951 VALUE_OK
MATCH,605,0x0CF00400,61444,60779.0,44444.38,-0.032,FF FF FF D9 5E FF FF FF,FF FF FF D9 5E FF FF FF,[],190=3035.125/exp 3035.0644 VALUE_OK
MATCH,606,0x0CF00400,61444,60789.0,44454.351,-0.06,FF FF FF 23 5F FF FF FF,FF FF FF 23 5F FF FF FF,[],190=3044.375/exp 3044.3544 VALUE_OK
MATCH,607,0x0CF00400,61444,60799.0,44464.386,-0.024,FF FF FF 6D 5F FF FF FF,FF FF FF 6D 5F FF FF FF,[],190=3053.625/exp 3053.5646 VALUE_OK
MATCH,608,0x0CF00400,61444,60809.0,44474.357,-0.052,FF FF FF B6 5F FF FF FF,FF FF FF B6 5F FF FF FF,[],190=3062.75/exp 3062.6944 VALUE_OK
MATCH,609,0x0CF00400,61444,60819.0,44484.4,-0.008,FF FF FF FE 5F FF FF FF,FF FF FF FE 5F FF FF FF,[],190=3071.75/exp 3071.7432 VALUE_OK
MATCH,610,0x0CF00400,61444,60829.0,44494.362,-0.046,FF FF FF 46 60 FF FF FF,FF FF FF 46 60 FF FF FF,[],190=3080.75/exp 3080.7104 VALUE_OK
MATCH,611,0x0CF00400,61444,60839.0,44504.353,-0.054,FF FF FF 8D 60 FF FF FF,FF FF FF 8D 60 FF FF FF,[],190=3089.625/exp 3089.5956 VALUE_OK
MATCH,612,0x0CF00400,61444,60849.0,44514.396,-0.01,FF FF FF D3 60 FF FF FF,FF FF FF D3 60 FF FF FF,[],190=3098.375/exp 3098.3982 VALUE_OK
MATCH,613,0x0CF00400,61444,60859.0,44524.351,-0.055,FF FF FF 19 61 FF FF FF,FF FF FF 19 61 FF FF FF,[],190=3107.125/exp 3107.1176 VALUE_OK
MATCH,614,0x0CF00400,61444,60869.0,44534.39,-0.015,FF FF FF 5E 61 FF FF FF,FF FF FF 5E 61 FF FF FF,[],190=3115.75/exp 3115.7532 VALUE_OK
MATCH,615,0x0CF00400,61444,60879.0,44544.357,-0.047,FF FF FF A2 61 FF FF FF,FF FF FF A2 61 FF FF FF,[],190=3124.25/exp 3124.3046 VALUE_OK
MATCH,616,0x0CF00400,61444,60889.0,44554.387,-0.017,FF FF FF E6 61 FF FF FF,FF FF FF E6 61 FF FF FF,[],190=3132.75/exp 3132.7713 VALUE_OK
MATCH,617,0x0CF00400,61444,60899.0,44564.35,-0.053,FF FF FF 29 62 FF FF FF,FF FF FF 29 62 FF FF FF,[],190=3141.125/exp 3141.1526 VALUE_OK
MATCH,618,0x0CF00400,61444,60909.0,44574.385,-0.017,FF FF FF 6C 62 FF FF FF,FF FF FF 6C 62 FF FF FF,[],190=3149.5/exp 3149.4482 VALUE_OK
MATCH,619,0x0CF00400,61444,60919.0,44584.356,-0.046,FF FF FF AD 62 FF FF FF,FF FF FF AD 62 FF FF FF,[],190=3157.625/exp 3157.6574 VALUE_OK
MATCH,620,0x0CF00400,61444,60929.0,44594.334,-0.067,FF FF FF EE 62 FF FF FF,FF FF FF EE 62 FF FF FF,[],190=3165.75/exp 3165.7797 VALUE_OK
MATCH,621,0x0CF00400,61444,60939.0,44604.353,-0.047,FF FF FF 2F 63 FF FF FF,FF FF FF 2F 63 FF FF FF,[],190=3173.875/exp 3173.8148 VALUE_OK
MATCH,622,0x0CF00400,61444,60949.0,44614.344,-0.055,FF FF FF 6E 63 FF FF FF,FF FF FF 6E 63 FF FF FF,[],190=3181.75/exp 3181.762 VALUE_OK
MATCH,623,0x0CF00400,61444,60959.0,44624.339,-0.059,FF FF FF AD 63 FF FF FF,FF FF FF AD 63 FF FF FF,[],190=3189.625/exp 3189.6209 VALUE_OK
MATCH,624,0x0CF00400,61444,60969.0,44634.374,-0.022,FF FF FF EB 63 FF FF FF,FF FF FF EB 63 FF FF FF,[],190=3197.375/exp 3197.391 VALUE_OK
MATCH,625,0x0CF00400,61444,60979.0,44644.341,-0.055,FF FF FF 29 64 FF FF FF,FF FF FF 29 64 FF FF FF,[],190=3205.125/exp 3205.0718 VALUE_OK
MATCH,626,0x0CF00400,61444,60989.0,44654.34,-0.055,FF FF FF 65 64 FF FF FF,FF FF FF 65 64 FF FF FF,[],190=3212.625/exp 3212.6629 VALUE_OK
MATCH,627,0x0CF00400,61444,60999.0,44664.374,-0.02,FF FF FF A1 64 FF FF FF,FF FF FF A1 64 FF FF FF,[],190=3220.125/exp 3220.1637 VALUE_OK
MATCH,628,0x0CF00400,61444,61009.0,44674.349,-0.044,FF FF FF DD 64 FF FF FF,FF FF FF DD 64 FF FF FF,[],190=3227.625/exp 3227.5739 VALUE_OK
MATCH,629,0x0CF00400,61444,61019.0,44684.324,-0.068,FF FF FF 17 65 FF FF FF,FF FF FF 17 65 FF FF FF,[],190=3234.875/exp 3234.8929 VALUE_OK
MATCH,630,0x0CF00400,61444,61029.0,44694.343,-0.048,FF FF FF 51 65 FF FF FF,FF FF FF 51 65 FF FF FF,[],190=3242.125/exp 3242.1203 VALUE_OK
MATCH,631,0x0CF00400,61444,61039.0,44704.366,-0.024,FF FF FF 8A 65 FF FF FF,FF FF FF 8A 65 FF FF FF,[],190=3249.25/exp 3249.2557 VALUE_OK
MATCH,632,0x0CF00400,61444,61049.0,44714.341,-0.049,FF FF FF C2 65 FF FF FF,FF FF FF C2 65 FF FF FF,[],190=3256.25/exp 3256.2985 VALUE_OK
MATCH,633,0x0CF00400,61444,61059.0,44724.375,-0.014,FF FF FF FA 65 FF FF FF,FF FF FF FA 65 FF FF FF,[],190=3263.25/exp 3263.2485 VALUE_OK
MATCH,634,0x0CF00400,61444,61069.0,44734.346,-0.042,FF FF FF 31 66 FF FF FF,FF FF FF 31 66 FF FF FF,[],190=3270.125/exp 3270.1052 VALUE_OK
MATCH,635,0x0CF00400,61444,61079.0,44744.329,-0.059,FF FF FF 67 66 FF FF FF,FF FF FF 67 66 FF FF FF,[],190=3276.875/exp 3276.868 VALUE_OK
MATCH,636,0x0CF00400,61444,61089.0,44754.304,-0.082,FF FF FF 9C 66 FF FF FF,FF FF FF 9C 66 FF FF FF,[],190=3283.5/exp 3283.5367 VALUE_OK
MATCH,637,0x0CF00400,61444,61099.0,44764.326,-0.059,FF FF FF D1 66 FF FF FF,FF FF FF D1 66 FF FF FF,[],190=3290.125/exp 3290.1108 VALUE_OK
MATCH,638,0x0CF00400,61444,61109.0,44774.333,-0.051,FF FF FF 05 67 FF FF FF,FF FF FF 05 67 FF FF FF,[],190=3296.625/exp 3296.5899 VALUE_OK
MATCH,639,0x0CF00400,61444,61119.0,44784.352,-0.031,FF FF FF 38 67 FF FF FF,FF FF FF 38 67 FF FF FF,[],190=3303.0/exp 3302.9735 VALUE_OK
MATCH,640,0x0CF00400,61444,61129.0,44794.327,-0.055,FF FF FF 6A 67 FF FF FF,FF FF FF 6A 67 FF FF FF,[],190=3309.25/exp 3309.2614 VALUE_OK
MATCH,641,0x0CF00400,61444,61139.0,44804.306,-0.075,FF FF FF 9C 67 FF FF FF,FF FF FF 9C 67 FF FF FF,[],190=3315.5/exp 3315.4531 VALUE_OK
MATCH,642,0x0CF00400,61444,61149.0,44814.325,-0.054,FF FF FF CC 67 FF FF FF,FF FF FF CC 67 FF FF FF,[],190=3321.5/exp 3321.5483 VALUE_OK
MATCH,643,0x0CF00400,61444,61159.0,44824.351,-0.027,FF FF FF FC 67 FF FF FF,FF FF FF FC 67 FF FF FF,[],190=3327.5/exp 3327.5465 VALUE_OK
MATCH,644,0x0CF00400,61444,61169.0,44834.302,-0.076,FF FF FF 2C 68 FF FF FF,FF FF FF 2C 68 FF FF FF,[],190=3333.5/exp 3333.4473 VALUE_OK
MATCH,645,0x0CF00400,61444,61179.0,44844.325,-0.051,FF FF FF 5A 68 FF FF FF,FF FF FF 5A 68 FF FF FF,[],190=3339.25/exp 3339.2506 VALUE_OK
MATCH,646,0x0CF00400,61444,61189.0,44854.296,-0.079,FF FF FF 88 68 FF FF FF,FF FF FF 88 68 FF FF FF,[],190=3345.0/exp 3344.9557 VALUE_OK
MATCH,647,0x0CF00400,61444,61199.0,44864.319,-0.055,FF FF FF B5 68 FF FF FF,FF FF FF B5 68 FF FF FF,[],190=3350.625/exp 3350.5625 VALUE_OK
MATCH,648,0x0CF00400,61444,61209.0,44874.337,-0.035,FF FF FF E1 68 FF FF FF,FF FF FF E1 68 FF FF FF,[],190=3356.125/exp 3356.0706 VALUE_OK
MATCH,649,0x0CF00400,61444,61219.0,44884.301,-0.071,FF FF FF 0C 69 FF FF FF,FF FF FF 0C 69 FF FF FF,[],190=3361.5/exp 3361.4796 VALUE_OK
MATCH,650,0x0CF00400,61444,61229.0,44894.315,-0.055,FF FF FF 36 69 FF FF FF,FF FF FF 36 69 FF FF FF,[],190=3366.75/exp 3366.7892 VALUE_OK
MATCH,651,0x0CF00400,61444,61239.0,44904.298,-0.071,FF FF FF 60 69 FF FF FF,FF FF FF 60 69 FF FF FF,[],190=3372.0/exp 3371.999 VALUE_OK
MATCH,652,0x0CF00400,61444,61249.0,44914.321,-0.047,FF FF FF 89 69 FF FF FF,FF FF FF 89 69 FF FF FF,[],190=3377.125/exp 3377.1089 VALUE_OK
MATCH,653,0x0CF00400,61444,61259.0,44924.335,-0.032,FF FF FF B1 69 FF FF FF,FF FF FF B1 69 FF FF FF,[],190=3382.125/exp 3382.1183 VALUE_OK
MATCH,654,0x0CF00400,61444,61269.0,44934.298,-0.068,FF FF FF D8 69 FF FF FF,FF FF FF D8 69 FF FF FF,[],190=3387.0/exp 3387.0271 VALUE_OK
MATCH,655,0x0CF00400,61444,61279.0,44944.317,-0.048,FF FF FF FF 69 FF FF FF,FF FF FF FF 69 FF FF FF,[],190=3391.875/exp 3391.8348 VALUE_OK
MATCH,656,0x0CF00400,61444,61289.0,44954.328,-0.036,FF FF FF 24 6A FF FF FF,FF FF FF 24 6A FF FF FF,[],190=3396.5/exp 3396.5413 VALUE_OK
MATCH,657,0x0CF00400,61444,61299.0,44964.287,-0.076,FF FF FF 49 6A FF FF FF,FF FF FF 49 6A FF FF FF,[],190=3401.125/exp 3401.1463 VALUE_OK
MATCH,658,0x0CF00400,61444,61309.0,44974.302,-0.06,FF FF FF 6D 6A FF FF FF,FF FF FF 6D 6A FF FF FF,[],190=3405.625/exp 3405.6494 VALUE_OK
MATCH,659,0x0CF00400,61444,61319.0,44984.333,-0.027,FF FF FF 90 6A FF FF FF,FF FF FF 90 6A FF FF FF,[],190=3410.0/exp 3410.0503 VALUE_OK
MATCH,660,0x0CF00400,61444,61329.0,44994.295,-0.065,FF FF FF B3 6A FF FF FF,FF FF FF B3 6A FF FF FF,[],190=3414.375/exp 3414.3489 VALUE_OK
MATCH,661,0x0CF00400,61444,61339.0,45004.31,-0.049,FF FF FF D4 6A FF FF FF,FF FF FF D4 6A FF FF FF,[],190=3418.5/exp 3418.5448 VALUE_OK
MATCH,662,0x0CF00400,61444,61349.0,45014.273,-0.085,FF FF FF F5 6A FF FF FF,FF FF FF F5 6A FF FF FF,[],190=3422.625/exp 3422.6378 VALUE_OK
MATCH,663,0x0CF00400,61444,61359.0,45024.272,-0.084,FF FF FF 15 6B FF FF FF,FF FF FF 15 6B FF FF FF,[],190=3426.625/exp 3426.6276 VALUE_OK
MATCH,664,0x0CF00400,61444,61369.0,45034.31,-0.044,FF FF FF 34 6B FF FF FF,FF FF FF 34 6B FF FF FF,[],190=3430.5/exp 3430.5139 VALUE_OK
MATCH,665,0x0CF00400,61444,61379.0,45044.293,-0.06,FF FF FF 52 6B FF FF FF,FF FF FF 52 6B FF FF FF,[],190=3434.25/exp 3434.2967 VALUE_OK
MATCH,666,0x0CF00400,61444,61389.0,45054.272,-0.08,FF FF FF 70 6B FF FF FF,FF FF FF 70 6B FF FF FF,[],190=3438.0/exp 3437.9755 VALUE_OK
MATCH,667,0x0CF00400,61444,61399.0,45064.303,-0.048,FF FF FF 8C 6B FF FF FF,FF FF FF 8C 6B FF FF FF,[],190=3441.5/exp 3441.5502 VALUE_OK
MATCH,668,0x0CF00400,61444,61409.0,45074.282,-0.068,FF FF FF A8 6B FF FF FF,FF FF FF A8 6B FF FF FF,[],190=3445.0/exp 3445.0205 VALUE_OK
MATCH,669,0x0CF00400,61444,61419.0,45084.264,-0.084,FF FF FF C3 6B FF FF FF,FF FF FF C3 6B FF FF FF,[],190=3448.375/exp 3448.3863 VALUE_OK
MATCH,670,0x0CF00400,61444,61429.0,45094.303,-0.044,FF FF FF DD 6B FF FF FF,FF FF FF DD 6B FF FF FF,[],190=3451.625/exp 3451.6474 VALUE_OK
MATCH,671,0x0CF00400,61444,61439.0,45104.274,-0.072,FF FF FF F6 6B FF FF FF,FF FF FF F6 6B FF FF FF,[],190=3454.75/exp 3454.8034 VALUE_OK
MATCH,672,0x0CF00400,61444,61449.0,45114.297,-0.047,FF FF FF 0F 6C FF FF FF,FF FF FF 0F 6C FF FF FF,[],190=3457.875/exp 3457.8543 VALUE_OK
MATCH,673,0x0CF00400,61444,61459.0,45124.276,-0.067,FF FF FF 26 6C FF FF FF,FF FF FF 26 6C FF FF FF,[],190=3460.75/exp 3460.7999 VALUE_OK
MATCH,674,0x0CF00400,61444,61469.0,45134.255,-0.087,FF FF FF 3D 6C FF FF FF,FF FF FF 3D 6C FF FF FF,[],190=3463.625/exp 3463.6399 VALUE_OK
MATCH,675,0x0CF00400,61444,61479.0,45144.29,-0.05,FF FF FF 53 6C FF FF FF,FF FF FF 53 6C FF FF FF,[],190=3466.375/exp 3466.3742 VALUE_OK
MATCH,676,0x0CF00400,61444,61489.0,45154.289,-0.05,FF FF FF 68 6C FF FF FF,FF FF FF 68 6C FF FF FF,[],190=3469.0/exp 3469.0027 VALUE_OK
MATCH,677,0x0CF00400,61444,61499.0,45164.275,-0.063,FF FF FF 7C 6C FF FF FF,FF FF FF 7C 6C FF FF FF,[],190=3471.5/exp 3471.5251 VALUE_OK
MATCH,678,0x0CF00400,61444,61509.0,45174.25,-0.087,FF FF FF 90 6C FF FF FF,FF FF FF 90 6C FF FF FF,[],190=3474.0/exp 3473.9413 VALUE_OK
MATCH,679,0x0CF00400,61444,61519.0,45184.277,-0.058,FF FF FF A2 6C FF FF FF,FF FF FF A2 6C FF FF FF,[],190=3476.25/exp 3476.2512 VALUE_OK
MATCH,680,0x0CF00400,61444,61529.0,45194.26,-0.074,FF FF FF B4 6C FF FF FF,FF FF FF B4 6C FF FF FF,[],190=3478.5/exp 3478.4546 VALUE_OK
MATCH,681,0x0CF00400,61444,61539.0,45204.29,-0.043,FF FF FF C4 6C FF FF FF,FF FF FF C4 6C FF FF FF,[],190=3480.5/exp 3480.5514 VALUE_OK
MATCH,682,0x0CF00400,61444,61549.0,45214.265,-0.067,FF FF FF D4 6C FF FF FF,FF FF FF D4 6C FF FF FF,[],190=3482.5/exp 3482.5414 VALUE_OK
MATCH,683,0x0CF00400,61444,61559.0,45224.244,-0.086,FF FF FF E3 6C FF FF FF,FF FF FF E3 6C FF FF FF,[],190=3484.375/exp 3484.4246 VALUE_OK
MATCH,684,0x0CF00400,61444,61569.0,45234.275,-0.054,FF FF FF F2 6C FF FF FF,FF FF FF F2 6C FF FF FF,[],190=3486.25/exp 3486.2007 VALUE_OK
MATCH,685,0x0CF00400,61444,61579.0,45244.254,-0.074,FF FF FF FF 6C FF FF FF,FF FF FF FF 6C FF FF FF,[],190=3487.875/exp 3487.8698 VALUE_OK
MATCH,686,0x0CF00400,61444,61589.0,45254.284,-0.042,FF FF FF 0B 6D FF FF FF,FF FF FF 0B 6D FF FF FF,[],190=3489.375/exp 3489.4317 VALUE_OK
MATCH,687,0x0CF00400,61444,61599.0,45264.264,-0.061,FF FF FF 17 6D FF FF FF,FF FF FF 17 6D FF FF FF,[],190=3490.875/exp 3490.8862 VALUE_OK
MATCH,688,0x0CF00400,61444,61609.0,45274.258,-0.066,FF FF FF 22 6D FF FF FF,FF FF FF 22 6D FF FF FF,[],190=3492.25/exp 3492.2334 VALUE_OK
MATCH,689,0x0CF00400,61444,61619.0,45284.237,-0.086,FF FF FF 2C 6D FF FF FF,FF FF FF 2C 6D FF FF FF,[],190=3493.5/exp 3493.4732 VALUE_OK
MATCH,690,0x0CF00400,61444,61629.0,45294.268,-0.053,FF FF FF 35 6D FF FF FF,FF FF FF 35 6D FF FF FF,[],190=3494.625/exp 3494.6053 VALUE_OK
UNLOGGED,,0x0CF00400,61444,,45304.251,,,FF FF FF 3D 6D FF FF FF,[],
MATCH,692,0x0CF00400,61444,61649.0,45314.226,-0.094,FF FF FF 44 6D FF FF FF,FF FF FF 44 6D FF FF FF,[],190=3496.5/exp 3496.5468 VALUE_OK
MATCH,693,0x0CF00400,61444,61659.0,45324.252,-0.066,FF FF FF 4B 6D FF FF FF,FF FF FF 4B 6D FF FF FF,[],190=3497.375/exp 3497.3559 VALUE_OK
MATCH,694,0x0CF00400,61444,61669.0,45334.239,-0.078,FF FF FF 50 6D FF FF FF,FF FF FF 50 6D FF FF FF,[],190=3498.0/exp 3498.0573 VALUE_OK
MATCH,695,0x0CF00400,61444,61679.0,45344.262,-0.053,FF FF FF 55 6D FF FF FF,FF FF FF 55 6D FF FF FF,[],190=3498.625/exp 3498.6508 VALUE_OK
MATCH,696,0x0CF00400,61444,61689.0,45354.237,-0.077,FF FF FF 59 6D FF FF FF,FF FF FF 59 6D FF FF FF,[],190=3499.125/exp 3499.1365 VALUE_OK
MATCH,697,0x0CF00400,61444,61699.0,45364.219,-0.094,FF FF FF 5C 6D FF FF FF,FF FF FF 5C 6D FF FF FF,[],190=3499.5/exp 3499.5143 VALUE_OK
MATCH,698,0x0CF00400,61444,61709.0,45374.25,-0.061,FF FF FF 5E 6D FF FF FF,FF FF FF 5E 6D FF FF FF,[],190=3499.75/exp 3499.7841 VALUE_OK
MATCH,699,0x0CF00400,61444,61719.0,45384.229,-0.081,FF FF FF 60 6D FF FF FF,FF FF FF 60 6D FF FF FF,[],190=3500.0/exp 3499.946 VALUE_OK
MATCH,700,0x0CF00400,61444,61729.0,45394.216,-0.092,FF FF FF 60 6D FF FF FF,FF FF FF 60 6D FF FF FF,[],190=3500.0/exp 3500.0 VALUE_OK
MATCH,701,0x0CF00400,61444,61739.0,45404.223,-0.083,FF FF FF 60 6D FF FF FF,FF FF FF 60 6D FF FF FF,[],190=3500.0/exp 3499.946 VALUE_OK
MATCH,702,0x0CF00400,61444,61749.0,45414.21,-0.094,FF FF FF 5E 6D FF FF FF,FF FF FF 5E 6D FF FF FF,[],190=3499.75/exp 3499.7841 VALUE_OK
MATCH,703,0x0CF00400,61444,61759.0,45424.261,-0.042,FF FF FF 5C 6D FF FF FF,FF FF FF 5C 6D FF FF FF,[],190=3499.5/exp 3499.5143 VALUE_OK
MATCH,704,0x0CF00400,61444,61769.0,45434.243,-0.059,FF FF FF 59 6D FF FF FF,FF FF FF 59 6D FF FF FF,[],190=3499.125/exp 3499.1365 VALUE_OK
MATCH,705,0x0CF00400,61444,61779.0,45444.234,-0.067,FF FF FF 55 6D FF FF FF,FF FF FF 55 6D FF FF FF,[],190=3498.625/exp 3498.6508 VALUE_OK
MATCH,706,0x0CF00400,61444,61789.0,45454.233,-0.066,FF FF FF 50 6D FF FF FF,FF FF FF 50 6D FF FF FF,[],190=3498.0/exp 3498.0573 VALUE_OK
MATCH,707,0x0CF00400,61444,61799.0,45464.216,-0.082,FF FF FF 4B 6D FF FF FF,FF FF FF 4B 6D FF FF FF,[],190=3497.375/exp 3497.3559 VALUE_OK
MATCH,708,0x0CF00400,61444,61809.0,45474.211,-0.085,FF FF FF 44 6D FF FF FF,FF FF FF 44 6D FF FF FF,[],190=3496.5/exp 3496.5468 VALUE_OK
MATCH,709,0x0CF00400,61444,61819.0,45484.205,-0.09,FF FF FF 3D 6D FF FF FF,FF FF FF 3D 6D FF FF FF,[],190=3495.625/exp 3495.6299 VALUE_OK
MATCH,710,0x0CF00400,61444,61829.0,45494.244,-0.049,FF FF FF 35 6D FF FF FF,FF FF FF 35 6D FF FF FF,[],190=3494.625/exp 3494.6053 VALUE_OK
MATCH,711,0x0CF00400,61444,61839.0,45504.235,-0.057,FF FF FF 2C 6D FF FF FF,FF FF FF 2C 6D FF FF FF,[],190=3493.5/exp 3493.4732 VALUE_OK
MATCH,712,0x0CF00400,61444,61849.0,45514.226,-0.065,FF FF FF 22 6D FF FF FF,FF FF FF 22 6D FF FF FF,[],190=3492.25/exp 3492.2334 VALUE_OK
MATCH,713,0x0CF00400,61444,61859.0,45524.245,-0.044,FF FF FF 17 6D FF FF FF,FF FF FF 17 6D FF FF FF,[],190=3490.875/exp 3490.8862 VALUE_OK
MATCH,714,0x0CF00400,61444,61869.0,45534.235,-0.053,FF FF FF 0B 6D FF FF FF,FF FF FF 0B 6D FF FF FF,[],190=3489.375/exp 3489.4317 VALUE_OK
MATCH,715,0x0CF00400,61444,61879.0,45544.227,-0.06,FF FF FF FF 6C FF FF FF,FF FF FF FF 6C FF FF FF,[],190=3487.875/exp 3487.8698 VALUE_OK
MATCH,716,0x0CF00400,61444,61889.0,45554.213,-0.073,FF FF FF F2 6C FF FF FF,FF FF FF F2 6C FF FF FF,[],190=3486.25/exp 3486.2007 VALUE_OK
MATCH,717,0x0CF00400,61444,61899.0,45564.204,-0.081,FF FF FF E3 6C FF FF FF,FF FF FF E3 6C FF FF FF,[],190=3484.375/exp 3484.4246 VALUE_OK
MATCH,718,0x0CF00400,61444,61909.0,45574.19,-0.093,FF FF FF D4 6C FF FF FF,FF FF FF D4 6C FF FF FF,[],190=3482.5/exp 3482.5414 VALUE_OK
MATCH,719,0x0CF00400,61444,61919.0,45584.185,-0.096,FF FF FF C4 6C FF FF FF,FF FF FF C4 6C FF FF FF,[],190=3480.5/exp 3480.5514 VALUE_OK
MATCH,720,0x0CF00400,61444,61929.0,45594.236,-0.043,FF FF FF B4 6C FF FF FF,FF FF FF B4 6C FF FF FF,[],190=3478.5/exp 3478.4546 VALUE_OK
MATCH,721,0x0CF00400,61444,61939.0,45604.219,-0.059,FF FF FF A2 6C FF FF FF,FF FF FF A2 6C FF FF FF,[],190=3476.25/exp 3476.2512 VALUE_OK
MATCH,722,0x0CF00400,61444,61949.0,45614.214,-0.063,FF FF FF 90 6C FF FF FF,FF FF FF 90 6C FF FF FF,[],190=3474.0/exp 3473.9413 VALUE_OK
MATCH,723,0x0CF00400,61444,61959.0,45624.209,-0.067,FF FF FF 7C 6C FF FF FF,FF FF FF 7C 6C FF FF FF,[],190=3471.5/exp 3471.5251 VALUE_OK
MATCH,724,0x0CF00400,61444,61969.0,45634.187,-0.088,FF FF FF 68 6C FF FF FF,FF FF FF 68 6C FF FF FF,[],190=3469.0/exp 3469.0027 VALUE_OK
MATCH,725,0x0CF00400,61444,61979.0,45644.182,-0.091,FF FF FF 53 6C FF FF FF,FF FF FF 53 6C FF FF FF,[],190=3466.375/exp 3466.3742 VALUE_OK
MATCH,726,0x0CF00400,61444,61989.0,45654.197,-0.074,FF FF FF 3D 6C FF FF FF,FF FF FF 3D 6C FF FF FF,[],190=3463.625/exp 3463.6399 VALUE_OK
MATCH,727,0x0CF00400,61444,61999.0,45664.184,-0.086,FF FF FF 26 6C FF FF FF,FF FF FF 26 6C FF FF FF,[],190=3460.75/exp 3460.7999 VALUE_OK
MATCH,728,0x0CF00400,61444,62009.0,45674.175,-0.093,FF FF FF 0F 6C FF FF FF,FF FF FF 0F 6C FF FF FF,[],190=3457.875/exp 3457.8543 VALUE_OK
MATCH,729,0x0CF00400,61444,62019.0,45684.173,-0.093,FF FF FF F6 6B FF FF FF,FF FF FF F6 6B FF FF FF,[],190=3454.75/exp 3454.8034 VALUE_OK
MATCH,730,0x0CF00400,61444,62029.0,45694.224,-0.04,FF FF FF DD 6B FF FF FF,FF FF FF DD 6B FF FF FF,[],190=3451.625/exp 3451.6474 VALUE_OK
MATCH,731,0x0CF00400,61444,62039.0,45704.211,-0.052,FF FF FF C3 6B FF FF FF,FF FF FF C3 6B FF FF FF,[],190=3448.375/exp 3448.3863 VALUE_OK
MATCH,732,0x0CF00400,61444,62049.0,45714.206,-0.056,FF FF FF A8 6B FF FF FF,FF FF FF A8 6B FF FF FF,[],190=3445.0/exp 3445.0205 VALUE_OK
MATCH,733,0x0CF00400,61444,62059.0,45724.197,-0.064,FF FF FF 8C 6B FF FF FF,FF FF FF 8C 6B FF FF FF,[],190=3441.5/exp 3441.5502 VALUE_OK
MATCH,734,0x0CF00400,61444,62069.0,45734.192,-0.068,FF FF FF 70 6B FF FF FF,FF FF FF 70 6B FF FF FF,[],190=3438.0/exp 3437.9755 VALUE_OK
MATCH,735,0x0CF00400,61444,62079.0,45744.187,-0.072,FF FF FF 52 6B FF FF FF,FF FF FF 52 6B FF FF FF,[],190=3434.25/exp 3434.2967 VALUE_OK
MATCH,736,0x0CF00400,61444,62089.0,45754.173,-0.084,FF FF FF 34 6B FF FF FF,FF FF FF 34 6B FF FF FF,[],190=3430.5/exp 3430.5139 VALUE_OK
MATCH,737,0x0CF00400,61444,62099.0,45764.164,-0.091,FF FF FF 15 6B FF FF FF,FF FF FF 15 6B FF FF FF,[],190=3426.625/exp 3426.6276 VALUE_OK
MATCH,738,0x0CF00400,61444,62109.0,45774.183,-0.071,FF FF FF F5 6A FF FF FF,FF FF FF F5 6A FF FF FF,[],190=3422.625/exp 3422.6378 VALUE_OK
MATCH,739,0x0CF00400,61444,62119.0,45784.198,-0.054,FF FF FF D4 6A FF FF FF,FF FF FF D4 6A FF FF FF,[],190=3418.5/exp 3418.5448 VALUE_OK
MATCH,740,0x0CF00400,61444,62129.0,45794.176,-0.075,FF FF FF B3 6A FF FF FF,FF FF FF B3 6A FF FF FF,[],190=3414.375/exp 3414.3489 VALUE_OK
MATCH,741,0x0CF00400,61444,62139.0,45804.203,-0.047,FF FF FF 90 6A FF FF FF,FF FF FF 90 6A FF FF FF,[],190=3410.0/exp 3410.0503 VALUE_OK
MATCH,742,0x0CF00400,61444,62149.0,45814.162,-0.087,FF FF FF 6D 6A FF FF FF,FF FF FF 6D 6A FF FF FF,[],190=3405.625/exp 3405.6494 VALUE_OK
MATCH,743,0x0CF00400,61444,62159.0,45824.197,-0.05,FF FF FF 49 6A FF FF FF,FF FF FF 49 6A FF FF FF,[],190=3401.125/exp 3401.1463 VALUE_OK
MATCH,744,0x0CF00400,61444,62169.0,45834.172,-0.074,FF FF FF 24 6A FF FF FF,FF FF FF 24 6A FF FF FF,[],190=3396.5/exp 3396.5413 VALUE_OK
MATCH,745,0x0CF00400,61444,62179.0,45844.211,-0.033,FF FF FF FF 69 FF FF FF,FF FF FF FF 69 FF FF FF,[],190=3391.875/exp 3391.8348 VALUE_OK
MATCH,746,0x0CF00400,61444,62189.0,45854.186,-0.058,FF FF FF D8 69 FF FF FF,FF FF FF D8 69 FF FF FF,[],190=3387.0/exp 3387.0271 VALUE_OK
MATCH,747,0x0CF00400,61444,62199.0,45864.153,-0.09,FF FF FF B1 69 FF FF FF,FF FF FF B1 69 FF FF FF,[],190=3382.125/exp 3382.1183 VALUE_OK
MATCH,748,0x0CF00400,61444,62209.0,45874.187,-0.054,FF FF FF 89 69 FF FF FF,FF FF FF 89 69 FF FF FF,[],190=3377.125/exp 3377.1089 VALUE_OK
MATCH,749,0x0CF00400,61444,62219.0,45884.158,-0.082,FF FF FF 60 69 FF FF FF,FF FF FF 60 69 FF FF FF,[],190=3372.0/exp 3371.999 VALUE_OK
MATCH,750,0x0CF00400,61444,62229.0,45894.189,-0.049,FF FF FF 36 69 FF FF FF,FF FF FF 36 69 FF FF FF,[],190=3366.75/exp 3366.7892 VALUE_OK
MATCH,751,0x0CF00400,61444,62239.0,45904.187,-0.05,FF FF FF 0C 69 FF FF FF,FF FF FF 0C 69 FF FF FF,[],190=3361.5/exp 3361.4796 VALUE_OK
MATCH,752,0x0CF00400,61444,62249.0,45914.159,-0.077,FF FF FF E1 68 FF FF FF,FF FF FF E1 68 FF FF FF,[],190=3356.125/exp 3356.0706 VALUE_OK
MATCH,753,0x0CF00400,61444,62259.0,45924.189,-0.046,FF FF FF B5 68 FF FF FF,FF FF FF B5 68 FF FF FF,[],190=3350.625/exp 3350.5625 VALUE_OK
MATCH,754,0x0CF00400,61444,62269.0,45934.16,-0.074,FF FF FF 88 68 FF FF FF,FF FF FF 88 68 FF FF FF,[],190=3345.0/exp 3344.9557 VALUE_OK
MATCH,755,0x0CF00400,61444,62279.0,45944.139,-0.093,FF FF FF 5A 68 FF FF FF,FF FF FF 5A 68 FF FF FF,[],190=3339.25/exp 3339.2506 VALUE_OK
MATCH,756,0x0CF00400,61444,62289.0,45954.17,-0.06,FF FF FF 2C 68 FF FF FF,FF FF FF 2C 68 FF FF FF,[],190=3333.5/exp 3333.4473 VALUE_OK
MATCH,757,0x0CF00400,61444,62299.0,45964.196,-0.033,FF FF FF FC 67 FF FF FF,FF FF FF FC 67 FF FF FF,[],190=3327.5/exp 3327.5465 VALUE_OK
MATCH,758,0x0CF00400,61444,62309.0,45974.147,-0.081,FF FF FF CC 67 FF FF FF,FF FF FF CC 67 FF FF FF,[],190=3321.5/exp 3321.5483 VALUE_OK
MATCH,759,0x0CF00400,61444,62319.0,45984.166,-0.061,FF FF FF 9C 67 FF FF FF,FF FF FF 9C 67 FF FF FF,[],190=3315.5/exp 3315.4531 VALUE_OK
MATCH,760,0x0CF00400,61444,62329.0,45994.133,-0.093,FF FF FF 6A 67 FF FF FF,FF FF FF 6A 67 FF FF FF,[],190=3309.25/exp 3309.2614 VALUE_OK
MATCH,761,0x0CF00400,61444,62339.0,46004.164,-0.06,FF FF FF 38 67 FF FF FF,FF FF FF 38 67 FF FF FF,[],190=3303.0/exp 3302.9735 VALUE_OK
MATCH,762,0x0CF00400,61444,62349.0,46014.134,-0.089,FF FF FF 05 67 FF FF FF,FF FF FF 05 67 FF FF FF,[],190=3296.625/exp 3296.5899 VALUE_OK
MATCH,763,0x0CF00400,61444,62359.0,46024.141,-0.08,FF FF FF D1 66 FF FF FF,FF FF FF D1 66 FF FF FF,[],190=3290.125/exp 3290.1108 VALUE_OK
MATCH,764,0x0CF00400,61444,62369.0,46034.156,-0.063,FF FF FF 9C 66 FF FF FF,FF FF FF 9C 66 FF FF FF,[],190=3283.5/exp 3283.5367 VALUE_OK
MATCH,765,0x0CF00400,61444,62379.0,46044.135,-0.083,FF FF FF 67 66 FF FF FF,FF FF FF 67 66 FF FF FF,[],190=3276.875/exp 3276.868 VALUE_OK
MATCH,766,0x0CF00400,61444,62389.0,46054.174,-0.042,FF FF FF 31 66 FF FF FF,FF FF FF 31 66 FF FF FF,[],190=3270.125/exp 3270.1052 VALUE_OK
MATCH,767,0x0CF00400,61444,62399.0,46064.16,-0.055,FF FF FF FA 65 FF FF FF,FF FF FF FA 65 FF FF FF,[],190=3263.25/exp 3263.2485 VALUE_OK
MATCH,768,0x0CF00400,61444,62409.0,46074.131,-0.083,FF FF FF C2 65 FF FF FF,FF FF FF C2 65 FF FF FF,[],190=3256.25/exp 3256.2985 VALUE_OK
MATCH,769,0x0CF00400,61444,62419.0,46084.174,-0.039,FF FF FF 8A 65 FF FF FF,FF FF FF 8A 65 FF FF FF,[],190=3249.25/exp 3249.2557 VALUE_OK
MATCH,770,0x0CF00400,61444,62429.0,46094.125,-0.087,FF FF FF 51 65 FF FF FF,FF FF FF 51 65 FF FF FF,[],190=3242.125/exp 3242.1203 VALUE_OK
MATCH,771,0x0CF00400,61444,62439.0,46104.148,-0.062,FF FF FF 17 65 FF FF FF,FF FF FF 17 65 FF FF FF,[],190=3234.875/exp 3234.8929 VALUE_OK
MATCH,772,0x0CF00400,61444,62449.0,46114.131,-0.078,FF FF FF DD 64 FF FF FF,FF FF FF DD 64 FF FF FF,[],190=3227.625/exp 3227.5739 VALUE_OK
MATCH,773,0x0CF00400,61444,62459.0,46124.158,-0.049,FF FF FF A1 64 FF FF FF,FF FF FF A1 64 FF FF FF,[],190=3220.125/exp 3220.1637 VALUE_OK
MATCH,774,0x0CF00400,61444,62469.0,46134.112,-0.094,FF FF FF 65 64 FF FF FF,FF FF FF 65 64 FF FF FF,[],190=3212.625/exp 3212.6629 VALUE_OK
MATCH,775,0x0CF00400,61444,62479.0,46144.131,-0.073,FF FF FF 29 64 FF FF FF,FF FF FF 29 64 FF FF FF,[],190=3205.125/exp 3205.0718 VALUE_OK
MATCH,776,0x0CF00400,61444,62489.0,46154.126,-0.077,FF FF FF EB 63 FF FF FF,FF FF FF EB 63 FF FF FF,[],190=3197.375/exp 3197.391 VALUE_OK
MATCH,777,0x0CF00400,61444,62499.0,46164.145,-0.056,FF FF FF AD 63 FF FF FF,FF FF FF AD 63 FF FF FF,[],190=3189.625/exp 3189.6209 VALUE_OK
MATCH,778,0x0CF00400,61444,62509.0,46174.119,-0.081,FF FF FF 6E 63 FF FF FF,FF FF FF 6E 63 FF FF FF,[],190=3181.75/exp 3181.762 VALUE_OK
UNLOGGED,,0x0CF00400,61444,,46184.102,,,FF FF FF 2F 63 FF FF FF,[],
MATCH,780,0x0CF00400,61444,62529.0,46194.125,-0.074,FF FF FF EE 62 FF FF FF,FF FF FF EE 62 FF FF FF,[],190=3165.75/exp 3165.7797 VALUE_OK
MATCH,781,0x0CF00400,61444,62539.0,46204.136,-0.061,FF FF FF AD 62 FF FF FF,FF FF FF AD 62 FF FF FF,[],190=3157.625/exp 3157.6574 VALUE_OK
MATCH,782,0x0CF00400,61444,62549.0,46214.099,-0.097,FF FF FF 6C 62 FF FF FF,FF FF FF 6C 62 FF FF FF,[],190=3149.5/exp 3149.4482 VALUE_OK
MATCH,783,0x0CF00400,61444,62559.0,46224.11,-0.084,FF FF FF 29 62 FF FF FF,FF FF FF 29 62 FF FF FF,[],190=3141.125/exp 3141.1526 VALUE_OK
MATCH,784,0x0CF00400,61444,62569.0,46234.137,-0.055,FF FF FF E6 61 FF FF FF,FF FF FF E6 61 FF FF FF,[],190=3132.75/exp 3132.7713 VALUE_OK
MATCH,785,0x0CF00400,61444,62579.0,46244.099,-0.092,FF FF FF A2 61 FF FF FF,FF FF FF A2 61 FF FF FF,[],190=3124.25/exp 3124.3046 VALUE_OK
MATCH,786,0x0CF00400,61444,62589.0,46254.114,-0.075,FF FF FF 5E 61 FF FF FF,FF FF FF 5E 61 FF FF FF,[],190=3115.75/exp 3115.7532 VALUE_OK
MATCH,787,0x0CF00400,61444,62599.0,46264.129,-0.059,FF FF FF 19 61 FF FF FF,FF FF FF 19 61 FF FF FF,[],190=3107.125/exp 3107.1176 VALUE_OK
MATCH,788,0x0CF00400,61444,62609.0,46274.144,-0.043,FF FF FF D3 60 FF FF FF,FF FF FF D3 60 FF FF FF,[],190=3098.375/exp 3098.3982 VALUE_OK
MATCH,789,0x0CF00400,61444,62619.0,46284.123,-0.063,FF FF FF 8D 60 FF FF FF,FF FF FF 8D 60 FF FF FF,[],190=3089.625/exp 3089.5956 VALUE_OK
MATCH,790,0x0CF00400,61444,62629.0,46294.093,-0.092,FF FF FF 46 60 FF FF FF,FF FF FF 46 60 FF FF FF,[],190=3080.75/exp 3080.7104 VALUE_OK
MATCH,791,0x0CF00400,61444,62639.0,46304.121,-0.062,FF FF FF FE 5F FF FF FF,FF FF FF FE 5F FF FF FF,[],190=3071.75/exp 3071.7432 VALUE_OK
MATCH,792,0x0CF00400,61444,62649.0,46314.127,-0.055,FF FF FF B6 5F FF FF FF,FF FF FF B6 5F FF FF FF,[],190=3062.75/exp 3062.6944 VALUE_OK
MATCH,793,0x0CF00400,61444,62659.0,46324.086,-0.094,FF FF FF 6D 5F FF FF FF,FF FF FF 6D 5F FF FF FF,[],190=3053.625/exp 3053.5646 VALUE_OK
MATCH,794,0x0CF00400,61444,62669.0,46334.101,-0.078,FF FF FF 23 5F FF FF FF,FF FF FF 23 5F FF FF FF,[],190=3044.375/exp 3044.3544 VALUE_OK
MATCH,795,0x0CF00400,61444,62679.0,46344.116,-0.061,FF FF FF D9 5E FF FF FF,FF FF FF D9 5E FF FF FF,[],190=3035.125/exp 3035.0644 VALUE_OK
MATCH,796,0x0CF00400,61444,62689.0,46354.074,-0.102,FF FF FF 8E 5E FF FF FF,FF FF FF 8E 5E FF FF FF,[],190=3025.75/exp 3025.6951 VALUE_OK
MATCH,797,0x0CF00400,61444,62699.0,46364.093,-0.081,FF FF FF 42 5E FF FF FF,FF FF FF 42 5E FF FF FF,[],190=3016.25/exp 3016.2471 VALUE_OK
MATCH,798,0x0CF00400,61444,62709.0,46374.116,-0.056,FF FF FF F6 5D FF FF FF,FF FF FF F6 5D FF FF FF,[],190=3006.75/exp 3006.721 VALUE_OK
MATCH,799,0x0CF00400,61444,62719.0,46384.075,-0.096,FF FF FF A9 5D FF FF FF,FF FF FF A9 5D FF FF FF,[],190=2997.125/exp 2997.1174 VALUE_OK
MATCH,800,0x0CF00400,61444,62729.0,46394.125,-0.044,FF FF FF 5B 5D FF FF FF,FF FF FF 5B 5D FF FF FF,[],190=2987.375/exp 2987.4369 VALUE_OK
MATCH,801,0x0CF00400,61444,62739.0,46404.104,-0.064,FF FF FF 0D 5D FF FF FF,FF FF FF 0D 5D FF FF FF,[],190=2977.625/exp 2977.68 VALUE_OK
MATCH,802,0x0CF00400,61444,62749.0,46414.107,-0.06,FF FF FF BF 5C FF FF FF,FF FF FF BF 5C FF FF FF,[],190=2967.875/exp 2967.8474 VALUE_OK
MATCH,803,0x0CF00400,61444,62759.0,46424.102,-0.064,FF FF FF 70 5C FF FF FF,FF FF FF 70 5C FF FF FF,[],190=2958.0/exp 2957.9397 VALUE_OK
MATCH,804,0x0CF00400,61444,62769.0,46434.113,-0.051,FF FF FF 20 5C FF FF FF,FF FF FF 20 5C FF FF FF,[],190=2948.0/exp 2947.9574 VALUE_OK
MATCH,805,0x0CF00400,61444,62779.0,46444.112,-0.051,FF FF FF CF 5B FF FF FF,FF FF FF CF 5B FF FF FF,[],190=2937.875/exp 2937.9013 VALUE_OK
MATCH,806,0x0CF00400,61444,62789.0,46454.114,-0.048,FF FF FF 7E 5B FF FF FF,FF FF FF 7E 5B FF FF FF,[],190=2927.75/exp 2927.7719 VALUE_OK
MATCH,807,0x0CF00400,61444,62799.0,46464.109,-0.052,FF FF FF 2D 5B FF FF FF,FF FF FF 2D 5B FF FF FF,[],190=2917.625/exp 2917.5698 VALUE_OK
MATCH,808,0x0CF00400,61444,62809.0,46474.072,-0.088,FF FF FF DA 5A FF FF FF,FF FF FF DA 5A FF FF FF,[],190=2907.25/exp 2907.2958 VALUE_OK
MATCH,809,0x0CF00400,61444,62819.0,46484.075,-0.084,FF FF FF 88 5A FF FF FF,FF FF FF 88 5A FF FF FF,[],190=2897.0/exp 2896.9503 VALUE_OK
MATCH,810,0x0CF00400,61444,62829.0,46494.074,-0.083,FF FF FF 34 5A FF FF FF,FF FF FF 34 5A FF FF FF,[],190=2886.5/exp 2886.5341 VALUE_OK
MATCH,811,0x0CF00400,61444,62839.0,46504.08,-0.075,FF FF FF E0 59 FF FF FF,FF FF FF E0 59 FF FF FF,[],190=2876.0/exp 2876.0478 VALUE_OK
MATCH,812,0x0CF00400,61444,62849.0,46514.076,-0.078,FF FF FF 8C 59 FF FF FF,FF FF FF 8C 59 FF FF FF,[],190=2865.5/exp 2865.492 VALUE_OK
MATCH,813,0x0CF00400,61444,62859.0,46524.11,-0.042,FF FF FF 37 59 FF FF FF,FF FF FF 37 59 FF FF FF,[],190=2854.875/exp 2854.8674 VALUE_OK
MATCH,814,0x0CF00400,61444,62869.0,46534.113,-0.038,FF FF FF E1 58 FF FF FF,FF FF FF E1 58 FF FF FF,[],190=2844.125/exp 2844.1746 VALUE_OK
MATCH,815,0x0CF00400,61444,62879.0,46544.108,-0.043,FF FF FF 8B 58 FF FF FF,FF FF FF 8B 58 FF FF FF,[],190=2833.375/exp 2833.4144 VALUE_OK
MATCH,816,0x0CF00400,61444,62889.0,46554.106,-0.044,FF FF FF 35 58 FF FF FF,FF FF FF 35 58 FF FF FF,[],190=2822.625/exp 2822.5873 VALUE_OK
MATCH,817,0x0CF00400,61444,62899.0,46564.054,-0.095,FF FF FF DE 57 FF FF FF,FF FF FF DE 57 FF FF FF,[],190=2811.75/exp 2811.6941 VALUE_OK
MATCH,818,0x0CF00400,61444,62909.0,46574.064,-0.083,FF FF FF 86 57 FF FF FF,FF FF FF 86 57 FF FF FF,[],190=2800.75/exp 2800.7354 VALUE_OK
MATCH,819,0x0CF00400,61444,62919.0,46584.055,-0.09,FF FF FF 2E 57 FF FF FF,FF FF FF 2E 57 FF FF FF,[],190=2789.75/exp 2789.7119 VALUE_OK
MATCH,820,0x0CF00400,61444,62929.0,46594.058,-0.086,FF FF FF D5 56 FF FF FF,FF FF FF D5 56 FF FF FF,[],190=2778.625/exp 2778.6242 VALUE_OK
MATCH,821,0x0CF00400,61444,62939.0,46604.061,-0.081,FF FF FF 7C 56 FF FF FF,FF FF FF 7C 56 FF FF FF,[],190=2767.5/exp 2767.4731 VALUE_OK
MATCH,822,0x0CF00400,61444,62949.0,46614.06,-0.08,FF FF FF 22 56 FF FF FF,FF FF FF 22 56 FF FF FF,[],190=2756.25/exp 2756.2592 VALUE_OK
MATCH,823,0x0CF00400,61444,62959.0,46624.066,-0.073,FF FF FF C8 55 FF FF FF,FF FF FF C8 55 FF FF FF,[],190=2745.0/exp 2744.9832 VALUE_OK
MATCH,824,0x0CF00400,61444,62969.0,46634.065,-0.072,FF FF FF 6D 55 FF FF FF,FF FF FF 6D 55 FF FF FF,[],190=2733.625/exp 2733.6459 VALUE_OK
MATCH,825,0x0CF00400,61444,62979.0,46644.068,-0.068,FF FF FF 12 55 FF FF FF,FF FF FF 12 55 FF FF FF,[],190=2722.25/exp 2722.2479 VALUE_OK
MATCH,826,0x0CF00400,61444,62989.0,46654.051,-0.083,FF FF FF B6 54 FF FF FF,FF FF FF B6 54 FF FF FF,[],190=2710.75/exp 2710.7899 VALUE_OK
MATCH,827,0x0CF00400,61444,62999.0,46664.049,-0.084,FF FF FF 5A 54 FF FF FF,FF FF FF 5A 54 FF FF FF,[],190=2699.25/exp 2699.2727 VALUE_OK
MATCH,828,0x0CF00400,61444,63009.0,46674.068,-0.063,FF FF FF FE 53 FF FF FF,FF FF FF FE 53 FF FF FF,[],190=2687.75/exp 2687.6969 VALUE_OK
MATCH,829,0x0CF00400,61444,63019.0,46684.067,-0.063,FF FF FF A1 53 FF FF FF,FF FF FF A1 53 FF FF FF,[],190=2676.125/exp 2676.0633 VALUE_OK
MATCH,830,0x0CF00400,61444,63029.0,46694.066,-0.063,FF FF FF 43 53 FF FF FF,FF FF FF 43 53 FF FF FF,[],190=2664.375/exp 2664.3725 VALUE_OK
MATCH,831,0x0CF00400,61444,63039.0,46704.073,-0.054,FF FF FF E5 52 FF FF FF,FF FF FF E5 52 FF FF FF,[],190=2652.625/exp 2652.6253 VALUE_OK
MATCH,832,0x0CF00400,61444,63049.0,46714.072,-0.054,FF FF FF 87 52 FF FF FF,FF FF FF 87 52 FF FF FF,[],190=2640.875/exp 2640.8225 VALUE_OK
UNLOGGED,,0x0CF00400,61444,,46724.062,,,FF FF FF 28 52 FF FF FF,[],
MATCH,834,0x0CF00400,61444,63069.0,46734.085,-0.04,FF FF FF C8 51 FF FF FF,FF FF FF C8 51 FF FF FF,[],190=2617.0/exp 2617.0527 VALUE_OK
MATCH,835,0x0CF00400,61444,63079.0,46744.044,-0.08,FF FF FF 69 51 FF FF FF,FF FF FF 69 51 FF FF FF,[],190=2605.125/exp 2605.0872 VALUE_OK
MATCH,836,0x0CF00400,61444,63089.0,46754.067,-0.056,FF FF FF 09 51 FF FF FF,FF FF FF 09 51 FF FF FF,[],190=2593.125/exp 2593.0689 VALUE_OK
MATCH,837,0x0CF00400,61444,63099.0,46764.074,-0.048,FF FF FF A8 50 FF FF FF,FF FF FF A8 50 FF FF FF,[],190=2581.0/exp 2580.9987 VALUE_OK
MATCH,838,0x0CF00400,61444,63109.0,46774.04,-0.081,FF FF FF 47 50 FF FF FF,FF FF FF 47 50 FF FF FF,[],190=2568.875/exp 2568.8772 VALUE_OK
MATCH,839,0x0CF00400,61444,63119.0,46784.055,-0.064,FF FF FF E6 4F FF FF FF,FF FF FF E6 4F FF FF FF,[],190=2556.75/exp 2556.7052 VALUE_OK
MATCH,840,0x0CF00400,61444,63129.0,46794.062,-0.056,FF FF FF 84 4F FF FF FF,FF FF FF 84 4F FF FF FF,[],190=2544.5/exp 2544.4834 VALUE_OK
MATCH,841,0x0CF00400,61444,63139.0,46804.049,-0.068,FF FF FF 22 4F FF FF FF,FF FF FF 22 4F FF FF FF,[],190=2532.25/exp 2532.2126 VALUE_OK
MATCH,842,0x0CF00400,61444,63149.0,46814.056,-0.059,FF FF FF BF 4E FF FF FF,FF FF FF BF 4E FF FF FF,[],190=2519.875/exp 2519.8935 VALUE_OK
MATCH,843,0x0CF00400,61444,63159.0,46824.055,-0.059,FF FF FF 5C 4E FF FF FF,FF FF FF 5C 4E FF FF FF,[],190=2507.5/exp 2507.527 VALUE_OK
UNLOGGED,,0x0CF00400,61444,,46834.07,,,FF FF FF F9 4D FF FF FF,[],
MATCH,845,0x0CF00400,61444,63179.0,46844.068,-0.045,FF FF FF 95 4D FF FF FF,FF FF FF 95 4D FF FF FF,[],190=2482.625/exp 2482.6545 VALUE_OK
MATCH,846,0x0CF00400,61444,63189.0,46854.063,-0.049,FF FF FF 31 4D FF FF FF,FF FF FF 31 4D FF FF FF,[],190=2470.125/exp 2470.1501 VALUE_OK
MATCH,847,0x0CF00400,61444,63199.0,46864.066,-0.045,FF FF FF CD 4C FF FF FF,FF FF FF CD 4C FF FF FF,[],190=2457.625/exp 2457.6013 VALUE_OK
MATCH,848,0x0CF00400,61444,63209.0,46874.001,-0.109,FF FF FF 68 4C FF FF FF,FF FF FF 68 4C FF FF FF,[],190=2445.0/exp 2445.0088 VALUE_OK
MATCH,849,0x0CF00400,61444,63219.0,46884.011,-0.097,FF FF FF 03 4C FF FF FF,FF FF FF 03 4C FF FF FF,[],190=2432.375/exp 2432.3735 VALUE_OK
MATCH,850,0x0CF00400,61444,63229.0,46894.01,-0.096,FF FF FF 9E 4B FF FF FF,FF FF FF 9E 4B FF FF FF,[],190=2419.75/exp 2419.696 VALUE_OK
MATCH,851,0x0CF00400,61444,63239.0,46904.045,-0.059,FF FF FF 38 4B FF FF FF,FF FF FF 38 4B FF FF FF,[],190=2407.0/exp 2406.9772 VALUE_OK
MATCH,852,0x0CF00400,61444,63249.0,46914.052,-0.051,FF FF FF D2 4A FF FF FF,FF FF FF D2 4A FF FF FF,[],190=2394.25/exp 2394.218 VALUE_OK
MATCH,853,0x0CF00400,61444,63259.0,46924.047,-0.055,FF FF FF 6B 4A FF FF FF,FF FF FF 6B 4A FF FF FF,[],190=2381.375/exp 2381.4189 VALUE_OK
MATCH,854,0x0CF00400,61444,63269.0,46934.054,-0.047,FF FF FF 05 4A FF FF FF,FF FF FF 05 4A FF FF FF,[],190=2368.625/exp 2368.581 VALUE_OK
MATCH,855,0x0CF00400,61444,63279.0,46944.056,-0.044,FF FF FF 9E 49 FF FF FF,FF FF FF 9E 49 FF FF FF,[],190=2355.75/exp 2355.7048 VALUE_OK
MATCH,856,0x0CF00400,61444,63289.0,46953.991,-0.108,FF FF FF 36 49 FF FF FF,FF FF FF 36 49 FF FF FF,[],190=2342.75/exp 2342.7914 VALUE_OK
MATCH,857,0x0CF00400,61444,63299.0,46963.998,-0.099,FF FF FF CF 48 FF FF FF,FF FF FF CF 48 FF FF FF,[],190=2329.875/exp 2329.8413 VALUE_OK
MATCH,858,0x0CF00400,61444,63309.0,46973.997,-0.098,FF FF FF 67 48 FF FF FF,FF FF FF 67 48 FF FF FF,[],190=2316.875/exp 2316.8555 VALUE_OK
MATCH,859,0x0CF00400,61444,63319.0,46984.012,-0.081,FF FF FF FF 47 FF FF FF,FF FF FF FF 47 FF FF FF,[],190=2303.875/exp 2303.8347 VALUE_OK
MATCH,860,0x0CF00400,61444,63329.0,46994.006,-0.085,FF FF FF 96 47 FF FF FF,FF FF FF 96 47 FF FF FF,[],190=2290.75/exp 2290.7797 VALUE_OK
MATCH,861,0x0CF00400,61444,63339.0,47004.005,-0.085,FF FF FF 2E 47 FF FF FF,FF FF FF 2E 47 FF FF FF,[],190=2277.75/exp 2277.6914 VALUE_OK
MATCH,862,0x0CF00400,61444,63349.0,47014.008,-0.08,FF FF FF C5 46 FF FF FF,FF FF FF C5 46 FF FF FF,[],190=2264.625/exp 2264.5706 VALUE_OK
MATCH,863,0x0CF00400,61444,63359.0,47024.035,-0.051,FF FF FF 5B 46 FF FF FF,FF FF FF 5B 46 FF FF FF,[],190=2251.375/exp 2251.418 VALUE_OK
MATCH,864,0x0CF00400,61444,63369.0,47034.042,-0.043,FF FF FF F2 45 FF FF FF,FF FF FF F2 45 FF FF FF,[],190=2238.25/exp 2238.2344 VALUE_OK
MATCH,865,0x0CF00400,61444,63379.0,47043.985,-0.099,FF FF FF 88 45 FF FF FF,FF FF FF 88 45 FF FF FF,[],190=2225.0/exp 2225.0208 VALUE_OK
MATCH,866,0x0CF00400,61444,63389.0,47053.979,-0.103,FF FF FF 1E 45 FF FF FF,FF FF FF 1E 45 FF FF FF,[],190=2211.75/exp 2211.7778 VALUE_OK
MATCH,867,0x0CF00400,61444,63399.0,47063.99,-0.09,FF FF FF B4 44 FF FF FF,FF FF FF B4 44 FF FF FF,[],190=2198.5/exp 2198.5064 VALUE_OK
MATCH,868,0x0CF00400,61444,63409.0,47073.993,-0.086,FF FF FF 4A 44 FF FF FF,FF FF FF 4A 44 FF FF FF,[],190=2185.25/exp 2185.2073 VALUE_OK
MATCH,869,0x0CF00400,61444,63419.0,47084.004,-0.073,FF FF FF DF 43 FF FF FF,FF FF FF DF 43 FF FF FF,[],190=2171.875/exp 2171.8814 VALUE_OK
MATCH,870,0x0CF00400,61444,63429.0,47093.999,-0.076,FF FF FF 74 43 FF FF FF,FF FF FF 74 43 FF FF FF,[],190=2158.5/exp 2158.5294 VALUE_OK
MATCH,871,0x0CF00400,61444,63439.0,47104.001,-0.073,FF FF FF 09 43 FF FF FF,FF FF FF 09 43 FF FF FF,[],190=2145.125/exp 2145.1522 VALUE_OK
MATCH,872,0x0CF00400,61444,63449.0,47114.004,-0.068,FF FF FF 9E 42 FF FF FF,FF FF FF 9E 42 FF FF FF,[],190=2131.75/exp 2131.7507 VALUE_OK
MATCH,873,0x0CF00400,61444,63459.0,47124.003,-0.068,FF FF FF 33 42 FF FF FF,FF FF FF 33 42 FF FF FF,[],190=2118.375/exp 2118.3256 VALUE_OK
MATCH,874,0x0CF00400,61444,63469.0,47134.01,-0.06,FF FF FF C7 41 FF FF FF,FF FF FF C7 41 FF FF FF,[],190=2104.875/exp 2104.8778 VALUE_OK
MATCH,875,0x0CF00400,61444,63479.0,47144.013,-0.055,FF FF FF 5B 41 FF FF FF,FF FF FF 5B 41 FF FF FF,[],190=2091.375/exp 2091.4081 VALUE_OK
MATCH,876,0x0CF00400,61444,63489.0,47153.988,-0.079,FF FF FF EF 40 FF FF FF,FF FF FF EF 40 FF FF FF,[],190=2077.875/exp 2077.9173 VALUE_OK
MATCH,877,0x0CF00400,61444,63499.0,47163.994,-0.072,FF FF FF 83 40 FF FF FF,FF FF FF 83 40 FF FF FF,[],190=2064.375/exp 2064.4063 VALUE_OK
MATCH,878,0x0CF00400,61444,63509.0,47173.985,-0.079,FF FF FF 17 40 FF FF FF,FF FF FF 17 40 FF FF FF,[],190=2050.875/exp 2050.8759 VALUE_OK
MATCH,879,0x0CF00400,61444,63519.0,47183.992,-0.071,FF FF FF AB 3F FF FF FF,FF FF FF AB 3F FF FF FF,[],190=2037.375/exp 2037.327 VALUE_OK
MATCH,880,0x0CF00400,61444,63529.0,47193.987,-0.074,FF FF FF 3E 3F FF FF FF,FF FF FF 3E 3F FF FF FF,[],190=2023.75/exp 2023.7603 VALUE_OK
MATCH,881,0x0CF00400,61444,63539.0,47203.978,-0.082,FF FF FF D1 3E FF FF FF,FF FF FF D1 3E FF FF FF,[],190=2010.125/exp 2010.1768 VALUE_OK
MATCH,882,0x0CF00400,61444,63549.0,47213.968,-0.09,FF FF FF 65 3E FF FF FF,FF FF FF 65 3E FF FF FF,[],190=1996.625/exp 1996.5772 VALUE_OK
MATCH,883,0x0CF00400,61444,63559.0,47223.976,-0.08,FF FF FF F8 3D FF FF FF,FF FF FF F8 3D FF FF FF,[],190=1983.0/exp 1982.9623 VALUE_OK
MATCH,884,0x0CF00400,61444,63569.0,47233.97,-0.085,FF FF FF 8B 3D FF FF FF,FF FF FF 8B 3D FF FF FF,[],190=1969.375/exp 1969.3332 VALUE_OK
MATCH,885,0x0CF00400,61444,63579.0,47243.953,-0.1,FF FF FF 1E 3D FF FF FF,FF FF FF 1E 3D FF FF FF,[],190=1955.75/exp 1955.6904 VALUE_OK
MATCH,886,0x0CF00400,61444,63589.0,47254.02,-0.031,FF FF FF B0 3C FF FF FF,FF FF FF B0 3C FF FF FF,[],190=1942.0/exp 1942.035 VALUE_OK
MATCH,887,0x0CF00400,61444,63599.0,47264.014,-0.036,FF FF FF 43 3C FF FF FF,FF FF FF 43 3C FF FF FF,[],190=1928.375/exp 1928.3678 VALUE_OK
MATCH,888,0x0CF00400,61444,63609.0,47273.977,-0.073,FF FF FF D6 3B FF FF FF,FF FF FF D6 3B FF FF FF,[],190=1914.75/exp 1914.6895 VALUE_OK
MATCH,889,0x0CF00400,61444,63619.0,47283.972,-0.076,FF FF FF 68 3B FF FF FF,FF FF FF 68 3B FF FF FF,[],190=1901.0/exp 1901.0011 VALUE_OK
MATCH,890,0x0CF00400,61444,63629.0,47293.967,-0.08,FF FF FF FA 3A FF FF FF,FF FF FF FA 3A FF FF FF,[],190=1887.25/exp 1887.3034 VALUE_OK
MATCH,891,0x0CF00400,61444,63639.0,47303.958,-0.087,FF FF FF 8D 3A FF FF FF,FF FF FF 8D 3A FF FF FF,[],190=1873.625/exp 1873.5972 VALUE_OK
MATCH,892,0x0CF00400,61444,63649.0,47313.961,-0.082,FF FF FF 1F 3A FF FF FF,FF FF FF 1F 3A FF FF FF,[],190=1859.875/exp 1859.8834 VALUE_OK
MATCH,893,0x0CF00400,61444,63659.0,47323.963,-0.079,FF FF FF B1 39 FF FF FF,FF FF FF B1 39 FF FF FF,[],190=1846.125/exp 1846.1628 VALUE_OK
MATCH,894,0x0CF00400,61444,63669.0,47333.974,-0.066,FF FF FF 43 39 FF FF FF,FF FF FF 43 39 FF FF FF,[],190=1832.375/exp 1832.4363 VALUE_OK
MATCH,895,0x0CF00400,61444,63679.0,47343.989,-0.05,FF FF FF D6 38 FF FF FF,FF FF FF D6 38 FF FF FF,[],190=1818.75/exp 1818.7047 VALUE_OK
MATCH,896,0x0CF00400,61444,63689.0,47353.988,-0.05,FF FF FF 68 38 FF FF FF,FF FF FF 68 38 FF FF FF,[],190=1805.0/exp 1804.9688 VALUE_OK
MATCH,897,0x0CF00400,61444,63699.0,47363.987,-0.05,FF FF FF FA 37 FF FF FF,FF FF FF FA 37 FF FF FF,[],190=1791.25/exp 1791.2296 VALUE_OK
MATCH,898,0x0CF00400,61444,63709.0,47373.982,-0.054,FF FF FF 8C 37 FF FF FF,FF FF FF 8C 37 FF FF FF,[],190=1777.5/exp 1777.4878 VALUE_OK
MATCH,899,0x0CF00400,61444,63719.0,47383.977,-0.058,FF FF FF 1E 37 FF FF FF,FF FF FF 1E 37 FF FF FF,[],190=1763.75/exp 1763.7443 VALUE_OK
MATCH,900,0x0CF00400,61444,63729.0,47393.983,-0.051,FF FF FF B0 36 FF FF FF,FF FF FF B0 36 FF FF FF,[],190=1750.0/exp 1750.0 VALUE_OK
MATCH,901,0x0CF00400,61444,63739.0,47403.99,-0.043,FF FF FF 42 36 FF FF FF,FF FF FF 42 36 FF FF FF,[],190=1736.25/exp 1736.2557 VALUE_OK
MATCH,902,0x0CF00400,61444,63749.0,47413.933,-0.099,FF FF FF D4 35 FF FF FF,FF FF FF D4 35 FF FF FF,[],190=1722.5/exp 1722.5122 VALUE_OK
MATCH,903,0x0CF00400,61444,63759.0,47423.948,-0.082,FF FF FF 66 35 FF FF FF,FF FF FF 66 35 FF FF FF,[],190=1708.75/exp 1708.7704 VALUE_OK
MATCH,904,0x0CF00400,61444,63769.0,47433.974,-0.054,FF FF FF F8 34 FF FF FF,FF FF FF F8 34 FF FF FF,[],190=1695.0/exp 1695.0312 VALUE_OK
MATCH,905,0x0CF00400,61444,63779.0,47443.929,-0.098,FF FF FF 8A 34 FF FF FF,FF FF FF 8A 34 FF FF FF,[],190=1681.25/exp 1681.2953 VALUE_OK
MATCH,906,0x0CF00400,61444,63789.0,47453.952,-0.073,FF FF FF 1D 34 FF FF FF,FF FF FF 1D 34 FF FF FF,[],190=1667.625/exp 1667.5637 VALUE_OK
MATCH,907,0x0CF00400,61444,63799.0,47463.971,-0.053,FF FF FF AF 33 FF FF FF,FF FF FF AF 33 FF FF FF,[],190=1653.875/exp 1653.8372 VALUE_OK
MATCH,908,0x0CF00400,61444,63809.0,47473.986,-0.037,FF FF FF 41 33 FF FF FF,FF FF FF 41 33 FF FF FF,[],190=1640.125/exp 1640.1166 VALUE_OK
MATCH,909,0x0CF00400,61444,63819.0,47483.928,-0.094,FF FF FF D3 32 FF FF FF,FF FF FF D3 32 FF FF FF,[],190=1626.375/exp 1626.4028 VALUE_OK
MATCH,910,0x0CF00400,61444,63829.0,47493.924,-0.096,FF FF FF 66 32 FF FF FF,FF FF FF 66 32 FF FF FF,[],190=1612.75/exp 1612.6966 VALUE_OK
MATCH,911,0x0CF00400,61444,63839.0,47503.946,-0.072,FF FF FF F8 31 FF FF FF,FF FF FF F8 31 FF FF FF,[],190=1599.0/exp 1598.9989 VALUE_OK
MATCH,912,0x0CF00400,61444,63849.0,47513.941,-0.076,FF FF FF 8A 31 FF FF FF,FF FF FF 8A 31 FF FF FF,[],190=1585.25/exp 1585.3105 VALUE_OK
MATCH,913,0x0CF00400,61444,63859.0,47523.976,-0.039,FF FF FF 1D 31 FF FF FF,FF FF FF 1D 31 FF FF FF,[],190=1571.625/exp 1571.6322 VALUE_OK
MATCH,914,0x0CF00400,61444,63869.0,47533.927,-0.087,FF FF FF B0 30 FF FF FF,FF FF FF B0 30 FF FF FF,[],190=1558.0/exp 1557.965 VALUE_OK
MATCH,915,0x0CF00400,61444,63879.0,47543.914,-0.099,FF FF FF 42 30 FF FF FF,FF FF FF 42 30 FF FF FF,[],190=1544.25/exp 1544.3096 VALUE_OK
MATCH,916,0x0CF00400,61444,63889.0,47553.924,-0.087,FF FF FF D5 2F FF FF FF,FF FF FF D5 2F FF FF FF,[],190=1530.625/exp 1530.6668 VALUE_OK
MATCH,917,0x0CF00400,61444,63899.0,47563.919,-0.09,FF FF FF 68 2F FF FF FF,FF FF FF 68 2F FF FF FF,[],190=1517.0/exp 1517.0377 VALUE_OK
MATCH,918,0x0CF00400,61444,63909.0,47573.918,-0.089,FF FF FF FB 2E FF FF FF,FF FF FF FB 2E FF FF FF,[],190=1503.375/exp 1503.4228 VALUE_OK
MATCH,919,0x0CF00400,61444,63919.0,47583.925,-0.08,FF FF FF 8F 2E FF FF FF,FF FF FF 8F 2E FF FF FF,[],190=1489.875/exp 1489.8232 VALUE_OK
MATCH,920,0x0CF00400,61444,63929.0,47593.915,-0.089,FF FF FF 22 2E FF FF FF,FF FF FF 22 2E FF FF FF,[],190=1476.25/exp 1476.2397 VALUE_OK
MATCH,921,0x0CF00400,61444,63939.0,47603.926,-0.076,FF FF FF B5 2D FF FF FF,FF FF FF B5 2D FF FF FF,[],190=1462.625/exp 1462.673 VALUE_OK
MATCH,922,0x0CF00400,61444,63949.0,47613.925,-0.075,FF FF FF 49 2D FF FF FF,FF FF FF 49 2D FF FF FF,[],190=1449.125/exp 1449.1241 VALUE_OK
MATCH,923,0x0CF00400,61444,63959.0,47623.928,-0.071,FF FF FF DD 2C FF FF FF,FF FF FF DD 2C FF FF FF,[],190=1435.625/exp 1435.5937 VALUE_OK
MATCH,924,0x0CF00400,61444,63969.0,47633.923,-0.074,FF FF FF 71 2C FF FF FF,FF FF FF 71 2C FF FF FF,[],190=1422.125/exp 1422.0827 VALUE_OK
MATCH,925,0x0CF00400,61444,63979.0,47643.922,-0.074,FF FF FF 05 2C FF FF FF,FF FF FF 05 2C FF FF FF,[],190=1408.625/exp 1408.5919 VALUE_OK
MATCH,926,0x0CF00400,61444,63989.0,47653.904,-0.091,FF FF FF 99 2B FF FF FF,FF FF FF 99 2B FF FF FF,[],190=1395.125/exp 1395.1222 VALUE_OK
MATCH,927,0x0CF00400,61444,63999.0,47663.903,-0.09,FF FF FF 2D 2B FF FF FF,FF FF FF 2D 2B FF FF FF,[],190=1381.625/exp 1381.6744 VALUE_OK
MATCH,928,0x0CF00400,61444,64009.0,47673.902,-0.089,FF FF FF C2 2A FF FF FF,FF FF FF C2 2A FF FF FF,[],190=1368.25/exp 1368.2493 VALUE_OK
MATCH,929,0x0CF00400,61444,64019.0,47683.905,-0.084,FF FF FF 57 2A FF FF FF,FF FF FF 57 2A FF FF FF,[],190=1354.875/exp 1354.8478 VALUE_OK
MATCH,930,0x0CF00400,61444,64029.0,47693.912,-0.075,FF FF FF EC 29 FF FF FF,FF FF FF EC 29 FF FF FF,[],190=1341.5/exp 1341.4706 VALUE_OK
MATCH,931,0x0CF00400,61444,64039.0,47703.918,-0.068,FF FF FF 81 29 FF FF FF,FF FF FF 81 29 FF FF FF,[],190=1328.125/exp 1328.1186 VALUE_OK
MATCH,932,0x0CF00400,61444,64049.0,47713.909,-0.076,FF FF FF 16 29 FF FF FF,FF FF FF 16 29 FF FF FF,[],190=1314.75/exp 1314.7927 VALUE_OK
MATCH,933,0x0CF00400,61444,64059.0,47723.916,-0.067,FF FF FF AC 28 FF FF FF,FF FF FF AC 28 FF FF FF,[],190=1301.5/exp 1301.4936 VALUE_OK
MATCH,934,0x0CF00400,61444,64069.0,47733.911,-0.071,FF FF FF 42 28 FF FF FF,FF FF FF 42 28 FF FF FF,[],190=1288.25/exp 1288.2222 VALUE_OK
MATCH,935,0x0CF00400,61444,64079.0,47743.922,-0.058,FF FF FF D8 27 FF FF FF,FF FF FF D8 27 FF FF FF,[],190=1275.0/exp 1274.9792 VALUE_OK
MATCH,936,0x0CF00400,61444,64089.0,47753.916,-0.063,FF FF FF 6E 27 FF FF FF,FF FF FF 6E 27 FF FF FF,[],190=1261.75/exp 1261.7656 VALUE_OK
MATCH,937,0x0CF00400,61444,64099.0,47763.923,-0.055,FF FF FF 05 27 FF FF FF,FF FF FF 05 27 FF FF FF,[],190=1248.625/exp 1248.582 VALUE_OK
MATCH,938,0x0CF00400,61444,64109.0,47773.898,-0.079,FF FF FF 9B 26 FF FF FF,FF FF FF 9B 26 FF FF FF,[],190=1235.375/exp 1235.4294 VALUE_OK
MATCH,939,0x0CF00400,61444,64119.0,47783.893,-0.082,FF FF FF 32 26 FF FF FF,FF FF FF 32 26 FF FF FF,[],190=1222.25/exp 1222.3086 VALUE_OK
MATCH,940,0x0CF00400,61444,64129.0,47793.9,-0.074,FF FF FF CA 25 FF FF FF,FF FF FF CA 25 FF FF FF,[],190=1209.25/exp 1209.2203 VALUE_OK
MATCH,941,0x0CF00400,61444,64139.0,47803.899,-0.073,FF FF FF 61 25 FF FF FF,FF FF FF 61 25 FF FF FF,[],190=1196.125/exp 1196.1653 VALUE_OK
MATCH,942,0x0CF00400,61444,64149.0,47813.898,-0.073,FF FF FF F9 24 FF FF FF,FF FF FF F9 24 FF FF FF,[],190=1183.125/exp 1183.1445 VALUE_OK
MATCH,943,0x0CF00400,61444,64159.0,47823.909,-0.06,FF FF FF 91 24 FF FF FF,FF FF FF 91 24 FF FF FF,[],190=1170.125/exp 1170.1587 VALUE_OK
MATCH,944,0x0CF00400,61444,64169.0,47833.895,-0.073,FF FF FF 2A 24 FF FF FF,FF FF FF 2A 24 FF FF FF,[],190=1157.25/exp 1157.2086 VALUE_OK
MATCH,945,0x0CF00400,61444,64179.0,47843.91,-0.057,FF FF FF C2 23 FF FF FF,FF FF FF C2 23 FF FF FF,[],190=1144.25/exp 1144.2952 VALUE_OK
MATCH,946,0x0CF00400,61444,64189.0,47853.901,-0.064,FF FF FF 5B 23 FF FF FF,FF FF FF 5B 23 FF FF FF,[],190=1131.375/exp 1131.419 VALUE_OK
MATCH,947,0x0CF00400,61444,64199.0,47863.911,-0.053,FF FF FF F5 22 FF FF FF,FF FF FF F5 22 FF FF FF,[],190=1118.625/exp 1118.5811 VALUE_OK
MATCH,948,0x0CF00400,61444,64209.0,47873.906,-0.057,FF FF FF 8E 22 FF FF FF,FF FF FF 8E 22 FF FF FF,[],190=1105.75/exp 1105.782 VALUE_OK
MATCH,949,0x0CF00400,61444,64219.0,47883.917,-0.045,FF FF FF 28 22 FF FF FF,FF FF FF 28 22 FF FF FF,[],190=1093.0/exp 1093.0228 VALUE_OK
MATCH,950,0x0CF00400,61444,64229.0,47893.916,-0.045,FF FF FF C2 21 FF FF FF,FF FF FF C2 21 FF FF FF,[],190=1080.25/exp 1080.304 VALUE_OK
MATCH,951,0x0CF00400,61444,64239.0,47903.887,-0.073,FF FF FF 5D 21 FF FF FF,FF FF FF 5D 21 FF FF FF,[],190=1067.625/exp 1067.6265 VALUE_OK
MATCH,952,0x0CF00400,61444,64249.0,47913.898,-0.061,FF FF FF F8 20 FF FF FF,FF FF FF F8 20 FF FF FF,[],190=1055.0/exp 1054.9912 VALUE_OK
MATCH,953,0x0CF00400,61444,64259.0,47923.896,-0.061,FF FF FF 93 20 FF FF FF,FF FF FF 93 20 FF FF FF,[],190=1042.375/exp 1042.3987 VALUE_OK
MATCH,954,0x0CF00400,61444,64269.0,47933.899,-0.057,FF FF FF 2F 20 FF FF FF,FF FF FF 2F 20 FF FF FF,[],190=1029.875/exp 1029.8499 VALUE_OK
MATCH,955,0x0CF00400,61444,64279.0,47943.906,-0.049,FF FF FF CB 1F FF FF FF,FF FF FF CB 1F FF FF FF,[],190=1017.375/exp 1017.3455 VALUE_OK
MATCH,956,0x0CF00400,61444,64289.0,47953.861,-0.093,FF FF FF 67 1F FF FF FF,FF FF FF 67 1F FF FF FF,[],190=1004.875/exp 1004.8862 VALUE_OK
MATCH,957,0x0CF00400,61444,64299.0,47963.892,-0.06,FF FF FF 04 1F FF FF FF,FF FF FF 04 1F FF FF FF,[],190=992.5/exp 992.473 VALUE_OK
MATCH,958,0x0CF00400,61444,64309.0,47973.903,-0.048,FF FF FF A1 1E FF FF FF,FF FF FF A1 1E FF FF FF,[],190=980.125/exp 980.1065 VALUE_OK
MATCH,959,0x0CF00400,61444,64319.0,47983.881,-0.069,FF FF FF 3E 1E FF FF FF,FF FF FF 3E 1E FF FF FF,[],190=967.75/exp 967.7874 VALUE_OK
MATCH,960,0x0CF00400,61444,64329.0,47993.896,-0.053,FF FF FF DC 1D FF FF FF,FF FF FF DC 1D FF FF FF,[],190=955.5/exp 955.5166 VALUE_OK
MATCH,961,0x0CF00400,61444,64339.0,48003.851,-0.097,FF FF FF 7A 1D FF FF FF,FF FF FF 7A 1D FF FF FF,[],190=943.25/exp 943.2948 VALUE_OK
MATCH,962,0x0CF00400,61444,64349.0,48013.866,-0.08,FF FF FF 19 1D FF FF FF,FF FF FF 19 1D FF FF FF,[],190=931.125/exp 931.1228 VALUE_OK
MATCH,963,0x0CF00400,61444,64359.0,48023.865,-0.079,FF FF FF B8 1C FF FF FF,FF FF FF B8 1C FF FF FF,[],190=919.0/exp 919.0013 VALUE_OK
MATCH,964,0x0CF00400,61444,64369.0,48033.883,-0.06,FF FF FF 57 1C FF FF FF,FF FF FF 57 1C FF FF FF,[],190=906.875/exp 906.9311 VALUE_OK
UNLOGGED,,0x0CF00400,61444,,48043.874,,,FF FF FF F7 1B FF FF FF,[],
MATCH,966,0x0CF00400,61444,64389.0,48053.857,-0.084,FF FF FF 98 1B FF FF FF,FF FF FF 98 1B FF FF FF,[],190=883.0/exp 882.9473 VALUE_OK
MATCH,967,0x0CF00400,61444,64399.0,48063.892,-0.048,FF FF FF 38 1B FF FF FF,FF FF FF 38 1B FF FF FF,[],190=871.0/exp 871.0353 VALUE_OK
MATCH,968,0x0CF00400,61444,64409.0,48073.847,-0.092,FF FF FF D9 1A FF FF FF,FF FF FF D9 1A FF FF FF,[],190=859.125/exp 859.1775 VALUE_OK
MATCH,969,0x0CF00400,61444,64419.0,48083.858,-0.079,FF FF FF 7B 1A FF FF FF,FF FF FF 7B 1A FF FF FF,[],190=847.375/exp 847.3747 VALUE_OK
MATCH,970,0x0CF00400,61444,64429.0,48093.884,-0.051,FF FF FF 1D 1A FF FF FF,FF FF FF 1D 1A FF FF FF,[],190=835.625/exp 835.6275 VALUE_OK
MATCH,971,0x0CF00400,61444,64439.0,48103.855,-0.079,FF FF FF BF 19 FF FF FF,FF FF FF BF 19 FF FF FF,[],190=823.875/exp 823.9367 VALUE_OK
MATCH,972,0x0CF00400,61444,64449.0,48113.866,-0.067,FF FF FF 62 19 FF FF FF,FF FF FF 62 19 FF FF FF,[],190=812.25/exp 812.3031 VALUE_OK
MATCH,973,0x0CF00400,61444,64459.0,48123.833,-0.098,FF FF FF 06 19 FF FF FF,FF FF FF 06 19 FF FF FF,[],190=800.75/exp 800.7273 VALUE_OK
MATCH,974,0x0CF00400,61444,64469.0,48133.86,-0.069,FF FF FF AA 18 FF FF FF,FF FF FF AA 18 FF FF FF,[],190=789.25/exp 789.2101 VALUE_OK
MATCH,975,0x0CF00400,61444,64479.0,48143.874,-0.054,FF FF FF 4E 18 FF FF FF,FF FF FF 4E 18 FF FF FF,[],190=777.75/exp 777.7521 VALUE_OK
MATCH,976,0x0CF00400,61444,64489.0,48153.877,-0.05,FF FF FF F3 17 FF FF FF,FF FF FF F3 17 FF FF FF,[],190=766.375/exp 766.3541 VALUE_OK
MATCH,977,0x0CF00400,61444,64499.0,48163.844,-0.082,FF FF FF 98 17 FF FF FF,FF FF FF 98 17 FF FF FF,[],190=755.0/exp 755.0168 VALUE_OK
MATCH,978,0x0CF00400,61444,64509.0,48173.863,-0.061,FF FF FF 3E 17 FF FF FF,FF FF FF 3E 17 FF FF FF,[],190=743.75/exp 743.7408 VALUE_OK
MATCH,979,0x0CF00400,61444,64519.0,48183.886,-0.037,FF FF FF E4 16 FF FF FF,FF FF FF E4 16 FF FF FF,[],190=732.5/exp 732.5269 VALUE_OK
MATCH,980,0x0CF00400,61444,64529.0,48193.836,-0.086,FF FF FF 8B 16 FF FF FF,FF FF FF 8B 16 FF FF FF,[],190=721.375/exp 721.3758 VALUE_OK
MATCH,981,0x0CF00400,61444,64539.0,48203.855,-0.066,FF FF FF 32 16 FF FF FF,FF FF FF 32 16 FF FF FF,[],190=710.25/exp 710.2881 VALUE_OK
MATCH,982,0x0CF00400,61444,64549.0,48213.818,-0.101,FF FF FF DA 15 FF FF FF,FF FF FF DA 15 FF FF FF,[],190=699.25/exp 699.2646 VALUE_OK
MATCH,983,0x0CF00400,61444,64559.0,48223.841,-0.076,FF FF FF 82 15 FF FF FF,FF FF FF 82 15 FF FF FF,[],190=688.25/exp 688.3059 VALUE_OK
MATCH,984,0x0CF00400,61444,64569.0,48233.864,-0.052,FF FF FF 2B 15 FF FF FF,FF FF FF 2B 15 FF FF FF,[],190=677.375/exp 677.4127 VALUE_OK
MATCH,985,0x0CF00400,61444,64579.0,48243.815,-0.1,FF FF FF D5 14 FF FF FF,FF FF FF D5 14 FF FF FF,[],190=666.625/exp 666.5856 VALUE_OK
MATCH,986,0x0CF00400,61444,64589.0,48253.841,-0.072,FF FF FF 7F 14 FF FF FF,FF FF FF 7F 14 FF FF FF,[],190=655.875/exp 655.8254 VALUE_OK
MATCH,987,0x0CF00400,61444,64599.0,48263.852,-0.059,FF FF FF 29 14 FF FF FF,FF FF FF 29 14 FF FF FF,[],190=645.125/exp 645.1326 VALUE_OK
MATCH,988,0x0CF00400,61444,64609.0,48273.859,-0.051,FF FF FF D4 13 FF FF FF,FF FF FF D4 13 FF FF FF,[],190=634.5/exp 634.508 VALUE_OK
MATCH,989,0x0CF00400,61444,64619.0,48283.822,-0.087,FF FF FF 80 13 FF FF FF,FF FF FF 80 13 FF FF FF,[],190=624.0/exp 623.9522 VALUE_OK
MATCH,990,0x0CF00400,61444,64629.0,48293.837,-0.07,FF FF FF 2C 13 FF FF FF,FF FF FF 2C 13 FF FF FF,[],190=613.5/exp 613.4659 VALUE_OK
MATCH,991,0x0CF00400,61444,64639.0,48303.86,-0.046,FF FF FF D8 12 FF FF FF,FF FF FF D8 12 FF FF FF,[],190=603.0/exp 603.0497 VALUE_OK
MATCH,992,0x0CF00400,61444,64649.0,48313.822,-0.083,FF FF FF 86 12 FF FF FF,FF FF FF 86 12 FF FF FF,[],190=592.75/exp 592.7042 VALUE_OK
MATCH,993,0x0CF00400,61444,64659.0,48323.849,-0.054,FF FF FF 33 12 FF FF FF,FF FF FF 33 12 FF FF FF,[],190=582.375/exp 582.4302 VALUE_OK
MATCH,994,0x0CF00400,61444,64669.0,48333.812,-0.09,FF FF FF E2 11 FF FF FF,FF FF FF E2 11 FF FF FF,[],190=572.25/exp 572.2281 VALUE_OK
MATCH,995,0x0CF00400,61444,64679.0,48343.839,-0.061,FF FF FF 91 11 FF FF FF,FF FF FF 91 11 FF FF FF,[],190=562.125/exp 562.0987 VALUE_OK
MATCH,996,0x0CF00400,61444,64689.0,48353.854,-0.045,FF FF FF 40 11 FF FF FF,FF FF FF 40 11 FF FF FF,[],190=552.0/exp 552.0426 VALUE_OK
MATCH,997,0x0CF00400,61444,64699.0,48363.816,-0.082,FF FF FF F0 10 FF FF FF,FF FF FF F0 10 FF FF FF,[],190=542.0/exp 542.0603 VALUE_OK
MATCH,998,0x0CF00400,61444,64709.0,48373.835,-0.062,FF FF FF A1 10 FF FF FF,FF FF FF A1 10 FF FF FF,[],190=532.125/exp 532.1526 VALUE_OK
MATCH,999,0x0CF00400,61444,64719.0,48383.79,-0.105,FF FF FF 53 10 FF FF FF,FF FF FF 53 10 FF FF FF,[],190=522.375/exp 522.32 VALUE_OK
MATCH,1000,0x0CF00400,61444,64729.0,48393.817,-0.076,FF FF FF 05 10 FF FF FF,FF FF FF 05 10 FF FF FF,[],190=512.625/exp 512.5631 VALUE_OK
MATCH,1001,0x0CF00400,61444,64739.0,48403.824,-0.068,FF FF FF B7 0F FF FF FF,FF FF FF B7 0F FF FF FF,[],190=502.875/exp 502.8826 VALUE_OK
MATCH,1002,0x0CF00400,61444,64749.0,48413.815,-0.075,FF FF FF 6A 0F FF FF FF,FF FF FF 6A 0F FF FF FF,[],190=493.25/exp 493.279 VALUE_OK
MATCH,1003,0x0CF00400,61444,64759.0,48423.801,-0.088,FF FF FF 1E 0F FF FF FF,FF FF FF 1E 0F FF FF FF,[],190=483.75/exp 483.7529 VALUE_OK
MATCH,1004,0x0CF00400,61444,64769.0,48433.852,-0.035,FF FF FF D2 0E FF FF FF,FF FF FF D2 0E FF FF FF,[],190=474.25/exp 474.3049 VALUE_OK
MATCH,1005,0x0CF00400,61444,64779.0,48443.839,-0.047,FF FF FF 87 0E FF FF FF,FF FF FF 87 0E FF FF FF,[],190=464.875/exp 464.9356 VALUE_OK
MATCH,1006,0x0CF00400,61444,64789.0,48453.822,-0.063,FF FF FF 3D 0E FF FF FF,FF FF FF 3D 0E FF FF FF,[],190=455.625/exp 455.6456 VALUE_OK
MATCH,1007,0x0CF00400,61444,64799.0,48463.82,-0.064,FF FF FF F3 0D FF FF FF,FF FF FF F3 0D FF FF FF,[],190=446.375/exp 446.4354 VALUE_OK
MATCH,1008,0x0CF00400,61444,64809.0,48473.807,-0.076,FF FF FF AA 0D FF FF FF,FF FF FF AA 0D FF FF FF,[],190=437.25/exp 437.3056 VALUE_OK
MATCH,1009,0x0CF00400,61444,64819.0,48483.794,-0.087,FF FF FF 62 0D FF FF FF,FF FF FF 62 0D FF FF FF,[],190=428.25/exp 428.2568 VALUE_OK
MATCH,1010,0x0CF00400,61444,64829.0,48493.833,-0.047,FF FF FF 1A 0D FF FF FF,FF FF FF 1A 0D FF FF FF,[],190=419.25/exp 419.2896 VALUE_OK
MATCH,1011,0x0CF00400,61444,64839.0,48503.824,-0.055,FF FF FF D3 0C FF FF FF,FF FF FF D3 0C FF FF FF,[],190=410.375/exp 410.4044 VALUE_OK
MATCH,1012,0x0CF00400,61444,64849.0,48513.811,-0.067,FF FF FF 8D 0C FF FF FF,FF FF FF 8D 0C FF FF FF,[],190=401.625/exp 401.6018 VALUE_OK
MATCH,1013,0x0CF00400,61444,64859.0,48523.774,-0.102,FF FF FF 47 0C FF FF FF,FF FF FF 47 0C FF FF FF,[],190=392.875/exp 392.8824 VALUE_OK
MATCH,1014,0x0CF00400,61444,64869.0,48533.824,-0.05,FF FF FF 02 0C FF FF FF,FF FF FF 02 0C FF FF FF,[],190=384.25/exp 384.2468 VALUE_OK
MATCH,1015,0x0CF00400,61444,64879.0,48543.806,-0.067,FF FF FF BE 0B FF FF FF,FF FF FF BE 0B FF FF FF,[],190=375.75/exp 375.6954 VALUE_OK
MATCH,1016,0x0CF00400,61444,64889.0,48553.837,-0.035,FF FF FF 7A 0B FF FF FF,FF FF FF 7A 0B FF FF FF,[],190=367.25/exp 367.2287 VALUE_OK
MATCH,1017,0x0CF00400,61444,64899.0,48563.812,-0.059,FF FF FF 37 0B FF FF FF,FF FF FF 37 0B FF FF FF,[],190=358.875/exp 358.8474 VALUE_OK
MATCH,1018,0x0CF00400,61444,64909.0,48573.787,-0.083,FF FF FF F4 0A FF FF FF,FF FF FF F4 0A FF FF FF,[],190=350.5/exp 350.5518 VALUE_OK
MATCH,1019,0x0CF00400,61444,64919.0,48583.833,-0.035,FF FF FF B3 0A FF FF FF,FF FF FF B3 0A FF FF FF,[],190=342.375/exp 342.3426 VALUE_OK
MATCH,1020,0x0CF00400,61444,64929.0,48593.799,-0.069,FF FF FF 72 0A FF FF FF,FF FF FF 72 0A FF FF FF,[],190=334.25/exp 334.2203 VALUE_OK
MATCH,1021,0x0CF00400,61444,64939.0,48603.77,-0.096,FF FF FF 31 0A FF FF FF,FF FF FF 31 0A FF FF FF,[],190=326.125/exp 326.1852 VALUE_OK
MATCH,1022,0x0CF00400,61444,64949.0,48613.773,-0.091,FF FF FF F2 09 FF FF FF,FF FF FF F2 09 FF FF FF,[],190=318.25/exp 318.238 VALUE_OK
MATCH,1023,0x0CF00400,61444,64959.0,48623.764,-0.099,FF FF FF B3 09 FF FF FF,FF FF FF B3 09 FF FF FF,[],190=310.375/exp 310.3791 VALUE_OK
MATCH,1024,0x0CF00400,61444,64969.0,48633.805,-0.056,FF FF FF 75 09 FF FF FF,FF FF FF 75 09 FF FF FF,[],190=302.625/exp 302.609 VALUE_OK
MATCH,1025,0x0CF00400,61444,64979.0,48643.772,-0.087,FF FF FF 37 09 FF FF FF,FF FF FF 37 09 FF FF FF,[],190=294.875/exp 294.9282 VALUE_OK
MATCH,1026,0x0CF00400,61444,64989.0,48653.795,-0.063,FF FF FF FB 08 FF FF FF,FF FF FF FB 08 FF FF FF,[],190=287.375/exp 287.3371 VALUE_OK
MATCH,1027,0x0CF00400,61444,64999.0,48663.774,-0.082,FF FF FF BF 08 FF FF FF,FF FF FF BF 08 FF FF FF,[],190=279.875/exp 279.8363 VALUE_OK
MATCH,1028,0x0CF00400,61444,65009.0,48673.757,-0.098,FF FF FF 83 08 FF FF FF,FF FF FF 83 08 FF FF FF,[],190=272.375/exp 272.4261 VALUE_OK
MATCH,1029,0x0CF00400,61444,65019.0,48683.811,-0.042,FF FF FF 49 08 FF FF FF,FF FF FF 49 08 FF FF FF,[],190=265.125/exp 265.1071 VALUE_OK
MATCH,1030,0x0CF00400,61444,65029.0,48693.785,-0.067,FF FF FF 0F 08 FF FF FF,FF FF FF 0F 08 FF FF FF,[],190=257.875/exp 257.8797 VALUE_OK
MATCH,1031,0x0CF00400,61444,65039.0,48703.772,-0.079,FF FF FF D6 07 FF FF FF,FF FF FF D6 07 FF FF FF,[],190=250.75/exp 250.7443 VALUE_OK
MATCH,1032,0x0CF00400,61444,65049.0,48713.763,-0.086,FF FF FF 9E 07 FF FF FF,FF FF FF 9E 07 FF FF FF,[],190=243.75/exp 243.7015 VALUE_OK
MATCH,1033,0x0CF00400,61444,65059.0,48723.746,-0.101,FF FF FF 66 07 FF FF FF,FF FF FF 66 07 FF FF FF,[],190=236.75/exp 236.7515 VALUE_OK
MATCH,1034,0x0CF00400,61444,65069.0,48733.808,-0.037,FF FF FF 2F 07 FF FF FF,FF FF FF 2F 07 FF FF FF,[],190=229.875/exp 229.8948 VALUE_OK
MATCH,1035,0x0CF00400,61444,65079.0,48743.802,-0.043,FF FF FF F9 06 FF FF FF,FF FF FF F9 06 FF FF FF,[],190=223.125/exp 223.132 VALUE_OK
MATCH,1036,0x0CF00400,61444,65089.0,48753.801,-0.043,FF FF FF C4 06 FF FF FF,FF FF FF C4 06 FF FF FF,[],190=216.5/exp 216.4633 VALUE_OK
MATCH,1037,0x0CF00400,61444,65099.0,48763.772,-0.071,FF FF FF 8F 06 FF FF FF,FF FF FF 8F 06 FF FF FF,[],190=209.875/exp 209.8892 VALUE_OK
MATCH,1038,0x0CF00400,61444,65109.0,48773.743,-0.098,FF FF FF 5B 06 FF FF FF,FF FF FF 5B 06 FF FF FF,[],190=203.375/exp 203.4101 VALUE_OK
MATCH,1039,0x0CF00400,61444,65119.0,48783.782,-0.058,FF FF FF 28 06 FF FF FF,FF FF FF 28 06 FF FF FF,[],190=197.0/exp 197.0265 VALUE_OK
MATCH,1040,0x0CF00400,61444,65129.0,48793.776,-0.062,FF FF FF F6 05 FF FF FF,FF FF FF F6 05 FF FF FF,[],190=190.75/exp 190.7386 VALUE_OK
MATCH,1041,0x0CF00400,61444,65139.0,48803.762,-0.075,FF FF FF C4 05 FF FF FF,FF FF FF C4 05 FF FF FF,[],190=184.5/exp 184.5469 VALUE_OK
MATCH,1042,0x0CF00400,61444,65149.0,48813.737,-0.099,FF FF FF 94 05 FF FF FF,FF FF FF 94 05 FF FF FF,[],190=178.5/exp 178.4517 VALUE_OK
MATCH,1043,0x0CF00400,61444,65159.0,48823.78,-0.054,FF FF FF 64 05 FF FF FF,FF FF FF 64 05 FF FF FF,[],190=172.5/exp 172.4535 VALUE_OK
MATCH,1044,0x0CF00400,61444,65169.0,48833.751,-0.082,FF FF FF 34 05 FF FF FF,FF FF FF 34 05 FF FF FF,[],190=166.5/exp 166.5527 VALUE_OK
MATCH,1045,0x0CF00400,61444,65179.0,48843.742,-0.089,FF FF FF 06 05 FF FF FF,FF FF FF 06 05 FF FF FF,[],190=160.75/exp 160.7494 VALUE_OK
MATCH,1046,0x0CF00400,61444,65189.0,48853.783,-0.046,FF FF FF D8 04 FF FF FF,FF FF FF D8 04 FF FF FF,[],190=155.0/exp 155.0443 VALUE_OK
MATCH,1047,0x0CF00400,61444,65199.0,48863.762,-0.066,FF FF FF AB 04 FF FF FF,FF FF FF AB 04 FF FF FF,[],190=149.375/exp 149.4375 VALUE_OK
MATCH,1048,0x0CF00400,61444,65209.0,48873.733,-0.094,FF FF FF 7F 04 FF FF FF,FF FF FF 7F 04 FF FF FF,[],190=143.875/exp 143.9294 VALUE_OK
MATCH,1049,0x0CF00400,61444,65219.0,48883.768,-0.057,FF FF FF 54 04 FF FF FF,FF FF FF 54 04 FF FF FF,[],190=138.5/exp 138.5204 VALUE_OK
MATCH,1050,0x0CF00400,61444,65229.0,48893.743,-0.081,FF FF FF 2A 04 FF FF FF,FF FF FF 2A 04 FF FF FF,[],190=133.25/exp 133.2108 VALUE_OK
MATCH,1051,0x0CF00400,61444,65239.0,48903.773,-0.049,FF FF FF 00 04 FF FF FF,FF FF FF 00 04 FF FF FF,[],190=128.0/exp 128.001 VALUE_OK
MATCH,1052,0x0CF00400,61444,65249.0,48913.743,-0.078,FF FF FF D7 03 FF FF FF,FF FF FF D7 03 FF FF FF,[],190=122.875/exp 122.8911 VALUE_OK
MATCH,1053,0x0CF00400,61444,65259.0,48923.718,-0.102,FF FF FF AF 03 FF FF FF,FF FF FF AF 03 FF FF FF,[],190=117.875/exp 117.8817 VALUE_OK
MATCH,1054,0x0CF00400,61444,65269.0,48933.761,-0.057,FF FF FF 88 03 FF FF FF,FF FF FF 88 03 FF FF FF,[],190=113.0/exp 112.9729 VALUE_OK
MATCH,1055,0x0CF00400,61444,65279.0,48943.736,-0.081,FF FF FF 61 03 FF FF FF,FF FF FF 61 03 FF FF FF,[],190=108.125/exp 108.1652 VALUE_OK
MATCH,1056,0x0CF00400,61444,65289.0,48953.771,-0.044,FF FF FF 3C 03 FF FF FF,FF FF FF 3C 03 FF FF FF,[],190=103.5/exp 103.4587 VALUE_OK
MATCH,1057,0x0CF00400,61444,65299.0,48963.744,-0.07,FF FF FF 17 03 FF FF FF,FF FF FF 17 03 FF FF FF,[],190=98.875/exp 98.8537 VALUE_OK
MATCH,1058,0x0CF00400,61444,65309.0,48973.727,-0.086,FF FF FF F3 02 FF FF FF,FF FF FF F3 02 FF FF FF,[],190=94.375/exp 94.3506 VALUE_OK
MATCH,1059,0x0CF00400,61444,65319.0,48983.77,-0.041,FF FF FF D0 02 FF FF FF,FF FF FF D0 02 FF FF FF,[],190=90.0/exp 89.9497 VALUE_OK
MATCH,1060,0x0CF00400,61444,65329.0,48993.737,-0.073,FF FF FF AD 02 FF FF FF,FF FF FF AD 02 FF FF FF,[],190=85.625/exp 85.6511 VALUE_OK
MATCH,1061,0x0CF00400,61444,65339.0,49003.712,-0.097,FF FF FF 8C 02 FF FF FF,FF FF FF 8C 02 FF FF FF,[],190=81.5/exp 81.4552 VALUE_OK
MATCH,1062,0x0CF00400,61444,65349.0,49013.701,-0.106,FF FF FF 6B 02 FF FF FF,FF FF FF 6B 02 FF FF FF,[],190=77.375/exp 77.3622 VALUE_OK
MATCH,1063,0x0CF00400,61444,65359.0,49023.692,-0.113,FF FF FF 4B 02 FF FF FF,FF FF FF 4B 02 FF FF FF,[],190=73.375/exp 73.3724 VALUE_OK
MATCH,1064,0x0CF00400,61444,65369.0,49033.711,-0.091,FF FF FF 2C 02 FF FF FF,FF FF FF 2C 02 FF FF FF,[],190=69.5/exp 69.4861 VALUE_OK
MATCH,1065,0x0CF00400,61444,65379.0,49043.73,-0.071,FF FF FF 0E 02 FF FF FF,FF FF FF 0E 02 FF FF FF,[],190=65.75/exp 65.7033 VALUE_OK
MATCH,1066,0x0CF00400,61444,65389.0,49053.697,-0.102,FF FF FF F0 01 FF FF FF,FF FF FF F0 01 FF FF FF,[],190=62.0/exp 62.0245 VALUE_OK
MATCH,1067,0x0CF00400,61444,65399.0,49063.711,-0.086,FF FF FF D4 01 FF FF FF,FF FF FF D4 01 FF FF FF,[],190=58.5/exp 58.4498 VALUE_OK
MATCH,1068,0x0CF00400,61444,65409.0,49073.737,-0.058,FF FF FF B8 01 FF FF FF,FF FF FF B8 01 FF FF FF,[],190=55.0/exp 54.9795 VALUE_OK
MATCH,1069,0x0CF00400,61444,65419.0,49083.688,-0.106,FF FF FF 9D 01 FF FF FF,FF FF FF 9D 01 FF FF FF,[],190=51.625/exp 51.6137 VALUE_OK
MATCH,1070,0x0CF00400,61444,65429.0,49093.715,-0.077,FF FF FF 83 01 FF FF FF,FF FF FF 83 01 FF FF FF,[],190=48.375/exp 48.3526 VALUE_OK
MATCH,1071,0x0CF00400,61444,65439.0,49103.718,-0.073,FF FF FF 6A 01 FF FF FF,FF FF FF 6A 01 FF FF FF,[],190=45.25/exp 45.1966 VALUE_OK
MATCH,1072,0x0CF00400,61444,65449.0,49113.737,-0.052,FF FF FF 51 01 FF FF FF,FF FF FF 51 01 FF FF FF,[],190=42.125/exp 42.1457 VALUE_OK
MATCH,1073,0x0CF00400,61444,65459.0,49123.694,-0.094,FF FF FF 3A 01 FF FF FF,FF FF FF 3A 01 FF FF FF,[],190=39.25/exp 39.2001 VALUE_OK
MATCH,1074,0x0CF00400,61444,65469.0,49133.721,-0.065,FF FF FF 23 01 FF FF FF,FF FF FF 23 01 FF FF FF,[],190=36.375/exp 36.3601 VALUE_OK
MATCH,1075,0x0CF00400,61444,65479.0,49143.732,-0.053,FF FF FF 0D 01 FF FF FF,FF FF FF 0D 01 FF FF FF,[],190=33.625/exp 33.6258 VALUE_OK
MATCH,1076,0x0CF00400,61444,65489.0,49153.727,-0.057,FF FF FF F8 00 FF FF FF,FF FF FF F8 00 FF FF FF,[],190=31.0/exp 30.9973 VALUE_OK
MATCH,1077,0x0CF00400,61444,65499.0,49163.69,-0.093,FF FF FF E4 00 FF FF FF,FF FF FF E4 00 FF FF FF,[],190=28.5/exp 28.4749 VALUE_OK
MATCH,1078,0x0CF00400,61444,65509.0,49173.709,-0.072,FF FF FF D0 00 FF FF FF,FF FF FF D0 00 FF FF FF,[],190=26.0/exp 26.0587 VALUE_OK
MATCH,1079,0x0CF00400,61444,65519.0,49183.734,-0.045,FF FF FF BE 00 FF FF FF,FF FF FF BE 00 FF FF FF,[],190=23.75/exp 23.7488 VALUE_OK
MATCH,1080,0x0CF00400,61444,65529.0,49193.685,-0.093,FF FF FF AC 00 FF FF FF,FF FF FF AC 00 FF FF FF,[],190=21.5/exp 21.5454 VALUE_OK
MATCH,1081,0x0CF00400,61444,65539.0,49203.7,-0.077,FF FF FF 9C 00 FF FF FF,FF FF FF 9C 00 FF FF FF,[],190=19.5/exp 19.4486 VALUE_OK
MATCH,1082,0x0CF00400,61444,65549.0,49213.723,-0.052,FF FF FF 8C 00 FF FF FF,FF FF FF 8C 00 FF FF FF,[],190=17.5/exp 17.4586 VALUE_OK
MATCH,1083,0x0CF00400,61444,65559.0,49223.67,-0.104,FF FF FF 7D 00 FF FF FF,FF FF FF 7D 00 FF FF FF,[],190=15.625/exp 15.5754 VALUE_OK
MATCH,1084,0x0CF00400,61444,65569.0,49233.683,-0.089,FF FF FF 6E 00 FF FF FF,FF FF FF 6E 00 FF FF FF,[],190=13.75/exp 13.7993 VALUE_OK
MATCH,1085,0x0CF00400,61444,65579.0,49243.698,-0.072,FF FF FF 61 00 FF FF FF,FF FF FF 61 00 FF FF FF,[],190=12.125/exp 12.1302 VALUE_OK
MATCH,1086,0x0CF00400,61444,65589.0,49253.653,-0.116,FF FF FF 55 00 FF FF FF,FF FF FF 55 00 FF FF FF,[],190=10.625/exp 10.5683 VALUE_OK
MATCH,1087,0x0CF00400,61444,65599.0,49263.676,-0.09,FF FF FF 49 00 FF FF FF,FF FF FF 49 00 FF FF FF,[],190=9.125/exp 9.1138 VALUE_OK
MATCH,1088,0x0CF00400,61444,65609.0,49273.679,-0.086,FF FF FF 3E 00 FF FF FF,FF FF FF 3E 00 FF FF FF,[],190=7.75/exp 7.7666 VALUE_OK
MATCH,1089,0x0CF00400,61444,65619.0,49283.693,-0.07,FF FF FF 34 00 FF FF FF,FF FF FF 34 00 FF FF FF,[],190=6.5/exp 6.5268 VALUE_OK
MATCH,1090,0x0CF00400,61444,65629.0,49293.703,-0.058,FF FF FF 2B 00 FF FF FF,FF FF FF 2B 00 FF FF FF,[],190=5.375/exp 5.3947 VALUE_OK
MATCH,1091,0x0CF00400,61444,65639.0,49303.658,-0.102,FF FF FF 23 00 FF FF FF,FF FF FF 23 00 FF FF FF,[],190=4.375/exp 4.3701 VALUE_OK
MATCH,1092,0x0CF00400,61444,65649.0,49313.685,-0.073,FF FF FF 1C 00 FF FF FF,FF FF FF 1C 00 FF FF FF,[],190=3.5/exp 3.4532 VALUE_OK
UNLOGGED,,0x0CF00400,61444,,49323.696,,,FF FF FF 15 00 FF FF FF,[],
MATCH,1094,0x0CF00400,61444,65669.0,49333.659,-0.098,FF FF FF 10 00 FF FF FF,FF FF FF 10 00 FF FF FF,[],190=2.0/exp 1.9427 VALUE_OK
MATCH,1095,0x0CF00400,61444,65679.0,49343.676,-0.079,FF FF FF 0B 00 FF FF FF,FF FF FF 0B 00 FF FF FF,[],190=1.375/exp 1.3492 VALUE_OK
MATCH,1096,0x0CF00400,61444,65689.0,49353.699,-0.054,FF FF FF 07 00 FF FF FF,FF FF FF 07 00 FF FF FF,[],190=0.875/exp 0.8635 VALUE_OK
UNLOGGED,,0x0CF00400,61444,,49363.662,,,FF FF FF 04 00 FF FF FF,[],
MATCH,1098,0x0CF00400,61444,65709.0,49373.669,-0.083,FF FF FF 02 00 FF FF FF,FF FF FF 02 00 FF FF FF,[],190=0.25/exp 0.2159 VALUE_OK
MATCH,1099,0x0CF00400,61444,65719.0,49383.692,-0.059,FF FF FF 00 00 FF FF FF,FF FF FF 00 00 FF FF FF,[],190=0.0/exp 0.054 VALUE_OK
MATCH,1100,0x0CF00400,61444,65729.0,49393.698,-0.051,FF FF FF 00 00 FF FF FF,FF FF FF 00 00 FF FF FF,[],190=0.0/exp 0.0 VALUE_OK
MATCH,1101,0x0CF00400,61444,65739.0,49403.672,-0.076,FF FF FF 00 00 FF FF FF,FF FF FF 00 00 FF FF FF,[],190=0.0/exp 0.054 VALUE_OK
MATCH,1102,0x0CF00400,61444,65749.0,49413.627,-0.12,FF FF FF 02 00 FF FF FF,FF FF FF 02 00 FF FF FF,[],190=0.25/exp 0.2159 VALUE_OK
MATCH,1103,0x0CF00400,61444,65759.0,49423.658,-0.086,FF FF FF 04 00 FF FF FF,FF FF FF 04 00 FF FF FF,[],190=0.5/exp 0.4857 VALUE_OK
MATCH,1104,0x0CF00400,61444,65769.0,49433.669,-0.074,FF FF FF 07 00 FF FF FF,FF FF FF 07 00 FF FF FF,[],190=0.875/exp 0.8635 VALUE_OK
MATCH,1105,0x0CF00400,61444,65779.0,49443.684,-0.057,FF FF FF 0B 00 FF FF FF,FF FF FF 0B 00 FF FF FF,[],190=1.375/exp 1.3492 VALUE_OK
MATCH,1106,0x0CF00400,61444,65789.0,49453.645,-0.095,FF FF FF 10 00 FF FF FF,FF FF FF 10 00 FF FF FF,[],190=2.0/exp 1.9427 VALUE_OK
MATCH,1107,0x0CF00400,61444,65799.0,49463.652,-0.086,FF FF FF 15 00 FF FF FF,FF FF FF 15 00 FF FF FF,[],190=2.625/exp 2.6441 VALUE_OK
MATCH,1108,0x0CF00400,61444,65809.0,49473.683,-0.053,FF FF FF 1C 00 FF FF FF,FF FF FF 1C 00 FF FF FF,[],190=3.5/exp 3.4532 VALUE_OK
MATCH,1109,0x0CF00400,61444,65819.0,49483.63,-0.105,FF FF FF 23 00 FF FF FF,FF FF FF 23 00 FF FF FF,[],190=4.375/exp 4.3701 VALUE_OK
MATCH,1110,0x0CF00400,61444,65829.0,49493.649,-0.084,FF FF FF 2B 00 FF FF FF,FF FF FF 2B 00 FF FF FF,[],190=5.375/exp 5.3947 VALUE_OK
MATCH,1111,0x0CF00400,61444,65839.0,49503.674,-0.058,FF FF FF 34 00 FF FF FF,FF FF FF 34 00 FF FF FF,[],190=6.5/exp 6.5268 VALUE_OK
MATCH,1112,0x0CF00400,61444,65849.0,49513.637,-0.093,FF FF FF 3E 00 FF FF FF,FF FF FF 3E 00 FF FF FF,[],190=7.75/exp 7.7666 VALUE_OK
MATCH,1113,0x0CF00400,61444,65859.0,49523.62,-0.109,FF FF FF 49 00 FF FF FF,FF FF FF 49 00 FF FF FF,[],190=9.125/exp 9.1138 VALUE_OK
MATCH,1114,0x0CF00400,61444,65869.0,49533.635,-0.091,FF FF FF 55 00 FF FF FF,FF FF FF 55 00 FF FF FF,[],190=10.625/exp 10.5683 VALUE_OK
MATCH,1115,0x0CF00400,61444,65879.0,49543.654,-0.071,FF FF FF 61 00 FF FF FF,FF FF FF 61 00 FF FF FF,[],190=12.125/exp 12.1302 VALUE_OK
MATCH,1116,0x0CF00400,61444,65889.0,49553.612,-0.111,FF FF FF 6E 00 FF FF FF,FF FF FF 6E 00 FF FF FF,[],190=13.75/exp 13.7993 VALUE_OK
MATCH,1117,0x0CF00400,61444,65899.0,49563.635,-0.086,FF FF FF 7D 00 FF FF FF,FF FF FF 7D 00 FF FF FF,[],190=15.625/exp 15.5754 VALUE_OK
MATCH,1118,0x0CF00400,61444,65909.0,49573.661,-0.058,FF FF FF 8C 00 FF FF FF,FF FF FF 8C 00 FF FF FF,[],190=17.5/exp 17.4586 VALUE_OK
MATCH,1119,0x0CF00400,61444,65919.0,49583.612,-0.106,FF FF FF 9C 00 FF FF FF,FF FF FF 9C 00 FF FF FF,[],190=19.5/exp 19.4486 VALUE_OK
MATCH,1120,0x0CF00400,61444,65929.0,49593.635,-0.081,FF FF FF AC 00 FF FF FF,FF FF FF AC 00 FF FF FF,[],190=21.5/exp 21.5454 VALUE_OK
MATCH,1121,0x0CF00400,61444,65939.0,49603.658,-0.056,FF FF FF BE 00 FF FF FF,FF FF FF BE 00 FF FF FF,[],190=23.75/exp 23.7488 VALUE_OK
MATCH,1122,0x0CF00400,61444,65949.0,49613.607,-0.106,FF FF FF D0 00 FF FF FF,FF FF FF D0 00 FF FF FF,[],190=26.0/exp 26.0587 VALUE_OK
MATCH,1123,0x0CF00400,61444,65959.0,49623.622,-0.089,FF FF FF E4 00 FF FF FF,FF FF FF E4 00 FF FF FF,[],190=28.5/exp 28.4749 VALUE_OK
MATCH,1124,0x0CF00400,61444,65969.0,49633.637,-0.072,FF FF FF F8 00 FF FF FF,FF FF FF F8 00 FF FF FF,[],190=31.0/exp 30.9973 VALUE_OK
MATCH,1125,0x0CF00400,61444,65979.0,49643.592,-0.116,FF FF FF 0D 01 FF FF FF,FF FF FF 0D 01 FF FF FF,[],190=33.625/exp 33.6258 VALUE_OK
MATCH,1126,0x0CF00400,61444,65989.0,49653.655,-0.051,FF FF FF 23 01 FF FF FF,FF FF FF 23 01 FF FF FF,[],190=36.375/exp 36.3601 VALUE_OK
MATCH,1127,0x0CF00400,61444,65999.0,49663.602,-0.102,FF FF FF 3A 01 FF FF FF,FF FF FF 3A 01 FF FF FF,[],190=39.25/exp 39.2001 VALUE_OK
MATCH,1128,0x0CF00400,61444,66009.0,49673.623,-0.079,FF FF FF 51 01 FF FF FF,FF FF FF 51 01 FF FF FF,[],190=42.125/exp 42.1457 VALUE_OK
MATCH,1129,0x0CF00400,61444,66019.0,49683.642,-0.059,FF FF FF 6A 01 FF FF FF,FF FF FF 6A 01 FF FF FF,[],190=45.25/exp 45.1966 VALUE_OK
MATCH,1130,0x0CF00400,61444,66029.0,49693.609,-0.091,FF FF FF 83 01 FF FF FF,FF FF FF 83 01 FF FF FF,[],190=48.375/exp 48.3526 VALUE_OK
MATCH,1131,0x0CF00400,61444,66039.0,49703.62,-0.078,FF FF FF 9D 01 FF FF FF,FF FF FF 9D 01 FF FF FF,[],190=51.625/exp 51.6137 VALUE_OK
MATCH,1132,0x0CF00400,61444,66049.0,49713.646,-0.05,FF FF FF B8 01 FF FF FF,FF FF FF B8 01 FF FF FF,[],190=55.0/exp 54.9795 VALUE_OK
MATCH,1133,0x0CF00400,61444,66059.0,49723.596,-0.099,FF FF FF D4 01 FF FF FF,FF FF FF D4 01 FF FF FF,[],190=58.5/exp 58.4498 VALUE_OK
MATCH,1134,0x0CF00400,61444,66069.0,49733.619,-0.074,FF FF FF F0 01 FF FF FF,FF FF FF F0 01 FF FF FF,[],190=62.0/exp 62.0245 VALUE_OK
MATCH,1135,0x0CF00400,61444,66079.0,49743.622,-0.07,FF FF FF 0E 02 FF FF FF,FF FF FF 0E 02 FF FF FF,[],190=65.75/exp 65.7033 VALUE_OK
MATCH,1136,0x0CF00400,61444,66089.0,49753.585,-0.105,FF FF FF 2C 02 FF FF FF,FF FF FF 2C 02 FF FF FF,[],190=69.5/exp 69.4861 VALUE_OK
MATCH,1137,0x0CF00400,61444,66099.0,49763.604,-0.084,FF FF FF 4B 02 FF FF FF,FF FF FF 4B 02 FF FF FF,[],190=73.375/exp 73.3724 VALUE_OK
MATCH,1138,0x0CF00400,61444,66109.0,49773.589,-0.098,FF FF FF 6B 02 FF FF FF,FF FF FF 6B 02 FF FF FF,[],190=77.375/exp 77.3622 VALUE_OK
MATCH,1139,0x0CF00400,61444,66119.0,49783.624,-0.061,FF FF FF 8C 02 FF FF FF,FF FF FF 8C 02 FF FF FF,[],190=81.5/exp 81.4552 VALUE_OK
MATCH,1140,0x0CF00400,61444,66129.0,49793.603,-0.08,FF FF FF AD 02 FF FF FF,FF FF FF AD 02 FF FF FF,[],190=85.625/exp 85.6511 VALUE_OK
MATCH,1141,0x0CF00400,61444,66139.0,49803.582,-0.1,FF FF FF D0 02 FF FF FF,FF FF FF D0 02 FF FF FF,[],190=90.0/exp 89.9497 VALUE_OK
MATCH,1142,0x0CF00400,61444,66149.0,49813.625,-0.055,FF FF FF F3 02 FF FF FF,FF FF FF F3 02 FF FF FF,[],190=94.375/exp 94.3506 VALUE_OK
MATCH,1143,0x0CF00400,61444,66159.0,49823.591,-0.088,FF FF FF 17 03 FF FF FF,FF FF FF 17 03 FF FF FF,[],190=98.875/exp 98.8537 VALUE_OK
MATCH,1144,0x0CF00400,61444,66169.0,49833.629,-0.048,FF FF FF 3C 03 FF FF FF,FF FF FF 3C 03 FF FF FF,[],190=103.5/exp 103.4587 VALUE_OK
MATCH,1145,0x0CF00400,61444,66179.0,49843.608,-0.068,FF FF FF 61 03 FF FF FF,FF FF FF 61 03 FF FF FF,[],190=108.125/exp 108.1652 VALUE_OK
MATCH,1146,0x0CF00400,61444,66189.0,49853.583,-0.092,FF FF FF 88 03 FF FF FF,FF FF FF 88 03 FF FF FF,[],190=113.0/exp 112.9729 VALUE_OK
MATCH,1147,0x0CF00400,61444,66199.0,49863.622,-0.051,FF FF FF AF 03 FF FF FF,FF FF FF AF 03 FF FF FF,[],190=117.875/exp 117.8817 VALUE_OK
MATCH,1148,0x0CF00400,61444,66209.0,49873.597,-0.075,FF FF FF D7 03 FF FF FF,FF FF FF D7 03 FF FF FF,[],190=122.875/exp 122.8911 VALUE_OK
MATCH,1149,0x0CF00400,61444,66219.0,49883.578,-0.092,FF FF FF 00 04 FF FF FF,FF FF FF 00 04 FF FF FF,[],190=128.0/exp 128.001 VALUE_OK
MATCH,1150,0x0CF00400,61444,66229.0,49893.605,-0.063,FF FF FF 2A 04 FF FF FF,FF FF FF 2A 04 FF FF FF,[],190=133.25/exp 133.2108 VALUE_OK
MATCH,1151,0x0CF00400,61444,66239.0,49903.561,-0.106,FF FF FF 54 04 FF FF FF,FF FF FF 54 04 FF FF FF,[],190=138.5/exp 138.5204 VALUE_OK
MATCH,1152,0x0CF00400,61444,66249.0,49913.603,-0.062,FF FF FF 7F 04 FF FF FF,FF FF FF 7F 04 FF FF FF,[],190=143.875/exp 143.9294 VALUE_OK
MATCH,1153,0x0CF00400,61444,66259.0,49923.582,-0.082,FF FF FF AB 04 FF FF FF,FF FF FF AB 04 FF FF FF,[],190=149.375/exp 149.4375 VALUE_OK
MATCH,1154,0x0CF00400,61444,66269.0,49933.552,-0.11,FF FF FF D8 04 FF FF FF,FF FF FF D8 04 FF FF FF,[],190=155.0/exp 155.0443 VALUE_OK
MATCH,1155,0x0CF00400,61444,66279.0,49943.614,-0.046,FF FF FF 06 05 FF FF FF,FF FF FF 06 05 FF FF FF,[],190=160.75/exp 160.7494 VALUE_OK
MATCH,1156,0x0CF00400,61444,66289.0,49953.585,-0.074,FF FF FF 34 05 FF FF FF,FF FF FF 34 05 FF FF FF,[],190=166.5/exp 166.5527 VALUE_OK
MATCH,1157,0x0CF00400,61444,66299.0,49963.564,-0.094,FF FF FF 64 05 FF FF FF,FF FF FF 64 05 FF FF FF,[],190=172.5/exp 172.4535 VALUE_OK
MATCH,1158,0x0CF00400,61444,66309.0,49973.607,-0.049,FF FF FF 94 05 FF FF FF,FF FF FF 94 05 FF FF FF,[],190=178.5/exp 178.4517 VALUE_OK
MATCH,1159,0x0CF00400,61444,66319.0,49983.582,-0.073,FF FF FF C4 05 FF FF FF,FF FF FF C4 05 FF FF FF,[],190=184.5/exp 184.5469 VALUE_OK
MATCH,1160,0x0CF00400,61444,66329.0,49993.567,-0.086,FF FF FF F6 05 FF FF FF,FF FF FF F6 05 FF FF FF,[],190=190.75/exp 190.7386 VALUE_OK
MATCH,1161,0x0CF00400,61444,66339.0,50003.546,-0.106,FF FF FF 28 06 FF FF FF,FF FF FF 28 06 FF FF FF,[],190=197.0/exp 197.0265 VALUE_OK
MATCH,1162,0x0CF00400,61444,66349.0,50013.601,-0.048,FF FF FF 5B 06 FF FF FF,FF FF FF 5B 06 FF FF FF,[],190=203.375/exp 203.4101 VALUE_OK
MATCH,1163,0x0CF00400,61444,66359.0,50023.564,-0.085,FF FF FF 8F 06 FF FF FF,FF FF FF 8F 06 FF FF FF,[],190=209.875/exp 209.8892 VALUE_OK
MATCH,1164,0x0CF00400,61444,66369.0,50033.543,-0.104,FF FF FF C4 06 FF FF FF,FF FF FF C4 06 FF FF FF,[],190=216.5/exp 216.4633 VALUE_OK
MATCH,1165,0x0CF00400,61444,66379.0,50043.533,-0.112,FF FF FF F9 06 FF FF FF,FF FF FF F9 06 FF FF FF,[],190=223.125/exp 223.132 VALUE_OK
MATCH,1166,0x0CF00400,61444,66389.0,50053.596,-0.047,FF FF FF 2F 07 FF FF FF,FF FF FF 2F 07 FF FF FF,[],190=229.875/exp 229.8948 VALUE_OK
MATCH,1167,0x0CF00400,61444,66399.0,50063.586,-0.056,FF FF FF 66 07 FF FF FF,FF FF FF 66 07 FF FF FF,[],190=236.75/exp 236.7515 VALUE_OK
MATCH,1168,0x0CF00400,61444,66409.0,50073.581,-0.059,FF FF FF 9E 07 FF FF FF,FF FF FF 9E 07 FF FF FF,[],190=243.75/exp 243.7015 VALUE_OK
MATCH,1169,0x0CF00400,61444,66419.0,50083.572,-0.067,FF FF FF D6 07 FF FF FF,FF FF FF D6 07 FF FF FF,[],190=250.75/exp 250.7443 VALUE_OK
MATCH,1170,0x0CF00400,61444,66429.0,50093.543,-0.095,FF FF FF 0F 08 FF FF FF,FF FF FF 0F 08 FF FF FF,[],190=257.875/exp 257.8797 VALUE_OK
MATCH,1171,0x0CF00400,61444,66439.0,50103.58,-0.056,FF FF FF 49 08 FF FF FF,FF FF FF 49 08 FF FF FF,[],190=265.125/exp 265.1071 VALUE_OK
MATCH,1172,0x0CF00400,61444,66449.0,50113.583,-0.052,FF FF FF 83 08 FF FF FF,FF FF FF 83 08 FF FF FF,[],190=272.375/exp 272.4261 VALUE_OK
MATCH,1173,0x0CF00400,61444,66459.0,50123.57,-0.064,FF FF FF BF 08 FF FF FF,FF FF FF BF 08 FF FF FF,[],190=279.875/exp 279.8363 VALUE_OK
MATCH,1174,0x0CF00400,61444,66469.0,50133.541,-0.092,FF FF FF FB 08 FF FF FF,FF FF FF FB 08 FF FF FF,[],190=287.375/exp 287.3371 VALUE_OK
MATCH,1175,0x0CF00400,61444,66479.0,50143.508,-0.123,FF FF FF 37 09 FF FF FF,FF FF FF 37 09 FF FF FF,[],190=294.875/exp 294.9282 VALUE_OK
MATCH,1176,0x0CF00400,61444,66489.0,50153.529,-0.099,FF FF FF 75 09 FF FF FF,FF FF FF 75 09 FF FF FF,[],190=302.625/exp 302.609 VALUE_OK
MATCH,1177,0x0CF00400,61444,66499.0,50163.572,-0.054,FF FF FF B3 09 FF FF FF,FF FF FF B3 09 FF FF FF,[],190=310.375/exp 310.3791 VALUE_OK
MATCH,1178,0x0CF00400,61444,66509.0,50173.567,-0.058,FF FF FF F2 09 FF FF FF,FF FF FF F2 09 FF FF FF,[],190=318.25/exp 318.238 VALUE_OK
MATCH,1179,0x0CF00400,61444,66519.0,50183.554,-0.07,FF FF FF 31 0A FF FF FF,FF FF FF 31 0A FF FF FF,[],190=326.125/exp 326.1852 VALUE_OK
MATCH,1180,0x0CF00400,61444,66529.0,50193.529,-0.094,FF FF FF 72 0A FF FF FF,FF FF FF 72 0A FF FF FF,[],190=334.25/exp 334.2203 VALUE_OK
MATCH,1181,0x0CF00400,61444,66539.0,50203.512,-0.109,FF FF FF B3 0A FF FF FF,FF FF FF B3 0A FF FF FF,[],190=342.375/exp 342.3426 VALUE_OK
MATCH,1182,0x0CF00400,61444,66549.0,50213.546,-0.073,FF FF FF F4 0A FF FF FF,FF FF FF F4 0A FF FF FF,[],190=350.5/exp 350.5518 VALUE_OK
MATCH,1183,0x0CF00400,61444,66559.0,50223.524,-0.093,FF FF FF 37 0B FF FF FF,FF FF FF 37 0B FF FF FF,[],190=358.875/exp 358.8474 VALUE_OK
MATCH,1184,0x0CF00400,61444,66569.0,50233.563,-0.052,FF FF FF 7A 0B FF FF FF,FF FF FF 7A 0B FF FF FF,[],190=367.25/exp 367.2287 VALUE_OK
MATCH,1185,0x0CF00400,61444,66579.0,50243.546,-0.068,FF FF FF BE 0B FF FF FF,FF FF FF BE 0B FF FF FF,[],190=375.75/exp 375.6954 VALUE_OK
MATCH,1186,0x0CF00400,61444,66589.0,50253.517,-0.096,FF FF FF 02 0C FF FF FF,FF FF FF 02 0C FF FF FF,[],190=384.25/exp 384.2468 VALUE_OK
MATCH,1187,0x0CF00400,61444,66599.0,50263.547,-0.064,FF FF FF 47 0C FF FF FF,FF FF FF 47 0C FF FF FF,[],190=392.875/exp 392.8824 VALUE_OK
MATCH,1188,0x0CF00400,61444,66609.0,50273.513,-0.097,FF FF FF 8D 0C FF FF FF,FF FF FF 8D 0C FF FF FF,[],190=401.625/exp 401.6018 VALUE_OK
MATCH,1189,0x0CF00400,61444,66619.0,50283.512,-0.096,FF FF FF D3 0C FF FF FF,FF FF FF D3 0C FF FF FF,[],190=410.375/exp 410.4044 VALUE_OK
MATCH,1190,0x0CF00400,61444,66629.0,50293.499,-0.107,FF FF FF 1A 0D FF FF FF,FF FF FF 1A 0D FF FF FF,[],190=419.25/exp 419.2896 VALUE_OK
MATCH,1191,0x0CF00400,61444,66639.0,50303.546,-0.058,FF FF FF 62 0D FF FF FF,FF FF FF 62 0D FF FF FF,[],190=428.25/exp 428.2568 VALUE_OK
MATCH,1192,0x0CF00400,61444,66649.0,50313.516,-0.087,FF FF FF AA 0D FF FF FF,FF FF FF AA 0D FF FF FF,[],190=437.25/exp 437.3056 VALUE_OK
MATCH,1193,0x0CF00400,61444,66659.0,50323.494,-0.107,FF FF FF F3 0D FF FF FF,FF FF FF F3 0D FF FF FF,[],190=446.375/exp 446.4354 VALUE_OK
MATCH,1194,0x0CF00400,61444,66669.0,50333.521,-0.078,FF FF FF 3D 0E FF FF FF,FF FF FF 3D 0E FF FF FF,[],190=455.625/exp 455.6456 VALUE_OK
MATCH,1195,0x0CF00400,61444,66679.0,50343.504,-0.093,FF FF FF 87 0E FF FF FF,FF FF FF 87 0E FF FF FF,[],190=464.875/exp 464.9356 VALUE_OK
MATCH,1196,0x0CF00400,61444,66689.0,50353.543,-0.052,FF FF FF D2 0E FF FF FF,FF FF FF D2 0E FF FF FF,[],190=474.25/exp 474.3049 VALUE_OK
MATCH,1197,0x0CF00400,61444,66699.0,50363.518,-0.076,FF FF FF 1E 0F FF FF FF,FF FF FF 1E 0F FF FF FF,[],190=483.75/exp 483.7529 VALUE_OK
MATCH,1198,0x0CF00400,61444,66709.0,50373.495,-0.098,FF FF FF 6A 0F FF FF FF,FF FF FF 6A 0F FF FF FF,[],190=493.25/exp 493.279 VALUE_OK
MATCH,1199,0x0CF00400,61444,66719.0,50383.534,-0.057,FF FF FF B7 0F FF FF FF,FF FF FF B7 0F FF FF FF,[],190=502.875/exp 502.8826 VALUE_OK
MATCH,1200,0x0CF00400,61444,66729.0,50393.489,-0.101,FF FF FF 05 10 FF FF FF,FF FF FF 05 10 FF FF FF,[],190=512.625/exp 512.5631 VALUE_OK
MATCH,1201,0x0CF00400,61444,66739.0,50403.472,-0.116,FF FF FF 53 10 FF FF FF,FF FF FF 53 10 FF FF FF,[],190=522.375/exp 522.32 VALUE_OK
MATCH,1202,0x0CF00400,61444,66749.0,50413.491,-0.094,FF FF FF A1 10 FF FF FF,FF FF FF A1 10 FF FF FF,[],190=532.125/exp 532.1526 VALUE_OK
MATCH,1203,0x0CF00400,61444,66759.0,50423.508,-0.075,FF FF FF F0 10 FF FF FF,FF FF FF F0 10 FF FF FF,[],190=542.0/exp 542.0603 VALUE_OK
MATCH,1204,0x0CF00400,61444,66769.0,50433.519,-0.063,FF FF FF 40 11 FF FF FF,FF FF FF 40 11 FF FF FF,[],190=552.0/exp 552.0426 VALUE_OK
MATCH,1205,0x0CF00400,61444,66779.0,50443.478,-0.103,FF FF FF 91 11 FF FF FF,FF FF FF 91 11 FF FF FF,[],190=562.125/exp 562.0987 VALUE_OK
MATCH,1206,0x0CF00400,61444,66789.0,50453.489,-0.09,FF FF FF E2 11 FF FF FF,FF FF FF E2 11 FF FF FF,[],190=572.25/exp 572.2281 VALUE_OK
MATCH,1207,0x0CF00400,61444,66799.0,50463.5,-0.077,FF FF FF 33 12 FF FF FF,FF FF FF 33 12 FF FF FF,[],190=582.375/exp 582.4302 VALUE_OK
MATCH,1208,0x0CF00400,61444,66809.0,50473.475,-0.1,FF FF FF 86 12 FF FF FF,FF FF FF 86 12 FF FF FF,[],190=592.75/exp 592.7042 VALUE_OK
MATCH,1209,0x0CF00400,61444,66819.0,50483.493,-0.08,FF FF FF D8 12 FF FF FF,FF FF FF D8 12 FF FF FF,[],190=603.0/exp 603.0497 VALUE_OK
UNLOGGED,,0x0CF00400,61444,,50493.503,,,FF FF FF 2C 13 FF FF FF,[],
MATCH,1211,0x0CF00400,61444,66839.0,50503.462,-0.11,FF FF FF 80 13 FF FF FF,FF FF FF 80 13 FF FF FF,[],190=624.0/exp 623.9522 VALUE_OK
MATCH,1212,0x0CF00400,61444,66849.0,50513.473,-0.096,FF FF FF D4 13 FF FF FF,FF FF FF D4 13 FF FF FF,[],190=634.5/exp 634.508 VALUE_OK
MATCH,1213,0x0CF00400,61444,66859.0,50523.448,-0.12,FF FF FF 29 14 FF FF FF,FF FF FF 29 14 FF FF FF,[],190=645.125/exp 645.1326 VALUE_OK
MATCH,1214,0x0CF00400,61444,66869.0,50533.477,-0.088,FF FF FF 7F 14 FF FF FF,FF FF FF 7F 14 FF FF FF,[],190=655.875/exp 655.8254 VALUE_OK
MATCH,1215,0x0CF00400,61444,66879.0,50543.484,-0.079,FF FF FF D5 14 FF FF FF,FF FF FF D5 14 FF FF FF,[],190=666.625/exp 666.5856 VALUE_OK
MATCH,1216,0x0CF00400,61444,66889.0,50553.507,-0.055,FF FF FF 2B 15 FF FF FF,FF FF FF 2B 15 FF FF FF,[],190=677.375/exp 677.4127 VALUE_OK
MATCH,1217,0x0CF00400,61444,66899.0,50563.458,-0.103,FF FF FF 82 15 FF FF FF,FF FF FF 82 15 FF FF FF,[],190=688.25/exp 688.3059 VALUE_OK
MATCH,1218,0x0CF00400,61444,66909.0,50573.473,-0.086,FF FF FF DA 15 FF FF FF,FF FF FF DA 15 FF FF FF,[],190=699.25/exp 699.2646 VALUE_OK
MATCH,1219,0x0CF00400,61444,66919.0,50583.484,-0.073,FF FF FF 32 16 FF FF FF,FF FF FF 32 16 FF FF FF,[],190=710.25/exp 710.2881 VALUE_OK
MATCH,1220,0x0CF00400,61444,66929.0,50593.438,-0.117,FF FF FF 8B 16 FF FF FF,FF FF FF 8B 16 FF FF FF,[],190=721.375/exp 721.3758 VALUE_OK
MATCH,1221,0x0CF00400,61444,66939.0,50603.46,-0.093,FF FF FF E4 16 FF FF FF,FF FF FF E4 16 FF FF FF,[],190=732.5/exp 732.5269 VALUE_OK
MATCH,1222,0x0CF00400,61444,66949.0,50613.471,-0.08,FF FF FF 3E 17 FF FF FF,FF FF FF 3E 17 FF FF FF,[],190=743.75/exp 743.7408 VALUE_OK
MATCH,1223,0x0CF00400,61444,66959.0,50623.49,-0.06,FF FF FF 98 17 FF FF FF,FF FF FF 98 17 FF FF FF,[],190=755.0/exp 755.0168 VALUE_OK
MATCH,1224,0x0CF00400,61444,66969.0,50633.441,-0.107,FF FF FF F3 17 FF FF FF,FF FF FF F3 17 FF FF FF,[],190=766.375/exp 766.3541 VALUE_OK
MATCH,1225,0x0CF00400,61444,66979.0,50643.443,-0.103,FF FF FF 4E 18 FF FF FF,FF FF FF 4E 18 FF FF FF,[],190=777.75/exp 777.7521 VALUE_OK
MATCH,1226,0x0CF00400,61444,66989.0,50653.441,-0.103,FF FF FF AA 18 FF FF FF,FF FF FF AA 18 FF FF FF,[],190=789.25/exp 789.2101 VALUE_OK
MATCH,1227,0x0CF00400,61444,66999.0,50663.461,-0.081,FF FF FF 06 19 FF FF FF,FF FF FF 06 19 FF FF FF,[],190=800.75/exp 800.7273 VALUE_OK
MATCH,1228,0x0CF00400,61444,67009.0,50673.475,-0.066,FF FF FF 62 19 FF FF FF,FF FF FF 62 19 FF FF FF,[],190=812.25/exp 812.3031 VALUE_OK
MATCH,1229,0x0CF00400,61444,67019.0,50683.442,-0.097,FF FF FF BF 19 FF FF FF,FF FF FF BF 19 FF FF FF,[],190=823.875/exp 823.9367 VALUE_OK
MATCH,1230,0x0CF00400,61444,67029.0,50693.445,-0.092,FF FF FF 1D 1A FF FF FF,FF FF FF 1D 1A FF FF FF,[],190=835.625/exp 835.6275 VALUE_OK
MATCH,1231,0x0CF00400,61444,67039.0,50703.454,-0.081,FF FF FF 7B 1A FF FF FF,FF FF FF 7B 1A FF FF FF,[],190=847.375/exp 847.3747 VALUE_OK
MATCH,1232,0x0CF00400,61444,67049.0,50713.477,-0.057,FF FF FF D9 1A FF FF FF,FF FF FF D9 1A FF FF FF,[],190=859.125/exp 859.1775 VALUE_OK
MATCH,1233,0x0CF00400,61444,67059.0,50723.432,-0.101,FF FF FF 38 1B FF FF FF,FF FF FF 38 1B FF FF FF,[],190=871.0/exp 871.0353 VALUE_OK
MATCH,1234,0x0CF00400,61444,67069.0,50733.463,-0.068,FF FF FF 98 1B FF FF FF,FF FF FF 98 1B FF FF FF,[],190=883.0/exp 882.9473 VALUE_OK
MATCH,1235,0x0CF00400,61444,67079.0,50743.43,-0.099,FF FF FF F7 1B FF FF FF,FF FF FF F7 1B FF FF FF,[],190=894.875/exp 894.9128 VALUE_OK
MATCH,1236,0x0CF00400,61444,67089.0,50753.455,-0.072,FF FF FF 57 1C FF FF FF,FF FF FF 57 1C FF FF FF,[],190=906.875/exp 906.9311 VALUE_OK
MATCH,1237,0x0CF00400,61444,67099.0,50763.426,-0.1,FF FF FF B8 1C FF FF FF,FF FF FF B8 1C FF FF FF,[],190=919.0/exp 919.0013 VALUE_OK
MATCH,1238,0x0CF00400,61444,67109.0,50773.409,-0.115,FF FF FF 19 1D FF FF FF,FF FF FF 19 1D FF FF FF,[],190=931.125/exp 931.1228 VALUE_OK
MATCH,1239,0x0CF00400,61444,67119.0,50783.428,-0.094,FF FF FF 7A 1D FF FF FF,FF FF FF 7A 1D FF FF FF,[],190=943.25/exp 943.2948 VALUE_OK
MATCH,1240,0x0CF00400,61444,67129.0,50793.451,-0.069,FF FF FF DC 1D FF FF FF,FF FF FF DC 1D FF FF FF,[],190=955.5/exp 955.5166 VALUE_OK
MATCH,1241,0x0CF00400,61444,67139.0,50803.469,-0.049,FF FF FF 3E 1E FF FF FF,FF FF FF 3E 1E FF FF FF,[],190=967.75/exp 967.7874 VALUE_OK
MATCH,1242,0x0CF00400,61444,67149.0,50813.407,-0.11,FF FF FF A1 1E FF FF FF,FF FF FF A1 1E FF FF FF,[],190=980.125/exp 980.1065 VALUE_OK
MATCH,1243,0x0CF00400,61444,67159.0,50823.438,-0.077,FF FF FF 04 1F FF FF FF,FF FF FF 04 1F FF FF FF,[],190=992.5/exp 992.473 VALUE_OK
MATCH,1244,0x0CF00400,61444,67169.0,50833.441,-0.073,FF FF FF 67 1F FF FF FF,FF FF FF 67 1F FF FF FF,[],190=1004.875/exp 1004.8862 VALUE_OK
MATCH,1245,0x0CF00400,61444,67179.0,50843.4,-0.112,FF FF FF CB 1F FF FF FF,FF FF FF CB 1F FF FF FF,[],190=1017.375/exp 1017.3455 VALUE_OK
MATCH,1246,0x0CF00400,61444,67189.0,50853.407,-0.103,FF FF FF 2F 20 FF FF FF,FF FF FF 2F 20 FF FF FF,[],190=1029.875/exp 1029.8499 VALUE_OK
MATCH,1247,0x0CF00400,61444,67199.0,50863.4,-0.108,FF FF FF 93 20 FF FF FF,FF FF FF 93 20 FF FF FF,[],190=1042.375/exp 1042.3987 VALUE_OK
MATCH,1248,0x0CF00400,61444,67209.0,50873.399,-0.107,FF FF FF F8 20 FF FF FF,FF FF FF F8 20 FF FF FF,[],190=1055.0/exp 1054.9912 VALUE_OK
MATCH,1249,0x0CF00400,61444,67219.0,50883.446,-0.058,FF FF FF 5D 21 FF FF FF,FF FF FF 5D 21 FF FF FF,[],190=1067.625/exp 1067.6265 VALUE_OK
MATCH,1250,0x0CF00400,61444,67229.0,50893.445,-0.057,FF FF FF C2 21 FF FF FF,FF FF FF C2 21 FF FF FF,[],190=1080.25/exp 1080.304 VALUE_OK
MATCH,1251,0x0CF00400,61444,67239.0,50903.416,-0.085,FF FF FF 28 22 FF FF FF,FF FF FF 28 22 FF FF FF,[],190=1093.0/exp 1093.0228 VALUE_OK
MATCH,1252,0x0CF00400,61444,67249.0,50913.405,-0.095,FF FF FF 8E 22 FF FF FF,FF FF FF 8E 22 FF FF FF,[],190=1105.75/exp 1105.782 VALUE_OK
MATCH,1253,0x0CF00400,61444,67259.0,50923.408,-0.09,FF FF FF F5 22 FF FF FF,FF FF FF F5 22 FF FF FF,[],190=1118.625/exp 1118.5811 VALUE_OK
MATCH,1254,0x0CF00400,61444,67269.0,50933.395,-0.101,FF FF FF 5B 23 FF FF FF,FF FF FF 5B 23 FF FF FF,[],190=1131.375/exp 1131.419 VALUE_OK
MATCH,1255,0x0CF00400,61444,67279.0,50943.398,-0.096,FF FF FF C2 23 FF FF FF,FF FF FF C2 23 FF FF FF,[],190=1144.25/exp 1144.2952 VALUE_OK
MATCH,1256,0x0CF00400,61444,67289.0,50953.381,-0.111,FF FF FF 2A 24 FF FF FF,FF FF FF 2A 24 FF FF FF,[],190=1157.25/exp 1157.2086 VALUE_OK
MATCH,1257,0x0CF00400,61444,67299.0,50963.388,-0.102,FF FF FF 91 24 FF FF FF,FF FF FF 91 24 FF FF FF,[],190=1170.125/exp 1170.1587 VALUE_OK
MATCH,1258,0x0CF00400,61444,67309.0,50973.373,-0.115,FF FF FF F9 24 FF FF FF,FF FF FF F9 24 FF FF FF,[],190=1183.125/exp 1183.1445 VALUE_OK
MATCH,1259,0x0CF00400,61444,67319.0,50983.377,-0.108,FF FF FF 61 25 FF FF FF,FF FF FF 61 25 FF FF FF,[],190=1196.125/exp 1196.1653 VALUE_OK
MATCH,1260,0x0CF00400,61444,67329.0,50993.431,-0.052,FF FF FF CA 25 FF FF FF,FF FF FF CA 25 FF FF FF,[],190=1209.25/exp 1209.2203 VALUE_OK
MATCH,1261,0x0CF00400,61444,67339.0,51003.422,-0.06,FF FF FF 32 26 FF FF FF,FF FF FF 32 26 FF FF FF,[],190=1222.25/exp 1222.3086 VALUE_OK
MATCH,1262,0x0CF00400,61444,67349.0,51013.421,-0.06,FF FF FF 9B 26 FF FF FF,FF FF FF 9B 26 FF FF FF,[],190=1235.375/exp 1235.4294 VALUE_OK
MATCH,1263,0x0CF00400,61444,67359.0,51023.386,-0.094,FF FF FF 05 27 FF FF FF,FF FF FF 05 27 FF FF FF,[],190=1248.625/exp 1248.582 VALUE_OK
MATCH,1264,0x0CF00400,61444,67369.0,51033.381,-0.097,FF FF FF 6E 27 FF FF FF,FF FF FF 6E 27 FF FF FF,[],190=1261.75/exp 1261.7656 VALUE_OK
MATCH,1265,0x0CF00400,61444,67379.0,51043.384,-0.092,FF FF FF D8 27 FF FF FF,FF FF FF D8 27 FF FF FF,[],190=1275.0/exp 1274.9792 VALUE_OK
MATCH,1266,0x0CF00400,61444,67389.0,51053.367,-0.107,FF FF FF 42 28 FF FF FF,FF FF FF 42 28 FF FF FF,[],190=1288.25/exp 1288.2222 VALUE_OK
MATCH,1267,0x0CF00400,61444,67399.0,51063.37,-0.102,FF FF FF AC 28 FF FF FF,FF FF FF AC 28 FF FF FF,[],190=1301.5/exp 1301.4936 VALUE_OK
MATCH,1268,0x0CF00400,61444,67409.0,51073.365,-0.105,FF FF FF 16 29 FF FF FF,FF FF FF 16 29 FF FF FF,[],190=1314.75/exp 1314.7927 VALUE_OK
MATCH,1269,0x0CF00400,61444,67419.0,51083.374,-0.094,FF FF FF 81 29 FF FF FF,FF FF FF 81 29 FF FF FF,[],190=1328.125/exp 1328.1186 VALUE_OK
MATCH,1270,0x0CF00400,61444,67429.0,51093.365,-0.101,FF FF FF EC 29 FF FF FF,FF FF FF EC 29 FF FF FF,[],190=1341.5/exp 1341.4706 VALUE_OK
MATCH,1271,0x0CF00400,61444,67439.0,51103.352,-0.112,FF FF FF 57 2A FF FF FF,FF FF FF 57 2A FF FF FF,[],190=1354.875/exp 1354.8478 VALUE_OK
MATCH,1272,0x0CF00400,61444,67449.0,51113.407,-0.055,FF FF FF C2 2A FF FF FF,FF FF FF C2 2A FF FF FF,[],190=1368.25/exp 1368.2493 VALUE_OK
MATCH,1273,0x0CF00400,61444,67459.0,51123.402,-0.059,FF FF FF 2D 2B FF FF FF,FF FF FF 2D 2B FF FF FF,[],190=1381.625/exp 1381.6744 VALUE_OK
MATCH,1274,0x0CF00400,61444,67469.0,51133.399,-0.06,FF FF FF 99 2B FF FF FF,FF FF FF 99 2B FF FF FF,[],190=1395.125/exp 1395.1222 VALUE_OK
MATCH,1275,0x0CF00400,61444,67479.0,51143.39,-0.068,FF FF FF 05 2C FF FF FF,FF FF FF 05 2C FF FF FF,[],190=1408.625/exp 1408.5919 VALUE_OK
MATCH,1276,0x0CF00400,61444,67489.0,51153.361,-0.096,FF FF FF 71 2C FF FF FF,FF FF FF 71 2C FF FF FF,[],190=1422.125/exp 1422.0827 VALUE_OK
MATCH,1277,0x0CF00400,61444,67499.0,51163.364,-0.091,FF FF FF DD 2C FF FF FF,FF FF FF DD 2C FF FF FF,[],190=1435.625/exp 1435.5937 VALUE_OK
MATCH,1278,0x0CF00400,61444,67509.0,51173.359,-0.094,FF FF FF 49 2D FF FF FF,FF FF FF 49 2D FF FF FF,[],190=1449.125/exp 1449.1241 VALUE_OK
MATCH,1279,0x0CF00400,61444,67519.0,51183.357,-0.094,FF FF FF B5 2D FF FF FF,FF FF FF B5 2D FF FF FF,[],190=1462.625/exp 1462.673 VALUE_OK
MATCH,1280,0x0CF00400,61444,67529.0,51193.34,-0.109,FF FF FF 22 2E FF FF FF,FF FF FF 22 2E FF FF FF,[],190=1476.25/exp 1476.2397 VALUE_OK
MATCH,1281,0x0CF00400,61444,67539.0,51203.342,-0.105,FF FF FF 8F 2E FF FF FF,FF FF FF 8F 2E FF FF FF,[],190=1489.875/exp 1489.8232 VALUE_OK
MATCH,1282,0x0CF00400,61444,67549.0,51213.333,-0.112,FF FF FF FB 2E FF FF FF,FF FF FF FB 2E FF FF FF,[],190=1503.375/exp 1503.4228 VALUE_OK
MATCH,1283,0x0CF00400,61444,67559.0,51223.392,-0.051,FF FF FF 68 2F FF FF FF,FF FF FF 68 2F FF FF FF,[],190=1517.0/exp 1517.0377 VALUE_OK
MATCH,1284,0x0CF00400,61444,67569.0,51233.395,-0.047,FF FF FF D5 2F FF FF FF,FF FF FF D5 2F FF FF FF,[],190=1530.625/exp 1530.6668 VALUE_OK
MATCH,1285,0x0CF00400,61444,67579.0,51243.381,-0.06,FF FF FF 42 30 FF FF FF,FF FF FF 42 30 FF FF FF,[],190=1544.25/exp 1544.3096 VALUE_OK
MATCH,1286,0x0CF00400,61444,67589.0,51253.387,-0.053,FF FF FF B0 30 FF FF FF,FF FF FF B0 30 FF FF FF,[],190=1558.0/exp 1557.965 VALUE_OK
MATCH,1287,0x0CF00400,61444,67599.0,51263.374,-0.065,FF FF FF 1D 31 FF FF FF,FF FF FF 1D 31 FF FF FF,[],190=1571.625/exp 1571.6322 VALUE_OK
MATCH,1288,0x0CF00400,61444,67609.0,51273.345,-0.092,FF FF FF 8A 31 FF FF FF,FF FF FF 8A 31 FF FF FF,[],190=1585.25/exp 1585.3105 VALUE_OK
MATCH,1289,0x0CF00400,61444,67619.0,51283.348,-0.087,FF FF FF F8 31 FF FF FF,FF FF FF F8 31 FF FF FF,[],190=1599.0/exp 1598.9989 VALUE_OK
MATCH,1290,0x0CF00400,61444,67629.0,51293.334,-0.1,FF FF FF 66 32 FF FF FF,FF FF FF 66 32 FF FF FF,[],190=1612.75/exp 1612.6966 VALUE_OK
MATCH,1291,0x0CF00400,61444,67639.0,51303.344,-0.088,FF FF FF D3 32 FF FF FF,FF FF FF D3 32 FF FF FF,[],190=1626.375/exp 1626.4028 VALUE_OK
MATCH,1292,0x0CF00400,61444,67649.0,51313.351,-0.079,FF FF FF 41 33 FF FF FF,FF FF FF 41 33 FF FF FF,[],190=1640.125/exp 1640.1166 VALUE_OK
MATCH,1293,0x0CF00400,61444,67659.0,51323.342,-0.086,FF FF FF AF 33 FF FF FF,FF FF FF AF 33 FF FF FF,[],190=1653.875/exp 1653.8372 VALUE_OK
MATCH,1294,0x0CF00400,61444,67669.0,51333.333,-0.094,FF FF FF 1D 34 FF FF FF,FF FF FF 1D 34 FF FF FF,[],190=1667.625/exp 1667.5637 VALUE_OK
MATCH,1295,0x0CF00400,61444,67679.0,51343.332,-0.093,FF FF FF 8A 34 FF FF FF,FF FF FF 8A 34 FF FF FF,[],190=1681.25/exp 1681.2953 VALUE_OK
MATCH,1296,0x0CF00400,61444,67689.0,51353.333,-0.09,FF FF FF F8 34 FF FF FF,FF FF FF F8 34 FF FF FF,[],190=1695.0/exp 1695.0312 VALUE_OK
MATCH,1297,0x0CF00400,61444,67699.0,51363.324,-0.097,FF FF FF 66 35 FF FF FF,FF FF FF 66 35 FF FF FF,[],190=1708.75/exp 1708.7704 VALUE_OK
MATCH,1298,0x0CF00400,61444,67709.0,51373.327,-0.092,FF FF FF D4 35 FF FF FF,FF FF FF D4 35 FF FF FF,[],190=1722.5/exp 1722.5122 VALUE_OK
MATCH,1299,0x0CF00400,61444,67719.0,51383.322,-0.095,FF FF FF 42 36 FF FF FF,FF FF FF 42 36 FF FF FF,[],190=1736.25/exp 1736.2557 VALUE_OK
MATCH,1300,0x0CF00400,61444,67729.0,51393.261,-0.154,FF FF FF B0 36 FF FF FF,FF FF FF B0 36 FF FF FF,[],190=1750.0/exp 1750.0 VALUE_OK
MATCH,1301,0x0CF00400,61444,67739.0,51403.318,-0.094,FF FF FF 1E 37 FF FF FF,FF FF FF 1E 37 FF FF FF,[],190=1763.75/exp 1763.7443 VALUE_OK
MATCH,1302,0x0CF00400,61444,67749.0,51413.309,-0.101,FF FF FF 8C 37 FF FF FF,FF FF FF 8C 37 FF FF FF,[],190=1777.5/exp 1777.4878 VALUE_OK
MATCH,1303,0x0CF00400,61444,67759.0,51423.276,-0.132,FF FF FF FA 37 FF FF FF,FF FF FF FA 37 FF FF FF,[],190=1791.25/exp 1791.2296 VALUE_OK
MATCH,1304,0x0CF00400,61444,67769.0,51433.287,-0.119,FF FF FF 68 38 FF FF FF,FF FF FF 68 38 FF FF FF,[],190=1805.0/exp 1804.9688 VALUE_OK
MATCH,1305,0x0CF00400,61444,67779.0,51443.274,-0.129,FF FF FF D6 38 FF FF FF,FF FF FF D6 38 FF FF FF,[],190=1818.75/exp 1818.7047 VALUE_OK
MATCH,1306,0x0CF00400,61444,67789.0,51453.309,-0.092,FF FF FF 43 39 FF FF FF,FF FF FF 43 39 FF FF FF,[],190=1832.375/exp 1832.4363 VALUE_OK
MATCH,1307,0x0CF00400,61444,67799.0,51463.294,-0.105,FF FF FF B1 39 FF FF FF,FF FF FF B1 39 FF FF FF,[],190=1846.125/exp 1846.1628 VALUE_OK
MATCH,1308,0x0CF00400,61444,67809.0,51473.277,-0.12,FF FF FF 1F 3A FF FF FF,FF FF FF 1F 3A FF FF FF,[],190=1859.875/exp 1859.8834 VALUE_OK
MATCH,1309,0x0CF00400,61444,67819.0,51483.284,-0.111,FF FF FF 8D 3A FF FF FF,FF FF FF 8D 3A FF FF FF,[],190=1873.625/exp 1873.5972 VALUE_OK
MATCH,1310,0x0CF00400,61444,67829.0,51493.299,-0.093,FF FF FF FA 3A FF FF FF,FF FF FF FA 3A FF FF FF,[],190=1887.25/exp 1887.3034 VALUE_OK
MATCH,1311,0x0CF00400,61444,67839.0,51503.262,-0.128,FF FF FF 68 3B FF FF FF,FF FF FF 68 3B FF FF FF,[],190=1901.0/exp 1901.0011 VALUE_OK
MATCH,1312,0x0CF00400,61444,67849.0,51513.271,-0.117,FF FF FF D6 3B FF FF FF,FF FF FF D6 3B FF FF FF,[],190=1914.75/exp 1914.6895 VALUE_OK
MATCH,1313,0x0CF00400,61444,67859.0,51523.274,-0.112,FF FF FF 43 3C FF FF FF,FF FF FF 43 3C FF FF FF,[],190=1928.375/exp 1928.3678 VALUE_OK
MATCH,1314,0x0CF00400,61444,67869.0,51533.277,-0.106,FF FF FF B0 3C FF FF FF,FF FF FF B0 3C FF FF FF,[],190=1942.0/exp 1942.035 VALUE_OK
MATCH,1315,0x0CF00400,61444,67879.0,51543.272,-0.109,FF FF FF 1E 3D FF FF FF,FF FF FF 1E 3D FF FF FF,[],190=1955.75/exp 1955.6904 VALUE_OK
MATCH,1316,0x0CF00400,61444,67889.0,51553.287,-0.092,FF FF FF 8B 3D FF FF FF,FF FF FF 8B 3D FF FF FF,[],190=1969.375/exp 1969.3332 VALUE_OK
MATCH,1317,0x0CF00400,61444,67899.0,51563.269,-0.108,FF FF FF F8 3D FF FF FF,FF FF FF F8 3D FF FF FF,[],190=1983.0/exp 1982.9623 VALUE_OK
MATCH,1318,0x0CF00400,61444,67909.0,51573.244,-0.131,FF FF FF 65 3E FF FF FF,FF FF FF 65 3E FF FF FF,[],190=1996.625/exp 1996.5772 VALUE_OK
MATCH,1319,0x0CF00400,61444,67919.0,51583.278,-0.094,FF FF FF D1 3E FF FF FF,FF FF FF D1 3E FF FF FF,[],190=2010.125/exp 2010.1768 VALUE_OK
MATCH,1320,0x0CF00400,61444,67929.0,51593.269,-0.101,FF FF FF 3E 3F FF FF FF,FF FF FF 3E 3F FF FF FF,[],190=2023.75/exp 2023.7603 VALUE_OK
MATCH,1321,0x0CF00400,61444,67939.0,51603.252,-0.116,FF FF FF AB 3F FF FF FF,FF FF FF AB 3F FF FF FF,[],190=2037.375/exp 2037.327 VALUE_OK
MATCH,1322,0x0CF00400,61444,67949.0,51613.279,-0.087,FF FF FF 17 40 FF FF FF,FF FF FF 17 40 FF FF FF,[],190=2050.875/exp 2050.8759 VALUE_OK
UNLOGGED,,0x0CF00400,61444,,51623.284,,,FF FF FF 83 40 FF FF FF,[],
MATCH,1324,0x0CF00400,61444,67969.0,51633.267,-0.097,FF FF FF EF 40 FF FF FF,FF FF FF EF 40 FF FF FF,[],190=2077.875/exp 2077.9173 VALUE_OK
MATCH,1325,0x0CF00400,61444,67979.0,51643.262,-0.1,FF FF FF 5B 41 FF FF FF,FF FF FF 5B 41 FF FF FF,[],190=2091.375/exp 2091.4081 VALUE_OK
MATCH,1326,0x0CF00400,61444,67989.0,51653.245,-0.115,FF FF FF C7 41 FF FF FF,FF FF FF C7 41 FF FF FF,[],190=2104.875/exp 2104.8778 VALUE_OK
MATCH,1327,0x0CF00400,61444,67999.0,51663.268,-0.09,FF FF FF 33 42 FF FF FF,FF FF FF 33 42 FF FF FF,[],190=2118.375/exp 2118.3256 VALUE_OK
MATCH,1328,0x0CF00400,61444,68009.0,51673.258,-0.098,FF FF FF 9E 42 FF FF FF,FF FF FF 9E 42 FF FF FF,[],190=2131.75/exp 2131.7507 VALUE_OK
MATCH,1329,0x0CF00400,61444,68019.0,51683.244,-0.11,FF FF FF 09 43 FF FF FF,FF FF FF 09 43 FF FF FF,[],190=2145.125/exp 2145.1522 VALUE_OK
MATCH,1330,0x0CF00400,61444,68029.0,51693.223,-0.129,FF FF FF 74 43 FF FF FF,FF FF FF 74 43 FF FF FF,[],190=2158.5/exp 2158.5294 VALUE_OK
MATCH,1331,0x0CF00400,61444,68039.0,51703.266,-0.084,FF FF FF DF 43 FF FF FF,FF FF FF DF 43 FF FF FF,[],190=2171.875/exp 2171.8814 VALUE_OK
MATCH,1332,0x0CF00400,61444,68049.0,51713.245,-0.103,FF FF FF 4A 44 FF FF FF,FF FF FF 4A 44 FF FF FF,[],190=2185.25/exp 2185.2073 VALUE_OK
MATCH,1333,0x0CF00400,61444,68059.0,51723.268,-0.078,FF FF FF B4 44 FF FF FF,FF FF FF B4 44 FF FF FF,[],190=2198.5/exp 2198.5064 VALUE_OK
MATCH,1334,0x0CF00400,61444,68069.0,51733.225,-0.119,FF FF FF 1E 45 FF FF FF,FF FF FF 1E 45 FF FF FF,[],190=2211.75/exp 2211.7778 VALUE_OK
MATCH,1335,0x0CF00400,61444,68079.0,51743.244,-0.098,FF FF FF 88 45 FF FF FF,FF FF FF 88 45 FF FF FF,[],190=2225.0/exp 2225.0208 VALUE_OK
MATCH,1336,0x0CF00400,61444,68089.0,51753.259,-0.081,FF FF FF F2 45 FF FF FF,FF FF FF F2 45 FF FF FF,[],190=2238.25/exp 2238.2344 VALUE_OK
MATCH,1337,0x0CF00400,61444,68099.0,51763.222,-0.116,FF FF FF 5B 46 FF FF FF,FF FF FF 5B 46 FF FF FF,[],190=2251.375/exp 2251.418 VALUE_OK
MATCH,1338,0x0CF00400,61444,68109.0,51773.249,-0.087,FF FF FF C5 46 FF FF FF,FF FF FF C5 46 FF FF FF,[],190=2264.625/exp 2264.5706 VALUE_OK
MATCH,1339,0x0CF00400,61444,68119.0,51783.215,-0.119,FF FF FF 2E 47 FF FF FF,FF FF FF 2E 47 FF FF FF,[],190=2277.75/exp 2277.6914 VALUE_OK
MATCH,1340,0x0CF00400,61444,68129.0,51793.229,-0.103,FF FF FF 96 47 FF FF FF,FF FF FF 96 47 FF FF FF,[],190=2290.75/exp 2290.7797 VALUE_OK
MATCH,1341,0x0CF00400,61444,68139.0,51803.252,-0.078,FF FF FF FF 47 FF FF FF,FF FF FF FF 47 FF FF FF,[],190=2303.875/exp 2303.8347 VALUE_OK
MATCH,1342,0x0CF00400,61444,68149.0,51813.207,-0.121,FF FF FF 67 48 FF FF FF,FF FF FF 67 48 FF FF FF,[],190=2316.875/exp 2316.8555 VALUE_OK
MATCH,1343,0x0CF00400,61444,68159.0,51823.226,-0.1,FF FF FF CF 48 FF FF FF,FF FF FF CF 48 FF FF FF,[],190=2329.875/exp 2329.8413 VALUE_OK
MATCH,1344,0x0CF00400,61444,68169.0,51833.237,-0.087,FF FF FF 36 49 FF FF FF,FF FF FF 36 49 FF FF FF,[],190=2342.75/exp 2342.7914 VALUE_OK
MATCH,1345,0x0CF00400,61444,68179.0,51843.207,-0.115,FF FF FF 9E 49 FF FF FF,FF FF FF 9E 49 FF FF FF,[],190=2355.75/exp 2355.7048 VALUE_OK
MATCH,1346,0x0CF00400,61444,68189.0,51853.221,-0.099,FF FF FF 05 4A FF FF FF,FF FF FF 05 4A FF FF FF,[],190=2368.625/exp 2368.581 VALUE_OK
MATCH,1347,0x0CF00400,61444,68199.0,51863.228,-0.09,FF FF FF 6B 4A FF FF FF,FF FF FF 6B 4A FF FF FF,[],190=2381.375/exp 2381.4189 VALUE_OK
MATCH,1348,0x0CF00400,61444,68209.0,51873.203,-0.113,FF FF FF D2 4A FF FF FF,FF FF FF D2 4A FF FF FF,[],190=2394.25/exp 2394.218 VALUE_OK
MATCH,1349,0x0CF00400,61444,68219.0,51883.214,-0.1,FF FF FF 38 4B FF FF FF,FF FF FF 38 4B FF FF FF,[],190=2407.0/exp 2406.9772 VALUE_OK
MATCH,1350,0x0CF00400,61444,68229.0,51893.224,-0.088,FF FF FF 9E 4B FF FF FF,FF FF FF 9E 4B FF FF FF,[],190=2419.75/exp 2419.696 VALUE_OK
MATCH,1351,0x0CF00400,61444,68239.0,51903.23,-0.08,FF FF FF 03 4C FF FF FF,FF FF FF 03 4C FF FF FF,[],190=2432.375/exp 2432.3735 VALUE_OK
MATCH,1352,0x0CF00400,61444,68249.0,51913.229,-0.079,FF FF FF 68 4C FF FF FF,FF FF FF 68 4C FF FF FF,[],190=2445.0/exp 2445.0088 VALUE_OK
MATCH,1353,0x0CF00400,61444,68259.0,51923.192,-0.115,FF FF FF CD 4C FF FF FF,FF FF FF CD 4C FF FF FF,[],190=2457.625/exp 2457.6013 VALUE_OK
MATCH,1354,0x0CF00400,61444,68269.0,51933.199,-0.106,FF FF FF 31 4D FF FF FF,FF FF FF 31 4D FF FF FF,[],190=2470.125/exp 2470.1501 VALUE_OK
MATCH,1355,0x0CF00400,61444,68279.0,51943.205,-0.097,FF FF FF 95 4D FF FF FF,FF FF FF 95 4D FF FF FF,[],190=2482.625/exp 2482.6545 VALUE_OK
MATCH,1356,0x0CF00400,61444,68289.0,51953.215,-0.085,FF FF FF F9 4D FF FF FF,FF FF FF F9 4D FF FF FF,[],190=2495.125/exp 2495.1138 VALUE_OK
MATCH,1357,0x0CF00400,61444,68299.0,51963.21,-0.089,FF FF FF 5C 4E FF FF FF,FF FF FF 5C 4E FF FF FF,[],190=2507.5/exp 2507.527 VALUE_OK
MATCH,1358,0x0CF00400,61444,68309.0,51973.225,-0.072,FF FF FF BF 4E FF FF FF,FF FF FF BF 4E FF FF FF,[],190=2519.875/exp 2519.8935 VALUE_OK
MATCH,1359,0x0CF00400,61444,68319.0,51983.18,-0.116,FF FF FF 22 4F FF FF FF,FF FF FF 22 4F FF FF FF,[],190=2532.25/exp 2532.2126 VALUE_OK
MATCH,1360,0x0CF00400,61444,68329.0,51993.195,-0.098,FF FF FF 84 4F FF FF FF,FF FF FF 84 4F FF FF FF,[],190=2544.5/exp 2544.4834 VALUE_OK
MATCH,1361,0x0CF00400,61444,68339.0,52003.197,-0.094,FF FF FF E6 4F FF FF FF,FF FF FF E6 4F FF FF FF,[],190=2556.75/exp 2556.7052 VALUE_OK
MATCH,1362,0x0CF00400,61444,68349.0,52013.191,-0.098,FF FF FF 47 50 FF FF FF,FF FF FF 47 50 FF FF FF,[],190=2568.875/exp 2568.8772 VALUE_OK
MATCH,1363,0x0CF00400,61444,68359.0,52023.206,-0.081,FF FF FF A8 50 FF FF FF,FF FF FF A8 50 FF FF FF,[],190=2581.0/exp 2580.9987 VALUE_OK
MATCH,1364,0x0CF00400,61444,68369.0,52033.221,-0.065,FF FF FF 09 51 FF FF FF,FF FF FF 09 51 FF FF FF,[],190=2593.125/exp 2593.0689 VALUE_OK
MATCH,1365,0x0CF00400,61444,68379.0,52043.188,-0.096,FF FF FF 69 51 FF FF FF,FF FF FF 69 51 FF FF FF,[],190=2605.125/exp 2605.0872 VALUE_OK
MATCH,1366,0x0CF00400,61444,68389.0,52053.198,-0.085,FF FF FF C8 51 FF FF FF,FF FF FF C8 51 FF FF FF,[],190=2617.0/exp 2617.0527 VALUE_OK
MATCH,1367,0x0CF00400,61444,68399.0,52063.196,-0.085,FF FF FF 28 52 FF FF FF,FF FF FF 28 52 FF FF FF,[],190=2629.0/exp 2628.9647 VALUE_OK
MATCH,1368,0x0CF00400,61444,68409.0,52073.199,-0.08,FF FF FF 87 52 FF FF FF,FF FF FF 87 52 FF FF FF,[],190=2640.875/exp 2640.8225 VALUE_OK
MATCH,1369,0x0CF00400,61444,68419.0,52083.186,-0.092,FF FF FF E5 52 FF FF FF,FF FF FF E5 52 FF FF FF,[],190=2652.625/exp 2652.6253 VALUE_OK
MATCH,1370,0x0CF00400,61444,68429.0,52093.169,-0.107,FF FF FF 43 53 FF FF FF,FF FF FF 43 53 FF FF FF,[],190=2664.375/exp 2664.3725 VALUE_OK
MATCH,1371,0x0CF00400,61444,68439.0,52103.208,-0.066,FF FF FF A1 53 FF FF FF,FF FF FF A1 53 FF FF FF,[],190=2676.125/exp 2676.0633 VALUE_OK
MATCH,1372,0x0CF00400,61444,68449.0,52113.197,-0.075,FF FF FF FE 53 FF FF FF,FF FF FF FE 53 FF FF FF,[],190=2687.75/exp 2687.6969 VALUE_OK
MATCH,1373,0x0CF00400,61444,68459.0,52123.176,-0.095,FF FF FF 5A 54 FF FF FF,FF FF FF 5A 54 FF FF FF,[],190=2699.25/exp 2699.2727 VALUE_OK
MATCH,1374,0x0CF00400,61444,68469.0,52133.171,-0.098,FF FF FF B6 54 FF FF FF,FF FF FF B6 54 FF FF FF,[],190=2710.75/exp 2710.7899 VALUE_OK
MATCH,1375,0x0CF00400,61444,68479.0,52143.198,-0.069,FF FF FF 12 55 FF FF FF,FF FF FF 12 55 FF FF FF,[],190=2722.25/exp 2722.2479 VALUE_OK
MATCH,1376,0x0CF00400,61444,68489.0,52153.197,-0.069,FF FF FF 6D 55 FF FF FF,FF FF FF 6D 55 FF FF FF,[],190=2733.625/exp 2733.6459 VALUE_OK
MATCH,1377,0x0CF00400,61444,68499.0,52163.187,-0.077,FF FF FF C8 55 FF FF FF,FF FF FF C8 55 FF FF FF,[],190=2745.0/exp 2744.9832 VALUE_OK
MATCH,1378,0x0CF00400,61444,68509.0,52173.169,-0.094,FF FF FF 22 56 FF FF FF,FF FF FF 22 56 FF FF FF,[],190=2756.25/exp 2756.2592 VALUE_OK
MATCH,1379,0x0CF00400,61444,68519.0,52183.16,-0.101,FF FF FF 7C 56 FF FF FF,FF FF FF 7C 56 FF FF FF,[],190=2767.5/exp 2767.4731 VALUE_OK
MATCH,1380,0x0CF00400,61444,68529.0,52193.147,-0.112,FF FF FF D5 56 FF FF FF,FF FF FF D5 56 FF FF FF,[],190=2778.625/exp 2778.6242 VALUE_OK
MATCH,1381,0x0CF00400,61444,68539.0,52203.182,-0.075,FF FF FF 2E 57 FF FF FF,FF FF FF 2E 57 FF FF FF,[],190=2789.75/exp 2789.7119 VALUE_OK
MATCH,1382,0x0CF00400,61444,68549.0,52213.18,-0.075,FF FF FF 86 57 FF FF FF,FF FF FF 86 57 FF FF FF,[],190=2800.75/exp 2800.7354 VALUE_OK
MATCH,1383,0x0CF00400,61444,68559.0,52223.162,-0.092,FF FF FF DE 57 FF FF FF,FF FF FF DE 57 FF FF FF,[],190=2811.75/exp 2811.6941 VALUE_OK
MATCH,1384,0x0CF00400,61444,68569.0,52233.141,-0.111,FF FF FF 35 58 FF FF FF,FF FF FF 35 58 FF FF FF,[],190=2822.625/exp 2822.5873 VALUE_OK
MATCH,1385,0x0CF00400,61444,68579.0,52243.18,-0.069,FF FF FF 8B 58 FF FF FF,FF FF FF 8B 58 FF FF FF,[],190=2833.375/exp 2833.4144 VALUE_OK
MATCH,1386,0x0CF00400,61444,68589.0,52253.171,-0.077,FF FF FF E1 58 FF FF FF,FF FF FF E1 58 FF FF FF,[],190=2844.125/exp 2844.1746 VALUE_OK
MATCH,1387,0x0CF00400,61444,68599.0,52263.158,-0.089,FF FF FF 37 59 FF FF FF,FF FF FF 37 59 FF FF FF,[],190=2854.875/exp 2854.8674 VALUE_OK
MATCH,1388,0x0CF00400,61444,68609.0,52273.152,-0.093,FF FF FF 8C 59 FF FF FF,FF FF FF 8C 59 FF FF FF,[],190=2865.5/exp 2865.492 VALUE_OK
MATCH,1389,0x0CF00400,61444,68619.0,52283.142,-0.101,FF FF FF E0 59 FF FF FF,FF FF FF E0 59 FF FF FF,[],190=2876.0/exp 2876.0478 VALUE_OK
MATCH,1390,0x0CF00400,61444,68629.0,52293.173,-0.068,FF FF FF 34 5A FF FF FF,FF FF FF 34 5A FF FF FF,[],190=2886.5/exp 2886.5341 VALUE_OK
MATCH,1391,0x0CF00400,61444,68639.0,52303.164,-0.076,FF FF FF 88 5A FF FF FF,FF FF FF 88 5A FF FF FF,[],190=2897.0/exp 2896.9503 VALUE_OK
MATCH,1392,0x0CF00400,61444,68649.0,52313.151,-0.087,FF FF FF DA 5A FF FF FF,FF FF FF DA 5A FF FF FF,[],190=2907.25/exp 2907.2958 VALUE_OK
MATCH,1393,0x0CF00400,61444,68659.0,52323.133,-0.103,FF FF FF 2D 5B FF FF FF,FF FF FF 2D 5B FF FF FF,[],190=2917.625/exp 2917.5698 VALUE_OK
MATCH,1394,0x0CF00400,61444,68669.0,52333.171,-0.063,FF FF FF 7E 5B FF FF FF,FF FF FF 7E 5B FF FF FF,[],190=2927.75/exp 2927.7719 VALUE_OK
MATCH,1395,0x0CF00400,61444,68679.0,52343.162,-0.071,FF FF FF CF 5B FF FF FF,FF FF FF CF 5B FF FF FF,[],190=2937.875/exp 2937.9013 VALUE_OK
MATCH,1396,0x0CF00400,61444,68689.0,52353.149,-0.083,FF FF FF 20 5C FF FF FF,FF FF FF 20 5C FF FF FF,[],190=2948.0/exp 2947.9574 VALUE_OK
MATCH,1397,0x0CF00400,61444,68699.0,52363.128,-0.102,FF FF FF 70 5C FF FF FF,FF FF FF 70 5C FF FF FF,[],190=2958.0/exp 2957.9397 VALUE_OK
MATCH,1398,0x0CF00400,61444,68709.0,52373.127,-0.101,FF FF FF BF 5C FF FF FF,FF FF FF BF 5C FF FF FF,[],190=2967.875/exp 2967.8474 VALUE_OK
MATCH,1399,0x0CF00400,61444,68719.0,52383.156,-0.07,FF FF FF 0D 5D FF FF FF,FF FF FF 0D 5D FF FF FF,[],190=2977.625/exp 2977.68 VALUE_OK
MATCH,1400,0x0CF00400,61444,68729.0,52393.159,-0.065,FF FF FF 5B 5D FF FF FF,FF FF FF 5B 5D FF FF FF,[],190=2987.375/exp 2987.4369 VALUE_OK
MATCH,1401,0x0CF00400,61444,68739.0,52403.154,-0.069,FF FF FF A9 5D FF FF FF,FF FF FF A9 5D FF FF FF,[],190=2997.125/exp 2997.1174 VALUE_OK
MATCH,1402,0x0CF00400,61444,68749.0,52413.161,-0.061,FF FF FF F6 5D FF FF FF,FF FF FF F6 5D FF FF FF,[],190=3006.75/exp 3006.721 VALUE_OK
MATCH,1403,0x0CF00400,61444,68759.0,52423.164,-0.057,FF FF FF 42 5E FF FF FF,FF FF FF 42 5E FF FF FF,[],190=3016.25/exp 3016.2471 VALUE_OK
MATCH,1404,0x0CF00400,61444,68769.0,52433.17,-0.049,FF FF FF 8E 5E FF FF FF,FF FF FF 8E 5E FF FF FF,[],190=3025.75/exp 3025.6951 VALUE_OK
MATCH,1405,0x0CF00400,61444,68779.0,52443.176,-0.042,FF FF FF D9 5E FF FF FF,FF FF FF D9 5E FF FF FF,[],190=3035.125/exp 3035.0644 VALUE_OK
MATCH,1406,0x0CF00400,61444,68789.0,52453.183,-0.035,FF FF FF 23 5F FF FF FF,FF FF FF 23 5F FF FF FF,[],190=3044.375/exp 3044.3544 VALUE_OK
MATCH,1407,0x0CF00400,61444,68799.0,52463.134,-0.083,FF FF FF 6D 5F FF FF FF,FF FF FF 6D 5F FF FF FF,[],190=3053.625/exp 3053.5646 VALUE_OK
MATCH,1408,0x0CF00400,61444,68809.0,52473.141,-0.074,FF FF FF B6 5F FF FF FF,FF FF FF B6 5F FF FF FF,[],190=3062.75/exp 3062.6944 VALUE_OK
MATCH,1409,0x0CF00400,61444,68819.0,52483.16,-0.054,FF FF FF FE 5F FF FF FF,FF FF FF FE 5F FF FF FF,[],190=3071.75/exp 3071.7432 VALUE_OK
MATCH,1410,0x0CF00400,61444,68829.0,52493.157,-0.056,FF FF FF 46 60 FF FF FF,FF FF FF 46 60 FF FF FF,[],190=3080.75/exp 3080.7104 VALUE_OK
MATCH,1411,0x0CF00400,61444,68839.0,52503.184,-0.028,FF FF FF 8D 60 FF FF FF,FF FF FF 8D 60 FF FF FF,[],190=3089.625/exp 3089.5956 VALUE_OK
MATCH,1412,0x0CF00400,61444,68849.0,52513.143,-0.068,FF FF FF D3 60 FF FF FF,FF FF FF D3 60 FF FF FF,[],190=3098.375/exp 3098.3982 VALUE_OK
MATCH,1413,0x0CF00400,61444,68859.0,52523.134,-0.076,FF FF FF 19 61 FF FF FF,FF FF FF 19 61 FF FF FF,[],190=3107.125/exp 3107.1176 VALUE_OK
MATCH,1414,0x0CF00400,61444,68869.0,52533.145,-0.063,FF FF FF 5E 61 FF FF FF,FF FF FF 5E 61 FF FF FF,[],190=3115.75/exp 3115.7532 VALUE_OK
MATCH,1415,0x0CF00400,61444,68879.0,52543.151,-0.056,FF FF FF A2 61 FF FF FF,FF FF FF A2 61 FF FF FF,[],190=3124.25/exp 3124.3046 VALUE_OK
MATCH,1416,0x0CF00400,61444,68889.0,52553.154,-0.052,FF FF FF E6 61 FF FF FF,FF FF FF E6 61 FF FF FF,[],190=3132.75/exp 3132.7713 VALUE_OK
MATCH,1417,0x0CF00400,61444,68899.0,52563.152,-0.053,FF FF FF 29 62 FF FF FF,FF FF FF 29 62 FF FF FF,[],190=3141.125/exp 3141.1526 VALUE_OK
MATCH,1418,0x0CF00400,61444,68909.0,52573.167,-0.037,FF FF FF 6C 62 FF FF FF,FF FF FF 6C 62 FF FF FF,[],190=3149.5/exp 3149.4482 VALUE_OK
MATCH,1419,0x0CF00400,61444,68919.0,52583.11,-0.093,FF FF FF AD 62 FF FF FF,FF FF FF AD 62 FF FF FF,[],190=3157.625/exp 3157.6574 VALUE_OK
MATCH,1420,0x0CF00400,61444,68929.0,52593.124,-0.077,FF FF FF EE 62 FF FF FF,FF FF FF EE 62 FF FF FF,[],190=3165.75/exp 3165.7797 VALUE_OK
MATCH,1421,0x0CF00400,61444,68939.0,52603.122,-0.078,FF FF FF 2F 63 FF FF FF,FF FF FF 2F 63 FF FF FF,[],190=3173.875/exp 3173.8148 VALUE_OK
MATCH,1422,0x0CF00400,61444,68949.0,52613.149,-0.049,FF FF FF 6E 63 FF FF FF,FF FF FF 6E 63 FF FF FF,[],190=3181.75/exp 3181.762 VALUE_OK
MATCH,1423,0x0CF00400,61444,68959.0,52623.12,-0.077,FF FF FF AD 63 FF FF FF,FF FF FF AD 63 FF FF FF,[],190=3189.625/exp 3189.6209 VALUE_OK
MATCH,1424,0x0CF00400,61444,68969.0,52633.131,-0.064,FF FF FF EB 63 FF FF FF,FF FF FF EB 63 FF FF FF,[],190=3197.375/exp 3197.391 VALUE_OK
MATCH,1425,0x0CF00400,61444,68979.0,52643.134,-0.06,FF FF FF 29 64 FF FF FF,FF FF FF 29 64 FF FF FF,[],190=3205.125/exp 3205.0718 VALUE_OK
MATCH,1426,0x0CF00400,61444,68989.0,52653.108,-0.085,FF FF FF 65 64 FF FF FF,FF FF FF 65 64 FF FF FF,[],190=3212.625/exp 3212.6629 VALUE_OK
MATCH,1427,0x0CF00400,61444,68999.0,52663.118,-0.073,FF FF FF A1 64 FF FF FF,FF FF FF A1 64 FF FF FF,[],190=3220.125/exp 3220.1637 VALUE_OK
MATCH,1428,0x0CF00400,61444,69009.0,52673.129,-0.061,FF FF FF DD 64 FF FF FF,FF FF FF DD 64 FF FF FF,[],190=3227.625/exp 3227.5739 VALUE_OK
MATCH,1429,0x0CF00400,61444,69019.0,52683.136,-0.053,FF FF FF 17 65 FF FF FF,FF FF FF 17 65 FF FF FF,[],190=3234.875/exp 3234.8929 VALUE_OK
MATCH,1430,0x0CF00400,61444,69029.0,52693.135,-0.053,FF FF FF 51 65 FF FF FF,FF FF FF 51 65 FF FF FF,[],190=3242.125/exp 3242.1203 VALUE_OK
MATCH,1431,0x0CF00400,61444,69039.0,52703.137,-0.049,FF FF FF 8A 65 FF FF FF,FF FF FF 8A 65 FF FF FF,[],190=3249.25/exp 3249.2557 VALUE_OK
MATCH,1432,0x0CF00400,61444,69049.0,52713.143,-0.042,FF FF FF C2 65 FF FF FF,FF FF FF C2 65 FF FF FF,[],190=3256.25/exp 3256.2985 VALUE_OK
MATCH,1433,0x0CF00400,61444,69059.0,52723.095,-0.09,FF FF FF FA 65 FF FF FF,FF FF FF FA 65 FF FF FF,[],190=3263.25/exp 3263.2485 VALUE_OK
MATCH,1434,0x0CF00400,61444,69069.0,52733.101,-0.082,FF FF FF 31 66 FF FF FF,FF FF FF 31 66 FF FF FF,[],190=3270.125/exp 3270.1052 VALUE_OK
MATCH,1435,0x0CF00400,61444,69079.0,52743.12,-0.061,FF FF FF 67 66 FF FF FF,FF FF FF 67 66 FF FF FF,[],190=3276.875/exp 3276.868 VALUE_OK
MATCH,1436,0x0CF00400,61444,69089.0,52753.131,-0.049,FF FF FF 9C 66 FF FF FF,FF FF FF 9C 66 FF FF FF,[],190=3283.5/exp 3283.5367 VALUE_OK
MATCH,1437,0x0CF00400,61444,69099.0,52763.125,-0.054,FF FF FF D1 66 FF FF FF,FF FF FF D1 66 FF FF FF,[],190=3290.125/exp 3290.1108 VALUE_OK
MATCH,1438,0x0CF00400,61444,69109.0,52773.112,-0.066,FF FF FF 05 67 FF FF FF,FF FF FF 05 67 FF FF FF,[],190=3296.625/exp 3296.5899 VALUE_OK
MATCH,1439,0x0CF00400,61444,69119.0,52783.11,-0.067,FF FF FF 38 67 FF FF FF,FF FF FF 38 67 FF FF FF,[],190=3303.0/exp 3302.9735 VALUE_OK
MATCH,1440,0x0CF00400,61444,69129.0,52793.117,-0.058,FF FF FF 6A 67 FF FF FF,FF FF FF 6A 67 FF FF FF,[],190=3309.25/exp 3309.2614 VALUE_OK
MATCH,1441,0x0CF00400,61444,69139.0,52803.132,-0.042,FF FF FF 9C 67 FF FF FF,FF FF FF 9C 67 FF FF FF,[],190=3315.5/exp 3315.4531 VALUE_OK
MATCH,1442,0x0CF00400,61444,69149.0,52813.126,-0.047,FF FF FF CC 67 FF FF FF,FF FF FF CC 67 FF FF FF,[],190=3321.5/exp 3321.5483 VALUE_OK
MATCH,1443,0x0CF00400,61444,69159.0,52823.132,-0.04,FF FF FF FC 67 FF FF FF,FF FF FF FC 67 FF FF FF,[],190=3327.5/exp 3327.5465 VALUE_OK
MATCH,1444,0x0CF00400,61444,69169.0,52833.119,-0.053,FF FF FF 2C 68 FF FF FF,FF FF FF 2C 68 FF FF FF,[],190=3333.5/exp 3333.4473 VALUE_OK
MATCH,1445,0x0CF00400,61444,69179.0,52843.119,-0.051,FF FF FF 5A 68 FF FF FF,FF FF FF 5A 68 FF FF FF,[],190=3339.25/exp 3339.2506 VALUE_OK
MATCH,1446,0x0CF00400,61444,69189.0,52853.065,-0.104,FF FF FF 88 68 FF FF FF,FF FF FF 88 68 FF FF FF,[],190=3345.0/exp 3344.9557 VALUE_OK
MATCH,1447,0x0CF00400,61444,69199.0,52863.124,-0.043,FF FF FF B5 68 FF FF FF,FF FF FF B5 68 FF FF FF,[],190=3350.625/exp 3350.5625 VALUE_OK
MATCH,1448,0x0CF00400,61444,69209.0,52873.122,-0.044,FF FF FF E1 68 FF FF FF,FF FF FF E1 68 FF FF FF,[],190=3356.125/exp 3356.0706 VALUE_OK
MATCH,1449,0x0CF00400,61444,69219.0,52883.116,-0.05,FF FF FF 0C 69 FF FF FF,FF FF FF 0C 69 FF FF FF,[],190=3361.5/exp 3361.4796 VALUE_OK
MATCH,1450,0x0CF00400,61444,69229.0,52893.111,-0.054,FF FF FF 36 69 FF FF FF,FF FF FF 36 69 FF FF FF,[],190=3366.75/exp 3366.7892 VALUE_OK
MATCH,1451,0x0CF00400,61444,69239.0,52903.082,-0.082,FF FF FF 60 69 FF FF FF,FF FF FF 60 69 FF FF FF,[],190=3372.0/exp 3371.999 VALUE_OK
MATCH,1452,0x0CF00400,61444,69249.0,52913.081,-0.081,FF FF FF 89 69 FF FF FF,FF FF FF 89 69 FF FF FF,[],190=3377.125/exp 3377.1089 VALUE_OK
MATCH,1453,0x0CF00400,61444,69259.0,52923.071,-0.089,FF FF FF B1 69 FF FF FF,FF FF FF B1 69 FF FF FF,[],190=3382.125/exp 3382.1183 VALUE_OK
MATCH,1454,0x0CF00400,61444,69269.0,52933.069,-0.089,FF FF FF D8 69 FF FF FF,FF FF FF D8 69 FF FF FF,[],190=3387.0/exp 3387.0271 VALUE_OK
MATCH,1455,0x0CF00400,61444,69279.0,52943.064,-0.093,FF FF FF FF 69 FF FF FF,FF FF FF FF 69 FF FF FF,[],190=3391.875/exp 3391.8348 VALUE_OK
MATCH,1456,0x0CF00400,61444,69289.0,52953.051,-0.104,FF FF FF 24 6A FF FF FF,FF FF FF 24 6A FF FF FF,[],190=3396.5/exp 3396.5413 VALUE_OK
UNLOGGED,,0x0CF00400,61444,,52963.046,,,FF FF FF 49 6A FF FF FF,[],
MATCH,1458,0x0CF00400,61444,69309.0,52973.1,-0.053,FF FF FF 6D 6A FF FF FF,FF FF FF 6D 6A FF FF FF,[],190=3405.625/exp 3405.6494 VALUE_OK
MATCH,1459,0x0CF00400,61444,69319.0,52983.106,-0.046,FF FF FF 90 6A FF FF FF,FF FF FF 90 6A FF FF FF,[],190=3410.0/exp 3410.0503 VALUE_OK
MATCH,1460,0x0CF00400,61444,69329.0,52993.105,-0.046,FF FF FF B3 6A FF FF FF,FF FF FF B3 6A FF FF FF,[],190=3414.375/exp 3414.3489 VALUE_OK
MATCH,1461,0x0CF00400,61444,69339.0,53003.097,-0.053,FF FF FF D4 6A FF FF FF,FF FF FF D4 6A FF FF FF,[],190=3418.5/exp 3418.5448 VALUE_OK
MATCH,1462,0x0CF00400,61444,69349.0,53013.039,-0.11,FF FF FF F5 6A FF FF FF,FF FF FF F5 6A FF FF FF,[],190=3422.625/exp 3422.6378 VALUE_OK
MATCH,1463,0x0CF00400,61444,69359.0,53023.086,-0.061,FF FF FF 15 6B FF FF FF,FF FF FF 15 6B FF FF FF,[],190=3426.625/exp 3426.6276 VALUE_OK
MATCH,1464,0x0CF00400,61444,69369.0,53033.06,-0.085,FF FF FF 34 6B FF FF FF,FF FF FF 34 6B FF FF FF,[],190=3430.5/exp 3430.5139 VALUE_OK
MATCH,1465,0x0CF00400,61444,69379.0,53043.09,-0.054,FF FF FF 52 6B FF FF FF,FF FF FF 52 6B FF FF FF,[],190=3434.25/exp 3434.2967 VALUE_OK
MATCH,1466,0x0CF00400,61444,69389.0,53053.057,-0.086,FF FF FF 70 6B FF FF FF,FF FF FF 70 6B FF FF FF,[],190=3438.0/exp 3437.9755 VALUE_OK
MATCH,1467,0x0CF00400,61444,69399.0,53063.08,-0.061,FF FF FF 8C 6B FF FF FF,FF FF FF 8C 6B FF FF FF,[],190=3441.5/exp 3441.5502 VALUE_OK
MATCH,1468,0x0CF00400,61444,69409.0,53073.051,-0.089,FF FF FF A8 6B FF FF FF,FF FF FF A8 6B FF FF FF,[],190=3445.0/exp 3445.0205 VALUE_OK
MATCH,1469,0x0CF00400,61444,69419.0,53083.081,-0.057,FF FF FF C3 6B FF FF FF,FF FF FF C3 6B FF FF FF,[],190=3448.375/exp 3448.3863 VALUE_OK
MATCH,1470,0x0CF00400,61444,69429.0,53093.051,-0.086,FF FF FF DD 6B FF FF FF,FF FF FF DD 6B FF FF FF,[],190=3451.625/exp 3451.6474 VALUE_OK
MATCH,1471,0x0CF00400,61444,69439.0,53103.07,-0.065,FF FF FF F6 6B FF FF FF,FF FF FF F6 6B FF FF FF,[],190=3454.75/exp 3454.8034 VALUE_OK
MATCH,1472,0x0CF00400,61444,69449.0,53113.029,-0.105,FF FF FF 0F 6C FF FF FF,FF FF FF 0F 6C FF FF FF,[],190=3457.875/exp 3457.8543 VALUE_OK
MATCH,1473,0x0CF00400,61444,69459.0,53123.056,-0.076,FF FF FF 26 6C FF FF FF,FF FF FF 26 6C FF FF FF,[],190=3460.75/exp 3460.7999 VALUE_OK
MATCH,1474,0x0CF00400,61444,69469.0,53133.027,-0.103,FF FF FF 3D 6C FF FF FF,FF FF FF 3D 6C FF FF FF,[],190=3463.625/exp 3463.6399 VALUE_OK
MATCH,1475,0x0CF00400,61444,69479.0,53143.049,-0.079,FF FF FF 53 6C FF FF FF,FF FF FF 53 6C FF FF FF,[],190=3466.375/exp 3466.3742 VALUE_OK
MATCH,1476,0x0CF00400,61444,69489.0,53153.044,-0.083,FF FF FF 68 6C FF FF FF,FF FF FF 68 6C FF FF FF,[],190=3469.0/exp 3469.0027 VALUE_OK
MATCH,1477,0x0CF00400,61444,69499.0,53163.022,-0.103,FF FF FF 7C 6C FF FF FF,FF FF FF 7C 6C FF FF FF,[],190=3471.5/exp 3471.5251 VALUE_OK
MATCH,1478,0x0CF00400,61444,69509.0,53173.041,-0.082,FF FF FF 90 6C FF FF FF,FF FF FF 90 6C FF FF FF,[],190=3474.0/exp 3473.9413 VALUE_OK
MATCH,1479,0x0CF00400,61444,69519.0,53183.004,-0.117,FF FF FF A2 6C FF FF FF,FF FF FF A2 6C FF FF FF,[],190=3476.25/exp 3476.2512 VALUE_OK
MATCH,1480,0x0CF00400,61444,69529.0,53193.038,-0.081,FF FF FF B4 6C FF FF FF,FF FF FF B4 6C FF FF FF,[],190=3478.5/exp 3478.4546 VALUE_OK
MATCH,1481,0x0CF00400,61444,69539.0,53203.057,-0.06,FF FF FF C4 6C FF FF FF,FF FF FF C4 6C FF FF FF,[],190=3480.5/exp 3480.5514 VALUE_OK
MATCH,1482,0x0CF00400,61444,69549.0,53213.019,-0.097,FF FF FF D4 6C FF FF FF,FF FF FF D4 6C FF FF FF,[],190=3482.5/exp 3482.5414 VALUE_OK
MATCH,1483,0x0CF00400,61444,69559.0,53223.05,-0.064,FF FF FF E3 6C FF FF FF,FF FF FF E3 6C FF FF FF,[],190=3484.375/exp 3484.4246 VALUE_OK
MATCH,1484,0x0CF00400,61444,69569.0,53233.017,-0.096,FF FF FF F2 6C FF FF FF,FF FF FF F2 6C FF FF FF,[],190=3486.25/exp 3486.2007 VALUE_OK
MATCH,1485,0x0CF00400,61444,69579.0,53243.044,-0.067,FF FF FF FF 6C FF FF FF,FF FF FF FF 6C FF FF FF,[],190=3487.875/exp 3487.8698 VALUE_OK
MATCH,1486,0x0CF00400,61444,69589.0,53253.01,-0.1,FF FF FF 0B 6D FF FF FF,FF FF FF 0B 6D FF FF FF,[],190=3489.375/exp 3489.4317 VALUE_OK
MATCH,1487,0x0CF00400,61444,69599.0,53263.036,-0.072,FF FF FF 17 6D FF FF FF,FF FF FF 17 6D FF FF FF,[],190=3490.875/exp 3490.8862 VALUE_OK
MATCH,1488,0x0CF00400,61444,69609.0,53273.023,-0.083,FF FF FF 22 6D FF FF FF,FF FF FF 22 6D FF FF FF,[],190=3492.25/exp 3492.2334 VALUE_OK
MATCH,1489,0x0CF00400,61444,69619.0,53282.994,-0.11,FF FF FF 2C 6D FF FF FF,FF FF FF 2C 6D FF FF FF,[],190=3493.5/exp 3493.4732 VALUE_OK
MATCH,1490,0x0CF00400,61444,69629.0,53293.017,-0.085,FF FF FF 35 6D FF FF FF,FF FF FF 35 6D FF FF FF,[],190=3494.625/exp 3494.6053 VALUE_OK
MATCH,1491,0x0CF00400,61444,69639.0,53303.051,-0.05,FF FF FF 3D 6D FF FF FF,FF FF FF 3D 6D FF FF FF,[],190=3495.625/exp 3495.6299 VALUE_OK
MATCH,1492,0x0CF00400,61444,69649.0,53313.014,-0.086,FF FF FF 44 6D FF FF FF,FF FF FF 44 6D FF FF FF,[],190=3496.5/exp 3496.5468 VALUE_OK
MATCH,1493,0x0CF00400,61444,69659.0,53323.032,-0.066,FF FF FF 4B 6D FF FF FF,FF FF FF 4B 6D FF FF FF,[],190=3497.375/exp 3497.3559 VALUE_OK
MATCH,1494,0x0CF00400,61444,69669.0,53333.007,-0.09,FF FF FF 50 6D FF FF FF,FF FF FF 50 6D FF FF FF,[],190=3498.0/exp 3498.0573 VALUE_OK
MATCH,1495,0x0CF00400,61444,69679.0,53343.026,-0.069,FF FF FF 55 6D FF FF FF,FF FF FF 55 6D FF FF FF,[],190=3498.625/exp 3498.6508 VALUE_OK
MATCH,1496,0x0CF00400,61444,69689.0,53352.992,-0.101,FF FF FF 59 6D FF FF FF,FF FF FF 59 6D FF FF FF,[],190=3499.125/exp 3499.1365 VALUE_OK
MATCH,1497,0x0CF00400,61444,69699.0,53363.019,-0.072,FF FF FF 5C 6D FF FF FF,FF FF FF 5C 6D FF FF FF,[],190=3499.5/exp 3499.5143 VALUE_OK
MATCH,1498,0x0CF00400,61444,69709.0,53372.985,-0.105,FF FF FF 5E 6D FF FF FF,FF FF FF 5E 6D FF FF FF,[],190=3499.75/exp 3499.7841 VALUE_OK
MATCH,1499,0x0CF00400,61444,69719.0,53383.012,-0.076,FF FF FF 60 6D FF FF FF,FF FF FF 60 6D FF FF FF,[],190=3500.0/exp 3499.946 VALUE_OK
MATCH,1500,0x0CF00400,61444,69729.0,53392.995,-0.091,FF FF FF 60 6D FF FF FF,FF FF FF 60 6D FF FF FF,[],190=3500.0/exp 3500.0 VALUE_OK
MATCH,1501,0x0CF00400,61444,69739.0,53402.986,-0.098,FF FF FF 60 6D FF FF FF,FF FF FF 60 6D FF FF FF,[],190=3500.0/exp 3499.946 VALUE_OK
MATCH,1502,0x0CF00400,61444,69749.0,53413.004,-0.078,FF FF FF 5E 6D FF FF FF,FF FF FF 5E 6D FF FF FF,[],190=3499.75/exp 3499.7841 VALUE_OK
MATCH,1503,0x0CF00400,61444,69759.0,53423.026,-0.055,FF FF FF 5C 6D FF FF FF,FF FF FF 5C 6D FF FF FF,[],190=3499.5/exp 3499.5143 VALUE_OK
MATCH,1504,0x0CF00400,61444,69769.0,53432.985,-0.095,FF FF FF 59 6D FF FF FF,FF FF FF 59 6D FF FF FF,[],190=3499.125/exp 3499.1365 VALUE_OK
MATCH,1505,0x0CF00400,61444,69779.0,53443.004,-0.074,FF FF FF 55 6D FF FF FF,FF FF FF 55 6D FF FF FF,[],190=3498.625/exp 3498.6508 VALUE_OK
MATCH,1506,0x0CF00400,61444,69789.0,53452.979,-0.097,FF FF FF 50 6D FF FF FF,FF FF FF 50 6D FF FF FF,[],190=3498.0/exp 3498.0573 VALUE_OK
MATCH,1507,0x0CF00400,61444,69799.0,53462.993,-0.081,FF FF FF 4B 6D FF FF FF,FF FF FF 4B 6D FF FF FF,[],190=3497.375/exp 3497.3559 VALUE_OK
MATCH,1508,0x0CF00400,61444,69809.0,53473.02,-0.053,FF FF FF 44 6D FF FF FF,FF FF FF 44 6D FF FF FF,[],190=3496.5/exp 3496.5468 VALUE_OK
MATCH,1509,0x0CF00400,61444,69819.0,53482.986,-0.086,FF FF FF 3D 6D FF FF FF,FF FF FF 3D 6D FF FF FF,[],190=3495.625/exp 3495.6299 VALUE_OK
MATCH,1510,0x0CF00400,61444,69829.0,53492.997,-0.073,FF FF FF 35 6D FF FF FF,FF FF FF 35 6D FF FF FF,[],190=3494.625/exp 3494.6053 VALUE_OK
MATCH,1511,0x0CF00400,61444,69839.0,53502.96,-0.109,FF FF FF 2C 6D FF FF FF,FF FF FF 2C 6D FF FF FF,[],190=3493.5/exp 3493.4732 VALUE_OK
MATCH,1512,0x0CF00400,61444,69849.0,53512.983,-0.083,FF FF FF 22 6D FF FF FF,FF FF FF 22 6D FF FF FF,[],190=3492.25/exp 3492.2334 VALUE_OK
MATCH,1513,0x0CF00400,61444,69859.0,53522.977,-0.088,FF FF FF 17 6D FF FF FF,FF FF FF 17 6D FF FF FF,[],190=3490.875/exp 3490.8862 VALUE_OK
MATCH,1514,0x0CF00400,61444,69869.0,53532.995,-0.068,FF FF FF 0B 6D FF FF FF,FF FF FF 0B 6D FF FF FF,[],190=3489.375/exp 3489.4317 VALUE_OK
MATCH,1515,0x0CF00400,61444,69879.0,53542.958,-0.104,FF FF FF FF 6C FF FF FF,FF FF FF FF 6C FF FF FF,[],190=3487.875/exp 3487.8698 VALUE_OK
MATCH,1516,0x0CF00400,61444,69889.0,53552.981,-0.079,FF FF FF F2 6C FF FF FF,FF FF FF F2 6C FF FF FF,[],190=3486.25/exp 3486.2007 VALUE_OK
MATCH,1517,0x0CF00400,61444,69899.0,53563.004,-0.054,FF FF FF E3 6C FF FF FF,FF FF FF E3 6C FF FF FF,[],190=3484.375/exp 3484.4246 VALUE_OK
MATCH,1518,0x0CF00400,61444,69909.0,53572.962,-0.095,FF FF FF D4 6C FF FF FF,FF FF FF D4 6C FF FF FF,[],190=3482.5/exp 3482.5414 VALUE_OK
MATCH,1519,0x0CF00400,61444,69919.0,53582.988,-0.067,FF FF FF C4 6C FF FF FF,FF FF FF C4 6C FF FF FF,[],190=3480.5/exp 3480.5514 VALUE_OK
MATCH,1520,0x0CF00400,61444,69929.0,53592.955,-0.099,FF FF FF B4 6C FF FF FF,FF FF FF B4 6C FF FF FF,[],190=3478.5/exp 3478.4546 VALUE_OK
MATCH,1521,0x0CF00400,61444,69939.0,53602.97,-0.082,FF FF FF A2 6C FF FF FF,FF FF FF A2 6C FF FF FF,[],190=3476.25/exp 3476.2512 VALUE_OK
MATCH,1522,0x0CF00400,61444,69949.0,53612.993,-0.057,FF FF FF 90 6C FF FF FF,FF FF FF 90 6C FF FF FF,[],190=3474.0/exp 3473.9413 VALUE_OK
MATCH,1523,0x0CF00400,61444,69959.0,53622.96,-0.089,FF FF FF 7C 6C FF FF FF,FF FF FF 7C 6C FF FF FF,[],190=3471.5/exp 3471.5251 VALUE_OK
MATCH,1524,0x0CF00400,61444,69969.0,53632.97,-0.077,FF FF FF 68 6C FF FF FF,FF FF FF 68 6C FF FF FF,[],190=3469.0/exp 3469.0027 VALUE_OK
MATCH,1525,0x0CF00400,61444,69979.0,53642.936,-0.11,FF FF FF 53 6C FF FF FF,FF FF FF 53 6C FF FF FF,[],190=3466.375/exp 3466.3742 VALUE_OK
MATCH,1526,0x0CF00400,61444,69989.0,53652.927,-0.116,FF FF FF 3D 6C FF FF FF,FF FF FF 3D 6C FF FF FF,[],190=3463.625/exp 3463.6399 VALUE_OK
MATCH,1527,0x0CF00400,61444,69999.0,53662.946,-0.095,FF FF FF 26 6C FF FF FF,FF FF FF 26 6C FF FF FF,[],190=3460.75/exp 3460.7999 VALUE_OK
MATCH,1528,0x0CF00400,61444,70009.0,53672.969,-0.07,FF FF FF 0F 6C FF FF FF,FF FF FF 0F 6C FF FF FF,[],190=3457.875/exp 3457.8543 VALUE_OK
MATCH,1529,0x0CF00400,61444,70019.0,53682.939,-0.099,FF FF FF F6 6B FF FF FF,FF FF FF F6 6B FF FF FF,[],190=3454.75/exp 3454.8034 VALUE_OK
MATCH,1530,0x0CF00400,61444,70029.0,53692.962,-0.074,FF FF FF DD 6B FF FF FF,FF FF FF DD 6B FF FF FF,[],190=3451.625/exp 3451.6474 VALUE_OK
MATCH,1531,0x0CF00400,61444,70039.0,53702.98,-0.054,FF FF FF C3 6B FF FF FF,FF FF FF C3 6B FF FF FF,[],190=3448.375/exp 3448.3863 VALUE_OK
MATCH,1532,0x0CF00400,61444,70049.0,53712.947,-0.086,FF FF FF A8 6B FF FF FF,FF FF FF A8 6B FF FF FF,[],190=3445.0/exp 3445.0205 VALUE_OK
MATCH,1533,0x0CF00400,61444,70059.0,53722.97,-0.062,FF FF FF 8C 6B FF FF FF,FF FF FF 8C 6B FF FF FF,[],190=3441.5/exp 3441.5502 VALUE_OK
MATCH,1534,0x0CF00400,61444,70069.0,53732.944,-0.086,FF FF FF 70 6B FF FF FF,FF FF FF 70 6B FF FF FF,[],190=3438.0/exp 3437.9755 VALUE_OK
MATCH,1535,0x0CF00400,61444,70079.0,53742.963,-0.066,FF FF FF 52 6B FF FF FF,FF FF FF 52 6B FF FF FF,[],190=3434.25/exp 3434.2967 VALUE_OK
MATCH,1536,0x0CF00400,61444,70089.0,53752.925,-0.102,FF FF FF 34 6B FF FF FF,FF FF FF 34 6B FF FF FF,[],190=3430.5/exp 3430.5139 VALUE_OK
MATCH,1537,0x0CF00400,61444,70099.0,53762.944,-0.081,FF FF FF 15 6B FF FF FF,FF FF FF 15 6B FF FF FF,[],190=3426.625/exp 3426.6276 VALUE_OK
MATCH,1538,0x0CF00400,61444,70109.0,53772.943,-0.081,FF FF FF F5 6A FF FF FF,FF FF FF F5 6A FF FF FF,[],190=3422.625/exp 3422.6378 VALUE_OK
MATCH,1539,0x0CF00400,61444,70119.0,53782.978,-0.044,FF FF FF D4 6A FF FF FF,FF FF FF D4 6A FF FF FF,[],190=3418.5/exp 3418.5448 VALUE_OK
MATCH,1540,0x0CF00400,61444,70129.0,53792.976,-0.045,FF FF FF B3 6A FF FF FF,FF FF FF B3 6A FF FF FF,[],190=3414.375/exp 3414.3489 VALUE_OK
MATCH,1541,0x0CF00400,61444,70139.0,53802.962,-0.058,FF FF FF 90 6A FF FF FF,FF FF FF 90 6A FF FF FF,[],190=3410.0/exp 3410.0503 VALUE_OK
MATCH,1542,0x0CF00400,61444,70149.0,53812.941,-0.078,FF FF FF 6D 6A FF FF FF,FF FF FF 6D 6A FF FF FF,[],190=3405.625/exp 3405.6494 VALUE_OK
MATCH,1543,0x0CF00400,61444,70159.0,53822.936,-0.081,FF FF FF 49 6A FF FF FF,FF FF FF 49 6A FF FF FF,[],190=3401.125/exp 3401.1463 VALUE_OK
MATCH,1544,0x0CF00400,61444,70169.0,53832.927,-0.089,FF FF FF 24 6A FF FF FF,FF FF FF 24 6A FF FF FF,[],190=3396.5/exp 3396.5413 VALUE_OK
MATCH,1545,0x0CF00400,61444,70179.0,53842.929,-0.085,FF FF FF FF 69 FF FF FF,FF FF FF FF 69 FF FF FF,[],190=3391.875/exp 3391.8348 VALUE_OK
MATCH,1546,0x0CF00400,61444,70189.0,53852.92,-0.092,FF FF FF D8 69 FF FF FF,FF FF FF D8 69 FF FF FF,[],190=3387.0/exp 3387.0271 VALUE_OK
MATCH,1547,0x0CF00400,61444,70199.0,53862.906,-0.105,FF FF FF B1 69 FF FF FF,FF FF FF B1 69 FF FF FF,[],190=3382.125/exp 3382.1183 VALUE_OK
MATCH,1548,0x0CF00400,61444,70209.0,53872.965,-0.043,FF FF FF 89 69 FF FF FF,FF FF FF 89 69 FF FF FF,[],190=3377.125/exp 3377.1089 VALUE_OK
MATCH,1549,0x0CF00400,61444,70219.0,53882.952,-0.056,FF FF FF 60 69 FF FF FF,FF FF FF 60 69 FF FF FF,[],190=3372.0/exp 3371.999 VALUE_OK
MATCH,1550,0x0CF00400,61444,70229.0,53892.947,-0.059,FF FF FF 36 69 FF FF FF,FF FF FF 36 69 FF FF FF,[],190=3366.75/exp 3366.7892 VALUE_OK
MATCH,1551,0x0CF00400,61444,70239.0,53902.909,-0.096,FF FF FF 0C 69 FF FF FF,FF FF FF 0C 69 FF FF FF,[],190=3361.5/exp 3361.4796 VALUE_OK
MATCH,1552,0x0CF00400,61444,70249.0,53912.903,-0.1,FF FF FF E1 68 FF FF FF,FF FF FF E1 68 FF FF FF,[],190=3356.125/exp 3356.0706 VALUE_OK
MATCH,1553,0x0CF00400,61444,70259.0,53922.955,-0.046,FF FF FF B5 68 FF FF FF,FF FF FF B5 68 FF FF FF,[],190=3350.625/exp 3350.5625 VALUE_OK
MATCH,1554,0x0CF00400,61444,70269.0,53932.941,-0.059,FF FF FF 88 68 FF FF FF,FF FF FF 88 68 FF FF FF,[],190=3345.0/exp 3344.9557 VALUE_OK
MATCH,1555,0x0CF00400,61444,70279.0,53942.94,-0.059,FF FF FF 5A 68 FF FF FF,FF FF FF 5A 68 FF FF FF,[],190=3339.25/exp 3339.2506 VALUE_OK
MATCH,1556,0x0CF00400,61444,70289.0,53952.93,-0.068,FF FF FF 2C 68 FF FF FF,FF FF FF 2C 68 FF FF FF,[],190=3333.5/exp 3333.4473 VALUE_OK
MATCH,1557,0x0CF00400,61444,70299.0,53962.917,-0.08,FF FF FF FC 67 FF FF FF,FF FF FF FC 67 FF FF FF,[],190=3327.5/exp 3327.5465 VALUE_OK
MATCH,1558,0x0CF00400,61444,70309.0,53972.888,-0.107,FF FF FF CC 67 FF FF FF,FF FF FF CC 67 FF FF FF,[],190=3321.5/exp 3321.5483 VALUE_OK
MATCH,1559,0x0CF00400,61444,70319.0,53982.926,-0.067,FF FF FF 9C 67 FF FF FF,FF FF FF 9C 67 FF FF FF,[],190=3315.5/exp 3315.4531 VALUE_OK
MATCH,1560,0x0CF00400,61444,70329.0,53992.913,-0.079,FF FF FF 6A 67 FF FF FF,FF FF FF 6A 67 FF FF FF,[],190=3309.25/exp 3309.2614 VALUE_OK
MATCH,1561,0x0CF00400,61444,70339.0,54002.904,-0.086,FF FF FF 38 67 FF FF FF,FF FF FF 38 67 FF FF FF,[],190=3303.0/exp 3302.9735 VALUE_OK
MATCH,1562,0x0CF00400,61444,70349.0,54012.894,-0.094,FF FF FF 05 67 FF FF FF,FF FF FF 05 67 FF FF FF,[],190=3296.625/exp 3296.5899 VALUE_OK
MATCH,1563,0x0CF00400,61444,70359.0,54022.921,-0.065,FF FF FF D1 66 FF FF FF,FF FF FF D1 66 FF FF FF,[],190=3290.125/exp 3290.1108 VALUE_OK
MATCH,1564,0x0CF00400,61444,70369.0,54032.899,-0.086,FF FF FF 9C 66 FF FF FF,FF FF FF 9C 66 FF FF FF,[],190=3283.5/exp 3283.5367 VALUE_OK
MATCH,1565,0x0CF00400,61444,70379.0,54042.902,-0.081,FF FF FF 67 66 FF FF FF,FF FF FF 67 66 FF FF FF,[],190=3276.875/exp 3276.868 VALUE_OK
MATCH,1566,0x0CF00400,61444,70389.0,54052.897,-0.085,FF FF FF 31 66 FF FF FF,FF FF FF 31 66 FF FF FF,[],190=3270.125/exp 3270.1052 VALUE_OK
MATCH,1567,0x0CF00400,61444,70399.0,54062.903,-0.077,FF FF FF FA 65 FF FF FF,FF FF FF FA 65 FF FF FF,[],190=3263.25/exp 3263.2485 VALUE_OK
MATCH,1568,0x0CF00400,61444,70409.0,54072.889,-0.09,FF FF FF C2 65 FF FF FF,FF FF FF C2 65 FF FF FF,[],190=3256.25/exp 3256.2985 VALUE_OK
MATCH,1569,0x0CF00400,61444,70419.0,54082.892,-0.085,FF FF FF 8A 65 FF FF FF,FF FF FF 8A 65 FF FF FF,[],190=3249.25/exp 3249.2557 VALUE_OK
MATCH,1570,0x0CF00400,61444,70429.0,54092.863,-0.112,FF FF FF 51 65 FF FF FF,FF FF FF 51 65 FF FF FF,[],190=3242.125/exp 3242.1203 VALUE_OK
MATCH,1571,0x0CF00400,61444,70439.0,54102.906,-0.067,FF FF FF 17 65 FF FF FF,FF FF FF 17 65 FF FF FF,[],190=3234.875/exp 3234.8929 VALUE_OK
MATCH,1572,0x0CF00400,61444,70449.0,54112.908,-0.063,FF FF FF DD 64 FF FF FF,FF FF FF DD 64 FF FF FF,[],190=3227.625/exp 3227.5739 VALUE_OK
MATCH,1573,0x0CF00400,61444,70459.0,54122.895,-0.075,FF FF FF A1 64 FF FF FF,FF FF FF A1 64 FF FF FF,[],190=3220.125/exp 3220.1637 VALUE_OK
MATCH,1574,0x0CF00400,61444,70469.0,54132.869,-0.1,FF FF FF 65 64 FF FF FF,FF FF FF 65 64 FF FF FF,[],190=3212.625/exp 3212.6629 VALUE_OK
MATCH,1575,0x0CF00400,61444,70479.0,54142.908,-0.059,FF FF FF 29 64 FF FF FF,FF FF FF 29 64 FF FF FF,[],190=3205.125/exp 3205.0718 VALUE_OK
MATCH,1576,0x0CF00400,61444,70489.0,54152.863,-0.103,FF FF FF EB 63 FF FF FF,FF FF FF EB 63 FF FF FF,[],190=3197.375/exp 3197.391 VALUE_OK
MATCH,1577,0x0CF00400,61444,70499.0,54162.906,-0.057,FF FF FF AD 63 FF FF FF,FF FF FF AD 63 FF FF FF,[],190=3189.625/exp 3189.6209 VALUE_OK
MATCH,1578,0x0CF00400,61444,70509.0,54172.9,-0.062,FF FF FF 6E 63 FF FF FF,FF FF FF 6E 63 FF FF FF,[],190=3181.75/exp 3181.762 VALUE_OK
MATCH,1579,0x0CF00400,61444,70519.0,54182.899,-0.062,FF FF FF 2F 63 FF FF FF,FF FF FF 2F 63 FF FF FF,[],190=3173.875/exp 3173.8148 VALUE_OK
MATCH,1580,0x0CF00400,61444,70529.0,54192.881,-0.079,FF FF FF EE 62 FF FF FF,FF FF FF EE 62 FF FF FF,[],190=3165.75/exp 3165.7797 VALUE_OK
MATCH,1581,0x0CF00400,61444,70539.0,54202.852,-0.106,FF FF FF AD 62 FF FF FF,FF FF FF AD 62 FF FF FF,[],190=3157.625/exp 3157.6574 VALUE_OK
MATCH,1582,0x0CF00400,61444,70549.0,54212.895,-0.061,FF FF FF 6C 62 FF FF FF,FF FF FF 6C 62 FF FF FF,[],190=3149.5/exp 3149.4482 VALUE_OK
MATCH,1583,0x0CF00400,61444,70559.0,54222.865,-0.09,FF FF FF 29 62 FF FF FF,FF FF FF 29 62 FF FF FF,[],190=3141.125/exp 3141.1526 VALUE_OK
MATCH,1584,0x0CF00400,61444,70569.0,54232.852,-0.101,FF FF FF E6 61 FF FF FF,FF FF FF E6 61 FF FF FF,[],190=3132.75/exp 3132.7713 VALUE_OK
MATCH,1585,0x0CF00400,61444,70579.0,54242.894,-0.057,FF FF FF A2 61 FF FF FF,FF FF FF A2 61 FF FF FF,[],190=3124.25/exp 3124.3046 VALUE_OK
MATCH,1586,0x0CF00400,61444,70589.0,54252.873,-0.077,FF FF FF 5E 61 FF FF FF,FF FF FF 5E 61 FF FF FF,[],190=3115.75/exp 3115.7532 VALUE_OK
MATCH,1587,0x0CF00400,61444,70599.0,54262.848,-0.1,FF FF FF 19 61 FF FF FF,FF FF FF 19 61 FF FF FF,[],190=3107.125/exp 3107.1176 VALUE_OK
MATCH,1588,0x0CF00400,61444,70609.0,54272.879,-0.067,FF FF FF D3 60 FF FF FF,FF FF FF D3 60 FF FF FF,[],190=3098.375/exp 3098.3982 VALUE_OK
MATCH,1589,0x0CF00400,61444,70619.0,54282.877,-0.068,FF FF FF 8D 60 FF FF FF,FF FF FF 8D 60 FF FF FF,[],190=3089.625/exp 3089.5956 VALUE_OK
MATCH,1590,0x0CF00400,61444,70629.0,54292.868,-0.076,FF FF FF 46 60 FF FF FF,FF FF FF 46 60 FF FF FF,[],190=3080.75/exp 3080.7104 VALUE_OK
MATCH,1591,0x0CF00400,61444,70639.0,54302.85,-0.092,FF FF FF FE 5F FF FF FF,FF FF FF FE 5F FF FF FF,[],190=3071.75/exp 3071.7432 VALUE_OK
MATCH,1592,0x0CF00400,61444,70649.0,54312.877,-0.063,FF FF FF B6 5F FF FF FF,FF FF FF B6 5F FF FF FF,[],190=3062.75/exp 3062.6944 VALUE_OK
MATCH,1593,0x0CF00400,61444,70659.0,54322.856,-0.083,FF FF FF 6D 5F FF FF FF,FF FF FF 6D 5F FF FF FF,[],190=3053.625/exp 3053.5646 VALUE_OK
MATCH,1594,0x0CF00400,61444,70669.0,54332.83,-0.107,FF FF FF 23 5F FF FF FF,FF FF FF 23 5F FF FF FF,[],190=3044.375/exp 3044.3544 VALUE_OK
MATCH,1595,0x0CF00400,61444,70679.0,54342.869,-0.066,FF FF FF D9 5E FF FF FF,FF FF FF D9 5E FF FF FF,[],190=3035.125/exp 3035.0644 VALUE_OK
MATCH,1596,0x0CF00400,61444,70689.0,54352.848,-0.086,FF FF FF 8E 5E FF FF FF,FF FF FF 8E 5E FF FF FF,[],190=3025.75/exp 3025.6951 VALUE_OK
MATCH,1597,0x0CF00400,61444,70699.0,54362.827,-0.105,FF FF FF 42 5E FF FF FF,FF FF FF 42 5E FF FF FF,[],190=3016.25/exp 3016.2471 VALUE_OK
MATCH,1598,0x0CF00400,61444,70709.0,54372.869,-0.061,FF FF FF F6 5D FF FF FF,FF FF FF F6 5D FF FF FF,[],190=3006.75/exp 3006.721 VALUE_OK
MATCH,1599,0x0CF00400,61444,70719.0,54382.847,-0.082,FF FF FF A9 5D FF FF FF,FF FF FF A9 5D FF FF FF,[],190=2997.125/exp 2997.1174 VALUE_OK
MATCH,1600,0x0CF00400,61444,70729.0,54392.862,-0.065,FF FF FF 5B 5D FF FF FF,FF FF FF 5B 5D FF FF FF,[],190=2987.375/exp 2987.4369 VALUE_OK
MATCH,1601,0x0CF00400,61444,70739.0,54402.864,-0.062,FF FF FF 0D 5D FF FF FF,FF FF FF 0D 5D FF FF FF,[],190=2977.625/exp 2977.68 VALUE_OK
MATCH,1602,0x0CF00400,61444,70749.0,54412.832,-0.093,FF FF FF BF 5C FF FF FF,FF FF FF BF 5C FF FF FF,[],190=2967.875/exp 2967.8474 VALUE_OK
MATCH,1603,0x0CF00400,61444,70759.0,54422.85,-0.073,FF FF FF 70 5C FF FF FF,FF FF FF 70 5C FF FF FF,[],190=2958.0/exp 2957.9397 VALUE_OK
MATCH,1604,0x0CF00400,61444,70769.0,54432.825,-0.096,FF FF FF 20 5C FF FF FF,FF FF FF 20 5C FF FF FF,[],190=2948.0/exp 2947.9574 VALUE_OK
MATCH,1605,0x0CF00400,61444,70779.0,54442.851,-0.068,FF FF FF CF 5B FF FF FF,FF FF FF CF 5B FF FF FF,[],190=2937.875/exp 2937.9013 VALUE_OK
MATCH,1606,0x0CF00400,61444,70789.0,54452.878,-0.04,FF FF FF 7E 5B FF FF FF,FF FF FF 7E 5B FF FF FF,[],190=2927.75/exp 2927.7719 VALUE_OK
MATCH,1607,0x0CF00400,61444,70799.0,54462.837,-0.08,FF FF FF 2D 5B FF FF FF,FF FF FF 2D 5B FF FF FF,[],190=2917.625/exp 2917.5698 VALUE_OK
MATCH,1608,0x0CF00400,61444,70809.0,54472.819,-0.097,FF FF FF DA 5A FF FF FF,FF FF FF DA 5A FF FF FF,[],190=2907.25/exp 2907.2958 VALUE_OK
MATCH,1609,0x0CF00400,61444,70819.0,54482.85,-0.064,FF FF FF 88 5A FF FF FF,FF FF FF 88 5A FF FF FF,[],190=2897.0/exp 2896.9503 VALUE_OK
MATCH,1610,0x0CF00400,61444,70829.0,54492.812,-0.1,FF FF FF 34 5A FF FF FF,FF FF FF 34 5A FF FF FF,[],190=2886.5/exp 2886.5341 VALUE_OK
MATCH,1611,0x0CF00400,61444,70839.0,54502.843,-0.067,FF FF FF E0 59 FF FF FF,FF FF FF E0 59 FF FF FF,[],190=2876.0/exp 2876.0478 VALUE_OK
MATCH,1612,0x0CF00400,61444,70849.0,54512.865,-0.044,FF FF FF 8C 59 FF FF FF,FF FF FF 8C 59 FF FF FF,[],190=2865.5/exp 2865.492 VALUE_OK
MATCH,1613,0x0CF00400,61444,70859.0,54522.861,-0.047,FF FF FF 37 59 FF FF FF,FF FF FF 37 59 FF FF FF,[],190=2854.875/exp 2854.8674 VALUE_OK
MATCH,1614,0x0CF00400,61444,70869.0,54532.827,-0.08,FF FF FF E1 58 FF FF FF,FF FF FF E1 58 FF FF FF,[],190=2844.125/exp 2844.1746 VALUE_OK
MATCH,1615,0x0CF00400,61444,70879.0,54542.85,-0.056,FF FF FF 8B 58 FF FF FF,FF FF FF 8B 58 FF FF FF,[],190=2833.375/exp 2833.4144 VALUE_OK
MATCH,1616,0x0CF00400,61444,70889.0,54552.808,-0.097,FF FF FF 35 58 FF FF FF,FF FF FF 35 58 FF FF FF,[],190=2822.625/exp 2822.5873 VALUE_OK
UNLOGGED,,0x0CF00400,61444,,54562.843,,,FF FF FF DE 57 FF FF FF,[],
MATCH,1618,0x0CF00400,61444,70909.0,54572.817,-0.086,FF FF FF 86 57 FF FF FF,FF FF FF 86 57 FF FF FF,[],190=2800.75/exp 2800.7354 VALUE_OK
MATCH,1619,0x0CF00400,61444,70919.0,54582.832,-0.069,FF FF FF 2E 57 FF FF FF,FF FF FF 2E 57 FF FF FF,[],190=2789.75/exp 2789.7119 VALUE_OK
MATCH,1620,0x0CF00400,61444,70929.0,54592.799,-0.101,FF FF FF D5 56 FF FF FF,FF FF FF D5 56 FF FF FF,[],190=2778.625/exp 2778.6242 VALUE_OK
MATCH,1621,0x0CF00400,61444,70939.0,54602.825,-0.073,FF FF FF 7C 56 FF FF FF,FF FF FF 7C 56 FF FF FF,[],190=2767.5/exp 2767.4731 VALUE_OK
MATCH,1622,0x0CF00400,61444,70949.0,54612.788,-0.108,FF FF FF 22 56 FF FF FF,FF FF FF 22 56 FF FF FF,[],190=2756.25/exp 2756.2592 VALUE_OK
MATCH,1623,0x0CF00400,61444,70959.0,54622.822,-0.072,FF FF FF C8 55 FF FF FF,FF FF FF C8 55 FF FF FF,[],190=2745.0/exp 2744.9832 VALUE_OK
MATCH,1624,0x0CF00400,61444,70969.0,54632.781,-0.111,FF FF FF 6D 55 FF FF FF,FF FF FF 6D 55 FF FF FF,[],190=2733.625/exp 2733.6459 VALUE_OK
MATCH,1625,0x0CF00400,61444,70979.0,54642.808,-0.082,FF FF FF 12 55 FF FF FF,FF FF FF 12 55 FF FF FF,[],190=2722.25/exp 2722.2479 VALUE_OK
MATCH,1626,0x0CF00400,61444,70989.0,54652.819,-0.07,FF FF FF B6 54 FF FF FF,FF FF FF B6 54 FF FF FF,[],190=2710.75/exp 2710.7899 VALUE_OK
MATCH,1627,0x0CF00400,61444,70999.0,54662.777,-0.11,FF FF FF 5A 54 FF FF FF,FF FF FF 5A 54 FF FF FF,[],190=2699.25/exp 2699.2727 VALUE_OK
MATCH,1628,0x0CF00400,61444,71009.0,54672.819,-0.066,FF FF FF FE 53 FF FF FF,FF FF FF FE 53 FF FF FF,[],190=2687.75/exp 2687.6969 VALUE_OK
MATCH,1629,0x0CF00400,61444,71019.0,54682.786,-0.098,FF FF FF A0 53 FF FF FF,FF FF FF A0 53 FF FF FF,[],190=2676.0/exp 2676.0633 VALUE_OK
MATCH,1630,0x0CF00400,61444,71029.0,54692.805,-0.077,FF FF FF 43 53 FF FF FF,FF FF FF 43 53 FF FF FF,[],190=2664.375/exp 2664.3725 VALUE_OK
MATCH,1631,0x0CF00400,61444,71039.0,54702.836,-0.044,FF FF FF E5 52 FF FF FF,FF FF FF E5 52 FF FF FF,[],190=2652.625/exp 2652.6253 VALUE_OK
MATCH,1632,0x0CF00400,61444,71049.0,54712.798,-0.081,FF FF FF 87 52 FF FF FF,FF FF FF 87 52 FF FF FF,[],190=2640.875/exp 2640.8225 VALUE_OK
MATCH,1633,0x0CF00400,61444,71059.0,54722.813,-0.065,FF FF FF 28 52 FF FF FF,FF FF FF 28 52 FF FF FF,[],190=2629.0/exp 2628.9647 VALUE_OK
MATCH,1634,0x0CF00400,61444,71069.0,54732.799,-0.077,FF FF FF C8 51 FF FF FF,FF FF FF C8 51 FF FF FF,[],190=2617.0/exp 2617.0527 VALUE_OK
MATCH,1635,0x0CF00400,61444,71079.0,54742.782,-0.093,FF FF FF 69 51 FF FF FF,FF FF FF 69 51 FF FF FF,[],190=2605.125/exp 2605.0872 VALUE_OK
MATCH,1636,0x0CF00400,61444,71089.0,54752.769,-0.104,FF FF FF 09 51 FF FF FF,FF FF FF 09 51 FF FF FF,[],190=2593.125/exp 2593.0689 VALUE_OK
MATCH,1637,0x0CF00400,61444,71099.0,54762.799,-0.072,FF FF FF A8 50 FF FF FF,FF FF FF A8 50 FF FF FF,[],190=2581.0/exp 2580.9987 VALUE_OK
MATCH,1638,0x0CF00400,61444,71109.0,54772.794,-0.075,FF FF FF 47 50 FF FF FF,FF FF FF 47 50 FF FF FF,[],190=2568.875/exp 2568.8772 VALUE_OK
MATCH,1639,0x0CF00400,61444,71119.0,54782.772,-0.096,FF FF FF E6 4F FF FF FF,FF FF FF E6 4F FF FF FF,[],190=2556.75/exp 2556.7052 VALUE_OK
MATCH,1640,0x0CF00400,61444,71129.0,54792.803,-0.063,FF FF FF 84 4F FF FF FF,FF FF FF 84 4F FF FF FF,[],190=2544.5/exp 2544.4834 VALUE_OK
MATCH,1641,0x0CF00400,61444,71139.0,54802.754,-0.111,FF FF FF 22 4F FF FF FF,FF FF FF 22 4F FF FF FF,[],190=2532.25/exp 2532.2126 VALUE_OK
MATCH,1642,0x0CF00400,61444,71149.0,54812.785,-0.078,FF FF FF BF 4E FF FF FF,FF FF FF BF 4E FF FF FF,[],190=2519.875/exp 2519.8935 VALUE_OK
MATCH,1643,0x0CF00400,61444,71159.0,54822.747,-0.114,FF FF FF 5C 4E FF FF FF,FF FF FF 5C 4E FF FF FF,[],190=2507.5/exp 2507.527 VALUE_OK
MATCH,1644,0x0CF00400,61444,71169.0,54832.786,-0.073,FF FF FF F9 4D FF FF FF,FF FF FF F9 4D FF FF FF,[],190=2495.125/exp 2495.1138 VALUE_OK
MATCH,1645,0x0CF00400,61444,71179.0,54842.808,-0.049,FF FF FF 95 4D FF FF FF,FF FF FF 95 4D FF FF FF,[],190=2482.625/exp 2482.6545 VALUE_OK
MATCH,1646,0x0CF00400,61444,71189.0,54852.767,-0.089,FF FF FF 31 4D FF FF FF,FF FF FF 31 4D FF FF FF,[],190=2470.125/exp 2470.1501 VALUE_OK
MATCH,1647,0x0CF00400,61444,71199.0,54862.794,-0.061,FF FF FF CD 4C FF FF FF,FF FF FF CD 4C FF FF FF,[],190=2457.625/exp 2457.6013 VALUE_OK
MATCH,1648,0x0CF00400,61444,71209.0,54872.756,-0.097,FF FF FF 68 4C FF FF FF,FF FF FF 68 4C FF FF FF,[],190=2445.0/exp 2445.0088 VALUE_OK
MATCH,1649,0x0CF00400,61444,71219.0,54882.791,-0.06,FF FF FF 03 4C FF FF FF,FF FF FF 03 4C FF FF FF,[],190=2432.375/exp 2432.3735 VALUE_OK
MATCH,1650,0x0CF00400,61444,71229.0,54892.753,-0.097,FF FF FF 9E 4B FF FF FF,FF FF FF 9E 4B FF FF FF,[],190=2419.75/exp 2419.696 VALUE_OK
MATCH,1651,0x0CF00400,61444,71239.0,54902.753,-0.095,FF FF FF 38 4B FF FF FF,FF FF FF 38 4B FF FF FF,[],190=2407.0/exp 2406.9772 VALUE_OK
MATCH,1652,0x0CF00400,61444,71249.0,54912.787,-0.059,FF FF FF D2 4A FF FF FF,FF FF FF D2 4A FF FF FF,[],190=2394.25/exp 2394.218 VALUE_OK
MATCH,1653,0x0CF00400,61444,71259.0,54922.746,-0.099,FF FF FF 6B 4A FF FF FF,FF FF FF 6B 4A FF FF FF,[],190=2381.375/exp 2381.4189 VALUE_OK
MATCH,1654,0x0CF00400,61444,71269.0,54932.776,-0.067,FF FF FF 05 4A FF FF FF,FF FF FF 05 4A FF FF FF,[],190=2368.625/exp 2368.581 VALUE_OK
MATCH,1655,0x0CF00400,61444,71279.0,54942.743,-0.099,FF FF FF 9E 49 FF FF FF,FF FF FF 9E 49 FF FF FF,[],190=2355.75/exp 2355.7048 VALUE_OK
MATCH,1656,0x0CF00400,61444,71289.0,54952.765,-0.075,FF FF FF 36 49 FF FF FF,FF FF FF 36 49 FF FF FF,[],190=2342.75/exp 2342.7914 VALUE_OK
MATCH,1657,0x0CF00400,61444,71299.0,54962.732,-0.106,FF FF FF CF 48 FF FF FF,FF FF FF CF 48 FF FF FF,[],190=2329.875/exp 2329.8413 VALUE_OK
MATCH,1658,0x0CF00400,61444,71309.0,54972.759,-0.077,FF FF FF 67 48 FF FF FF,FF FF FF 67 48 FF FF FF,[],190=2316.875/exp 2316.8555 VALUE_OK
MATCH,1659,0x0CF00400,61444,71319.0,54982.797,-0.038,FF FF FF FF 47 FF FF FF,FF FF FF FF 47 FF FF FF,[],190=2303.875/exp 2303.8347 VALUE_OK
MATCH,1660,0x0CF00400,61444,71329.0,54992.752,-0.082,FF FF FF 96 47 FF FF FF,FF FF FF 96 47 FF FF FF,[],190=2290.75/exp 2290.7797 VALUE_OK
MATCH,1661,0x0CF00400,61444,71339.0,55002.779,-0.053,FF FF FF 2E 47 FF FF FF,FF FF FF 2E 47 FF FF FF,[],190=2277.75/exp 2277.6914 VALUE_OK
MATCH,1662,0x0CF00400,61444,71349.0,55012.746,-0.085,FF FF FF C5 46 FF FF FF,FF FF FF C5 46 FF FF FF,[],190=2264.625/exp 2264.5706 VALUE_OK
MATCH,1663,0x0CF00400,61444,71359.0,55022.74,-0.089,FF FF FF 5B 46 FF FF FF,FF FF FF 5B 46 FF FF FF,[],190=2251.375/exp 2251.418 VALUE_OK
MATCH,1664,0x0CF00400,61444,71369.0,55032.771,-0.057,FF FF FF F2 45 FF FF FF,FF FF FF F2 45 FF FF FF,[],190=2238.25/exp 2238.2344 VALUE_OK
MATCH,1665,0x0CF00400,61444,71379.0,55042.733,-0.094,FF FF FF 88 45 FF FF FF,FF FF FF 88 45 FF FF FF,[],190=2225.0/exp 2225.0208 VALUE_OK
MATCH,1666,0x0CF00400,61444,71389.0,55052.756,-0.069,FF FF FF 1E 45 FF FF FF,FF FF FF 1E 45 FF FF FF,[],190=2211.75/exp 2211.7778 VALUE_OK
MATCH,1667,0x0CF00400,61444,71399.0,55062.73,-0.093,FF FF FF B4 44 FF FF FF,FF FF FF B4 44 FF FF FF,[],190=2198.5/exp 2198.5064 VALUE_OK
MATCH,1668,0x0CF00400,61444,71409.0,55072.753,-0.068,FF FF FF 4A 44 FF FF FF,FF FF FF 4A 44 FF FF FF,[],190=2185.25/exp 2185.2073 VALUE_OK
MATCH,1669,0x0CF00400,61444,71419.0,55082.728,-0.092,FF FF FF DF 43 FF FF FF,FF FF FF DF 43 FF FF FF,[],190=2171.875/exp 2171.8814 VALUE_OK
MATCH,1670,0x0CF00400,61444,71429.0,55092.746,-0.072,FF FF FF 74 43 FF FF FF,FF FF FF 74 43 FF FF FF,[],190=2158.5/exp 2158.5294 VALUE_OK
MATCH,1671,0x0CF00400,61444,71439.0,55102.717,-0.1,FF FF FF 09 43 FF FF FF,FF FF FF 09 43 FF FF FF,[],190=2145.125/exp 2145.1522 VALUE_OK
MATCH,1672,0x0CF00400,61444,71449.0,55112.744,-0.071,FF FF FF 9E 42 FF FF FF,FF FF FF 9E 42 FF FF FF,[],190=2131.75/exp 2131.7507 VALUE_OK
MATCH,1673,0x0CF00400,61444,71459.0,55122.702,-0.111,FF FF FF 33 42 FF FF FF,FF FF FF 33 42 FF FF FF,[],190=2118.375/exp 2118.3256 VALUE_OK
MATCH,1674,0x0CF00400,61444,71469.0,55132.737,-0.074,FF FF FF C7 41 FF FF FF,FF FF FF C7 41 FF FF FF,[],190=2104.875/exp 2104.8778 VALUE_OK
MATCH,1675,0x0CF00400,61444,71479.0,55142.763,-0.047,FF FF FF 5B 41 FF FF FF,FF FF FF 5B 41 FF FF FF,[],190=2091.375/exp 2091.4081 VALUE_OK
MATCH,1676,0x0CF00400,61444,71489.0,55152.702,-0.107,FF FF FF EF 40 FF FF FF,FF FF FF EF 40 FF FF FF,[],190=2077.875/exp 2077.9173 VALUE_OK
MATCH,1677,0x0CF00400,61444,71499.0,55162.737,-0.07,FF FF FF 83 40 FF FF FF,FF FF FF 83 40 FF FF FF,[],190=2064.375/exp 2064.4063 VALUE_OK
MATCH,1678,0x0CF00400,61444,71509.0,55172.751,-0.054,FF FF FF 17 40 FF FF FF,FF FF FF 17 40 FF FF FF,[],190=2050.875/exp 2050.8759 VALUE_OK
MATCH,1679,0x0CF00400,61444,71519.0,55182.722,-0.082,FF FF FF AB 3F FF FF FF,FF FF FF AB 3F FF FF FF,[],190=2037.375/exp 2037.327 VALUE_OK
MATCH,1680,0x0CF00400,61444,71529.0,55192.741,-0.061,FF FF FF 3E 3F FF FF FF,FF FF FF 3E 3F FF FF FF,[],190=2023.75/exp 2023.7603 VALUE_OK
MATCH,1681,0x0CF00400,61444,71539.0,55202.695,-0.106,FF FF FF D1 3E FF FF FF,FF FF FF D1 3E FF FF FF,[],190=2010.125/exp 2010.1768 VALUE_OK
MATCH,1682,0x0CF00400,61444,71549.0,55212.71,-0.089,FF FF FF 65 3E FF FF FF,FF FF FF 65 3E FF FF FF,[],190=1996.625/exp 1996.5772 VALUE_OK
MATCH,1683,0x0CF00400,61444,71559.0,55222.741,-0.056,FF FF FF F8 3D FF FF FF,FF FF FF F8 3D FF FF FF,[],190=1983.0/exp 1982.9623 VALUE_OK
MATCH,1684,0x0CF00400,61444,71569.0,55232.7,-0.096,FF FF FF 8B 3D FF FF FF,FF FF FF 8B 3D FF FF FF,[],190=1969.375/exp 1969.3332 VALUE_OK
MATCH,1685,0x0CF00400,61444,71579.0,55242.71,-0.084,FF FF FF 1E 3D FF FF FF,FF FF FF 1E 3D FF FF FF,[],190=1955.75/exp 1955.6904 VALUE_OK
MATCH,1686,0x0CF00400,61444,71589.0,55252.74,-0.053,FF FF FF B0 3C FF FF FF,FF FF FF B0 3C FF FF FF,[],190=1942.0/exp 1942.035 VALUE_OK
MATCH,1687,0x0CF00400,61444,71599.0,55262.695,-0.097,FF FF FF 43 3C FF FF FF,FF FF FF 43 3C FF FF FF,[],190=1928.375/exp 1928.3678 VALUE_OK
MATCH,1688,0x0CF00400,61444,71609.0,55272.682,-0.108,FF FF FF D6 3B FF FF FF,FF FF FF D6 3B FF FF FF,[],190=1914.75/exp 1914.6895 VALUE_OK
MATCH,1689,0x0CF00400,61444,71619.0,55282.704,-0.083,FF FF FF 68 3B FF FF FF,FF FF FF 68 3B FF FF FF,[],190=1901.0/exp 1901.0011 VALUE_OK
MATCH,1690,0x0CF00400,61444,71629.0,55292.723,-0.063,FF FF FF FA 3A FF FF FF,FF FF FF FA 3A FF FF FF,[],190=1887.25/exp 1887.3034 VALUE_OK
MATCH,1691,0x0CF00400,61444,71639.0,55302.678,-0.107,FF FF FF 8D 3A FF FF FF,FF FF FF 8D 3A FF FF FF,[],190=1873.625/exp 1873.5972 VALUE_OK
MATCH,1692,0x0CF00400,61444,71649.0,55312.704,-0.078,FF FF FF 1F 3A FF FF FF,FF FF FF 1F 3A FF FF FF,[],190=1859.875/exp 1859.8834 VALUE_OK
MATCH,1693,0x0CF00400,61444,71659.0,55322.731,-0.05,FF FF FF B1 39 FF FF FF,FF FF FF B1 39 FF FF FF,[],190=1846.125/exp 1846.1628 VALUE_OK
MATCH,1694,0x0CF00400,61444,71669.0,55332.705,-0.075,FF FF FF 43 39 FF FF FF,FF FF FF 43 39 FF FF FF,[],190=1832.375/exp 1832.4363 VALUE_OK
MATCH,1695,0x0CF00400,61444,71679.0,55342.684,-0.094,FF FF FF D6 38 FF FF FF,FF FF FF D6 38 FF FF FF,[],190=1818.75/exp 1818.7047 VALUE_OK
MATCH,1696,0x0CF00400,61444,71689.0,55352.707,-0.069,FF FF FF 68 38 FF FF FF,FF FF FF 68 38 FF FF FF,[],190=1805.0/exp 1804.9688 VALUE_OK
MATCH,1697,0x0CF00400,61444,71699.0,55362.669,-0.106,FF FF FF FA 37 FF FF FF,FF FF FF FA 37 FF FF FF,[],190=1791.25/exp 1791.2296 VALUE_OK
MATCH,1698,0x0CF00400,61444,71709.0,55372.692,-0.081,FF FF FF 8C 37 FF FF FF,FF FF FF 8C 37 FF FF FF,[],190=1777.5/exp 1777.4878 VALUE_OK
MATCH,1699,0x0CF00400,61444,71719.0,55382.715,-0.056,FF FF FF 1E 37 FF FF FF,FF FF FF 1E 37 FF FF FF,[],190=1763.75/exp 1763.7443 VALUE_OK
MATCH,1700,0x0CF00400,61444,71729.0,55392.681,-0.089,FF FF FF B0 36 FF FF FF,FF FF FF B0 36 FF FF FF,[],190=1750.0/exp 1750.0 VALUE_OK
MATCH,1701,0x0CF00400,61444,71739.0,55402.7,-0.068,FF FF FF 42 36 FF FF FF,FF FF FF 42 36 FF FF FF,[],190=1736.25/exp 1736.2557 VALUE_OK
MATCH,1702,0x0CF00400,61444,71749.0,55412.715,-0.052,FF FF FF D4 35 FF FF FF,FF FF FF D4 35 FF FF FF,[],190=1722.5/exp 1722.5122 VALUE_OK
MATCH,1703,0x0CF00400,61444,71759.0,55422.677,-0.089,FF FF FF 66 35 FF FF FF,FF FF FF 66 35 FF FF FF,[],190=1708.75/exp 1708.7704 VALUE_OK
MATCH,1704,0x0CF00400,61444,71769.0,55432.716,-0.048,FF FF FF F8 34 FF FF FF,FF FF FF F8 34 FF FF FF,[],190=1695.0/exp 1695.0312 VALUE_OK
MATCH,1705,0x0CF00400,61444,71779.0,55442.679,-0.084,FF FF FF 8A 34 FF FF FF,FF FF FF 8A 34 FF FF FF,[],190=1681.25/exp 1681.2953 VALUE_OK
MATCH,1706,0x0CF00400,61444,71789.0,55452.709,-0.053,FF FF FF 1D 34 FF FF FF,FF FF FF 1D 34 FF FF FF,[],190=1667.625/exp 1667.5637 VALUE_OK
MATCH,1707,0x0CF00400,61444,71799.0,55462.676,-0.085,FF FF FF AF 33 FF FF FF,FF FF FF AF 33 FF FF FF,[],190=1653.875/exp 1653.8372 VALUE_OK
MATCH,1708,0x0CF00400,61444,71809.0,55472.698,-0.061,FF FF FF 41 33 FF FF FF,FF FF FF 41 33 FF FF FF,[],190=1640.125/exp 1640.1166 VALUE_OK
MATCH,1709,0x0CF00400,61444,71819.0,55482.645,-0.113,FF FF FF D3 32 FF FF FF,FF FF FF D3 32 FF FF FF,[],190=1626.375/exp 1626.4028 VALUE_OK
MATCH,1710,0x0CF00400,61444,71829.0,55492.651,-0.104,FF FF FF 66 32 FF FF FF,FF FF FF 66 32 FF FF FF,[],190=1612.75/exp 1612.6966 VALUE_OK
MATCH,1711,0x0CF00400,61444,71839.0,55502.686,-0.067,FF FF FF F8 31 FF FF FF,FF FF FF F8 31 FF FF FF,[],190=1599.0/exp 1598.9989 VALUE_OK
MATCH,1712,0x0CF00400,61444,71849.0,55512.685,-0.067,FF FF FF 8A 31 FF FF FF,FF FF FF 8A 31 FF FF FF,[],190=1585.25/exp 1585.3105 VALUE_OK
MATCH,1713,0x0CF00400,61444,71859.0,55522.671,-0.08,FF FF FF 1D 31 FF FF FF,FF FF FF 1D 31 FF FF FF,[],190=1571.625/exp 1571.6322 VALUE_OK
MATCH,1714,0x0CF00400,61444,71869.0,55532.69,-0.059,FF FF FF B0 30 FF FF FF,FF FF FF B0 30 FF FF FF,[],190=1558.0/exp 1557.965 VALUE_OK
MATCH,1715,0x0CF00400,61444,71879.0,55542.689,-0.059,FF FF FF 42 30 FF FF FF,FF FF FF 42 30 FF FF FF,[],190=1544.25/exp 1544.3096 VALUE_OK
MATCH,1716,0x0CF00400,61444,71889.0,55552.647,-0.1,FF FF FF D5 2F FF FF FF,FF FF FF D5 2F FF FF FF,[],190=1530.625/exp 1530.6668 VALUE_OK
MATCH,1717,0x0CF00400,61444,71899.0,55562.654,-0.091,FF FF FF 68 2F FF FF FF,FF FF FF 68 2F FF FF FF,[],190=1517.0/exp 1517.0377 VALUE_OK
MATCH,1718,0x0CF00400,61444,71909.0,55572.661,-0.082,FF FF FF FB 2E FF FF FF,FF FF FF FB 2E FF FF FF,[],190=1503.375/exp 1503.4228 VALUE_OK
MATCH,1719,0x0CF00400,61444,71919.0,55582.675,-0.066,FF FF FF 8F 2E FF FF FF,FF FF FF 8F 2E FF FF FF,[],190=1489.875/exp 1489.8232 VALUE_OK
MATCH,1720,0x0CF00400,61444,71929.0,55592.678,-0.062,FF FF FF 22 2E FF FF FF,FF FF FF 22 2E FF FF FF,[],190=1476.25/exp 1476.2397 VALUE_OK
MATCH,1721,0x0CF00400,61444,71939.0,55602.637,-0.102,FF FF FF B5 2D FF FF FF,FF FF FF B5 2D FF FF FF,[],190=1462.625/exp 1462.673 VALUE_OK
MATCH,1722,0x0CF00400,61444,71949.0,55612.643,-0.094,FF FF FF 49 2D FF FF FF,FF FF FF 49 2D FF FF FF,[],190=1449.125/exp 1449.1241 VALUE_OK
MATCH,1723,0x0CF00400,61444,71959.0,55622.654,-0.081,FF FF FF DD 2C FF FF FF,FF FF FF DD 2C FF FF FF,[],190=1435.625/exp 1435.5937 VALUE_OK
MATCH,1724,0x0CF00400,61444,71969.0,55632.664,-0.069,FF FF FF 71 2C FF FF FF,FF FF FF 71 2C FF FF FF,[],190=1422.125/exp 1422.0827 VALUE_OK
MATCH,1725,0x0CF00400,61444,71979.0,55642.671,-0.061,FF FF FF 05 2C FF FF FF,FF FF FF 05 2C FF FF FF,[],190=1408.625/exp 1408.5919 VALUE_OK
MATCH,1726,0x0CF00400,61444,71989.0,55652.662,-0.069,FF FF FF 99 2B FF FF FF,FF FF FF 99 2B FF FF FF,[],190=1395.125/exp 1395.1222 VALUE_OK
MATCH,1727,0x0CF00400,61444,71999.0,55662.668,-0.061,FF FF FF 2D 2B FF FF FF,FF FF FF 2D 2B FF FF FF,[],190=1381.625/exp 1381.6744 VALUE_OK
MATCH,1728,0x0CF00400,61444,72009.0,55672.619,-0.109,FF FF FF C2 2A FF FF FF,FF FF FF C2 2A FF FF FF,[],190=1368.25/exp 1368.2493 VALUE_OK
MATCH,1729,0x0CF00400,61444,72019.0,55682.63,-0.096,FF FF FF 57 2A FF FF FF,FF FF FF 57 2A FF FF FF,[],190=1354.875/exp 1354.8478 VALUE_OK
MATCH,1730,0x0CF00400,61444,72029.0,55692.648,-0.076,FF FF FF EC 29 FF FF FF,FF FF FF EC 29 FF FF FF,[],190=1341.5/exp 1341.4706 VALUE_OK
MATCH,1731,0x0CF00400,61444,72039.0,55702.659,-0.063,FF FF FF 81 29 FF FF FF,FF FF FF 81 29 FF FF FF,[],190=1328.125/exp 1328.1186 VALUE_OK
MATCH,1732,0x0CF00400,61444,72049.0,55712.662,-0.059,FF FF FF 16 29 FF FF FF,FF FF FF 16 29 FF FF FF,[],190=1314.75/exp 1314.7927 VALUE_OK
MATCH,1733,0x0CF00400,61444,72059.0,55722.616,-0.104,FF FF FF AC 28 FF FF FF,FF FF FF AC 28 FF FF FF,[],190=1301.5/exp 1301.4936 VALUE_OK
MATCH,1734,0x0CF00400,61444,72069.0,55732.619,-0.099,FF FF FF 42 28 FF FF FF,FF FF FF 42 28 FF FF FF,[],190=1288.25/exp 1288.2222 VALUE_OK
MATCH,1735,0x0CF00400,61444,72079.0,55742.637,-0.079,FF FF FF D8 27 FF FF FF,FF FF FF D8 27 FF FF FF,[],190=1275.0/exp 1274.9792 VALUE_OK
MATCH,1736,0x0CF00400,61444,72089.0,55752.644,-0.07,FF FF FF 6E 27 FF FF FF,FF FF FF 6E 27 FF FF FF,[],190=1261.75/exp 1261.7656 VALUE_OK
MATCH,1737,0x0CF00400,61444,72099.0,55762.654,-0.059,FF FF FF 05 27 FF FF FF,FF FF FF 05 27 FF FF FF,[],190=1248.625/exp 1248.582 VALUE_OK
MATCH,1738,0x0CF00400,61444,72109.0,55772.637,-0.075,FF FF FF 9B 26 FF FF FF,FF FF FF 9B 26 FF FF FF,[],190=1235.375/exp 1235.4294 VALUE_OK
MATCH,1739,0x0CF00400,61444,72119.0,55782.644,-0.066,FF FF FF 32 26 FF FF FF,FF FF FF 32 26 FF FF FF,[],190=1222.25/exp 1222.3086 VALUE_OK
MATCH,1740,0x0CF00400,61444,72129.0,55792.599,-0.11,FF FF FF CA 25 FF FF FF,FF FF FF CA 25 FF FF FF,[],190=1209.25/exp 1209.2203 VALUE_OK
MATCH,1741,0x0CF00400,61444,72139.0,55802.609,-0.098,FF FF FF 61 25 FF FF FF,FF FF FF 61 25 FF FF FF,[],190=1196.125/exp 1196.1653 VALUE_OK
MATCH,1742,0x0CF00400,61444,72149.0,55812.616,-0.089,FF FF FF F9 24 FF FF FF,FF FF FF F9 24 FF FF FF,[],190=1183.125/exp 1183.1445 VALUE_OK
MATCH,1743,0x0CF00400,61444,72159.0,55822.635,-0.068,FF FF FF 91 24 FF FF FF,FF FF FF 91 24 FF FF FF,[],190=1170.125/exp 1170.1587 VALUE_OK
MATCH,1744,0x0CF00400,61444,72169.0,55832.629,-0.073,FF FF FF 2A 24 FF FF FF,FF FF FF 2A 24 FF FF FF,[],190=1157.25/exp 1157.2086 VALUE_OK
MATCH,1745,0x0CF00400,61444,72179.0,55842.656,-0.044,FF FF FF C2 23 FF FF FF,FF FF FF C2 23 FF FF FF,[],190=1144.25/exp 1144.2952 VALUE_OK
MATCH,1746,0x0CF00400,61444,72189.0,55852.594,-0.105,FF FF FF 5B 23 FF FF FF,FF FF FF 5B 23 FF FF FF,[],190=1131.375/exp 1131.419 VALUE_OK
MATCH,1747,0x0CF00400,61444,72199.0,55862.613,-0.084,FF FF FF F5 22 FF FF FF,FF FF FF F5 22 FF FF FF,[],190=1118.625/exp 1118.5811 VALUE_OK
MATCH,1748,0x0CF00400,61444,72209.0,55872.616,-0.079,FF FF FF 8E 22 FF FF FF,FF FF FF 8E 22 FF FF FF,[],190=1105.75/exp 1105.782 VALUE_OK
MATCH,1749,0x0CF00400,61444,72219.0,55882.638,-0.056,FF FF FF 28 22 FF FF FF,FF FF FF 28 22 FF FF FF,[],190=1093.0/exp 1093.0228 VALUE_OK
MATCH,1750,0x0CF00400,61444,72229.0,55892.581,-0.112,FF FF FF C2 21 FF FF FF,FF FF FF C2 21 FF FF FF,[],190=1080.25/exp 1080.304 VALUE_OK
MATCH,1751,0x0CF00400,61444,72239.0,55902.619,-0.072,FF FF FF 5D 21 FF FF FF,FF FF FF 5D 21 FF FF FF,[],190=1067.625/exp 1067.6265 VALUE_OK
MATCH,1752,0x0CF00400,61444,72249.0,55912.646,-0.043,FF FF FF F8 20 FF FF FF,FF FF FF F8 20 FF FF FF,[],190=1055.0/exp 1054.9912 VALUE_OK
MATCH,1753,0x0CF00400,61444,72259.0,55922.589,-0.099,FF FF FF 93 20 FF FF FF,FF FF FF 93 20 FF FF FF,[],190=1042.375/exp 1042.3987 VALUE_OK
MATCH,1754,0x0CF00400,61444,72269.0,55932.599,-0.087,FF FF FF 2F 20 FF FF FF,FF FF FF 2F 20 FF FF FF,[],190=1029.875/exp 1029.8499 VALUE_OK
MATCH,1755,0x0CF00400,61444,72279.0,55942.618,-0.066,FF FF FF CB 1F FF FF FF,FF FF FF CB 1F FF FF FF,[],190=1017.375/exp 1017.3455 VALUE_OK
MATCH,1756,0x0CF00400,61444,72289.0,55952.577,-0.106,FF FF FF 67 1F FF FF FF,FF FF FF 67 1F FF FF FF,[],190=1004.875/exp 1004.8862 VALUE_OK
MATCH,1757,0x0CF00400,61444,72299.0,55962.619,-0.062,FF FF FF 04 1F FF FF FF,FF FF FF 04 1F FF FF FF,[],190=992.5/exp 992.473 VALUE_OK
MATCH,1758,0x0CF00400,61444,72309.0,55972.578,-0.102,FF FF FF A1 1E FF FF FF,FF FF FF A1 1E FF FF FF,[],190=980.125/exp 980.1065 VALUE_OK
MATCH,1759,0x0CF00400,61444,72319.0,55982.625,-0.053,FF FF FF 3E 1E FF FF FF,FF FF FF 3E 1E FF FF FF,[],190=967.75/exp 967.7874 VALUE_OK
MATCH,1760,0x0CF00400,61444,72329.0,55992.587,-0.09,FF FF FF DC 1D FF FF FF,FF FF FF DC 1D FF FF FF,[],190=955.5/exp 955.5166 VALUE_OK
MATCH,1761,0x0CF00400,61444,72339.0,56002.61,-0.065,FF FF FF 7A 1D FF FF FF,FF FF FF 7A 1D FF FF FF,[],190=943.25/exp 943.2948 VALUE_OK
MATCH,1762,0x0CF00400,61444,72349.0,56012.576,-0.098,FF FF FF 19 1D FF FF FF,FF FF FF 19 1D FF FF FF,[],190=931.125/exp 931.1228 VALUE_OK
MATCH,1763,0x0CF00400,61444,72359.0,56022.583,-0.089,FF FF FF B8 1C FF FF FF,FF FF FF B8 1C FF FF FF,[],190=919.0/exp 919.0013 VALUE_OK
MATCH,1764,0x0CF00400,61444,72369.0,56032.61,-0.06,FF FF FF 57 1C FF FF FF,FF FF FF 57 1C FF FF FF,[],190=906.875/exp 906.9311 VALUE_OK
MATCH,1765,0x0CF00400,61444,72379.0,56042.604,-0.065,FF FF FF F7 1B FF FF FF,FF FF FF F7 1B FF FF FF,[],190=894.875/exp 894.9128 VALUE_OK
MATCH,1766,0x0CF00400,61444,72389.0,56052.599,-0.068,FF FF FF 98 1B FF FF FF,FF FF FF 98 1B FF FF FF,[],190=883.0/exp 882.9473 VALUE_OK
MATCH,1767,0x0CF00400,61444,72399.0,56062.578,-0.088,FF FF FF 38 1B FF FF FF,FF FF FF 38 1B FF FF FF,[],190=871.0/exp 871.0353 VALUE_OK
MATCH,1768,0x0CF00400,61444,72409.0,56072.604,-0.06,FF FF FF D9 1A FF FF FF,FF FF FF D9 1A FF FF FF,[],190=859.125/exp 859.1775 VALUE_OK
MATCH,1769,0x0CF00400,61444,72419.0,56082.563,-0.1,FF FF FF 7B 1A FF FF FF,FF FF FF 7B 1A FF FF FF,[],190=847.375/exp 847.3747 VALUE_OK
MATCH,1770,0x0CF00400,61444,72429.0,56092.597,-0.064,FF FF FF 1D 1A FF FF FF,FF FF FF 1D 1A FF FF FF,[],190=835.625/exp 835.6275 VALUE_OK
MATCH,1771,0x0CF00400,61444,72439.0,56102.572,-0.088,FF FF FF C0 19 FF FF FF,FF FF FF C0 19 FF FF FF,[],190=824.0/exp 823.9367 VALUE_OK
MATCH,1772,0x0CF00400,61444,72449.0,56112.595,-0.063,FF FF FF 62 19 FF FF FF,FF FF FF 62 19 FF FF FF,[],190=812.25/exp 812.3031 VALUE_OK
MATCH,1773,0x0CF00400,61444,72459.0,56122.569,-0.088,FF FF FF 06 19 FF FF FF,FF FF FF 06 19 FF FF FF,[],190=800.75/exp 800.7273 VALUE_OK
MATCH,1774,0x0CF00400,61444,72469.0,56132.54,-0.115,FF FF FF AA 18 FF FF FF,FF FF FF AA 18 FF FF FF,[],190=789.25/exp 789.2101 VALUE_OK
MATCH,1775,0x0CF00400,61444,72479.0,56142.567,-0.086,FF FF FF 4E 18 FF FF FF,FF FF FF 4E 18 FF FF FF,[],190=777.75/exp 777.7521 VALUE_OK
MATCH,1776,0x0CF00400,61444,72489.0,56152.582,-0.069,FF FF FF F3 17 FF FF FF,FF FF FF F3 17 FF FF FF,[],190=766.375/exp 766.3541 VALUE_OK
MATCH,1777,0x0CF00400,61444,72499.0,56162.552,-0.098,FF FF FF 98 17 FF FF FF,FF FF FF 98 17 FF FF FF,[],190=755.0/exp 755.0168 VALUE_OK
MATCH,1778,0x0CF00400,61444,72509.0,56172.579,-0.069,FF FF FF 3E 17 FF FF FF,FF FF FF 3E 17 FF FF FF,[],190=743.75/exp 743.7408 VALUE_OK
MATCH,1779,0x0CF00400,61444,72519.0,56182.553,-0.093,FF FF FF E4 16 FF FF FF,FF FF FF E4 16 FF FF FF,[],190=732.5/exp 732.5269 VALUE_OK
MATCH,1780,0x0CF00400,61444,72529.0,56192.572,-0.072,FF FF FF 8B 16 FF FF FF,FF FF FF 8B 16 FF FF FF,[],190=721.375/exp 721.3758 VALUE_OK
MATCH,1781,0x0CF00400,61444,72539.0,56202.538,-0.105,FF FF FF 32 16 FF FF FF,FF FF FF 32 16 FF FF FF,[],190=710.25/exp 710.2881 VALUE_OK
MATCH,1782,0x0CF00400,61444,72549.0,56212.569,-0.072,FF FF FF DA 15 FF FF FF,FF FF FF DA 15 FF FF FF,[],190=699.25/exp 699.2646 VALUE_OK
MATCH,1783,0x0CF00400,61444,72559.0,56222.54,-0.099,FF FF FF 82 15 FF FF FF,FF FF FF 82 15 FF FF FF,[],190=688.25/exp 688.3059 VALUE_OK
MATCH,1784,0x0CF00400,61444,72569.0,56232.57,-0.067,FF FF FF 2B 15 FF FF FF,FF FF FF 2B 15 FF FF FF,[],190=677.375/exp 677.4127 VALUE_OK
MATCH,1785,0x0CF00400,61444,72579.0,56242.529,-0.107,FF FF FF D5 14 FF FF FF,FF FF FF D5 14 FF FF FF,[],190=666.625/exp 666.5856 VALUE_OK
MATCH,1786,0x0CF00400,61444,72589.0,56252.568,-0.066,FF FF FF 7F 14 FF FF FF,FF FF FF 7F 14 FF FF FF,[],190=655.875/exp 655.8254 VALUE_OK
MATCH,1787,0x0CF00400,61444,72599.0,56262.522,-0.111,FF FF FF 29 14 FF FF FF,FF FF FF 29 14 FF FF FF,[],190=645.125/exp 645.1326 VALUE_OK
MATCH,1788,0x0CF00400,61444,72609.0,56272.541,-0.089,FF FF FF D4 13 FF FF FF,FF FF FF D4 13 FF FF FF,[],190=634.5/exp 634.508 VALUE_OK
MATCH,1789,0x0CF00400,61444,72619.0,56282.575,-0.054,FF FF FF 80 13 FF FF FF,FF FF FF 80 13 FF FF FF,[],190=624.0/exp 623.9522 VALUE_OK
MATCH,1790,0x0CF00400,61444,72629.0,56292.534,-0.094,FF FF FF 2C 13 FF FF FF,FF FF FF 2C 13 FF FF FF,[],190=613.5/exp 613.4659 VALUE_OK
MATCH,1791,0x0CF00400,61444,72639.0,56302.569,-0.057,FF FF FF D8 12 FF FF FF,FF FF FF D8 12 FF FF FF,[],190=603.0/exp 603.0497 VALUE_OK
MATCH,1792,0x0CF00400,61444,72649.0,56312.539,-0.086,FF FF FF 86 12 FF FF FF,FF FF FF 86 12 FF FF FF,[],190=592.75/exp 592.7042 VALUE_OK
MATCH,1793,0x0CF00400,61444,72659.0,56322.51,-0.113,FF FF FF 33 12 FF FF FF,FF FF FF 33 12 FF FF FF,[],190=582.375/exp 582.4302 VALUE_OK
MATCH,1794,0x0CF00400,61444,72669.0,56332.545,-0.076,FF FF FF E2 11 FF FF FF,FF FF FF E2 11 FF FF FF,[],190=572.25/exp 572.2281 VALUE_OK
MATCH,1795,0x0CF00400,61444,72679.0,56342.515,-0.104,FF FF FF 91 11 FF FF FF,FF FF FF 91 11 FF FF FF,[],190=562.125/exp 562.0987 VALUE_OK
MATCH,1796,0x0CF00400,61444,72689.0,56352.542,-0.075,FF FF FF 40 11 FF FF FF,FF FF FF 40 11 FF FF FF,[],190=552.0/exp 552.0426 VALUE_OK
MATCH,1797,0x0CF00400,61444,72699.0,56362.513,-0.102,FF FF FF F0 10 FF FF FF,FF FF FF F0 10 FF FF FF,[],190=542.0/exp 542.0603 VALUE_OK
MATCH,1798,0x0CF00400,61444,72709.0,56372.543,-0.07,FF FF FF A1 10 FF FF FF,FF FF FF A1 10 FF FF FF,[],190=532.125/exp 532.1526 VALUE_OK
MATCH,1799,0x0CF00400,61444,72719.0,56382.506,-0.106,FF FF FF 53 10 FF FF FF,FF FF FF 53 10 FF FF FF,[],190=522.375/exp 522.32 VALUE_OK
MATCH,1800,0x0CF00400,61444,72729.0,56392.54,-0.07,FF FF FF 05 10 FF FF FF,FF FF FF 05 10 FF FF FF,[],190=512.625/exp 512.5631 VALUE_OK
MATCH,1801,0x0CF00400,61444,72739.0,56402.543,-0.066,FF FF FF B7 0F FF FF FF,FF FF FF B7 0F FF FF FF,[],190=502.875/exp 502.8826 VALUE_OK
MATCH,1802,0x0CF00400,61444,72749.0,56412.526,-0.081,FF FF FF 6A 0F FF FF FF,FF FF FF 6A 0F FF FF FF,[],190=493.25/exp 493.279 VALUE_OK
MATCH,1803,0x0CF00400,61444,72759.0,56422.5,-0.106,FF FF FF 1E 0F FF FF FF,FF FF FF 1E 0F FF FF FF,[],190=483.75/exp 483.7529 VALUE_OK
MATCH,1804,0x0CF00400,61444,72769.0,56432.547,-0.056,FF FF FF D2 0E FF FF FF,FF FF FF D2 0E FF FF FF,[],190=474.25/exp 474.3049 VALUE_OK
MATCH,1805,0x0CF00400,61444,72779.0,56442.526,-0.076,FF FF FF 87 0E FF FF FF,FF FF FF 87 0E FF FF FF,[],190=464.875/exp 464.9356 VALUE_OK
MATCH,1806,0x0CF00400,61444,72789.0,56452.5,-0.101,FF FF FF 3D 0E FF FF FF,FF FF FF 3D 0E FF FF FF,[],190=455.625/exp 455.6456 VALUE_OK
MATCH,1807,0x0CF00400,61444,72799.0,56462.555,-0.044,FF FF FF F3 0D FF FF FF,FF FF FF F3 0D FF FF FF,[],190=446.375/exp 446.4354 VALUE_OK
MATCH,1808,0x0CF00400,61444,72809.0,56472.538,-0.06,FF FF FF AA 0D FF FF FF,FF FF FF AA 0D FF FF FF,[],190=437.25/exp 437.3056 VALUE_OK
MATCH,1809,0x0CF00400,61444,72819.0,56482.516,-0.081,FF FF FF 62 0D FF FF FF,FF FF FF 62 0D FF FF FF,[],190=428.25/exp 428.2568 VALUE_OK
MATCH,1810,0x0CF00400,61444,72829.0,56492.547,-0.048,FF FF FF 1A 0D FF FF FF,FF FF FF 1A 0D FF FF FF,[],190=419.25/exp 419.2896 VALUE_OK
MATCH,1811,0x0CF00400,61444,72839.0,56502.529,-0.065,FF FF FF D3 0C FF FF FF,FF FF FF D3 0C FF FF FF,[],190=410.375/exp 410.4044 VALUE_OK
MATCH,1812,0x0CF00400,61444,72849.0,56512.508,-0.085,FF FF FF 8D 0C FF FF FF,FF FF FF 8D 0C FF FF FF,[],190=401.625/exp 401.6018 VALUE_OK
MATCH,1813,0x0CF00400,61444,72859.0,56522.527,-0.064,FF FF FF 47 0C FF FF FF,FF FF FF 47 0C FF FF FF,[],190=392.875/exp 392.8824 VALUE_OK
MATCH,1814,0x0CF00400,61444,72869.0,56532.51,-0.08,FF FF FF 02 0C FF FF FF,FF FF FF 02 0C FF FF FF,[],190=384.25/exp 384.2468 VALUE_OK
MATCH,1815,0x0CF00400,61444,72879.0,56542.548,-0.04,FF FF FF BE 0B FF FF FF,FF FF FF BE 0B FF FF FF,[],190=375.75/exp 375.6954 VALUE_OK
MATCH,1816,0x0CF00400,61444,72889.0,56552.506,-0.081,FF FF FF 7A 0B FF FF FF,FF FF FF 7A 0B FF FF FF,[],190=367.25/exp 367.2287 VALUE_OK
MATCH,1817,0x0CF00400,61444,72899.0,56562.537,-0.049,FF FF FF 37 0B FF FF FF,FF FF FF 37 0B FF FF FF,[],190=358.875/exp 358.8474 VALUE_OK
MATCH,1818,0x0CF00400,61444,72909.0,56572.508,-0.077,FF FF FF F4 0A FF FF FF,FF FF FF F4 0A FF FF FF,[],190=350.5/exp 350.5518 VALUE_OK
MATCH,1819,0x0CF00400,61444,72919.0,56582.543,-0.04,FF FF FF B3 0A FF FF FF,FF FF FF B3 0A FF FF FF,[],190=342.375/exp 342.3426 VALUE_OK
MATCH,1820,0x0CF00400,61444,72929.0,56592.501,-0.082,FF FF FF 72 0A FF FF FF,FF FF FF 72 0A FF FF FF,[],190=334.25/exp 334.2203 VALUE_OK
MATCH,1821,0x0CF00400,61444,72939.0,56602.468,-0.113,FF FF FF 31 0A FF FF FF,FF FF FF 31 0A FF FF FF,[],190=326.125/exp 326.1852 VALUE_OK
MATCH,1822,0x0CF00400,61444,72949.0,56612.526,-0.053,FF FF FF F2 09 FF FF FF,FF FF FF F2 09 FF FF FF,[],190=318.25/exp 318.238 VALUE_OK
MATCH,1823,0x0CF00400,61444,72959.0,56622.509,-0.069,FF FF FF B3 09 FF FF FF,FF FF FF B3 09 FF FF FF,[],190=310.375/exp 310.3791 VALUE_OK
MATCH,1824,0x0CF00400,61444,72969.0,56632.48,-0.096,FF FF FF 75 09 FF FF FF,FF FF FF 75 09 FF FF FF,[],190=302.625/exp 302.609 VALUE_OK
MATCH,1825,0x0CF00400,61444,72979.0,56642.506,-0.068,FF FF FF 37 09 FF FF FF,FF FF FF 37 09 FF FF FF,[],190=294.875/exp 294.9282 VALUE_OK
MATCH,1826,0x0CF00400,61444,72989.0,56652.526,-0.047,FF FF FF FB 08 FF FF FF,FF FF FF FB 08 FF FF FF,[],190=287.375/exp 287.3371 VALUE_OK
MATCH,1827,0x0CF00400,61444,72999.0,56662.495,-0.077,FF FF FF BF 08 FF FF FF,FF FF FF BF 08 FF FF FF,[],190=279.875/exp 279.8363 VALUE_OK
MATCH,1828,0x0CF00400,61444,73009.0,56672.474,-0.096,FF FF FF 83 08 FF FF FF,FF FF FF 83 08 FF FF FF,[],190=272.375/exp 272.4261 VALUE_OK
MATCH,1829,0x0CF00400,61444,73019.0,56682.517,-0.052,FF FF FF 49 08 FF FF FF,FF FF FF 49 08 FF FF FF,[],190=265.125/exp 265.1071 VALUE_OK
MATCH,1830,0x0CF00400,61444,73029.0,56692.488,-0.079,FF FF FF 0F 08 FF FF FF,FF FF FF 0F 08 FF FF FF,[],190=257.875/exp 257.8797 VALUE_OK
MATCH,1831,0x0CF00400,61444,73039.0,56702.463,-0.103,FF FF FF D6 07 FF FF FF,FF FF FF D6 07 FF FF FF,[],190=250.75/exp 250.7443 VALUE_OK
MATCH,1832,0x0CF00400,61444,73049.0,56712.513,-0.051,FF FF FF 9E 07 FF FF FF,FF FF FF 9E 07 FF FF FF,[],190=243.75/exp 243.7015 VALUE_OK
MATCH,1833,0x0CF00400,61444,73059.0,56722.487,-0.076,FF FF FF 66 07 FF FF FF,FF FF FF 66 07 FF FF FF,[],190=236.75/exp 236.7515 VALUE_OK
MATCH,1834,0x0CF00400,61444,73069.0,56732.478,-0.083,FF FF FF 2F 07 FF FF FF,FF FF FF 2F 07 FF FF FF,[],190=229.875/exp 229.8948 VALUE_OK
MATCH,1835,0x0CF00400,61444,73079.0,56742.461,-0.099,FF FF FF F9 06 FF FF FF,FF FF FF F9 06 FF FF FF,[],190=223.125/exp 223.132 VALUE_OK
MATCH,1836,0x0CF00400,61444,73089.0,56752.452,-0.106,FF FF FF C4 06 FF FF FF,FF FF FF C4 06 FF FF FF,[],190=216.5/exp 216.4633 VALUE_OK
MATCH,1837,0x0CF00400,61444,73099.0,56762.482,-0.074,FF FF FF 8F 06 FF FF FF,FF FF FF 8F 06 FF FF FF,[],190=209.875/exp 209.8892 VALUE_OK
MATCH,1838,0x0CF00400,61444,73109.0,56772.512,-0.042,FF FF FF 5B 06 FF FF FF,FF FF FF 5B 06 FF FF FF,[],190=203.375/exp 203.4101 VALUE_OK
MATCH,1839,0x0CF00400,61444,73119.0,56782.475,-0.078,FF FF FF 28 06 FF FF FF,FF FF FF 28 06 FF FF FF,[],190=197.0/exp 197.0265 VALUE_OK
MATCH,1840,0x0CF00400,61444,73129.0,56792.466,-0.086,FF FF FF F6 05 FF FF FF,FF FF FF F6 05 FF FF FF,[],190=190.75/exp 190.7386 VALUE_OK
MATCH,1841,0x0CF00400,61444,73139.0,56802.445,-0.105,FF FF FF C4 05 FF FF FF,FF FF FF C4 05 FF FF FF,[],190=184.5/exp 184.5469 VALUE_OK
MATCH,1842,0x0CF00400,61444,73149.0,56812.475,-0.073,FF FF FF 94 05 FF FF FF,FF FF FF 94 05 FF FF FF,[],190=178.5/exp 178.4517 VALUE_OK
MATCH,1843,0x0CF00400,61444,73159.0,56822.446,-0.1,FF FF FF 64 05 FF FF FF,FF FF FF 64 05 FF FF FF,[],190=172.5/exp 172.4535 VALUE_OK
MATCH,1844,0x0CF00400,61444,73169.0,56832.472,-0.072,FF FF FF 34 05 FF FF FF,FF FF FF 34 05 FF FF FF,[],190=166.5/exp 166.5527 VALUE_OK
MATCH,1845,0x0CF00400,61444,73179.0,56842.459,-0.084,FF FF FF 06 05 FF FF FF,FF FF FF 06 05 FF FF FF,[],190=160.75/exp 160.7494 VALUE_OK
MATCH,1846,0x0CF00400,61444,73189.0,56852.49,-0.051,FF FF FF D8 04 FF FF FF,FF FF FF D8 04 FF FF FF,[],190=155.0/exp 155.0443 VALUE_OK
MATCH,1847,0x0CF00400,61444,73199.0,56862.46,-0.08,FF FF FF AC 04 FF FF FF,FF FF FF AC 04 FF FF FF,[],190=149.5/exp 149.4375 VALUE_OK
MATCH,1848,0x0CF00400,61444,73209.0,56872.491,-0.048,FF FF FF 7F 04 FF FF FF,FF FF FF 7F 04 FF FF FF,[],190=143.875/exp 143.9294 VALUE_OK
MATCH,1849,0x0CF00400,61444,73219.0,56882.453,-0.085,FF FF FF 54 04 FF FF FF,FF FF FF 54 04 FF FF FF,[],190=138.5/exp 138.5204 VALUE_OK
MATCH,1850,0x0CF00400,61444,73229.0,56892.42,-0.116,FF FF FF 2A 04 FF FF FF,FF FF FF 2A 04 FF FF FF,[],190=133.25/exp 133.2108 VALUE_OK
MATCH,1851,0x0CF00400,61444,73239.0,56902.443,-0.091,FF FF FF 00 04 FF FF FF,FF FF FF 00 04 FF FF FF,[],190=128.0/exp 128.001 VALUE_OK
MATCH,1852,0x0CF00400,61444,73249.0,56912.473,-0.059,FF FF FF D7 03 FF FF FF,FF FF FF D7 03 FF FF FF,[],190=122.875/exp 122.8911 VALUE_OK
MATCH,1853,0x0CF00400,61444,73259.0,56922.441,-0.09,FF FF FF AF 03 FF FF FF,FF FF FF AF 03 FF FF FF,[],190=117.875/exp 117.8817 VALUE_OK
MATCH,1854,0x0CF00400,61444,73269.0,56932.474,-0.055,FF FF FF 88 03 FF FF FF,FF FF FF 88 03 FF FF FF,[],190=113.0/exp 112.9729 VALUE_OK
MATCH,1855,0x0CF00400,61444,73279.0,56942.441,-0.087,FF FF FF 61 03 FF FF FF,FF FF FF 61 03 FF FF FF,[],190=108.125/exp 108.1652 VALUE_OK
MATCH,1856,0x0CF00400,61444,73289.0,56952.468,-0.058,FF FF FF 3C 03 FF FF FF,FF FF FF 3C 03 FF FF FF,[],190=103.5/exp 103.4587 VALUE_OK
MATCH,1857,0x0CF00400,61444,73299.0,56962.438,-0.087,FF FF FF 17 03 FF FF FF,FF FF FF 17 03 FF FF FF,[],190=98.875/exp 98.8537 VALUE_OK
MATCH,1858,0x0CF00400,61444,73309.0,56972.477,-0.046,FF FF FF F3 02 FF FF FF,FF FF FF F3 02 FF FF FF,[],190=94.375/exp 94.3506 VALUE_OK
MATCH,1859,0x0CF00400,61444,73319.0,56982.444,-0.078,FF FF FF D0 02 FF FF FF,FF FF FF D0 02 FF FF FF,[],190=90.0/exp 89.9497 VALUE_OK
MATCH,1860,0x0CF00400,61444,73329.0,56992.47,-0.051,FF FF FF AD 02 FF FF FF,FF FF FF AD 02 FF FF FF,[],190=85.625/exp 85.6511 VALUE_OK
MATCH,1861,0x0CF00400,61444,73339.0,57002.437,-0.083,FF FF FF 8C 02 FF FF FF,FF FF FF 8C 02 FF FF FF,[],190=81.5/exp 81.4552 VALUE_OK
MATCH,1862,0x0CF00400,61444,73349.0,57012.42,-0.098,FF FF FF 6B 02 FF FF FF,FF FF FF 6B 02 FF FF FF,[],190=77.375/exp 77.3622 VALUE_OK
MATCH,1863,0x0CF00400,61444,73359.0,57022.418,-0.098,FF FF FF 4B 02 FF FF FF,FF FF FF 4B 02 FF FF FF,[],190=73.375/exp 73.3724 VALUE_OK
MATCH,1864,0x0CF00400,61444,73369.0,57032.441,-0.073,FF FF FF 2C 02 FF FF FF,FF FF FF 2C 02 FF FF FF,[],190=69.5/exp 69.4861 VALUE_OK
MATCH,1865,0x0CF00400,61444,73379.0,57042.395,-0.118,FF FF FF 0E 02 FF FF FF,FF FF FF 0E 02 FF FF FF,[],190=65.75/exp 65.7033 VALUE_OK
MATCH,1866,0x0CF00400,61444,73389.0,57052.43,-0.08,FF FF FF F0 01 FF FF FF,FF FF FF F0 01 FF FF FF,[],190=62.0/exp 62.0245 VALUE_OK
MATCH,1867,0x0CF00400,61444,73399.0,57062.449,-0.06,FF FF FF D4 01 FF FF FF,FF FF FF D4 01 FF FF FF,[],190=58.5/exp 58.4498 VALUE_OK
MATCH,1868,0x0CF00400,61444,73409.0,57072.415,-0.092,FF FF FF B8 01 FF FF FF,FF FF FF B8 01 FF FF FF,[],190=55.0/exp 54.9795 VALUE_OK
MATCH,1869,0x0CF00400,61444,73419.0,57082.43,-0.076,FF FF FF 9D 01 FF FF FF,FF FF FF 9D 01 FF FF FF,[],190=51.625/exp 51.6137 VALUE_OK
MATCH,1870,0x0CF00400,61444,73429.0,57092.461,-0.043,FF FF FF 83 01 FF FF FF,FF FF FF 83 01 FF FF FF,[],190=48.375/exp 48.3526 VALUE_OK
MATCH,1871,0x0CF00400,61444,73439.0,57102.407,-0.096,FF FF FF 6A 01 FF FF FF,FF FF FF 6A 01 FF FF FF,[],190=45.25/exp 45.1966 VALUE_OK
MATCH,1872,0x0CF00400,61444,73449.0,57112.43,-0.071,FF FF FF 51 01 FF FF FF,FF FF FF 51 01 FF FF FF,[],190=42.125/exp 42.1457 VALUE_OK
MATCH,1873,0x0CF00400,61444,73459.0,57122.389,-0.111,FF FF FF 3A 01 FF FF FF,FF FF FF 3A 01 FF FF FF,[],190=39.25/exp 39.2001 VALUE_OK
MATCH,1874,0x0CF00400,61444,73469.0,57132.419,-0.079,FF FF FF 23 01 FF FF FF,FF FF FF 23 01 FF FF FF,[],190=36.375/exp 36.3601 VALUE_OK
MATCH,1875,0x0CF00400,61444,73479.0,57142.434,-0.062,FF FF FF 0D 01 FF FF FF,FF FF FF 0D 01 FF FF FF,[],190=33.625/exp 33.6258 VALUE_OK
MATCH,1876,0x0CF00400,61444,73489.0,57152.432,-0.063,FF FF FF F8 00 FF FF FF,FF FF FF F8 00 FF FF FF,[],190=31.0/exp 30.9973 VALUE_OK
MATCH,1877,0x0CF00400,61444,73499.0,57162.399,-0.095,FF FF FF E4 00 FF FF FF,FF FF FF E4 00 FF FF FF,[],190=28.5/exp 28.4749 VALUE_OK
MATCH,1878,0x0CF00400,61444,73509.0,57172.422,-0.07,FF FF FF D0 00 FF FF FF,FF FF FF D0 00 FF FF FF,[],190=26.0/exp 26.0587 VALUE_OK
MATCH,1879,0x0CF00400,61444,73519.0,57182.448,-0.042,FF FF FF BE 00 FF FF FF,FF FF FF BE 00 FF FF FF,[],190=23.75/exp 23.7488 VALUE_OK
MATCH,1880,0x0CF00400,61444,73529.0,57192.403,-0.086,FF FF FF AC 00 FF FF FF,FF FF FF AC 00 FF FF FF,[],190=21.5/exp 21.5454 VALUE_OK
MATCH,1881,0x0CF00400,61444,73539.0,57202.422,-0.066,FF FF FF 9C 00 FF FF FF,FF FF FF 9C 00 FF FF FF,[],190=19.5/exp 19.4486 VALUE_OK
MATCH,1882,0x0CF00400,61444,73549.0,57212.384,-0.102,FF FF FF 8C 00 FF FF FF,FF FF FF 8C 00 FF FF FF,[],190=17.5/exp 17.4586 VALUE_OK
MATCH,1883,0x0CF00400,61444,73559.0,57222.395,-0.089,FF FF FF 7D 00 FF FF FF,FF FF FF 7D 00 FF FF FF,[],190=15.625/exp 15.5754 VALUE_OK
MATCH,1884,0x0CF00400,61444,73569.0,57232.414,-0.069,FF FF FF 6E 00 FF FF FF,FF FF FF 6E 00 FF FF FF,[],190=13.75/exp 13.7993 VALUE_OK
MATCH,1885,0x0CF00400,61444,73579.0,57242.369,-0.112,FF FF FF 61 00 FF FF FF,FF FF FF 61 00 FF FF FF,[],190=12.125/exp 12.1302 VALUE_OK
MATCH,1886,0x0CF00400,61444,73589.0,57252.391,-0.088,FF FF FF 55 00 FF FF FF,FF FF FF 55 00 FF FF FF,[],190=10.625/exp 10.5683 VALUE_OK
MATCH,1887,0x0CF00400,61444,73599.0,57262.417,-0.06,FF FF FF 49 00 FF FF FF,FF FF FF 49 00 FF FF FF,[],190=9.125/exp 9.1138 VALUE_OK
MATCH,1888,0x0CF00400,61444,73609.0,57272.42,-0.056,FF FF FF 3E 00 FF FF FF,FF FF FF 3E 00 FF FF FF,[],190=7.75/exp 7.7666 VALUE_OK
MATCH,1889,0x0CF00400,61444,73619.0,57282.375,-0.1,FF FF FF 34 00 FF FF FF,FF FF FF 34 00 FF FF FF,[],190=6.5/exp 6.5268 VALUE_OK
MATCH,1890,0x0CF00400,61444,73629.0,57292.39,-0.083,FF FF FF 2B 00 FF FF FF,FF FF FF 2B 00 FF FF FF,[],190=5.375/exp 5.3947 VALUE_OK
MATCH,1891,0x0CF00400,61444,73639.0,57302.412,-0.059,FF FF FF 23 00 FF FF FF,FF FF FF 23 00 FF FF FF,[],190=4.375/exp 4.3701 VALUE_OK
UNLOGGED,,0x0CF00400,61444,,57312.374,,,FF FF FF 1C 00 FF FF FF,[],
MATCH,1893,0x0CF00400,61444,73659.0,57322.389,-0.081,FF FF FF 15 00 FF FF FF,FF FF FF 15 00 FF FF FF,[],190=2.625/exp 2.6441 VALUE_OK
MATCH,1894,0x0CF00400,61444,73669.0,57332.356,-0.112,FF FF FF 10 00 FF FF FF,FF FF FF 10 00 FF FF FF,[],190=2.0/exp 1.9427 VALUE_OK
MATCH,1895,0x0CF00400,61444,73679.0,57342.375,-0.091,FF FF FF 0B 00 FF FF FF,FF FF FF 0B 00 FF FF FF,[],190=1.375/exp 1.3492 VALUE_OK
MATCH,1896,0x0CF00400,61444,73689.0,57352.397,-0.067,FF FF FF 07 00 FF FF FF,FF FF FF 07 00 FF FF FF,[],190=0.875/exp 0.8635 VALUE_OK
MATCH,1897,0x0CF00400,61444,73699.0,57362.364,-0.099,FF FF FF 04 00 FF FF FF,FF FF FF 04 00 FF FF FF,[],190=0.5/exp 0.4857 VALUE_OK
MATCH,1898,0x0CF00400,61444,73709.0,57372.378,-0.083,FF FF FF 02 00 FF FF FF,FF FF FF 02 00 FF FF FF,[],190=0.25/exp 0.2159 VALUE_OK
MATCH,1899,0x0CF00400,61444,73719.0,57382.401,-0.058,FF FF FF 00 00 FF FF FF,FF FF FF 00 00 FF FF FF,[],190=0.0/exp 0.054 VALUE_OK
MATCH,1900,0x0CF00400,61444,73729.0,57392.356,-0.102,FF FF FF 00 00 FF FF FF,FF FF FF 00 00 FF FF FF,[],190=0.0/exp 0.0 VALUE_OK
MATCH,1901,0x0CF00400,61444,73739.0,57402.346,-0.11,FF FF FF 00 00 FF FF FF,FF FF FF 00 00 FF FF FF,[],190=0.0/exp 0.054 VALUE_OK
MATCH,1902,0x0CF00400,61444,73749.0,57412.365,-0.089,FF FF FF 02 00 FF FF FF,FF FF FF 02 00 FF FF FF,[],190=0.25/exp 0.2159 VALUE_OK
MATCH,1903,0x0CF00400,61444,73759.0,57422.399,-0.053,FF FF FF 04 00 FF FF FF,FF FF FF 04 00 FF FF FF,[],190=0.5/exp 0.4857 VALUE_OK
MATCH,1904,0x0CF00400,61444,73769.0,57432.35,-0.101,FF FF FF 07 00 FF FF FF,FF FF FF 07 00 FF FF FF,[],190=0.875/exp 0.8635 VALUE_OK
MATCH,1905,0x0CF00400,61444,73779.0,57442.369,-0.08,FF FF FF 0B 00 FF FF FF,FF FF FF 0B 00 FF FF FF,[],190=1.375/exp 1.3492 VALUE_OK
MATCH,1906,0x0CF00400,61444,73789.0,57452.392,-0.055,FF FF FF 10 00 FF FF FF,FF FF FF 10 00 FF FF FF,[],190=2.0/exp 1.9427 VALUE_OK
MATCH,1907,0x0CF00400,61444,73799.0,57462.342,-0.104,FF FF FF 15 00 FF FF FF,FF FF FF 15 00 FF FF FF,[],190=2.625/exp 2.6441 VALUE_OK
MATCH,1908,0x0CF00400,61444,73809.0,57472.373,-0.071,FF FF FF 1C 00 FF FF FF,FF FF FF 1C 00 FF FF FF,[],190=3.5/exp 3.4532 VALUE_OK
MATCH,1909,0x0CF00400,61444,73819.0,57482.323,-0.12,FF FF FF 23 00 FF FF FF,FF FF FF 23 00 FF FF FF,[],190=4.375/exp 4.3701 VALUE_OK
MATCH,1910,0x0CF00400,61444,73829.0,57492.346,-0.094,FF FF FF 2B 00 FF FF FF,FF FF FF 2B 00 FF FF FF,[],190=5.375/exp 5.3947 VALUE_OK
MATCH,1911,0x0CF00400,61444,73839.0,57502.377,-0.062,FF FF FF 34 00 FF FF FF,FF FF FF 34 00 FF FF FF,[],190=6.5/exp 6.5268 VALUE_OK
UNLOGGED,,0x0CF00400,61444,,57512.339,,,FF FF FF 3E 00 FF FF FF,[],
MATCH,1913,0x0CF00400,61444,73859.0,57522.326,-0.111,FF FF FF 49 00 FF FF FF,FF FF FF 49 00 FF FF FF,[],190=9.125/exp 9.1138 VALUE_OK
MATCH,1914,0x0CF00400,61444,73869.0,57532.344,-0.091,FF FF FF 55 00 FF FF FF,FF FF FF 55 00 FF FF FF,[],190=10.625/exp 10.5683 VALUE_OK
MATCH,1915,0x0CF00400,61444,73879.0,57542.367,-0.066,FF FF FF 61 00 FF FF FF,FF FF FF 61 00 FF FF FF,[],190=12.125/exp 12.1302 VALUE_OK
MATCH,1916,0x0CF00400,61444,73889.0,57552.33,-0.102,FF FF FF 6E 00 FF FF FF,FF FF FF 6E 00 FF FF FF,[],190=13.75/exp 13.7993 VALUE_OK
MATCH,1917,0x0CF00400,61444,73899.0,57562.357,-0.073,FF FF FF 7D 00 FF FF FF,FF FF FF 7D 00 FF FF FF,[],190=15.625/exp 15.5754 VALUE_OK
MATCH,1918,0x0CF00400,61444,73909.0,57572.324,-0.104,FF FF FF 8C 00 FF FF FF,FF FF FF 8C 00 FF FF FF,[],190=17.5/exp 17.4586 VALUE_OK
MATCH,1919,0x0CF00400,61444,73919.0,57582.338,-0.088,FF FF FF 9C 00 FF FF FF,FF FF FF 9C 00 FF FF FF,[],190=19.5/exp 19.4486 VALUE_OK
MATCH,1920,0x0CF00400,61444,73929.0,57592.364,-0.061,FF FF FF AC 00 FF FF FF,FF FF FF AC 00 FF FF FF,[],190=21.5/exp 21.5454 VALUE_OK
MATCH,1921,0x0CF00400,61444,73939.0,57602.327,-0.096,FF FF FF BE 00 FF FF FF,FF FF FF BE 00 FF FF FF,[],190=23.75/exp 23.7488 VALUE_OK
MATCH,1922,0x0CF00400,61444,73949.0,57612.342,-0.079,FF FF FF D0 00 FF FF FF,FF FF FF D0 00 FF FF FF,[],190=26.0/exp 26.0587 VALUE_OK
MATCH,1923,0x0CF00400,61444,73959.0,57622.364,-0.056,FF FF FF E4 00 FF FF FF,FF FF FF E4 00 FF FF FF,[],190=28.5/exp 28.4749 VALUE_OK
MATCH,1924,0x0CF00400,61444,73969.0,57632.319,-0.1,FF FF FF F8 00 FF FF FF,FF FF FF F8 00 FF FF FF,[],190=31.0/exp 30.9973 VALUE_OK
MATCH,1925,0x0CF00400,61444,73979.0,57642.337,-0.08,FF FF FF 0D 01 FF FF FF,FF FF FF 0D 01 FF FF FF,[],190=33.625/exp 33.6258 VALUE_OK
MATCH,1926,0x0CF00400,61444,73989.0,57652.34,-0.075,FF FF FF 23 01 FF FF FF,FF FF FF 23 01 FF FF FF,[],190=36.375/exp 36.3601 VALUE_OK
MATCH,1927,0x0CF00400,61444,73999.0,57662.355,-0.059,FF FF FF 3A 01 FF FF FF,FF FF FF 3A 01 FF FF FF,[],190=39.25/exp 39.2001 VALUE_OK
MATCH,1928,0x0CF00400,61444,74009.0,57672.313,-0.099,FF FF FF 51 01 FF FF FF,FF FF FF 51 01 FF FF FF,[],190=42.125/exp 42.1457 VALUE_OK
MATCH,1929,0x0CF00400,61444,74019.0,57682.336,-0.075,FF FF FF 6A 01 FF FF FF,FF FF FF 6A 01 FF FF FF,[],190=45.25/exp 45.1966 VALUE_OK
MATCH,1930,0x0CF00400,61444,74029.0,57692.306,-0.103,FF FF FF 83 01 FF FF FF,FF FF FF 83 01 FF FF FF,[],190=48.375/exp 48.3526 VALUE_OK
MATCH,1931,0x0CF00400,61444,74039.0,57702.317,-0.09,FF FF FF 9D 01 FF FF FF,FF FF FF 9D 01 FF FF FF,[],190=51.625/exp 51.6137 VALUE_OK
MATCH,1932,0x0CF00400,61444,74049.0,57712.348,-0.057,FF FF FF B8 01 FF FF FF,FF FF FF B8 01 FF FF FF,[],190=55.0/exp 54.9795 VALUE_OK
MATCH,1933,0x0CF00400,61444,74059.0,57722.299,-0.105,FF FF FF D4 01 FF FF FF,FF FF FF D4 01 FF FF FF,[],190=58.5/exp 58.4498 VALUE_OK
MATCH,1934,0x0CF00400,61444,74069.0,57732.325,-0.077,FF FF FF F0 01 FF FF FF,FF FF FF F0 01 FF FF FF,[],190=62.0/exp 62.0245 VALUE_OK
MATCH,1935,0x0CF00400,61444,74079.0,57742.336,-0.064,FF FF FF 0E 02 FF FF FF,FF FF FF 0E 02 FF FF FF,[],190=65.75/exp 65.7033 VALUE_OK
MATCH,1936,0x0CF00400,61444,74089.0,57752.298,-0.101,FF FF FF 2C 02 FF FF FF,FF FF FF 2C 02 FF FF FF,[],190=69.5/exp 69.4861 VALUE_OK
MATCH,1937,0x0CF00400,61444,74099.0,57762.321,-0.076,FF FF FF 4B 02 FF FF FF,FF FF FF 4B 02 FF FF FF,[],190=73.375/exp 73.3724 VALUE_OK
MATCH,1938,0x0CF00400,61444,74109.0,57772.312,-0.084,FF FF FF 6B 02 FF FF FF,FF FF FF 6B 02 FF FF FF,[],190=77.375/exp 77.3622 VALUE_OK
MATCH,1939,0x0CF00400,61444,74119.0,57782.342,-0.052,FF FF FF 8C 02 FF FF FF,FF FF FF 8C 02 FF FF FF,[],190=81.5/exp 81.4552 VALUE_OK
MATCH,1940,0x0CF00400,61444,74129.0,57792.309,-0.084,FF FF FF AD 02 FF FF FF,FF FF FF AD 02 FF FF FF,[],190=85.625/exp 85.6511 VALUE_OK
MATCH,1941,0x0CF00400,61444,74139.0,57802.351,-0.04,FF FF FF D0 02 FF FF FF,FF FF FF D0 02 FF FF FF,[],190=90.0/exp 89.9497 VALUE_OK
MATCH,1942,0x0CF00400,61444,74149.0,57812.318,-0.072,FF FF FF F3 02 FF FF FF,FF FF FF F3 02 FF FF FF,[],190=94.375/exp 94.3506 VALUE_OK
MATCH,1943,0x0CF00400,61444,74159.0,57822.277,-0.112,FF FF FF 17 03 FF FF FF,FF FF FF 17 03 FF FF FF,[],190=98.875/exp 98.8537 VALUE_OK
MATCH,1944,0x0CF00400,61444,74169.0,57832.308,-0.079,FF FF FF 3C 03 FF FF FF,FF FF FF 3C 03 FF FF FF,[],190=103.5/exp 103.4587 VALUE_OK
MATCH,1945,0x0CF00400,61444,74179.0,57842.282,-0.103,FF FF FF 61 03 FF FF FF,FF FF FF 61 03 FF FF FF,[],190=108.125/exp 108.1652 VALUE_OK
MATCH,1946,0x0CF00400,61444,74189.0,57852.313,-0.07,FF FF FF 88 03 FF FF FF,FF FF FF 88 03 FF FF FF,[],190=113.0/exp 112.9729 VALUE_OK
MATCH,1947,0x0CF00400,61444,74199.0,57862.279,-0.103,FF FF FF AF 03 FF FF FF,FF FF FF AF 03 FF FF FF,[],190=117.875/exp 117.8817 VALUE_OK
MATCH,1948,0x0CF00400,61444,74209.0,57872.314,-0.066,FF FF FF D7 03 FF FF FF,FF FF FF D7 03 FF FF FF,[],190=122.875/exp 122.8911 VALUE_OK
MATCH,1949,0x0CF00400,61444,74219.0,57882.289,-0.089,FF FF FF 00 04 FF FF FF,FF FF FF 00 04 FF FF FF,[],190=128.0/exp 128.001 VALUE_OK
MATCH,1950,0x0CF00400,61444,74229.0,57892.304,-0.072,FF FF FF 2A 04 FF FF FF,FF FF FF 2A 04 FF FF FF,[],190=133.25/exp 133.2108 VALUE_OK
MATCH,1951,0x0CF00400,61444,74239.0,57902.319,-0.056,FF FF FF 54 04 FF FF FF,FF FF FF 54 04 FF FF FF,[],190=138.5/exp 138.5204 VALUE_OK
MATCH,1952,0x0CF00400,61444,74249.0,57912.288,-0.086,FF FF FF 7F 04 FF FF FF,FF FF FF 7F 04 FF FF FF,[],190=143.875/exp 143.9294 VALUE_OK
MATCH,1953,0x0CF00400,61444,74259.0,57922.327,-0.045,FF FF FF AC 04 FF FF FF,FF FF FF AC 04 FF FF FF,[],190=149.5/exp 149.4375 VALUE_OK
MATCH,1954,0x0CF00400,61444,74269.0,57932.29,-0.081,FF FF FF D8 04 FF FF FF,FF FF FF D8 04 FF FF FF,[],190=155.0/exp 155.0443 VALUE_OK
MATCH,1955,0x0CF00400,61444,74279.0,57942.281,-0.089,FF FF FF 06 05 FF FF FF,FF FF FF 06 05 FF FF FF,[],190=160.75/exp 160.7494 VALUE_OK
MATCH,1956,0x0CF00400,61444,74289.0,57952.307,-0.061,FF FF FF 34 05 FF FF FF,FF FF FF 34 05 FF FF FF,[],190=166.5/exp 166.5527 VALUE_OK
MATCH,1957,0x0CF00400,61444,74299.0,57962.278,-0.089,FF FF FF 64 05 FF FF FF,FF FF FF 64 05 FF FF FF,[],190=172.5/exp 172.4535 VALUE_OK
MATCH,1958,0x0CF00400,61444,74309.0,57972.312,-0.053,FF FF FF 94 05 FF FF FF,FF FF FF 94 05 FF FF FF,[],190=178.5/exp 178.4517 VALUE_OK
MATCH,1959,0x0CF00400,61444,74319.0,57982.279,-0.085,FF FF FF C4 05 FF FF FF,FF FF FF C4 05 FF FF FF,[],190=184.5/exp 184.5469 VALUE_OK
MATCH,1960,0x0CF00400,61444,74329.0,57992.258,-0.104,FF FF FF F6 05 FF FF FF,FF FF FF F6 05 FF FF FF,[],190=190.75/exp 190.7386 VALUE_OK
MATCH,1961,0x0CF00400,61444,74339.0,58002.297,-0.063,FF FF FF 28 06 FF FF FF,FF FF FF 28 06 FF FF FF,[],190=197.0/exp 197.0265 VALUE_OK
MATCH,1962,0x0CF00400,61444,74349.0,58012.275,-0.084,FF FF FF 5B 06 FF FF FF,FF FF FF 5B 06 FF FF FF,[],190=203.375/exp 203.4101 VALUE_OK
MATCH,1963,0x0CF00400,61444,74359.0,58022.297,-0.06,FF FF FF 8F 06 FF FF FF,FF FF FF 8F 06 FF FF FF,[],190=209.875/exp 209.8892 VALUE_OK
MATCH,1964,0x0CF00400,61444,74369.0,58032.268,-0.088,FF FF FF C4 06 FF FF FF,FF FF FF C4 06 FF FF FF,[],190=216.5/exp 216.4633 VALUE_OK
MATCH,1965,0x0CF00400,61444,74379.0,58042.251,-0.103,FF FF FF F9 06 FF FF FF,FF FF FF F9 06 FF FF FF,[],190=223.125/exp 223.132 VALUE_OK
MATCH,1966,0x0CF00400,61444,74389.0,58052.242,-0.11,FF FF FF 2F 07 FF FF FF,FF FF FF 2F 07 FF FF FF,[],190=229.875/exp 229.8948 VALUE_OK
MATCH,1967,0x0CF00400,61444,74399.0,58062.292,-0.058,FF FF FF 66 07 FF FF FF,FF FF FF 66 07 FF FF FF,[],190=236.75/exp 236.7515 VALUE_OK
MATCH,1968,0x0CF00400,61444,74409.0,58072.274,-0.075,FF FF FF 9E 07 FF FF FF,FF FF FF 9E 07 FF FF FF,[],190=243.75/exp 243.7015 VALUE_OK
MATCH,1969,0x0CF00400,61444,74419.0,58082.261,-0.086,FF FF FF D6 07 FF FF FF,FF FF FF D6 07 FF FF FF,[],190=250.75/exp 250.7443 VALUE_OK
MATCH,1970,0x0CF00400,61444,74429.0,58092.288,-0.058,FF FF FF 0F 08 FF FF FF,FF FF FF 0F 08 FF FF FF,[],190=257.875/exp 257.8797 VALUE_OK
MATCH,1971,0x0CF00400,61444,74439.0,58102.255,-0.089,FF FF FF 49 08 FF FF FF,FF FF FF 49 08 FF FF FF,[],190=265.125/exp 265.1071 VALUE_OK
MATCH,1972,0x0CF00400,61444,74449.0,58112.25,-0.093,FF FF FF 83 08 FF FF FF,FF FF FF 83 08 FF FF FF,[],190=272.375/exp 272.4261 VALUE_OK
MATCH,1973,0x0CF00400,61444,74459.0,58122.292,-0.049,FF FF FF BF 08 FF FF FF,FF FF FF BF 08 FF FF FF,[],190=279.875/exp 279.8363 VALUE_OK
MATCH,1974,0x0CF00400,61444,74469.0,58132.258,-0.082,FF FF FF FB 08 FF FF FF,FF FF FF FB 08 FF FF FF,[],190=287.375/exp 287.3371 VALUE_OK
MATCH,1975,0x0CF00400,61444,74479.0,58142.217,-0.121,FF FF FF 37 09 FF FF FF,FF FF FF 37 09 FF FF FF,[],190=294.875/exp 294.9282 VALUE_OK
MATCH,1976,0x0CF00400,61444,74489.0,58152.232,-0.104,FF FF FF 75 09 FF FF FF,FF FF FF 75 09 FF FF FF,[],190=302.625/exp 302.609 VALUE_OK
MATCH,1977,0x0CF00400,61444,74499.0,58162.267,-0.067,FF FF FF B3 09 FF FF FF,FF FF FF B3 09 FF FF FF,[],190=310.375/exp 310.3791 VALUE_OK
MATCH,1978,0x0CF00400,61444,74509.0,58172.258,-0.074,FF FF FF F2 09 FF FF FF,FF FF FF F2 09 FF FF FF,[],190=318.25/exp 318.238 VALUE_OK
MATCH,1979,0x0CF00400,61444,74519.0,58182.235,-0.096,FF FF FF 31 0A FF FF FF,FF FF FF 31 0A FF FF FF,[],190=326.125/exp 326.1852 VALUE_OK
MATCH,1980,0x0CF00400,61444,74529.0,58192.27,-0.059,FF FF FF 72 0A FF FF FF,FF FF FF 72 0A FF FF FF,[],190=334.25/exp 334.2203 VALUE_OK
MATCH,1981,0x0CF00400,61444,74539.0,58202.245,-0.083,FF FF FF B3 0A FF FF FF,FF FF FF B3 0A FF FF FF,[],190=342.375/exp 342.3426 VALUE_OK
MATCH,1982,0x0CF00400,61444,74549.0,58212.272,-0.054,FF FF FF F4 0A FF FF FF,FF FF FF F4 0A FF FF FF,[],190=350.5/exp 350.5518 VALUE_OK
MATCH,1983,0x0CF00400,61444,74559.0,58222.238,-0.087,FF FF FF 37 0B FF FF FF,FF FF FF 37 0B FF FF FF,[],190=358.875/exp 358.8474 VALUE_OK
MATCH,1984,0x0CF00400,61444,74569.0,58232.273,-0.05,FF FF FF 7A 0B FF FF FF,FF FF FF 7A 0B FF FF FF,[],190=367.25/exp 367.2287 VALUE_OK
MATCH,1985,0x0CF00400,61444,74579.0,58242.247,-0.075,FF FF FF BE 0B FF FF FF,FF FF FF BE 0B FF FF FF,[],190=375.75/exp 375.6954 VALUE_OK
MATCH,1986,0x0CF00400,61444,74589.0,58252.214,-0.107,FF FF FF 02 0C FF FF FF,FF FF FF 02 0C FF FF FF,[],190=384.25/exp 384.2468 VALUE_OK
MATCH,1987,0x0CF00400,61444,74599.0,58262.233,-0.086,FF FF FF 47 0C FF FF FF,FF FF FF 47 0C FF FF FF,[],190=392.875/exp 392.8824 VALUE_OK
MATCH,1988,0x0CF00400,61444,74609.0,58272.263,-0.054,FF FF FF 8D 0C FF FF FF,FF FF FF 8D 0C FF FF FF,[],190=401.625/exp 401.6018 VALUE_OK
UNLOGGED,,0x0CF00400,61444,,58282.25,,,FF FF FF D3 0C FF FF FF,[],
MATCH,1990,0x0CF00400,61444,74629.0,58292.232,-0.084,FF FF FF 1A 0D FF FF FF,FF FF FF 1A 0D FF FF FF,[],190=419.25/exp 419.2896 VALUE_OK
MATCH,1991,0x0CF00400,61444,74639.0,58302.203,-0.111,FF FF FF 62 0D FF FF FF,FF FF FF 62 0D FF FF FF,[],190=428.25/exp 428.2568 VALUE_OK
MATCH,1992,0x0CF00400,61444,74649.0,58312.238,-0.074,FF FF FF AA 0D FF FF FF,FF FF FF AA 0D FF FF FF,[],190=437.25/exp 437.3056 VALUE_OK
MATCH,1993,0x0CF00400,61444,74659.0,58322.205,-0.105,FF FF FF F3 0D FF FF FF,FF FF FF F3 0D FF FF FF,[],190=446.375/exp 446.4354 VALUE_OK
MATCH,1994,0x0CF00400,61444,74669.0,58332.224,-0.084,FF FF FF 3D 0E FF FF FF,FF FF FF 3D 0E FF FF FF,[],190=455.625/exp 455.6456 VALUE_OK
MATCH,1995,0x0CF00400,61444,74679.0,58342.202,-0.105,FF FF FF 87 0E FF FF FF,FF FF FF 87 0E FF FF FF,[],190=464.875/exp 464.9356 VALUE_OK
MATCH,1996,0x0CF00400,61444,74689.0,58352.232,-0.073,FF FF FF D2 0E FF FF FF,FF FF FF D2 0E FF FF FF,[],190=474.25/exp 474.3049 VALUE_OK
MATCH,1997,0x0CF00400,61444,74699.0,58362.199,-0.104,FF FF FF 1E 0F FF FF FF,FF FF FF 1E 0F FF FF FF,[],190=483.75/exp 483.7529 VALUE_OK
MATCH,1998,0x0CF00400,61444,74709.0,58372.238,-0.063,FF FF FF 6A 0F FF FF FF,FF FF FF 6A 0F FF FF FF,[],190=493.25/exp 493.279 VALUE_OK
MATCH,1999,0x0CF00400,61444,74719.0,58382.201,-0.099,FF FF FF B7 0F FF FF FF,FF FF FF B7 0F FF FF FF,[],190=502.875/exp 502.8826 VALUE_OK
MATCH,2000,0x0CF00400,61444,74729.0,58392.215,-0.083,FF FF FF 05 10 FF FF FF,FF FF FF 05 10 FF FF FF,[],190=512.625/exp 512.5631 VALUE_OK
MATCH,2001,0x0CF00400,61444,74739.0,58402.201,-0.095,FF FF FF 53 10 FF FF FF,FF FF FF 53 10 FF FF FF,[],190=522.375/exp 522.32 VALUE_OK
MATCH,2002,0x0CF00400,61444,74749.0,58412.228,-0.066,FF FF FF A1 10 FF FF FF,FF FF FF A1 10 FF FF FF,[],190=532.125/exp 532.1526 VALUE_OK
MATCH,2003,0x0CF00400,61444,74759.0,58422.195,-0.098,FF FF FF F0 10 FF FF FF,FF FF FF F0 10 FF FF FF,[],190=542.0/exp 542.0603 VALUE_OK
MATCH,2004,0x0CF00400,61444,74769.0,58432.21,-0.081,FF FF FF 40 11 FF FF FF,FF FF FF 40 11 FF FF FF,[],190=552.0/exp 552.0426 VALUE_OK
MATCH,2005,0x0CF00400,61444,74779.0,58442.173,-0.116,FF FF FF 91 11 FF FF FF,FF FF FF 91 11 FF FF FF,[],190=562.125/exp 562.0987 VALUE_OK
MATCH,2006,0x0CF00400,61444,74789.0,58452.19,-0.097,FF FF FF E2 11 FF FF FF,FF FF FF E2 11 FF FF FF,[],190=572.25/exp 572.2281 VALUE_OK
MATCH,2007,0x0CF00400,61444,74799.0,58462.209,-0.076,FF FF FF 33 12 FF FF FF,FF FF FF 33 12 FF FF FF,[],190=582.375/exp 582.4302 VALUE_OK
MATCH,2008,0x0CF00400,61444,74809.0,58472.188,-0.096,FF FF FF 86 12 FF FF FF,FF FF FF 86 12 FF FF FF,[],190=592.75/exp 592.7042 VALUE_OK
MATCH,2009,0x0CF00400,61444,74819.0,58482.211,-0.071,FF FF FF D8 12 FF FF FF,FF FF FF D8 12 FF FF FF,[],190=603.0/exp 603.0497 VALUE_OK
MATCH,2010,0x0CF00400,61444,74829.0,58492.166,-0.114,FF FF FF 2C 13 FF FF FF,FF FF FF 2C 13 FF FF FF,[],190=613.5/exp 613.4659 VALUE_OK
MATCH,2011,0x0CF00400,61444,74839.0,58502.196,-0.082,FF FF FF 80 13 FF FF FF,FF FF FF 80 13 FF FF FF,[],190=624.0/exp 623.9522 VALUE_OK
MATCH,2012,0x0CF00400,61444,74849.0,58512.214,-0.062,FF FF FF D4 13 FF FF FF,FF FF FF D4 13 FF FF FF,[],190=634.5/exp 634.508 VALUE_OK
MATCH,2013,0x0CF00400,61444,74859.0,58522.193,-0.082,FF FF FF 29 14 FF FF FF,FF FF FF 29 14 FF FF FF,[],190=645.125/exp 645.1326 VALUE_OK
MATCH,2014,0x0CF00400,61444,74869.0,58532.164,-0.109,FF FF FF 7F 14 FF FF FF,FF FF FF 7F 14 FF FF FF,[],190=655.875/exp 655.8254 VALUE_OK
MATCH,2015,0x0CF00400,61444,74879.0,58542.179,-0.092,FF FF FF D5 14 FF FF FF,FF FF FF D5 14 FF FF FF,[],190=666.625/exp 666.5856 VALUE_OK
MATCH,2016,0x0CF00400,61444,74889.0,58552.209,-0.06,FF FF FF 2B 15 FF FF FF,FF FF FF 2B 15 FF FF FF,[],190=677.375/exp 677.4127 VALUE_OK
MATCH,2017,0x0CF00400,61444,74899.0,58562.167,-0.101,FF FF FF 82 15 FF FF FF,FF FF FF 82 15 FF FF FF,[],190=688.25/exp 688.3059 VALUE_OK
MATCH,2018,0x0CF00400,61444,74909.0,58572.182,-0.084,FF FF FF DA 15 FF FF FF,FF FF FF DA 15 FF FF FF,[],190=699.25/exp 699.2646 VALUE_OK
MATCH,2019,0x0CF00400,61444,74919.0,58582.201,-0.063,FF FF FF 32 16 FF FF FF,FF FF FF 32 16 FF FF FF,[],190=710.25/exp 710.2881 VALUE_OK
MATCH,2020,0x0CF00400,61444,74929.0,58592.164,-0.099,FF FF FF 8B 16 FF FF FF,FF FF FF 8B 16 FF FF FF,[],190=721.375/exp 721.3758 VALUE_OK
MATCH,2021,0x0CF00400,61444,74939.0,58602.191,-0.07,FF FF FF E4 16 FF FF FF,FF FF FF E4 16 FF FF FF,[],190=732.5/exp 732.5269 VALUE_OK
MATCH,2022,0x0CF00400,61444,74949.0,58612.145,-0.115,FF FF FF 3E 17 FF FF FF,FF FF FF 3E 17 FF FF FF,[],190=743.75/exp 743.7408 VALUE_OK
MATCH,2023,0x0CF00400,61444,74959.0,58622.171,-0.086,FF FF FF 98 17 FF FF FF,FF FF FF 98 17 FF FF FF,[],190=755.0/exp 755.0168 VALUE_OK
MATCH,2024,0x0CF00400,61444,74969.0,58632.19,-0.066,FF FF FF F3 17 FF FF FF,FF FF FF F3 17 FF FF FF,[],190=766.375/exp 766.3541 VALUE_OK
MATCH,2025,0x0CF00400,61444,74979.0,58642.141,-0.113,FF FF FF 4E 18 FF FF FF,FF FF FF 4E 18 FF FF FF,[],190=777.75/exp 777.7521 VALUE_OK
MATCH,2026,0x0CF00400,61444,74989.0,58652.144,-0.108,FF FF FF AA 18 FF FF FF,FF FF FF AA 18 FF FF FF,[],190=789.25/exp 789.2101 VALUE_OK
MATCH,2027,0x0CF00400,61444,74999.0,58662.17,-0.08,FF FF FF 06 19 FF FF FF,FF FF FF 06 19 FF FF FF,[],190=800.75/exp 800.7273 VALUE_OK
MATCH,2028,0x0CF00400,61444,75009.0,58672.129,-0.119,FF FF FF 62 19 FF FF FF,FF FF FF 62 19 FF FF FF,[],190=812.25/exp 812.3031 VALUE_OK
MATCH,2029,0x0CF00400,61444,75019.0,58682.155,-0.091,FF FF FF C0 19 FF FF FF,FF FF FF C0 19 FF FF FF,[],190=824.0/exp 823.9367 VALUE_OK
MATCH,2030,0x0CF00400,61444,75029.0,58692.17,-0.074,FF FF FF 1D 1A FF FF FF,FF FF FF 1D 1A FF FF FF,[],190=835.625/exp 835.6275 VALUE_OK
MATCH,2031,0x0CF00400,61444,75039.0,58702.125,-0.118,FF FF FF 7B 1A FF FF FF,FF FF FF 7B 1A FF FF FF,[],190=847.375/exp 847.3747 VALUE_OK
MATCH,2032,0x0CF00400,61444,75049.0,58712.152,-0.088,FF FF FF D9 1A FF FF FF,FF FF FF D9 1A FF FF FF,[],190=859.125/exp 859.1775 VALUE_OK
MATCH,2033,0x0CF00400,61444,75059.0,58722.177,-0.062,FF FF FF 38 1B FF FF FF,FF FF FF 38 1B FF FF FF,[],190=871.0/exp 871.0353 VALUE_OK
MATCH,2034,0x0CF00400,61444,75069.0,58732.148,-0.089,FF FF FF 98 1B FF FF FF,FF FF FF 98 1B FF FF FF,[],190=883.0/exp 882.9473 VALUE_OK
MATCH,2035,0x0CF00400,61444,75079.0,58742.123,-0.113,FF FF FF F7 1B FF FF FF,FF FF FF F7 1B FF FF FF,[],190=894.875/exp 894.9128 VALUE_OK
MATCH,2036,0x0CF00400,61444,75089.0,58752.158,-0.075,FF FF FF 57 1C FF FF FF,FF FF FF 57 1C FF FF FF,[],190=906.875/exp 906.9311 VALUE_OK
MATCH,2037,0x0CF00400,61444,75099.0,58762.132,-0.1,FF FF FF B8 1C FF FF FF,FF FF FF B8 1C FF FF FF,[],190=919.0/exp 919.0013 VALUE_OK
MATCH,2038,0x0CF00400,61444,75109.0,58772.123,-0.107,FF FF FF 19 1D FF FF FF,FF FF FF 19 1D FF FF FF,[],190=931.125/exp 931.1228 VALUE_OK
MATCH,2039,0x0CF00400,61444,75119.0,58782.145,-0.083,FF FF FF 7A 1D FF FF FF,FF FF FF 7A 1D FF FF FF,[],190=943.25/exp 943.2948 VALUE_OK
MATCH,2040,0x0CF00400,61444,75129.0,58792.176,-0.05,FF FF FF DC 1D FF FF FF,FF FF FF DC 1D FF FF FF,[],190=955.5/exp 955.5166 VALUE_OK
MATCH,2041,0x0CF00400,61444,75139.0,58802.139,-0.086,FF FF FF 3E 1E FF FF FF,FF FF FF 3E 1E FF FF FF,[],190=967.75/exp 967.7874 VALUE_OK
MATCH,2042,0x0CF00400,61444,75149.0,58812.146,-0.077,FF FF FF A1 1E FF FF FF,FF FF FF A1 1E FF FF FF,[],190=980.125/exp 980.1065 VALUE_OK
MATCH,2043,0x0CF00400,61444,75159.0,58822.121,-0.101,FF FF FF 04 1F FF FF FF,FF FF FF 04 1F FF FF FF,[],190=992.5/exp 992.473 VALUE_OK
MATCH,2044,0x0CF00400,61444,75169.0,58832.127,-0.093,FF FF FF 67 1F FF FF FF,FF FF FF 67 1F FF FF FF,[],190=1004.875/exp 1004.8862 VALUE_OK
MATCH,2045,0x0CF00400,61444,75179.0,58842.157,-0.061,FF FF FF CB 1F FF FF FF,FF FF FF CB 1F FF FF FF,[],190=1017.375/exp 1017.3455 VALUE_OK
MATCH,2046,0x0CF00400,61444,75189.0,58852.108,-0.109,FF FF FF 2F 20 FF FF FF,FF FF FF 2F 20 FF FF FF,[],190=1029.875/exp 1029.8499 VALUE_OK
MATCH,2047,0x0CF00400,61444,75199.0,58862.111,-0.104,FF FF FF 93 20 FF FF FF,FF FF FF 93 20 FF FF FF,[],190=1042.375/exp 1042.3987 VALUE_OK
MATCH,2048,0x0CF00400,61444,75209.0,58872.118,-0.094,FF FF FF F8 20 FF FF FF,FF FF FF F8 20 FF FF FF,[],190=1055.0/exp 1054.9912 VALUE_OK
MATCH,2049,0x0CF00400,61444,75219.0,58882.108,-0.103,FF FF FF 5D 21 FF FF FF,FF FF FF 5D 21 FF FF FF,[],190=1067.625/exp 1067.6265 VALUE_OK
MATCH,2050,0x0CF00400,61444,75229.0,58892.114,-0.094,FF FF FF C2 21 FF FF FF,FF FF FF C2 21 FF FF FF,[],190=1080.25/exp 1080.304 VALUE_OK
MATCH,2051,0x0CF00400,61444,75239.0,58902.153,-0.054,FF FF FF 28 22 FF FF FF,FF FF FF 28 22 FF FF FF,[],190=1093.0/exp 1093.0228 VALUE_OK
MATCH,2052,0x0CF00400,61444,75249.0,58912.088,-0.118,FF FF FF 8E 22 FF FF FF,FF FF FF 8E 22 FF FF FF,[],190=1105.75/exp 1105.782 VALUE_OK
MATCH,2053,0x0CF00400,61444,75259.0,58922.095,-0.108,FF FF FF F5 22 FF FF FF,FF FF FF F5 22 FF FF FF,[],190=1118.625/exp 1118.5811 VALUE_OK
MATCH,2054,0x0CF00400,61444,75269.0,58932.089,-0.112,FF FF FF 5B 23 FF FF FF,FF FF FF 5B 23 FF FF FF,[],190=1131.375/exp 1131.419 VALUE_OK
MATCH,2055,0x0CF00400,61444,75279.0,58942.099,-0.1,FF FF FF C2 23 FF FF FF,FF FF FF C2 23 FF FF FF,[],190=1144.25/exp 1144.2952 VALUE_OK
MATCH,2056,0x0CF00400,61444,75289.0,58952.09,-0.107,FF FF FF 2A 24 FF FF FF,FF FF FF 2A 24 FF FF FF,[],190=1157.25/exp 1157.2086 VALUE_OK
MATCH,2057,0x0CF00400,61444,75299.0,58962.101,-0.094,FF FF FF 91 24 FF FF FF,FF FF FF 91 24 FF FF FF,[],190=1170.125/exp 1170.1587 VALUE_OK
MATCH,2058,0x0CF00400,61444,75309.0,58972.096,-0.097,FF FF FF F9 24 FF FF FF,FF FF FF F9 24 FF FF FF,[],190=1183.125/exp 1183.1445 VALUE_OK
MATCH,2059,0x0CF00400,61444,75319.0,58982.102,-0.089,FF FF FF 61 25 FF FF FF,FF FF FF 61 25 FF FF FF,[],190=1196.125/exp 1196.1653 VALUE_OK
MATCH,2060,0x0CF00400,61444,75329.0,58992.101,-0.088,FF FF FF CA 25 FF FF FF,FF FF FF CA 25 FF FF FF,[],190=1209.25/exp 1209.2203 VALUE_OK
MATCH,2061,0x0CF00400,61444,75339.0,59002.103,-0.084,FF FF FF 32 26 FF FF FF,FF FF FF 32 26 FF FF FF,[],190=1222.25/exp 1222.3086 VALUE_OK
MATCH,2062,0x0CF00400,61444,75349.0,59012.106,-0.08,FF FF FF 9B 26 FF FF FF,FF FF FF 9B 26 FF FF FF,[],190=1235.375/exp 1235.4294 VALUE_OK
MATCH,2063,0x0CF00400,61444,75359.0,59022.081,-0.103,FF FF FF 05 27 FF FF FF,FF FF FF 05 27 FF FF FF,[],190=1248.625/exp 1248.582 VALUE_OK
MATCH,2064,0x0CF00400,61444,75369.0,59032.08,-0.102,FF FF FF 6E 27 FF FF FF,FF FF FF 6E 27 FF FF FF,[],190=1261.75/exp 1261.7656 VALUE_OK
MATCH,2065,0x0CF00400,61444,75379.0,59042.09,-0.09,FF FF FF D8 27 FF FF FF,FF FF FF D8 27 FF FF FF,[],190=1275.0/exp 1274.9792 VALUE_OK
MATCH,2066,0x0CF00400,61444,75389.0,59052.081,-0.097,FF FF FF 42 28 FF FF FF,FF FF FF 42 28 FF FF FF,[],190=1288.25/exp 1288.2222 VALUE_OK
MATCH,2067,0x0CF00400,61444,75399.0,59062.087,-0.089,FF FF FF AC 28 FF FF FF,FF FF FF AC 28 FF FF FF,[],190=1301.5/exp 1301.4936 VALUE_OK
MATCH,2068,0x0CF00400,61444,75409.0,59072.09,-0.084,FF FF FF 16 29 FF FF FF,FF FF FF 16 29 FF FF FF,[],190=1314.75/exp 1314.7927 VALUE_OK
MATCH,2069,0x0CF00400,61444,75419.0,59082.105,-0.068,FF FF FF 81 29 FF FF FF,FF FF FF 81 29 FF FF FF,[],190=1328.125/exp 1328.1186 VALUE_OK
MATCH,2070,0x0CF00400,61444,75429.0,59092.103,-0.068,FF FF FF EC 29 FF FF FF,FF FF FF EC 29 FF FF FF,[],190=1341.5/exp 1341.4706 VALUE_OK
MATCH,2071,0x0CF00400,61444,75439.0,59102.093,-0.077,FF FF FF 57 2A FF FF FF,FF FF FF 57 2A FF FF FF,[],190=1354.875/exp 1354.8478 VALUE_OK
MATCH,2072,0x0CF00400,61444,75449.0,59112.096,-0.072,FF FF FF C2 2A FF FF FF,FF FF FF C2 2A FF FF FF,[],190=1368.25/exp 1368.2493 VALUE_OK
MATCH,2073,0x0CF00400,61444,75459.0,59122.099,-0.068,FF FF FF 2D 2B FF FF FF,FF FF FF 2D 2B FF FF FF,[],190=1381.625/exp 1381.6744 VALUE_OK
MATCH,2074,0x0CF00400,61444,75469.0,59132.106,-0.06,FF FF FF 99 2B FF FF FF,FF FF FF 99 2B FF FF FF,[],190=1395.125/exp 1395.1222 VALUE_OK
MATCH,2075,0x0CF00400,61444,75479.0,59142.101,-0.063,FF FF FF 05 2C FF FF FF,FF FF FF 05 2C FF FF FF,[],190=1408.625/exp 1408.5919 VALUE_OK
MATCH,2076,0x0CF00400,61444,75489.0,59152.08,-0.083,FF FF FF 71 2C FF FF FF,FF FF FF 71 2C FF FF FF,[],190=1422.125/exp 1422.0827 VALUE_OK
MATCH,2077,0x0CF00400,61444,75499.0,59162.085,-0.077,FF FF FF DD 2C FF FF FF,FF FF FF DD 2C FF FF FF,[],190=1435.625/exp 1435.5937 VALUE_OK
MATCH,2078,0x0CF00400,61444,75509.0,59172.088,-0.072,FF FF FF 49 2D FF FF FF,FF FF FF 49 2D FF FF FF,[],190=1449.125/exp 1449.1241 VALUE_OK
MATCH,2079,0x0CF00400,61444,75519.0,59182.095,-0.064,FF FF FF B5 2D FF FF FF,FF FF FF B5 2D FF FF FF,[],190=1462.625/exp 1462.673 VALUE_OK
MATCH,2080,0x0CF00400,61444,75529.0,59192.082,-0.075,FF FF FF 22 2E FF FF FF,FF FF FF 22 2E FF FF FF,[],190=1476.25/exp 1476.2397 VALUE_OK
MATCH,2081,0x0CF00400,61444,75539.0,59202.093,-0.063,FF FF FF 8F 2E FF FF FF,FF FF FF 8F 2E FF FF FF,[],190=1489.875/exp 1489.8232 VALUE_OK
MATCH,2082,0x0CF00400,61444,75549.0,59212.086,-0.069,FF FF FF FB 2E FF FF FF,FF FF FF FB 2E FF FF FF,[],190=1503.375/exp 1503.4228 VALUE_OK
MATCH,2083,0x0CF00400,61444,75559.0,59222.093,-0.06,FF FF FF 68 2F FF FF FF,FF FF FF 68 2F FF FF FF,[],190=1517.0/exp 1517.0377 VALUE_OK
MATCH,2084,0x0CF00400,61444,75569.0,59232.1,-0.052,FF FF FF D5 2F FF FF FF,FF FF FF D5 2F FF FF FF,[],190=1530.625/exp 1530.6668 VALUE_OK
MATCH,2085,0x0CF00400,61444,75579.0,59242.095,-0.056,FF FF FF 42 30 FF FF FF,FF FF FF 42 30 FF FF FF,[],190=1544.25/exp 1544.3096 VALUE_OK
MATCH,2086,0x0CF00400,61444,75589.0,59252.046,-0.104,FF FF FF B0 30 FF FF FF,FF FF FF B0 30 FF FF FF,[],190=1558.0/exp 1557.965 VALUE_OK
MATCH,2087,0x0CF00400,61444,75599.0,59262.04,-0.108,FF FF FF 1D 31 FF FF FF,FF FF FF 1D 31 FF FF FF,[],190=1571.625/exp 1571.6322 VALUE_OK
MATCH,2088,0x0CF00400,61444,75609.0,59272.078,-0.068,FF FF FF 8A 31 FF FF FF,FF FF FF 8A 31 FF FF FF,[],190=1585.25/exp 1585.3105 VALUE_OK
MATCH,2089,0x0CF00400,61444,75619.0,59282.089,-0.055,FF FF FF F8 31 FF FF FF,FF FF FF F8 31 FF FF FF,[],190=1599.0/exp 1598.9989 VALUE_OK
MATCH,2090,0x0CF00400,61444,75629.0,59292.08,-0.063,FF FF FF 66 32 FF FF FF,FF FF FF 66 32 FF FF FF,[],190=1612.75/exp 1612.6966 VALUE_OK
MATCH,2091,0x0CF00400,61444,75639.0,59302.035,-0.107,FF FF FF D3 32 FF FF FF,FF FF FF D3 32 FF FF FF,[],190=1626.375/exp 1626.4028 VALUE_OK
MATCH,2092,0x0CF00400,61444,75649.0,59312.049,-0.091,FF FF FF 41 33 FF FF FF,FF FF FF 41 33 FF FF FF,[],190=1640.125/exp 1640.1166 VALUE_OK
MATCH,2093,0x0CF00400,61444,75659.0,59322.047,-0.091,FF FF FF AF 33 FF FF FF,FF FF FF AF 33 FF FF FF,[],190=1653.875/exp 1653.8372 VALUE_OK
MATCH,2094,0x0CF00400,61444,75669.0,59332.046,-0.09,FF FF FF 1D 34 FF FF FF,FF FF FF 1D 34 FF FF FF,[],190=1667.625/exp 1667.5637 VALUE_OK
MATCH,2095,0x0CF00400,61444,75679.0,59342.049,-0.085,FF FF FF 8A 34 FF FF FF,FF FF FF 8A 34 FF FF FF,[],190=1681.25/exp 1681.2953 VALUE_OK
MATCH,2096,0x0CF00400,61444,75689.0,59352.06,-0.073,FF FF FF F8 34 FF FF FF,FF FF FF F8 34 FF FF FF,[],190=1695.0/exp 1695.0312 VALUE_OK
MATCH,2097,0x0CF00400,61444,75699.0,59362.058,-0.073,FF FF FF 66 35 FF FF FF,FF FF FF 66 35 FF FF FF,[],190=1708.75/exp 1708.7704 VALUE_OK
MATCH,2098,0x0CF00400,61444,75709.0,59372.065,-0.065,FF FF FF D4 35 FF FF FF,FF FF FF D4 35 FF FF FF,[],190=1722.5/exp 1722.5122 VALUE_OK
MATCH,2099,0x0CF00400,61444,75719.0,59382.067,-0.061,FF FF FF 42 36 FF FF FF,FF FF FF 42 36 FF FF FF,[],190=1736.25/exp 1736.2557 VALUE_OK
MATCH,2100,0x0CF00400,61444,75729.0,59391.954,-0.173,FF FF FF B0 36 FF FF FF,FF FF FF B0 36 FF FF FF,[],190=1750.0/exp 1750.0 VALUE_OK
MATCH,2101,0x0CF00400,61444,75739.0,59401.985,-0.139,FF FF FF 1E 37 FF FF FF,FF FF FF 1E 37 FF FF FF,[],190=1763.75/exp 1763.7443 VALUE_OK
MATCH,2102,0x0CF00400,61444,75749.0,59411.996,-0.125,FF FF FF 8C 37 FF FF FF,FF FF FF 8C 37 FF FF FF,[],190=1777.5/exp 1777.4878 VALUE_OK
MATCH,2103,0x0CF00400,61444,75759.0,59421.986,-0.132,FF FF FF FA 37 FF FF FF,FF FF FF FA 37 FF FF FF,[],190=1791.25/exp 1791.2296 VALUE_OK
MATCH,2104,0x0CF00400,61444,75769.0,59432.016,-0.1,FF FF FF 68 38 FF FF FF,FF FF FF 68 38 FF FF FF,[],190=1805.0/exp 1804.9688 VALUE_OK
MATCH,2105,0x0CF00400,61444,75779.0,59441.976,-0.138,FF FF FF D6 38 FF FF FF,FF FF FF D6 38 FF FF FF,[],190=1818.75/exp 1818.7047 VALUE_OK
MATCH,2106,0x0CF00400,61444,75789.0,59451.99,-0.121,FF FF FF 43 39 FF FF FF,FF FF FF 43 39 FF FF FF,[],190=1832.375/exp 1832.4363 VALUE_OK
UNLOGGED,,0x0CF00400,61444,,59462.001,,,FF FF FF B1 39 FF FF FF,[],
MATCH,2108,0x0CF00400,61444,75809.0,59472.003,-0.106,FF FF FF 1F 3A FF FF FF,FF FF FF 1F 3A FF FF FF,[],190=1859.875/exp 1859.8834 VALUE_OK
MATCH,2109,0x0CF00400,61444,75819.0,59481.985,-0.121,FF FF FF 8D 3A FF FF FF,FF FF FF 8D 3A FF FF FF,[],190=1873.625/exp 1873.5972 VALUE_OK
MATCH,2110,0x0CF00400,61444,75829.0,59491.972,-0.132,FF FF FF FA 3A FF FF FF,FF FF FF FA 3A FF FF FF,[],190=1887.25/exp 1887.3034 VALUE_OK
MATCH,2111,0x0CF00400,61444,75839.0,59502.007,-0.094,FF FF FF 68 3B FF FF FF,FF FF FF 68 3B FF FF FF,[],190=1901.0/exp 1901.0011 VALUE_OK
MATCH,2112,0x0CF00400,61444,75849.0,59511.994,-0.106,FF FF FF D6 3B FF FF FF,FF FF FF D6 3B FF FF FF,[],190=1914.75/exp 1914.6895 VALUE_OK
MATCH,2113,0x0CF00400,61444,75859.0,59521.973,-0.124,FF FF FF 43 3C FF FF FF,FF FF FF 43 3C FF FF FF,[],190=1928.375/exp 1928.3678 VALUE_OK
MATCH,2114,0x0CF00400,61444,75869.0,59531.995,-0.1,FF FF FF B0 3C FF FF FF,FF FF FF B0 3C FF FF FF,[],190=1942.0/exp 1942.035 VALUE_OK
MATCH,2115,0x0CF00400,61444,75879.0,59541.965,-0.128,FF FF FF 1E 3D FF FF FF,FF FF FF 1E 3D FF FF FF,[],190=1955.75/exp 1955.6904 VALUE_OK
MATCH,2116,0x0CF00400,61444,75889.0,59552.0,-0.09,FF FF FF 8B 3D FF FF FF,FF FF FF 8B 3D FF FF FF,[],190=1969.375/exp 1969.3332 VALUE_OK
MATCH,2117,0x0CF00400,61444,75899.0,59562.007,-0.082,FF FF FF F8 3D FF FF FF,FF FF FF F8 3D FF FF FF,[],190=1983.0/exp 1982.9623 VALUE_OK
MATCH,2118,0x0CF00400,61444,75909.0,59571.958,-0.129,FF FF FF 65 3E FF FF FF,FF FF FF 65 3E FF FF FF,[],190=1996.625/exp 1996.5772 VALUE_OK
MATCH,2119,0x0CF00400,61444,75919.0,59581.968,-0.116,FF FF FF D1 3E FF FF FF,FF FF FF D1 3E FF FF FF,[],190=2010.125/exp 2010.1768 VALUE_OK
MATCH,2120,0x0CF00400,61444,75929.0,59591.978,-0.104,FF FF FF 3E 3F FF FF FF,FF FF FF 3E 3F FF FF FF,[],190=2023.75/exp 2023.7603 VALUE_OK
MATCH,2121,0x0CF00400,61444,75939.0,59601.985,-0.095,FF FF FF AB 3F FF FF FF,FF FF FF AB 3F FF FF FF,[],190=2037.375/exp 2037.327 VALUE_OK
MATCH,2122,0x0CF00400,61444,75949.0,59611.988,-0.09,FF FF FF 17 40 FF FF FF,FF FF FF 17 40 FF FF FF,[],190=2050.875/exp 2050.8759 VALUE_OK
MATCH,2123,0x0CF00400,61444,75959.0,59621.971,-0.105,FF FF FF 83 40 FF FF FF,FF FF FF 83 40 FF FF FF,[],190=2064.375/exp 2064.4063 VALUE_OK
MATCH,2124,0x0CF00400,61444,75969.0,59631.978,-0.096,FF FF FF EF 40 FF FF FF,FF FF FF EF 40 FF FF FF,[],190=2077.875/exp 2077.9173 VALUE_OK
MATCH,2125,0x0CF00400,61444,75979.0,59641.944,-0.128,FF FF FF 5B 41 FF FF FF,FF FF FF 5B 41 FF FF FF,[],190=2091.375/exp 2091.4081 VALUE_OK
MATCH,2126,0x0CF00400,61444,75989.0,59651.95,-0.12,FF FF FF C7 41 FF FF FF,FF FF FF C7 41 FF FF FF,[],190=2104.875/exp 2104.8778 VALUE_OK
MATCH,2127,0x0CF00400,61444,75999.0,59661.953,-0.114,FF FF FF 33 42 FF FF FF,FF FF FF 33 42 FF FF FF,[],190=2118.375/exp 2118.3256 VALUE_OK
MATCH,2128,0x0CF00400,61444,76009.0,59671.964,-0.101,FF FF FF 9E 42 FF FF FF,FF FF FF 9E 42 FF FF FF,[],190=2131.75/exp 2131.7507 VALUE_OK
MATCH,2129,0x0CF00400,61444,76019.0,59681.971,-0.092,FF FF FF 09 43 FF FF FF,FF FF FF 09 43 FF FF FF,[],190=2145.125/exp 2145.1522 VALUE_OK
MATCH,2130,0x0CF00400,61444,76029.0,59691.973,-0.088,FF FF FF 74 43 FF FF FF,FF FF FF 74 43 FF FF FF,[],190=2158.5/exp 2158.5294 VALUE_OK
MATCH,2131,0x0CF00400,61444,76039.0,59701.943,-0.116,FF FF FF DF 43 FF FF FF,FF FF FF DF 43 FF FF FF,[],190=2171.875/exp 2171.8814 VALUE_OK
MATCH,2132,0x0CF00400,61444,76049.0,59711.946,-0.111,FF FF FF 4A 44 FF FF FF,FF FF FF 4A 44 FF FF FF,[],190=2185.25/exp 2185.2073 VALUE_OK
MATCH,2133,0x0CF00400,61444,76059.0,59721.945,-0.11,FF FF FF B4 44 FF FF FF,FF FF FF B4 44 FF FF FF,[],190=2198.5/exp 2198.5064 VALUE_OK
MATCH,2134,0x0CF00400,61444,76069.0,59731.928,-0.125,FF FF FF 1E 45 FF FF FF,FF FF FF 1E 45 FF FF FF,[],190=2211.75/exp 2211.7778 VALUE_OK
MATCH,2135,0x0CF00400,61444,76079.0,59741.971,-0.079,FF FF FF 88 45 FF FF FF,FF FF FF 88 45 FF FF FF,[],190=2225.0/exp 2225.0208 VALUE_OK
MATCH,2136,0x0CF00400,61444,76089.0,59751.957,-0.092,FF FF FF F2 45 FF FF FF,FF FF FF F2 45 FF FF FF,[],190=2238.25/exp 2238.2344 VALUE_OK
MATCH,2137,0x0CF00400,61444,76099.0,59761.943,-0.104,FF FF FF 5B 46 FF FF FF,FF FF FF 5B 46 FF FF FF,[],190=2251.375/exp 2251.418 VALUE_OK
MATCH,2138,0x0CF00400,61444,76109.0,59771.946,-0.099,FF FF FF C5 46 FF FF FF,FF FF FF C5 46 FF FF FF,[],190=2264.625/exp 2264.5706 VALUE_OK
MATCH,2139,0x0CF00400,61444,76119.0,59781.937,-0.106,FF FF FF 2E 47 FF FF FF,FF FF FF 2E 47 FF FF FF,[],190=2277.75/exp 2277.6914 VALUE_OK
MATCH,2140,0x0CF00400,61444,76129.0,59791.928,-0.113,FF FF FF 96 47 FF FF FF,FF FF FF 96 47 FF FF FF,[],190=2290.75/exp 2290.7797 VALUE_OK
MATCH,2141,0x0CF00400,61444,76139.0,59801.926,-0.112,FF FF FF FF 47 FF FF FF,FF FF FF FF 47 FF FF FF,[],190=2303.875/exp 2303.8347 VALUE_OK
MATCH,2142,0x0CF00400,61444,76149.0,59811.952,-0.084,FF FF FF 67 48 FF FF FF,FF FF FF 67 48 FF FF FF,[],190=2316.875/exp 2316.8555 VALUE_OK
MATCH,2143,0x0CF00400,61444,76159.0,59821.947,-0.087,FF FF FF CF 48 FF FF FF,FF FF FF CF 48 FF FF FF,[],190=2329.875/exp 2329.8413 VALUE_OK
MATCH,2144,0x0CF00400,61444,76169.0,59831.934,-0.099,FF FF FF 36 49 FF FF FF,FF FF FF 36 49 FF FF FF,[],190=2342.75/exp 2342.7914 VALUE_OK
MATCH,2145,0x0CF00400,61444,76179.0,59841.925,-0.106,FF FF FF 9E 49 FF FF FF,FF FF FF 9E 49 FF FF FF,[],190=2355.75/exp 2355.7048 VALUE_OK
MATCH,2146,0x0CF00400,61444,76189.0,59851.916,-0.113,FF FF FF 05 4A FF FF FF,FF FF FF 05 4A FF FF FF,[],190=2368.625/exp 2368.581 VALUE_OK
MATCH,2147,0x0CF00400,61444,76199.0,59861.95,-0.076,FF FF FF 6B 4A FF FF FF,FF FF FF 6B 4A FF FF FF,[],190=2381.375/exp 2381.4189 VALUE_OK
MATCH,2148,0x0CF00400,61444,76209.0,59871.944,-0.081,FF FF FF D2 4A FF FF FF,FF FF FF D2 4A FF FF FF,[],190=2394.25/exp 2394.218 VALUE_OK
MATCH,2149,0x0CF00400,61444,76219.0,59881.931,-0.092,FF FF FF 38 4B FF FF FF,FF FF FF 38 4B FF FF FF,[],190=2407.0/exp 2406.9772 VALUE_OK
MATCH,2150,0x0CF00400,61444,76229.0,59891.918,-0.103,FF FF FF 9E 4B FF FF FF,FF FF FF 9E 4B FF FF FF,[],190=2419.75/exp 2419.696 VALUE_OK
MATCH,2151,0x0CF00400,61444,76239.0,59901.949,-0.07,FF FF FF 03 4C FF FF FF,FF FF FF 03 4C FF FF FF,[],190=2432.375/exp 2432.3735 VALUE_OK
MATCH,2152,0x0CF00400,61444,76249.0,59911.919,-0.099,FF FF FF 68 4C FF FF FF,FF FF FF 68 4C FF FF FF,[],190=2445.0/exp 2445.0088 VALUE_OK
MATCH,2153,0x0CF00400,61444,76259.0,59921.906,-0.11,FF FF FF CD 4C FF FF FF,FF FF FF CD 4C FF FF FF,[],190=2457.625/exp 2457.6013 VALUE_OK
MATCH,2154,0x0CF00400,61444,76269.0,59931.932,-0.082,FF FF FF 31 4D FF FF FF,FF FF FF 31 4D FF FF FF,[],190=2470.125/exp 2470.1501 VALUE_OK
MATCH,2155,0x0CF00400,61444,76279.0,59941.919,-0.093,FF FF FF 95 4D FF FF FF,FF FF FF 95 4D FF FF FF,[],190=2482.625/exp 2482.6545 VALUE_OK
MATCH,2156,0x0CF00400,61444,76289.0,59951.906,-0.104,FF FF FF F9 4D FF FF FF,FF FF FF F9 4D FF FF FF,[],190=2495.125/exp 2495.1138 VALUE_OK
MATCH,2157,0x0CF00400,61444,76299.0,59961.921,-0.087,FF FF FF 5C 4E FF FF FF,FF FF FF 5C 4E FF FF FF,[],190=2507.5/exp 2507.527 VALUE_OK
MATCH,2158,0x0CF00400,61444,76309.0,59971.911,-0.095,FF FF FF BF 4E FF FF FF,FF FF FF BF 4E FF FF FF,[],190=2519.875/exp 2519.8935 VALUE_OK
MATCH,2159,0x0CF00400,61444,76319.0,59981.885,-0.119,FF FF FF 22 4F FF FF FF,FF FF FF 22 4F FF FF FF,[],190=2532.25/exp 2532.2126 VALUE_OK
MATCH,2160,0x0CF00400,61444,76329.0,59991.928,-0.074,FF FF FF 84 4F FF FF FF,FF FF FF 84 4F FF FF FF,[],190=2544.5/exp 2544.4834 VALUE_OK
MATCH,2161,0x0CF00400,61444,76339.0,60001.903,-0.098,FF FF FF E6 4F FF FF FF,FF FF FF E6 4F FF FF FF,[],190=2556.75/exp 2556.7052 VALUE_OK
MATCH,2162,0x0CF00400,61444,76349.0,60011.922,-0.077,FF FF FF 47 50 FF FF FF,FF FF FF 47 50 FF FF FF,[],190=2568.875/exp 2568.8772 VALUE_OK
UNLOGGED,,0x0CF00400,61444,,60021.912,,,FF FF FF A8 50 FF FF FF,[],
MATCH,2164,0x0CF00400,61444,76369.0,60031.902,-0.095,FF FF FF 09 51 FF FF FF,FF FF FF 09 51 FF FF FF,[],190=2593.125/exp 2593.0689 VALUE_OK
MATCH,2165,0x0CF00400,61444,76379.0,60041.889,-0.106,FF FF FF 69 51 FF FF FF,FF FF FF 69 51 FF FF FF,[],190=2605.125/exp 2605.0872 VALUE_OK
MATCH,2166,0x0CF00400,61444,76389.0,60051.88,-0.113,FF FF FF C8 51 FF FF FF,FF FF FF C8 51 FF FF FF,[],190=2617.0/exp 2617.0527 VALUE_OK
MATCH,2167,0x0CF00400,61444,76399.0,60061.903,-0.088,FF FF FF 28 52 FF FF FF,FF FF FF 28 52 FF FF FF,[],190=2629.0/exp 2628.9647 VALUE_OK
MATCH,2168,0x0CF00400,61444,76409.0,60071.877,-0.112,FF FF FF 87 52 FF FF FF,FF FF FF 87 52 FF FF FF,[],190=2640.875/exp 2640.8225 VALUE_OK
MATCH,2169,0x0CF00400,61444,76419.0,60081.887,-0.1,FF FF FF E5 52 FF FF FF,FF FF FF E5 52 FF FF FF,[],190=2652.625/exp 2652.6253 VALUE_OK
MATCH,2170,0x0CF00400,61444,76429.0,60091.894,-0.091,FF FF FF 43 53 FF FF FF,FF FF FF 43 53 FF FF FF,[],190=2664.375/exp 2664.3725 VALUE_OK
MATCH,2171,0x0CF00400,61444,76439.0,60101.913,-0.07,FF FF FF A0 53 FF FF FF,FF FF FF A0 53 FF FF FF,[],190=2676.0/exp 2676.0633 VALUE_OK
MATCH,2172,0x0CF00400,61444,76449.0,60111.88,-0.102,FF FF FF FE 53 FF FF FF,FF FF FF FE 53 FF FF FF,[],190=2687.75/exp 2687.6969 VALUE_OK
MATCH,2173,0x0CF00400,61444,76459.0,60121.879,-0.101,FF FF FF 5A 54 FF FF FF,FF FF FF 5A 54 FF FF FF,[],190=2699.25/exp 2699.2727 VALUE_OK
MATCH,2174,0x0CF00400,61444,76469.0,60131.898,-0.08,FF FF FF B6 54 FF FF FF,FF FF FF B6 54 FF FF FF,[],190=2710.75/exp 2710.7899 VALUE_OK
MATCH,2175,0x0CF00400,61444,76479.0,60141.899,-0.077,FF FF FF 12 55 FF FF FF,FF FF FF 12 55 FF FF FF,[],190=2722.25/exp 2722.2479 VALUE_OK
MATCH,2176,0x0CF00400,61444,76489.0,60151.874,-0.1,FF FF FF 6D 55 FF FF FF,FF FF FF 6D 55 FF FF FF,[],190=2733.625/exp 2733.6459 VALUE_OK
MATCH,2177,0x0CF00400,61444,76499.0,60161.889,-0.083,FF FF FF C8 55 FF FF FF,FF FF FF C8 55 FF FF FF,[],190=2745.0/exp 2744.9832 VALUE_OK
MATCH,2178,0x0CF00400,61444,76509.0,60171.896,-0.075,FF FF FF 22 56 FF FF FF,FF FF FF 22 56 FF FF FF,[],190=2756.25/exp 2756.2592 VALUE_OK
MATCH,2179,0x0CF00400,61444,76519.0,60181.858,-0.111,FF FF FF 7C 56 FF FF FF,FF FF FF 7C 56 FF FF FF,[],190=2767.5/exp 2767.4731 VALUE_OK
MATCH,2180,0x0CF00400,61444,76529.0,60191.868,-0.099,FF FF FF D5 56 FF FF FF,FF FF FF D5 56 FF FF FF,[],190=2778.625/exp 2778.6242 VALUE_OK
MATCH,2181,0x0CF00400,61444,76539.0,60201.883,-0.082,FF FF FF 2E 57 FF FF FF,FF FF FF 2E 57 FF FF FF,[],190=2789.75/exp 2789.7119 VALUE_OK
MATCH,2182,0x0CF00400,61444,76549.0,60211.906,-0.057,FF FF FF 86 57 FF FF FF,FF FF FF 86 57 FF FF FF,[],190=2800.75/exp 2800.7354 VALUE_OK
MATCH,2183,0x0CF00400,61444,76559.0,60221.861,-0.101,FF FF FF DE 57 FF FF FF,FF FF FF DE 57 FF FF FF,[],190=2811.75/exp 2811.6941 VALUE_OK
MATCH,2184,0x0CF00400,61444,76569.0,60231.864,-0.096,FF FF FF 35 58 FF FF FF,FF FF FF 35 58 FF FF FF,[],190=2822.625/exp 2822.5873 VALUE_OK
MATCH,2185,0x0CF00400,61444,76579.0,60241.877,-0.081,FF FF FF 8B 58 FF FF FF,FF FF FF 8B 58 FF FF FF,[],190=2833.375/exp 2833.4144 VALUE_OK
MATCH,2186,0x0CF00400,61444,76589.0,60251.848,-0.109,FF FF FF E1 58 FF FF FF,FF FF FF E1 58 FF FF FF,[],190=2844.125/exp 2844.1746 VALUE_OK
MATCH,2187,0x0CF00400,61444,76599.0,60261.859,-0.095,FF FF FF 37 59 FF FF FF,FF FF FF 37 59 FF FF FF,[],190=2854.875/exp 2854.8674 VALUE_OK
MATCH,2188,0x0CF00400,61444,76609.0,60271.874,-0.079,FF FF FF 8C 59 FF FF FF,FF FF FF 8C 59 FF FF FF,[],190=2865.5/exp 2865.492 VALUE_OK
MATCH,2189,0x0CF00400,61444,76619.0,60281.845,-0.106,FF FF FF E0 59 FF FF FF,FF FF FF E0 59 FF FF FF,[],190=2876.0/exp 2876.0478 VALUE_OK
MATCH,2190,0x0CF00400,61444,76629.0,60291.851,-0.098,FF FF FF 34 5A FF FF FF,FF FF FF 34 5A FF FF FF,[],190=2886.5/exp 2886.5341 VALUE_OK
MATCH,2191,0x0CF00400,61444,76639.0,60301.865,-0.082,FF FF FF 88 5A FF FF FF,FF FF FF 88 5A FF FF FF,[],190=2897.0/exp 2896.9503 VALUE_OK
MATCH,2192,0x0CF00400,61444,76649.0,60311.876,-0.069,FF FF FF DA 5A FF FF FF,FF FF FF DA 5A FF FF FF,[],190=2907.25/exp 2907.2958 VALUE_OK
MATCH,2193,0x0CF00400,61444,76659.0,60321.831,-0.113,FF FF FF 2D 5B FF FF FF,FF FF FF 2D 5B FF FF FF,[],190=2917.625/exp 2917.5698 VALUE_OK
MATCH,2194,0x0CF00400,61444,76669.0,60331.85,-0.092,FF FF FF 7E 5B FF FF FF,FF FF FF 7E 5B FF FF FF,[],190=2927.75/exp 2927.7719 VALUE_OK
MATCH,2195,0x0CF00400,61444,76679.0,60341.861,-0.079,FF FF FF CF 5B FF FF FF,FF FF FF CF 5B FF FF FF,[],190=2937.875/exp 2937.9013 VALUE_OK
MATCH,2196,0x0CF00400,61444,76689.0,60351.87,-0.068,FF FF FF 20 5C FF FF FF,FF FF FF 20 5C FF FF FF,[],190=2948.0/exp 2947.9574 VALUE_OK
MATCH,2197,0x0CF00400,61444,76699.0,60361.83,-0.107,FF FF FF 70 5C FF FF FF,FF FF FF 70 5C FF FF FF,[],190=2958.0/exp 2957.9397 VALUE_OK
MATCH,2198,0x0CF00400,61444,76709.0,60371.848,-0.087,FF FF FF BF 5C FF FF FF,FF FF FF BF 5C FF FF FF,[],190=2967.875/exp 2967.8474 VALUE_OK
MATCH,2199,0x0CF00400,61444,76719.0,60381.855,-0.078,FF FF FF 0D 5D FF FF FF,FF FF FF 0D 5D FF FF FF,[],190=2977.625/exp 2977.68 VALUE_OK
MATCH,2200,0x0CF00400,61444,76729.0,60391.882,-0.049,FF FF FF 5B 5D FF FF FF,FF FF FF 5B 5D FF FF FF,[],190=2987.375/exp 2987.4369 VALUE_OK
UNLOGGED,,0x0CF00400,61444,,60401.873,,,FF FF FF A9 5D FF FF FF,[],
MATCH,2202,0x0CF00400,61444,76749.0,60411.874,-0.056,FF FF FF F6 5D FF FF FF,FF FF FF F6 5D FF FF FF,[],190=3006.75/exp 3006.721 VALUE_OK
MATCH,2203,0x0CF00400,61444,76759.0,60421.869,-0.06,FF FF FF 42 5E FF FF FF,FF FF FF 42 5E FF FF FF,[],190=3016.25/exp 3016.2471 VALUE_OK
MATCH,2204,0x0CF00400,61444,76769.0,60431.868,-0.06,FF FF FF 8E 5E FF FF FF,FF FF FF 8E 5E FF FF FF,[],190=3025.75/exp 3025.6951 VALUE_OK
MATCH,2205,0x0CF00400,61444,76779.0,60441.871,-0.056,FF FF FF D9 5E FF FF FF,FF FF FF D9 5E FF FF FF,[],190=3035.125/exp 3035.0644 VALUE_OK
MATCH,2206,0x0CF00400,61444,76789.0,60451.87,-0.056,FF FF FF 23 5F FF FF FF,FF FF FF 23 5F FF FF FF,[],190=3044.375/exp 3044.3544 VALUE_OK
MATCH,2207,0x0CF00400,61444,76799.0,60461.875,-0.05,FF FF FF 6D 5F FF FF FF,FF FF FF 6D 5F FF FF FF,[],190=3053.625/exp 3053.5646 VALUE_OK
MATCH,2208,0x0CF00400,61444,76809.0,60471.874,-0.05,FF FF FF B6 5F FF FF FF,FF FF FF B6 5F FF FF FF,[],190=3062.75/exp 3062.6944 VALUE_OK
MATCH,2209,0x0CF00400,61444,76819.0,60481.889,-0.034,FF FF FF FE 5F FF FF FF,FF FF FF FE 5F FF FF FF,[],190=3071.75/exp 3071.7432 VALUE_OK
MATCH,2210,0x0CF00400,61444,76829.0,60491.88,-0.042,FF FF FF 46 60 FF FF FF,FF FF FF 46 60 FF FF FF,[],190=3080.75/exp 3080.7104 VALUE_OK
MATCH,2211,0x0CF00400,61444,76839.0,60501.839,-0.082,FF FF FF 8D 60 FF FF FF,FF FF FF 8D 60 FF FF FF,[],190=3089.625/exp 3089.5956 VALUE_OK
MATCH,2212,0x0CF00400,61444,76849.0,60511.854,-0.066,FF FF FF D3 60 FF FF FF,FF FF FF D3 60 FF FF FF,[],190=3098.375/exp 3098.3982 VALUE_OK
MATCH,2213,0x0CF00400,61444,76859.0,60521.84,-0.078,FF FF FF 19 61 FF FF FF,FF FF FF 19 61 FF FF FF,[],190=3107.125/exp 3107.1176 VALUE_OK
MATCH,2214,0x0CF00400,61444,76869.0,60531.846,-0.071,FF FF FF 5E 61 FF FF FF,FF FF FF 5E 61 FF FF FF,[],190=3115.75/exp 3115.7532 VALUE_OK
MATCH,2215,0x0CF00400,61444,76879.0,60541.845,-0.07,FF FF FF A2 61 FF FF FF,FF FF FF A2 61 FF FF FF,[],190=3124.25/exp 3124.3046 VALUE_OK
MATCH,2216,0x0CF00400,61444,76889.0,60551.84,-0.074,FF FF FF E6 61 FF FF FF,FF FF FF E6 61 FF FF FF,[],190=3132.75/exp 3132.7713 VALUE_OK
MATCH,2217,0x0CF00400,61444,76899.0,60561.835,-0.077,FF FF FF 29 62 FF FF FF,FF FF FF 29 62 FF FF FF,[],190=3141.125/exp 3141.1526 VALUE_OK
MATCH,2218,0x0CF00400,61444,76909.0,60571.841,-0.07,FF FF FF 6C 62 FF FF FF,FF FF FF 6C 62 FF FF FF,[],190=3149.5/exp 3149.4482 VALUE_OK
MATCH,2219,0x0CF00400,61444,76919.0,60581.839,-0.07,FF FF FF AD 62 FF FF FF,FF FF FF AD 62 FF FF FF,[],190=3157.625/exp 3157.6574 VALUE_OK
MATCH,2220,0x0CF00400,61444,76929.0,60591.846,-0.062,FF FF FF EE 62 FF FF FF,FF FF FF EE 62 FF FF FF,[],190=3165.75/exp 3165.7797 VALUE_OK
MATCH,2221,0x0CF00400,61444,76939.0,60601.841,-0.066,FF FF FF 2F 63 FF FF FF,FF FF FF 2F 63 FF FF FF,[],190=3173.875/exp 3173.8148 VALUE_OK
MATCH,2222,0x0CF00400,61444,76949.0,60611.86,-0.045,FF FF FF 6E 63 FF FF FF,FF FF FF 6E 63 FF FF FF,[],190=3181.75/exp 3181.762 VALUE_OK
MATCH,2223,0x0CF00400,61444,76959.0,60621.821,-0.084,FF FF FF AD 63 FF FF FF,FF FF FF AD 63 FF FF FF,[],190=3189.625/exp 3189.6209 VALUE_OK
MATCH,2224,0x0CF00400,61444,76969.0,60631.828,-0.075,FF FF FF EB 63 FF FF FF,FF FF FF EB 63 FF FF FF,[],190=3197.375/exp 3197.391 VALUE_OK
MATCH,2225,0x0CF00400,61444,76979.0,60641.823,-0.078,FF FF FF 29 64 FF FF FF,FF FF FF 29 64 FF FF FF,[],190=3205.125/exp 3205.0718 VALUE_OK
MATCH,2226,0x0CF00400,61444,76989.0,60651.858,-0.042,FF FF FF 65 64 FF FF FF,FF FF FF 65 64 FF FF FF,[],190=3212.625/exp 3212.6629 VALUE_OK
MATCH,2227,0x0CF00400,61444,76999.0,60661.861,-0.038,FF FF FF A1 64 FF FF FF,FF FF FF A1 64 FF FF FF,[],190=3220.125/exp 3220.1637 VALUE_OK
MATCH,2228,0x0CF00400,61444,77009.0,60671.863,-0.035,FF FF FF DD 64 FF FF FF,FF FF FF DD 64 FF FF FF,[],190=3227.625/exp 3227.5739 VALUE_OK
UNLOGGED,,0x0CF00400,61444,,60681.806,,,FF FF FF 17 65 FF FF FF,[],
MATCH,2230,0x0CF00400,61444,77029.0,60691.796,-0.102,FF FF FF 51 65 FF FF FF,FF FF FF 51 65 FF FF FF,[],190=3242.125/exp 3242.1203 VALUE_OK
MATCH,2231,0x0CF00400,61444,77039.0,60701.851,-0.044,FF FF FF 8A 65 FF FF FF,FF FF FF 8A 65 FF FF FF,[],190=3249.25/exp 3249.2557 VALUE_OK
MATCH,2232,0x0CF00400,61444,77049.0,60711.858,-0.037,FF FF FF C2 65 FF FF FF,FF FF FF C2 65 FF FF FF,[],190=3256.25/exp 3256.2985 VALUE_OK
MATCH,2233,0x0CF00400,61444,77059.0,60721.861,-0.033,FF FF FF FA 65 FF FF FF,FF FF FF FA 65 FF FF FF,[],190=3263.25/exp 3263.2485 VALUE_OK
MATCH,2234,0x0CF00400,61444,77069.0,60731.798,-0.095,FF FF FF 31 66 FF FF FF,FF FF FF 31 66 FF FF FF,[],190=3270.125/exp 3270.1052 VALUE_OK
MATCH,2235,0x0CF00400,61444,77079.0,60741.809,-0.082,FF FF FF 67 66 FF FF FF,FF FF FF 67 66 FF FF FF,[],190=3276.875/exp 3276.868 VALUE_OK
MATCH,2236,0x0CF00400,61444,77089.0,60751.816,-0.074,FF FF FF 9C 66 FF FF FF,FF FF FF 9C 66 FF FF FF,[],190=3283.5/exp 3283.5367 VALUE_OK
MATCH,2237,0x0CF00400,61444,77099.0,60761.807,-0.081,FF FF FF D1 66 FF FF FF,FF FF FF D1 66 FF FF FF,[],190=3290.125/exp 3290.1108 VALUE_OK
MATCH,2238,0x0CF00400,61444,77109.0,60771.79,-0.097,FF FF FF 05 67 FF FF FF,FF FF FF 05 67 FF FF FF,[],190=3296.625/exp 3296.5899 VALUE_OK
MATCH,2239,0x0CF00400,61444,77119.0,60781.841,-0.044,FF FF FF 38 67 FF FF FF,FF FF FF 38 67 FF FF FF,[],190=3303.0/exp 3302.9735 VALUE_OK
MATCH,2240,0x0CF00400,61444,77129.0,60791.782,-0.102,FF FF FF 6A 67 FF FF FF,FF FF FF 6A 67 FF FF FF,[],190=3309.25/exp 3309.2614 VALUE_OK
MATCH,2241,0x0CF00400,61444,77139.0,60801.789,-0.093,FF FF FF 9C 67 FF FF FF,FF FF FF 9C 67 FF FF FF,[],190=3315.5/exp 3315.4531 VALUE_OK
MATCH,2242,0x0CF00400,61444,77149.0,60811.84,-0.04,FF FF FF CC 67 FF FF FF,FF FF FF CC 67 FF FF FF,[],190=3321.5/exp 3321.5483 VALUE_OK
MATCH,2243,0x0CF00400,61444,77159.0,60821.835,-0.044,FF FF FF FC 67 FF FF FF,FF FF FF FC 67 FF FF FF,[],190=3327.5/exp 3327.5465 VALUE_OK
MATCH,2244,0x0CF00400,61444,77169.0,60831.818,-0.06,FF FF FF 2C 68 FF FF FF,FF FF FF 2C 68 FF FF FF,[],190=3333.5/exp 3333.4473 VALUE_OK
MATCH,2245,0x0CF00400,61444,77179.0,60841.808,-0.069,FF FF FF 5A 68 FF FF FF,FF FF FF 5A 68 FF FF FF,[],190=3339.25/exp 3339.2506 VALUE_OK
MATCH,2246,0x0CF00400,61444,77189.0,60851.81,-0.066,FF FF FF 88 68 FF FF FF,FF FF FF 88 68 FF FF FF,[],190=3345.0/exp 3344.9557 VALUE_OK
MATCH,2247,0x0CF00400,61444,77199.0,60861.801,-0.073,FF FF FF B4 68 FF FF FF,FF FF FF B4 68 FF FF FF,[],190=3350.5/exp 3350.5625 VALUE_OK
MATCH,2248,0x0CF00400,61444,77209.0,60871.796,-0.077,FF FF FF E1 68 FF FF FF,FF FF FF E1 68 FF FF FF,[],190=3356.125/exp 3356.0706 VALUE_OK
MATCH,2249,0x0CF00400,61444,77219.0,60881.783,-0.088,FF FF FF 0C 69 FF FF FF,FF FF FF 0C 69 FF FF FF,[],190=3361.5/exp 3361.4796 VALUE_OK
MATCH,2250,0x0CF00400,61444,77229.0,60891.772,-0.098,FF FF FF 36 69 FF FF FF,FF FF FF 36 69 FF FF FF,[],190=3366.75/exp 3366.7892 VALUE_OK
MATCH,2251,0x0CF00400,61444,77239.0,60901.796,-0.072,FF FF FF 60 69 FF FF FF,FF FF FF 60 69 FF FF FF,[],190=3372.0/exp 3371.999 VALUE_OK
MATCH,2252,0x0CF00400,61444,77249.0,60911.786,-0.08,FF FF FF 89 69 FF FF FF,FF FF FF 89 69 FF FF FF,[],190=3377.125/exp 3377.1089 VALUE_OK
MATCH,2253,0x0CF00400,61444,77259.0,60921.773,-0.092,FF FF FF B1 69 FF FF FF,FF FF FF B1 69 FF FF FF,[],190=3382.125/exp 3382.1183 VALUE_OK
MATCH,2254,0x0CF00400,61444,77269.0,60931.768,-0.095,FF FF FF D8 69 FF FF FF,FF FF FF D8 69 FF FF FF,[],190=3387.0/exp 3387.0271 VALUE_OK
MATCH,2255,0x0CF00400,61444,77279.0,60941.819,-0.042,FF FF FF FF 69 FF FF FF,FF FF FF FF 69 FF FF FF,[],190=3391.875/exp 3391.8348 VALUE_OK
MATCH,2256,0x0CF00400,61444,77289.0,60951.796,-0.064,FF FF FF 24 6A FF FF FF,FF FF FF 24 6A FF FF FF,[],190=3396.5/exp 3396.5413 VALUE_OK
MATCH,2257,0x0CF00400,61444,77299.0,60961.787,-0.072,FF FF FF 49 6A FF FF FF,FF FF FF 49 6A FF FF FF,[],190=3401.125/exp 3401.1463 VALUE_OK
MATCH,2258,0x0CF00400,61444,77309.0,60971.774,-0.083,FF FF FF 6D 6A FF FF FF,FF FF FF 6D 6A FF FF FF,[],190=3405.625/exp 3405.6494 VALUE_OK
MATCH,2259,0x0CF00400,61444,77319.0,60981.777,-0.079,FF FF FF 90 6A FF FF FF,FF FF FF 90 6A FF FF FF,[],190=3410.0/exp 3410.0503 VALUE_OK
MATCH,2260,0x0CF00400,61444,77329.0,60991.772,-0.082,FF FF FF B3 6A FF FF FF,FF FF FF B3 6A FF FF FF,[],190=3414.375/exp 3414.3489 VALUE_OK
MATCH,2261,0x0CF00400,61444,77339.0,61001.753,-0.099,FF FF FF D4 6A FF FF FF,FF FF FF D4 6A FF FF FF,[],190=3418.5/exp 3418.5448 VALUE_OK
MATCH,2262,0x0CF00400,61444,77349.0,61011.752,-0.098,FF FF FF F5 6A FF FF FF,FF FF FF F5 6A FF FF FF,[],190=3422.625/exp 3422.6378 VALUE_OK
MATCH,2263,0x0CF00400,61444,77359.0,61021.743,-0.105,FF FF FF 15 6B FF FF FF,FF FF FF 15 6B FF FF FF,[],190=3426.625/exp 3426.6276 VALUE_OK
MATCH,2264,0x0CF00400,61444,77369.0,61031.77,-0.076,FF FF FF 34 6B FF FF FF,FF FF FF 34 6B FF FF FF,[],190=3430.5/exp 3430.5139 VALUE_OK
MATCH,2265,0x0CF00400,61444,77379.0,61041.745,-0.1,FF FF FF 52 6B FF FF FF,FF FF FF 52 6B FF FF FF,[],190=3434.25/exp 3434.2967 VALUE_OK
MATCH,2266,0x0CF00400,61444,77389.0,61051.772,-0.071,FF FF FF 70 6B FF FF FF,FF FF FF 70 6B FF FF FF,[],190=3438.0/exp 3437.9755 VALUE_OK
MATCH,2267,0x0CF00400,61444,77399.0,61061.733,-0.108,FF FF FF 8C 6B FF FF FF,FF FF FF 8C 6B FF FF FF,[],190=3441.5/exp 3441.5502 VALUE_OK
MATCH,2268,0x0CF00400,61444,77409.0,61071.764,-0.075,FF FF FF A8 6B FF FF FF,FF FF FF A8 6B FF FF FF,[],190=3445.0/exp 3445.0205 VALUE_OK
MATCH,2269,0x0CF00400,61444,77419.0,61081.731,-0.107,FF FF FF C3 6B FF FF FF,FF FF FF C3 6B FF FF FF,[],190=3448.375/exp 3448.3863 VALUE_OK
MATCH,2270,0x0CF00400,61444,77429.0,61091.762,-0.074,FF FF FF DD 6B FF FF FF,FF FF FF DD 6B FF FF FF,[],190=3451.625/exp 3451.6474 VALUE_OK
MATCH,2271,0x0CF00400,61444,77439.0,61101.781,-0.053,FF FF FF F6 6B FF FF FF,FF FF FF F6 6B FF FF FF,[],190=3454.75/exp 3454.8034 VALUE_OK
MATCH,2272,0x0CF00400,61444,77449.0,61111.739,-0.094,FF FF FF 0F 6C FF FF FF,FF FF FF 0F 6C FF FF FF,[],190=3457.875/exp 3457.8543 VALUE_OK
MATCH,2273,0x0CF00400,61444,77459.0,61121.761,-0.07,FF FF FF 26 6C FF FF FF,FF FF FF 26 6C FF FF FF,[],190=3460.75/exp 3460.7999 VALUE_OK
MATCH,2274,0x0CF00400,61444,77469.0,61131.732,-0.098,FF FF FF 3D 6C FF FF FF,FF FF FF 3D 6C FF FF FF,[],190=3463.625/exp 3463.6399 VALUE_OK
MATCH,2275,0x0CF00400,61444,77479.0,61141.759,-0.069,FF FF FF 53 6C FF FF FF,FF FF FF 53 6C FF FF FF,[],190=3466.375/exp 3466.3742 VALUE_OK
MATCH,2276,0x0CF00400,61444,77489.0,61151.75,-0.076,FF FF FF 68 6C FF FF FF,FF FF FF 68 6C FF FF FF,[],190=3469.0/exp 3469.0027 VALUE_OK
MATCH,2277,0x0CF00400,61444,77499.0,61161.728,-0.097,FF FF FF 7C 6C FF FF FF,FF FF FF 7C 6C FF FF FF,[],190=3471.5/exp 3471.5251 VALUE_OK
MATCH,2278,0x0CF00400,61444,77509.0,61171.746,-0.077,FF FF FF 90 6C FF FF FF,FF FF FF 90 6C FF FF FF,[],190=3474.0/exp 3473.9413 VALUE_OK
MATCH,2279,0x0CF00400,61444,77519.0,61181.765,-0.056,FF FF FF A2 6C FF FF FF,FF FF FF A2 6C FF FF FF,[],190=3476.25/exp 3476.2512 VALUE_OK
MATCH,2280,0x0CF00400,61444,77529.0,61191.74,-0.08,FF FF FF B4 6C FF FF FF,FF FF FF B4 6C FF FF FF,[],190=3478.5/exp 3478.4546 VALUE_OK
MATCH,2281,0x0CF00400,61444,77539.0,61201.763,-0.056,FF FF FF C4 6C FF FF FF,FF FF FF C4 6C FF FF FF,[],190=3480.5/exp 3480.5514 VALUE_OK
MATCH,2282,0x0CF00400,61444,77549.0,61211.726,-0.092,FF FF FF D4 6C FF FF FF,FF FF FF D4 6C FF FF FF,[],190=3482.5/exp 3482.5414 VALUE_OK
MATCH,2283,0x0CF00400,61444,77559.0,61221.752,-0.064,FF FF FF E3 6C FF FF FF,FF FF FF E3 6C FF FF FF,[],190=3484.375/exp 3484.4246 VALUE_OK
MATCH,2284,0x0CF00400,61444,77569.0,61231.718,-0.096,FF FF FF F2 6C FF FF FF,FF FF FF F2 6C FF FF FF,[],190=3486.25/exp 3486.2007 VALUE_OK
MATCH,2285,0x0CF00400,61444,77579.0,61241.741,-0.072,FF FF FF FF 6C FF FF FF,FF FF FF FF 6C FF FF FF,[],190=3487.875/exp 3487.8698 VALUE_OK
MATCH,2286,0x0CF00400,61444,77589.0,61251.708,-0.103,FF FF FF 0B 6D FF FF FF,FF FF FF 0B 6D FF FF FF,[],190=3489.375/exp 3489.4317 VALUE_OK
MATCH,2287,0x0CF00400,61444,77599.0,61261.731,-0.078,FF FF FF 17 6D FF FF FF,FF FF FF 17 6D FF FF FF,[],190=3490.875/exp 3490.8862 VALUE_OK
MATCH,2288,0x0CF00400,61444,77609.0,61271.721,-0.086,FF FF FF 22 6D FF FF FF,FF FF FF 22 6D FF FF FF,[],190=3492.25/exp 3492.2334 VALUE_OK
MATCH,2289,0x0CF00400,61444,77619.0,61281.743,-0.063,FF FF FF 2C 6D FF FF FF,FF FF FF 2C 6D FF FF FF,[],190=3493.5/exp 3493.4732 VALUE_OK
MATCH,2290,0x0CF00400,61444,77629.0,61291.71,-0.094,FF FF FF 35 6D FF FF FF,FF FF FF 35 6D FF FF FF,[],190=3494.625/exp 3494.6053 VALUE_OK
MATCH,2291,0x0CF00400,61444,77639.0,61301.745,-0.058,FF FF FF 3D 6D FF FF FF,FF FF FF 3D 6D FF FF FF,[],190=3495.625/exp 3495.6299 VALUE_OK
MATCH,2292,0x0CF00400,61444,77649.0,61311.708,-0.093,FF FF FF 44 6D FF FF FF,FF FF FF 44 6D FF FF FF,[],190=3496.5/exp 3496.5468 VALUE_OK
MATCH,2293,0x0CF00400,61444,77659.0,61321.727,-0.073,FF FF FF 4B 6D FF FF FF,FF FF FF 4B 6D FF FF FF,[],190=3497.375/exp 3497.3559 VALUE_OK
MATCH,2294,0x0CF00400,61444,77669.0,61331.701,-0.097,FF FF FF 50 6D FF FF FF,FF FF FF 50 6D FF FF FF,[],190=3498.0/exp 3498.0573 VALUE_OK
MATCH,2295,0x0CF00400,61444,77679.0,61341.715,-0.081,FF FF FF 55 6D FF FF FF,FF FF FF 55 6D FF FF FF,[],190=3498.625/exp 3498.6508 VALUE_OK
MATCH,2296,0x0CF00400,61444,77689.0,61351.738,-0.057,FF FF FF 59 6D FF FF FF,FF FF FF 59 6D FF FF FF,[],190=3499.125/exp 3499.1365 VALUE_OK
MATCH,2297,0x0CF00400,61444,77699.0,61361.709,-0.084,FF FF FF 5C 6D FF FF FF,FF FF FF 5C 6D FF FF FF,[],190=3499.5/exp 3499.5143 VALUE_OK
MATCH,2298,0x0CF00400,61444,77709.0,61371.732,-0.06,FF FF FF 5E 6D FF FF FF,FF FF FF 5E 6D FF FF FF,[],190=3499.75/exp 3499.7841 VALUE_OK
MATCH,2299,0x0CF00400,61444,77719.0,61381.702,-0.089,FF FF FF 60 6D FF FF FF,FF FF FF 60 6D FF FF FF,[],190=3500.0/exp 3499.946 VALUE_OK
MATCH,2300,0x0CF00400,61444,77729.0,61391.684,-0.105,FF FF FF 60 6D FF FF FF,FF FF FF 60 6D FF FF FF,[],190=3500.0/exp 3500.0 VALUE_OK
MATCH,2301,0x0CF00400,61444,77739.0,61401.679,-0.108,FF FF FF 60 6D FF FF FF,FF FF FF 60 6D FF FF FF,[],190=3500.0/exp 3499.946 VALUE_OK
MATCH,2302,0x0CF00400,61444,77749.0,61411.694,-0.091,FF FF FF 5E 6D FF FF FF,FF FF FF 5E 6D FF FF FF,[],190=3499.75/exp 3499.7841 VALUE_OK
MATCH,2303,0x0CF00400,61444,77759.0,61421.713,-0.07,FF FF FF 5C 6D FF FF FF,FF FF FF 5C 6D FF FF FF,[],190=3499.5/exp 3499.5143 VALUE_OK
MATCH,2304,0x0CF00400,61444,77769.0,61431.728,-0.053,FF FF FF 59 6D FF FF FF,FF FF FF 59 6D FF FF FF,[],190=3499.125/exp 3499.1365 VALUE_OK
MATCH,2305,0x0CF00400,61444,77779.0,61441.685,-0.095,FF FF FF 55 6D FF FF FF,FF FF FF 55 6D FF FF FF,[],190=3498.625/exp 3498.6508 VALUE_OK
MATCH,2306,0x0CF00400,61444,77789.0,61451.712,-0.066,FF FF FF 50 6D FF FF FF,FF FF FF 50 6D FF FF FF,[],190=3498.0/exp 3498.0573 VALUE_OK
MATCH,2307,0x0CF00400,61444,77799.0,61461.719,-0.058,FF FF FF 4B 6D FF FF FF,FF FF FF 4B 6D FF FF FF,[],190=3497.375/exp 3497.3559 VALUE_OK
MATCH,2308,0x0CF00400,61444,77809.0,61471.686,-0.09,FF FF FF 44 6D FF FF FF,FF FF FF 44 6D FF FF FF,[],190=3496.5/exp 3496.5468 VALUE_OK
MATCH,2309,0x0CF00400,61444,77819.0,61481.709,-0.065,FF FF FF 3D 6D FF FF FF,FF FF FF 3D 6D FF FF FF,[],190=3495.625/exp 3495.6299 VALUE_OK
MATCH,2310,0x0CF00400,61444,77829.0,61491.715,-0.058,FF FF FF 35 6D FF FF FF,FF FF FF 35 6D FF FF FF,[],190=3494.625/exp 3494.6053 VALUE_OK
MATCH,2311,0x0CF00400,61444,77839.0,61501.673,-0.099,FF FF FF 2C 6D FF FF FF,FF FF FF 2C 6D FF FF FF,[],190=3493.5/exp 3493.4732 VALUE_OK
MATCH,2312,0x0CF00400,61444,77849.0,61511.692,-0.078,FF FF FF 22 6D FF FF FF,FF FF FF 22 6D FF FF FF,[],190=3492.25/exp 3492.2334 VALUE_OK
MATCH,2313,0x0CF00400,61444,77859.0,61521.679,-0.089,FF FF FF 17 6D FF FF FF,FF FF FF 17 6D FF FF FF,[],190=3490.875/exp 3490.8862 VALUE_OK
MATCH,2314,0x0CF00400,61444,77869.0,61531.698,-0.068,FF FF FF 0B 6D FF FF FF,FF FF FF 0B 6D FF FF FF,[],190=3489.375/exp 3489.4317 VALUE_OK
MATCH,2315,0x0CF00400,61444,77879.0,61541.717,-0.048,FF FF FF FF 6C FF FF FF,FF FF FF FF 6C FF FF FF,[],190=3487.875/exp 3487.8698 VALUE_OK
MATCH,2316,0x0CF00400,61444,77889.0,61551.674,-0.09,FF FF FF F2 6C FF FF FF,FF FF FF F2 6C FF FF FF,[],190=3486.25/exp 3486.2007 VALUE_OK
MATCH,2317,0x0CF00400,61444,77899.0,61561.693,-0.069,FF FF FF E3 6C FF FF FF,FF FF FF E3 6C FF FF FF,[],190=3484.375/exp 3484.4246 VALUE_OK
MATCH,2318,0x0CF00400,61444,77909.0,61571.704,-0.057,FF FF FF D4 6C FF FF FF,FF FF FF D4 6C FF FF FF,[],190=3482.5/exp 3482.5414 VALUE_OK
MATCH,2319,0x0CF00400,61444,77919.0,61581.671,-0.089,FF FF FF C4 6C FF FF FF,FF FF FF C4 6C FF FF FF,[],190=3480.5/exp 3480.5514 VALUE_OK
MATCH,2320,0x0CF00400,61444,77929.0,61591.69,-0.068,FF FF FF B4 6C FF FF FF,FF FF FF B4 6C FF FF FF,[],190=3478.5/exp 3478.4546 VALUE_OK
MATCH,2321,0x0CF00400,61444,77939.0,61601.699,-0.058,FF FF FF A2 6C FF FF FF,FF FF FF A2 6C FF FF FF,[],190=3476.25/exp 3476.2512 VALUE_OK
MATCH,2322,0x0CF00400,61444,77949.0,61611.662,-0.093,FF FF FF 90 6C FF FF FF,FF FF FF 90 6C FF FF FF,[],190=3474.0/exp 3473.9413 VALUE_OK
MATCH,2323,0x0CF00400,61444,77959.0,61621.685,-0.069,FF FF FF 7C 6C FF FF FF,FF FF FF 7C 6C FF FF FF,[],190=3471.5/exp 3471.5251 VALUE_OK
MATCH,2324,0x0CF00400,61444,77969.0,61631.688,-0.064,FF FF FF 68 6C FF FF FF,FF FF FF 68 6C FF FF FF,[],190=3469.0/exp 3469.0027 VALUE_OK
MATCH,2325,0x0CF00400,61444,77979.0,61641.655,-0.096,FF FF FF 53 6C FF FF FF,FF FF FF 53 6C FF FF FF,[],190=3466.375/exp 3466.3742 VALUE_OK
MATCH,2326,0x0CF00400,61444,77989.0,61651.637,-0.112,FF FF FF 3D 6C FF FF FF,FF FF FF 3D 6C FF FF FF,[],190=3463.625/exp 3463.6399 VALUE_OK
MATCH,2327,0x0CF00400,61444,77999.0,61661.651,-0.096,FF FF FF 26 6C FF FF FF,FF FF FF 26 6C FF FF FF,[],190=3460.75/exp 3460.7999 VALUE_OK
MATCH,2328,0x0CF00400,61444,78009.0,61671.67,-0.075,FF FF FF 0F 6C FF FF FF,FF FF FF 0F 6C FF FF FF,[],190=3457.875/exp 3457.8543 VALUE_OK
MATCH,2329,0x0CF00400,61444,78019.0,61681.637,-0.106,FF FF FF F6 6B FF FF FF,FF FF FF F6 6B FF FF FF,[],190=3454.75/exp 3454.8034 VALUE_OK
MATCH,2330,0x0CF00400,61444,78029.0,61691.66,-0.081,FF FF FF DD 6B FF FF FF,FF FF FF DD 6B FF FF FF,[],190=3451.625/exp 3451.6474 VALUE_OK
MATCH,2331,0x0CF00400,61444,78039.0,61701.675,-0.065,FF FF FF C3 6B FF FF FF,FF FF FF C3 6B FF FF FF,[],190=3448.375/exp 3448.3863 VALUE_OK
MATCH,2332,0x0CF00400,61444,78049.0,61711.636,-0.102,FF FF FF A8 6B FF FF FF,FF FF FF A8 6B FF FF FF,[],190=3445.0/exp 3445.0205 VALUE_OK
MATCH,2333,0x0CF00400,61444,78059.0,61721.655,-0.081,FF FF FF 8C 6B FF FF FF,FF FF FF 8C 6B FF FF FF,[],190=3441.5/exp 3441.5502 VALUE_OK
MATCH,2334,0x0CF00400,61444,78069.0,61731.678,-0.057,FF FF FF 70 6B FF FF FF,FF FF FF 70 6B FF FF FF,[],190=3438.0/exp 3437.9755 VALUE_OK
MATCH,2335,0x0CF00400,61444,78079.0,61741.641,-0.092,FF FF FF 52 6B FF FF FF,FF FF FF 52 6B FF FF FF,[],190=3434.25/exp 3434.2967 VALUE_OK
MATCH,2336,0x0CF00400,61444,78089.0,61751.656,-0.076,FF FF FF 34 6B FF FF FF,FF FF FF 34 6B FF FF FF,[],190=3430.5/exp 3430.5139 VALUE_OK
MATCH,2337,0x0CF00400,61444,78099.0,61761.669,-0.061,FF FF FF 15 6B FF FF FF,FF FF FF 15 6B FF FF FF,[],190=3426.625/exp 3426.6276 VALUE_OK
MATCH,2338,0x0CF00400,61444,78109.0,61771.664,-0.065,FF FF FF F5 6A FF FF FF,FF FF FF F5 6A FF FF FF,[],190=3422.625/exp 3422.6378 VALUE_OK
MATCH,2339,0x0CF00400,61444,78119.0,61781.632,-0.096,FF FF FF D4 6A FF FF FF,FF FF FF D4 6A FF FF FF,[],190=3418.5/exp 3418.5448 VALUE_OK
MATCH,2340,0x0CF00400,61444,78129.0,61791.678,-0.048,FF FF FF B3 6A FF FF FF,FF FF FF B3 6A FF FF FF,[],190=3414.375/exp 3414.3489 VALUE_OK
MATCH,2341,0x0CF00400,61444,78139.0,61801.657,-0.068,FF FF FF 90 6A FF FF FF,FF FF FF 90 6A FF FF FF,[],190=3410.0/exp 3410.0503 VALUE_OK
MATCH,2342,0x0CF00400,61444,78149.0,61811.624,-0.099,FF FF FF 6D 6A FF FF FF,FF FF FF 6D 6A FF FF FF,[],190=3405.625/exp 3405.6494 VALUE_OK
MATCH,2343,0x0CF00400,61444,78159.0,61821.669,-0.052,FF FF FF 49 6A FF FF FF,FF FF FF 49 6A FF FF FF,[],190=3401.125/exp 3401.1463 VALUE_OK
MATCH,2344,0x0CF00400,61444,78169.0,61831.652,-0.068,FF FF FF 24 6A FF FF FF,FF FF FF 24 6A FF FF FF,[],190=3396.5/exp 3396.5413 VALUE_OK
UNLOGGED,,0x0CF00400,61444,,61841.643,,,FF FF FF FF 69 FF FF FF,[],
MATCH,2346,0x0CF00400,61444,78189.0,61851.626,-0.093,FF FF FF D8 69 FF FF FF,FF FF FF D8 69 FF FF FF,[],190=3387.0/exp 3387.0271 VALUE_OK
MATCH,2347,0x0CF00400,61444,78199.0,61861.665,-0.052,FF FF FF B1 69 FF FF FF,FF FF FF B1 69 FF FF FF,[],190=3382.125/exp 3382.1183 VALUE_OK
MATCH,2348,0x0CF00400,61444,78209.0,61871.651,-0.065,FF FF FF 89 69 FF FF FF,FF FF FF 89 69 FF FF FF,[],190=3377.125/exp 3377.1089 VALUE_OK
MATCH,2349,0x0CF00400,61444,78219.0,61881.629,-0.086,FF FF FF 60 69 FF FF FF,FF FF FF 60 69 FF FF FF,[],190=3372.0/exp 3371.999 VALUE_OK
MATCH,2350,0x0CF00400,61444,78229.0,61891.612,-0.101,FF FF FF 36 69 FF FF FF,FF FF FF 36 69 FF FF FF,[],190=3366.75/exp 3366.7892 VALUE_OK
MATCH,2351,0x0CF00400,61444,78239.0,61901.627,-0.084,FF FF FF 0C 69 FF FF FF,FF FF FF 0C 69 FF FF FF,[],190=3361.5/exp 3361.4796 VALUE_OK
MATCH,2352,0x0CF00400,61444,78249.0,61911.61,-0.099,FF FF FF E1 68 FF FF FF,FF FF FF E1 68 FF FF FF,[],190=3356.125/exp 3356.0706 VALUE_OK
MATCH,2353,0x0CF00400,61444,78259.0,61921.649,-0.058,FF FF FF B4 68 FF FF FF,FF FF FF B4 68 FF FF FF,[],190=3350.5/exp 3350.5625 VALUE_OK
MATCH,2354,0x0CF00400,61444,78269.0,61931.626,-0.08,FF FF FF 88 68 FF FF FF,FF FF FF 88 68 FF FF FF,[],190=3345.0/exp 3344.9557 VALUE_OK
MATCH,2355,0x0CF00400,61444,78279.0,61941.618,-0.087,FF FF FF 5A 68 FF FF FF,FF FF FF 5A 68 FF FF FF,[],190=3339.25/exp 3339.2506 VALUE_OK
MATCH,2356,0x0CF00400,61444,78289.0,61951.6,-0.103,FF FF FF 2C 68 FF FF FF,FF FF FF 2C 68 FF FF FF,[],190=3333.5/exp 3333.4473 VALUE_OK
MATCH,2357,0x0CF00400,61444,78299.0,61961.639,-0.062,FF FF FF FC 67 FF FF FF,FF FF FF FC 67 FF FF FF,[],190=3327.5/exp 3327.5465 VALUE_OK
MATCH,2358,0x0CF00400,61444,78309.0,61971.602,-0.098,FF FF FF CC 67 FF FF FF,FF FF FF CC 67 FF FF FF,[],190=3321.5/exp 3321.5483 VALUE_OK
MATCH,2359,0x0CF00400,61444,78319.0,61981.627,-0.071,FF FF FF 9C 67 FF FF FF,FF FF FF 9C 67 FF FF FF,[],190=3315.5/exp 3315.4531 VALUE_OK
MATCH,2360,0x0CF00400,61444,78329.0,61991.606,-0.09,FF FF FF 6A 67 FF FF FF,FF FF FF 6A 67 FF FF FF,[],190=3309.25/exp 3309.2614 VALUE_OK
MATCH,2361,0x0CF00400,61444,78339.0,62001.589,-0.105,FF FF FF 38 67 FF FF FF,FF FF FF 38 67 FF FF FF,[],190=3303.0/exp 3302.9735 VALUE_OK
MATCH,2362,0x0CF00400,61444,78349.0,62011.628,-0.064,FF FF FF 05 67 FF FF FF,FF FF FF 05 67 FF FF FF,[],190=3296.625/exp 3296.5899 VALUE_OK
MATCH,2363,0x0CF00400,61444,78359.0,62021.587,-0.104,FF FF FF D1 66 FF FF FF,FF FF FF D1 66 FF FF FF,[],190=3290.125/exp 3290.1108 VALUE_OK
MATCH,2364,0x0CF00400,61444,78369.0,62031.613,-0.076,FF FF FF 9C 66 FF FF FF,FF FF FF 9C 66 FF FF FF,[],190=3283.5/exp 3283.5367 VALUE_OK
MATCH,2365,0x0CF00400,61444,78379.0,62041.603,-0.084,FF FF FF 67 66 FF FF FF,FF FF FF 67 66 FF FF FF,[],190=3276.875/exp 3276.868 VALUE_OK
MATCH,2366,0x0CF00400,61444,78389.0,62051.59,-0.096,FF FF FF 31 66 FF FF FF,FF FF FF 31 66 FF FF FF,[],190=3270.125/exp 3270.1052 VALUE_OK
MATCH,2367,0x0CF00400,61444,78399.0,62061.589,-0.095,FF FF FF FA 65 FF FF FF,FF FF FF FA 65 FF FF FF,[],190=3263.25/exp 3263.2485 VALUE_OK
MATCH,2368,0x0CF00400,61444,78409.0,62071.628,-0.054,FF FF FF C2 65 FF FF FF,FF FF FF C2 65 FF FF FF,[],190=3256.25/exp 3256.2985 VALUE_OK
MATCH,2369,0x0CF00400,61444,78419.0,62081.623,-0.058,FF FF FF 8A 65 FF FF FF,FF FF FF 8A 65 FF FF FF,[],190=3249.25/exp 3249.2557 VALUE_OK
MATCH,2370,0x0CF00400,61444,78429.0,62091.584,-0.096,FF FF FF 51 65 FF FF FF,FF FF FF 51 65 FF FF FF,[],190=3242.125/exp 3242.1203 VALUE_OK
MATCH,2371,0x0CF00400,61444,78439.0,62101.615,-0.063,FF FF FF 17 65 FF FF FF,FF FF FF 17 65 FF FF FF,[],190=3234.875/exp 3234.8929 VALUE_OK
MATCH,2372,0x0CF00400,61444,78449.0,62111.606,-0.07,FF FF FF DD 64 FF FF FF,FF FF FF DD 64 FF FF FF,[],190=3227.625/exp 3227.5739 VALUE_OK
MATCH,2373,0x0CF00400,61444,78459.0,62121.589,-0.086,FF FF FF A1 64 FF FF FF,FF FF FF A1 64 FF FF FF,[],190=3220.125/exp 3220.1637 VALUE_OK
MATCH,2374,0x0CF00400,61444,78469.0,62131.616,-0.057,FF FF FF 65 64 FF FF FF,FF FF FF 65 64 FF FF FF,[],190=3212.625/exp 3212.6629 VALUE_OK
MATCH,2375,0x0CF00400,61444,78479.0,62141.582,-0.09,FF FF FF 29 64 FF FF FF,FF FF FF 29 64 FF FF FF,[],190=3205.125/exp 3205.0718 VALUE_OK
MATCH,2376,0x0CF00400,61444,78489.0,62151.588,-0.082,FF FF FF EB 63 FF FF FF,FF FF FF EB 63 FF FF FF,[],190=3197.375/exp 3197.391 VALUE_OK
MATCH,2377,0x0CF00400,61444,78499.0,62161.619,-0.05,FF FF FF AD 63 FF FF FF,FF FF FF AD 63 FF FF FF,[],190=3189.625/exp 3189.6209 VALUE_OK
MATCH,2378,0x0CF00400,61444,78509.0,62171.606,-0.062,FF FF FF 6E 63 FF FF FF,FF FF FF 6E 63 FF FF FF,[],190=3181.75/exp 3181.762 VALUE_OK
MATCH,2379,0x0CF00400,61444,78519.0,62181.593,-0.074,FF FF FF 2F 63 FF FF FF,FF FF FF 2F 63 FF FF FF,[],190=3173.875/exp 3173.8148 VALUE_OK
MATCH,2380,0x0CF00400,61444,78529.0,62191.572,-0.093,FF FF FF EE 62 FF FF FF,FF FF FF EE 62 FF FF FF,[],190=3165.75/exp 3165.7797 VALUE_OK
MATCH,2381,0x0CF00400,61444,78539.0,62201.594,-0.069,FF FF FF AD 62 FF FF FF,FF FF FF AD 62 FF FF FF,[],190=3157.625/exp 3157.6574 VALUE_OK
MATCH,2382,0x0CF00400,61444,78549.0,62211.564,-0.098,FF FF FF 6C 62 FF FF FF,FF FF FF 6C 62 FF FF FF,[],190=3149.5/exp 3149.4482 VALUE_OK
MATCH,2383,0x0CF00400,61444,78559.0,62221.587,-0.073,FF FF FF 29 62 FF FF FF,FF FF FF 29 62 FF FF FF,[],190=3141.125/exp 3141.1526 VALUE_OK
MATCH,2384,0x0CF00400,61444,78569.0,62231.562,-0.096,FF FF FF E6 61 FF FF FF,FF FF FF E6 61 FF FF FF,[],190=3132.75/exp 3132.7713 VALUE_OK
MATCH,2385,0x0CF00400,61444,78579.0,62241.597,-0.059,FF FF FF A2 61 FF FF FF,FF FF FF A2 61 FF FF FF,[],190=3124.25/exp 3124.3046 VALUE_OK
MATCH,2386,0x0CF00400,61444,78589.0,62251.563,-0.092,FF FF FF 5E 61 FF FF FF,FF FF FF 5E 61 FF FF FF,[],190=3115.75/exp 3115.7532 VALUE_OK
MATCH,2387,0x0CF00400,61444,78599.0,62261.589,-0.064,FF FF FF 19 61 FF FF FF,FF FF FF 19 61 FF FF FF,[],190=3107.125/exp 3107.1176 VALUE_OK
MATCH,2388,0x0CF00400,61444,78609.0,62271.552,-0.1,FF FF FF D3 60 FF FF FF,FF FF FF D3 60 FF FF FF,[],190=3098.375/exp 3098.3982 VALUE_OK
MATCH,2389,0x0CF00400,61444,78619.0,62281.603,-0.047,FF FF FF 8D 60 FF FF FF,FF FF FF 8D 60 FF FF FF,[],190=3089.625/exp 3089.5956 VALUE_OK
MATCH,2390,0x0CF00400,61444,78629.0,62291.586,-0.063,FF FF FF 46 60 FF FF FF,FF FF FF 46 60 FF FF FF,[],190=3080.75/exp 3080.7104 VALUE_OK
MATCH,2391,0x0CF00400,61444,78639.0,62301.561,-0.087,FF FF FF FE 5F FF FF FF,FF FF FF FE 5F FF FF FF,[],190=3071.75/exp 3071.7432 VALUE_OK
MATCH,2392,0x0CF00400,61444,78649.0,62311.578,-0.068,FF FF FF B6 5F FF FF FF,FF FF FF B6 5F FF FF FF,[],190=3062.75/exp 3062.6944 VALUE_OK
MATCH,2393,0x0CF00400,61444,78659.0,62321.545,-0.1,FF FF FF 6D 5F FF FF FF,FF FF FF 6D 5F FF FF FF,[],190=3053.625/exp 3053.5646 VALUE_OK
MATCH,2394,0x0CF00400,61444,78669.0,62331.572,-0.071,FF FF FF 23 5F FF FF FF,FF FF FF 23 5F FF FF FF,[],190=3044.375/exp 3044.3544 VALUE_OK
MATCH,2395,0x0CF00400,61444,78679.0,62341.543,-0.098,FF FF FF D9 5E FF FF FF,FF FF FF D9 5E FF FF FF,[],190=3035.125/exp 3035.0644 VALUE_OK
MATCH,2396,0x0CF00400,61444,78689.0,62351.57,-0.069,FF FF FF 8E 5E FF FF FF,FF FF FF 8E 5E FF FF FF,[],190=3025.75/exp 3025.6951 VALUE_OK
MATCH,2397,0x0CF00400,61444,78699.0,62361.539,-0.099,FF FF FF 42 5E FF FF FF,FF FF FF 42 5E FF FF FF,[],190=3016.25/exp 3016.2471 VALUE_OK
MATCH,2398,0x0CF00400,61444,78709.0,62371.574,-0.062,FF FF FF F6 5D FF FF FF,FF FF FF F6 5D FF FF FF,[],190=3006.75/exp 3006.721 VALUE_OK
MATCH,2399,0x0CF00400,61444,78719.0,62381.541,-0.094,FF FF FF A9 5D FF FF FF,FF FF FF A9 5D FF FF FF,[],190=2997.125/exp 2997.1174 VALUE_OK
MATCH,2400,0x0CF00400,61444,78729.0,62391.548,-0.085,FF FF FF 5B 5D FF FF FF,FF FF FF 5B 5D FF FF FF,[],190=2987.375/exp 2987.4369 VALUE_OK
MATCH,2401,0x0CF00400,61444,78739.0,62401.583,-0.048,FF FF FF 0D 5D FF FF FF,FF FF FF 0D 5D FF FF FF,[],190=2977.625/exp 2977.68 VALUE_OK
MATCH,2402,0x0CF00400,61444,78749.0,62411.585,-0.045,FF FF FF BF 5C FF FF FF,FF FF FF BF 5C FF FF FF,[],190=2967.875/exp 2967.8474 VALUE_OK
MATCH,2403,0x0CF00400,61444,78759.0,62421.571,-0.058,FF FF FF 70 5C FF FF FF,FF FF FF 70 5C FF FF FF,[],190=2958.0/exp 2957.9397 VALUE_OK
MATCH,2404,0x0CF00400,61444,78769.0,62431.578,-0.05,FF FF FF 20 5C FF FF FF,FF FF FF 20 5C FF FF FF,[],190=2948.0/exp 2947.9574 VALUE_OK
MATCH,2405,0x0CF00400,61444,78779.0,62441.574,-0.053,FF FF FF CF 5B FF FF FF,FF FF FF CF 5B FF FF FF,[],190=2937.875/exp 2937.9013 VALUE_OK
MATCH,2406,0x0CF00400,61444,78789.0,62451.572,-0.054,FF FF FF 7E 5B FF FF FF,FF FF FF 7E 5B FF FF FF,[],190=2927.75/exp 2927.7719 VALUE_OK
MATCH,2407,0x0CF00400,61444,78799.0,62461.563,-0.062,FF FF FF 2D 5B FF FF FF,FF FF FF 2D 5B FF FF FF,[],190=2917.625/exp 2917.5698 VALUE_OK
MATCH,2408,0x0CF00400,61444,78809.0,62471.58,-0.044,FF FF FF DA 5A FF FF FF,FF FF FF DA 5A FF FF FF,[],190=2907.25/exp 2907.2958 VALUE_OK
MATCH,2409,0x0CF00400,61444,78819.0,62481.519,-0.104,FF FF FF 88 5A FF FF FF,FF FF FF 88 5A FF FF FF,[],190=2897.0/exp 2896.9503 VALUE_OK
MATCH,2410,0x0CF00400,61444,78829.0,62491.574,-0.047,FF FF FF 34 5A FF FF FF,FF FF FF 34 5A FF FF FF,[],190=2886.5/exp 2886.5341 VALUE_OK
MATCH,2411,0x0CF00400,61444,78839.0,62501.577,-0.043,FF FF FF E0 59 FF FF FF,FF FF FF E0 59 FF FF FF,[],190=2876.0/exp 2876.0478 VALUE_OK
MATCH,2412,0x0CF00400,61444,78849.0,62511.568,-0.051,FF FF FF 8C 59 FF FF FF,FF FF FF 8C 59 FF FF FF,[],190=2865.5/exp 2865.492 VALUE_OK
MATCH,2413,0x0CF00400,61444,78859.0,62521.538,-0.08,FF FF FF 37 59 FF FF FF,FF FF FF 37 59 FF FF FF,[],190=2854.875/exp 2854.8674 VALUE_OK
MATCH,2414,0x0CF00400,61444,78869.0,62531.533,-0.083,FF FF FF E1 58 FF FF FF,FF FF FF E1 58 FF FF FF,[],190=2844.125/exp 2844.1746 VALUE_OK
MATCH,2415,0x0CF00400,61444,78879.0,62541.527,-0.088,FF FF FF 8B 58 FF FF FF,FF FF FF 8B 58 FF FF FF,[],190=2833.375/exp 2833.4144 VALUE_OK
MATCH,2416,0x0CF00400,61444,78889.0,62551.518,-0.095,FF FF FF 35 58 FF FF FF,FF FF FF 35 58 FF FF FF,[],190=2822.625/exp 2822.5873 VALUE_OK
MATCH,2417,0x0CF00400,61444,78899.0,62561.525,-0.086,FF FF FF DE 57 FF FF FF,FF FF FF DE 57 FF FF FF,[],190=2811.75/exp 2811.6941 VALUE_OK
MATCH,2418,0x0CF00400,61444,78909.0,62571.532,-0.077,FF FF FF 86 57 FF FF FF,FF FF FF 86 57 FF FF FF,[],190=2800.75/exp 2800.7354 VALUE_OK
MATCH,2419,0x0CF00400,61444,78919.0,62581.517,-0.091,FF FF FF 2E 57 FF FF FF,FF FF FF 2E 57 FF FF FF,[],190=2789.75/exp 2789.7119 VALUE_OK
MATCH,2420,0x0CF00400,61444,78929.0,62591.512,-0.094,FF FF FF D5 56 FF FF FF,FF FF FF D5 56 FF FF FF,[],190=2778.625/exp 2778.6242 VALUE_OK
MATCH,2421,0x0CF00400,61444,78939.0,62601.511,-0.093,FF FF FF 7C 56 FF FF FF,FF FF FF 7C 56 FF FF FF,[],190=2767.5/exp 2767.4731 VALUE_OK
MATCH,2422,0x0CF00400,61444,78949.0,62611.51,-0.092,FF FF FF 22 56 FF FF FF,FF FF FF 22 56 FF FF FF,[],190=2756.25/exp 2756.2592 VALUE_OK
MATCH,2423,0x0CF00400,61444,78959.0,62621.513,-0.087,FF FF FF C8 55 FF FF FF,FF FF FF C8 55 FF FF FF,[],190=2745.0/exp 2744.9832 VALUE_OK
MATCH,2424,0x0CF00400,61444,78969.0,62631.507,-0.092,FF FF FF 6D 55 FF FF FF,FF FF FF 6D 55 FF FF FF,[],190=2733.625/exp 2733.6459 VALUE_OK
MATCH,2425,0x0CF00400,61444,78979.0,62641.506,-0.091,FF FF FF 12 55 FF FF FF,FF FF FF 12 55 FF FF FF,[],190=2722.25/exp 2722.2479 VALUE_OK
MATCH,2426,0x0CF00400,61444,78989.0,62651.549,-0.046,FF FF FF B6 54 FF FF FF,FF FF FF B6 54 FF FF FF,[],190=2710.75/exp 2710.7899 VALUE_OK
MATCH,2427,0x0CF00400,61444,78999.0,62661.539,-0.055,FF FF FF 5A 54 FF FF FF,FF FF FF 5A 54 FF FF FF,[],190=2699.25/exp 2699.2727 VALUE_OK
MATCH,2428,0x0CF00400,61444,79009.0,62671.554,-0.039,FF FF FF FE 53 FF FF FF,FF FF FF FE 53 FF FF FF,[],190=2687.75/exp 2687.6969 VALUE_OK
MATCH,2429,0x0CF00400,61444,79019.0,62681.549,-0.043,FF FF FF A0 53 FF FF FF,FF FF FF A0 53 FF FF FF,[],190=2676.0/exp 2676.0633 VALUE_OK
MATCH,2430,0x0CF00400,61444,79029.0,62691.539,-0.052,FF FF FF 43 53 FF FF FF,FF FF FF 43 53 FF FF FF,[],190=2664.375/exp 2664.3725 VALUE_OK
MATCH,2431,0x0CF00400,61444,79039.0,62701.538,-0.052,FF FF FF E5 52 FF FF FF,FF FF FF E5 52 FF FF FF,[],190=2652.625/exp 2652.6253 VALUE_OK
MATCH,2432,0x0CF00400,61444,79049.0,62711.536,-0.053,FF FF FF 87 52 FF FF FF,FF FF FF 87 52 FF FF FF,[],190=2640.875/exp 2640.8225 VALUE_OK
MATCH,2433,0x0CF00400,61444,79059.0,62721.519,-0.069,FF FF FF 28 52 FF FF FF,FF FF FF 28 52 FF FF FF,[],190=2629.0/exp 2628.9647 VALUE_OK
MATCH,2434,0x0CF00400,61444,79069.0,62731.538,-0.049,FF FF FF C8 51 FF FF FF,FF FF FF C8 51 FF FF FF,[],190=2617.0/exp 2617.0527 VALUE_OK
MATCH,2435,0x0CF00400,61444,79079.0,62741.492,-0.094,FF FF FF 69 51 FF FF FF,FF FF FF 69 51 FF FF FF,[],190=2605.125/exp 2605.0872 VALUE_OK
MATCH,2436,0x0CF00400,61444,79089.0,62751.506,-0.078,FF FF FF 09 51 FF FF FF,FF FF FF 09 51 FF FF FF,[],190=2593.125/exp 2593.0689 VALUE_OK
MATCH,2437,0x0CF00400,61444,79099.0,62761.505,-0.077,FF FF FF A8 50 FF FF FF,FF FF FF A8 50 FF FF FF,[],190=2581.0/exp 2580.9987 VALUE_OK
MATCH,2438,0x0CF00400,61444,79109.0,62771.472,-0.109,FF FF FF 47 50 FF FF FF,FF FF FF 47 50 FF FF FF,[],190=2568.875/exp 2568.8772 VALUE_OK
MATCH,2439,0x0CF00400,61444,79119.0,62781.479,-0.1,FF FF FF E6 4F FF FF FF,FF FF FF E6 4F FF FF FF,[],190=2556.75/exp 2556.7052 VALUE_OK
MATCH,2440,0x0CF00400,61444,79129.0,62791.481,-0.096,FF FF FF 84 4F FF FF FF,FF FF FF 84 4F FF FF FF,[],190=2544.5/exp 2544.4834 VALUE_OK
MATCH,2441,0x0CF00400,61444,79139.0,62801.463,-0.112,FF FF FF 22 4F FF FF FF,FF FF FF 22 4F FF FF FF,[],190=2532.25/exp 2532.2126 VALUE_OK
MATCH,2442,0x0CF00400,61444,79149.0,62811.466,-0.107,FF FF FF BF 4E FF FF FF,FF FF FF BF 4E FF FF FF,[],190=2519.875/exp 2519.8935 VALUE_OK
MATCH,2443,0x0CF00400,61444,79159.0,62821.461,-0.109,FF FF FF 5C 4E FF FF FF,FF FF FF 5C 4E FF FF FF,[],190=2507.5/exp 2507.527 VALUE_OK
MATCH,2444,0x0CF00400,61444,79169.0,62831.468,-0.1,FF FF FF F9 4D FF FF FF,FF FF FF F9 4D FF FF FF,[],190=2495.125/exp 2495.1138 VALUE_OK
MATCH,2445,0x0CF00400,61444,79179.0,62841.463,-0.103,FF FF FF 95 4D FF FF FF,FF FF FF 95 4D FF FF FF,[],190=2482.625/exp 2482.6545 VALUE_OK
MATCH,2446,0x0CF00400,61444,79189.0,62851.457,-0.107,FF FF FF 31 4D FF FF FF,FF FF FF 31 4D FF FF FF,[],190=2470.125/exp 2470.1501 VALUE_OK
MATCH,2447,0x0CF00400,61444,79199.0,62861.455,-0.107,FF FF FF CD 4C FF FF FF,FF FF FF CD 4C FF FF FF,[],190=2457.625/exp 2457.6013 VALUE_OK
MATCH,2448,0x0CF00400,61444,79209.0,62871.45,-0.11,FF FF FF 68 4C FF FF FF,FF FF FF 68 4C FF FF FF,[],190=2445.0/exp 2445.0088 VALUE_OK
MATCH,2449,0x0CF00400,61444,79219.0,62881.453,-0.105,FF FF FF 03 4C FF FF FF,FF FF FF 03 4C FF FF FF,[],190=2432.375/exp 2432.3735 VALUE_OK
MATCH,2450,0x0CF00400,61444,79229.0,62891.448,-0.108,FF FF FF 9E 4B FF FF FF,FF FF FF 9E 4B FF FF FF,[],190=2419.75/exp 2419.696 VALUE_OK
MATCH,2451,0x0CF00400,61444,79239.0,62901.482,-0.071,FF FF FF 38 4B FF FF FF,FF FF FF 38 4B FF FF FF,[],190=2407.0/exp 2406.9772 VALUE_OK
MATCH,2452,0x0CF00400,61444,79249.0,62911.48,-0.072,FF FF FF D2 4A FF FF FF,FF FF FF D2 4A FF FF FF,[],190=2394.25/exp 2394.218 VALUE_OK
MATCH,2453,0x0CF00400,61444,79259.0,62921.475,-0.076,FF FF FF 6B 4A FF FF FF,FF FF FF 6B 4A FF FF FF,[],190=2381.375/exp 2381.4189 VALUE_OK
MATCH,2454,0x0CF00400,61444,79269.0,62931.474,-0.075,FF FF FF 05 4A FF FF FF,FF FF FF 05 4A FF FF FF,[],190=2368.625/exp 2368.581 VALUE_OK
MATCH,2455,0x0CF00400,61444,79279.0,62941.473,-0.075,FF FF FF 9E 49 FF FF FF,FF FF FF 9E 49 FF FF FF,[],190=2355.75/exp 2355.7048 VALUE_OK
MATCH,2456,0x0CF00400,61444,79289.0,62951.468,-0.078,FF FF FF 36 49 FF FF FF,FF FF FF 36 49 FF FF FF,[],190=2342.75/exp 2342.7914 VALUE_OK
MATCH,2457,0x0CF00400,61444,79299.0,62961.465,-0.08,FF FF FF CF 48 FF FF FF,FF FF FF CF 48 FF FF FF,[],190=2329.875/exp 2329.8413 VALUE_OK
MATCH,2458,0x0CF00400,61444,79309.0,62971.461,-0.082,FF FF FF 67 48 FF FF FF,FF FF FF 67 48 FF FF FF,[],190=2316.875/exp 2316.8555 VALUE_OK
MATCH,2459,0x0CF00400,61444,79319.0,62981.471,-0.07,FF FF FF FF 47 FF FF FF,FF FF FF FF 47 FF FF FF,[],190=2303.875/exp 2303.8347 VALUE_OK
MATCH,2460,0x0CF00400,61444,79329.0,62991.462,-0.078,FF FF FF 96 47 FF FF FF,FF FF FF 96 47 FF FF FF,[],190=2290.75/exp 2290.7797 VALUE_OK
MATCH,2461,0x0CF00400,61444,79339.0,63001.457,-0.081,FF FF FF 2E 47 FF FF FF,FF FF FF 2E 47 FF FF FF,[],190=2277.75/exp 2277.6914 VALUE_OK
MATCH,2462,0x0CF00400,61444,79349.0,63011.455,-0.082,FF FF FF C5 46 FF FF FF,FF FF FF C5 46 FF FF FF,[],190=2264.625/exp 2264.5706 VALUE_OK
MATCH,2463,0x0CF00400,61444,79359.0,63021.481,-0.054,FF FF FF 5B 46 FF FF FF,FF FF FF 5B 46 FF FF FF,[],190=2251.375/exp 2251.418 VALUE_OK
MATCH,2464,0x0CF00400,61444,79369.0,63031.484,-0.05,FF FF FF F2 45 FF FF FF,FF FF FF F2 45 FF FF FF,[],190=2238.25/exp 2238.2344 VALUE_OK
MATCH,2465,0x0CF00400,61444,79379.0,63041.479,-0.054,FF FF FF 88 45 FF FF FF,FF FF FF 88 45 FF FF FF,[],190=2225.0/exp 2225.0208 VALUE_OK
MATCH,2466,0x0CF00400,61444,79389.0,63051.474,-0.058,FF FF FF 1E 45 FF FF FF,FF FF FF 1E 45 FF FF FF,[],190=2211.75/exp 2211.7778 VALUE_OK
MATCH,2467,0x0CF00400,61444,79399.0,63061.48,-0.051,FF FF FF B4 44 FF FF FF,FF FF FF B4 44 FF FF FF,[],190=2198.5/exp 2198.5064 VALUE_OK
MATCH,2468,0x0CF00400,61444,79409.0,63071.479,-0.051,FF FF FF 4A 44 FF FF FF,FF FF FF 4A 44 FF FF FF,[],190=2185.25/exp 2185.2073 VALUE_OK
MATCH,2469,0x0CF00400,61444,79419.0,63081.482,-0.047,FF FF FF DF 43 FF FF FF,FF FF FF DF 43 FF FF FF,[],190=2171.875/exp 2171.8814 VALUE_OK
MATCH,2470,0x0CF00400,61444,79429.0,63091.472,-0.056,FF FF FF 74 43 FF FF FF,FF FF FF 74 43 FF FF FF,[],190=2158.5/exp 2158.5294 VALUE_OK
MATCH,2471,0x0CF00400,61444,79439.0,63101.471,-0.056,FF FF FF 09 43 FF FF FF,FF FF FF 09 43 FF FF FF,[],190=2145.125/exp 2145.1522 VALUE_OK
MATCH,2472,0x0CF00400,61444,79449.0,63111.47,-0.056,FF FF FF 9E 42 FF FF FF,FF FF FF 9E 42 FF FF FF,[],190=2131.75/exp 2131.7507 VALUE_OK
MATCH,2473,0x0CF00400,61444,79459.0,63121.464,-0.06,FF FF FF 33 42 FF FF FF,FF FF FF 33 42 FF FF FF,[],190=2118.375/exp 2118.3256 VALUE_OK
MATCH,2474,0x0CF00400,61444,79469.0,63131.47,-0.053,FF FF FF C7 41 FF FF FF,FF FF FF C7 41 FF FF FF,[],190=2104.875/exp 2104.8778 VALUE_OK
MATCH,2475,0x0CF00400,61444,79479.0,63141.465,-0.057,FF FF FF 5B 41 FF FF FF,FF FF FF 5B 41 FF FF FF,[],190=2091.375/exp 2091.4081 VALUE_OK
MATCH,2476,0x0CF00400,61444,79489.0,63151.436,-0.085,FF FF FF EF 40 FF FF FF,FF FF FF EF 40 FF FF FF,[],190=2077.875/exp 2077.9173 VALUE_OK
MATCH,2477,0x0CF00400,61444,79499.0,63161.439,-0.08,FF FF FF 83 40 FF FF FF,FF FF FF 83 40 FF FF FF,[],190=2064.375/exp 2064.4063 VALUE_OK
MATCH,2478,0x0CF00400,61444,79509.0,63171.425,-0.093,FF FF FF 17 40 FF FF FF,FF FF FF 17 40 FF FF FF,[],190=2050.875/exp 2050.8759 VALUE_OK
MATCH,2479,0x0CF00400,61444,79519.0,63181.423,-0.093,FF FF FF AB 3F FF FF FF,FF FF FF AB 3F FF FF FF,[],190=2037.375/exp 2037.327 VALUE_OK
MATCH,2480,0x0CF00400,61444,79529.0,63191.414,-0.1,FF FF FF 3E 3F FF FF FF,FF FF FF 3E 3F FF FF FF,[],190=2023.75/exp 2023.7603 VALUE_OK
MATCH,2481,0x0CF00400,61444,79539.0,63201.401,-0.111,FF FF FF D1 3E FF FF FF,FF FF FF D1 3E FF FF FF,[],190=2010.125/exp 2010.1768 VALUE_OK
MATCH,2482,0x0CF00400,61444,79549.0,63211.452,-0.058,FF FF FF 65 3E FF FF FF,FF FF FF 65 3E FF FF FF,[],190=1996.625/exp 1996.5772 VALUE_OK
MATCH,2483,0x0CF00400,61444,79559.0,63221.455,-0.054,FF FF FF F8 3D FF FF FF,FF FF FF F8 3D FF FF FF,[],190=1983.0/exp 1982.9623 VALUE_OK
MATCH,2484,0x0CF00400,61444,79569.0,63231.445,-0.063,FF FF FF 8B 3D FF FF FF,FF FF FF 8B 3D FF FF FF,[],190=1969.375/exp 1969.3332 VALUE_OK
MATCH,2485,0x0CF00400,61444,79579.0,63241.424,-0.082,FF FF FF 1E 3D FF FF FF,FF FF FF 1E 3D FF FF FF,[],190=1955.75/exp 1955.6904 VALUE_OK
MATCH,2486,0x0CF00400,61444,79589.0,63251.422,-0.083,FF FF FF B0 3C FF FF FF,FF FF FF B0 3C FF FF FF,[],190=1942.0/exp 1942.035 VALUE_OK
MATCH,2487,0x0CF00400,61444,79599.0,63261.413,-0.09,FF FF FF 43 3C FF FF FF,FF FF FF 43 3C FF FF FF,[],190=1928.375/exp 1928.3678 VALUE_OK
MATCH,2488,0x0CF00400,61444,79609.0,63271.432,-0.069,FF FF FF D6 3B FF FF FF,FF FF FF D6 3B FF FF FF,[],190=1914.75/exp 1914.6895 VALUE_OK
MATCH,2489,0x0CF00400,61444,79619.0,63281.422,-0.078,FF FF FF 68 3B FF FF FF,FF FF FF 68 3B FF FF FF,[],190=1901.0/exp 1901.0011 VALUE_OK
MATCH,2490,0x0CF00400,61444,79629.0,63291.413,-0.085,FF FF FF FA 3A FF FF FF,FF FF FF FA 3A FF FF FF,[],190=1887.25/exp 1887.3034 VALUE_OK
MATCH,2491,0x0CF00400,61444,79639.0,63301.399,-0.098,FF FF FF 8D 3A FF FF FF,FF FF FF 8D 3A FF FF FF,[],190=1873.625/exp 1873.5972 VALUE_OK
MATCH,2492,0x0CF00400,61444,79649.0,63311.398,-0.097,FF FF FF 1F 3A FF FF FF,FF FF FF 1F 3A FF FF FF,[],190=1859.875/exp 1859.8834 VALUE_OK
MATCH,2493,0x0CF00400,61444,79659.0,63321.397,-0.096,FF FF FF B1 39 FF FF FF,FF FF FF B1 39 FF FF FF,[],190=1846.125/exp 1846.1628 VALUE_OK
MATCH,2494,0x0CF00400,61444,79669.0,63331.4,-0.091,FF FF FF 43 39 FF FF FF,FF FF FF 43 39 FF FF FF,[],190=1832.375/exp 1832.4363 VALUE_OK
MATCH,2495,0x0CF00400,61444,79679.0,63341.41,-0.079,FF FF FF D6 38 FF FF FF,FF FF FF D6 38 FF FF FF,[],190=1818.75/exp 1818.7047 VALUE_OK
MATCH,2496,0x0CF00400,61444,79689.0,63351.409,-0.078,FF FF FF 68 38 FF FF FF,FF FF FF 68 38 FF FF FF,[],190=1805.0/exp 1804.9688 VALUE_OK
MATCH,2497,0x0CF00400,61444,79699.0,63361.399,-0.087,FF FF FF FA 37 FF FF FF,FF FF FF FA 37 FF FF FF,[],190=1791.25/exp 1791.2296 VALUE_OK
MATCH,2498,0x0CF00400,61444,79709.0,63371.394,-0.09,FF FF FF 8C 37 FF FF FF,FF FF FF 8C 37 FF FF FF,[],190=1777.5/exp 1777.4878 VALUE_OK
MATCH,2499,0x0CF00400,61444,79719.0,63381.385,-0.097,FF FF FF 1E 37 FF FF FF,FF FF FF 1E 37 FF FF FF,[],190=1763.75/exp 1763.7443 VALUE_OK
MATCH,2500,0x0CF00400,61444,79729.0,63391.387,-0.093,FF FF FF B0 36 FF FF FF,FF FF FF B0 36 FF FF FF,[],190=1750.0/exp 1750.0 VALUE_OK
MATCH,2501,0x0CF00400,61444,79739.0,63401.377,-0.101,FF FF FF 42 36 FF FF FF,FF FF FF 42 36 FF FF FF,[],190=1736.25/exp 1736.2557 VALUE_OK
MATCH,2502,0x0CF00400,61444,79749.0,63411.425,-0.051,FF FF FF D4 35 FF FF FF,FF FF FF D4 35 FF FF FF,[],190=1722.5/exp 1722.5122 VALUE_OK
MATCH,2503,0x0CF00400,61444,79759.0,63421.359,-0.116,FF FF FF 66 35 FF FF FF,FF FF FF 66 35 FF FF FF,[],190=1708.75/exp 1708.7704 VALUE_OK
MATCH,2504,0x0CF00400,61444,79769.0,63431.366,-0.107,FF FF FF F8 34 FF FF FF,FF FF FF F8 34 FF FF FF,[],190=1695.0/exp 1695.0312 VALUE_OK
MATCH,2505,0x0CF00400,61444,79779.0,63441.36,-0.111,FF FF FF 8A 34 FF FF FF,FF FF FF 8A 34 FF FF FF,[],190=1681.25/exp 1681.2953 VALUE_OK
MATCH,2506,0x0CF00400,61444,79789.0,63451.363,-0.106,FF FF FF 1D 34 FF FF FF,FF FF FF 1D 34 FF FF FF,[],190=1667.625/exp 1667.5637 VALUE_OK
MATCH,2507,0x0CF00400,61444,79799.0,63461.361,-0.106,FF FF FF AF 33 FF FF FF,FF FF FF AF 33 FF FF FF,[],190=1653.875/exp 1653.8372 VALUE_OK
MATCH,2508,0x0CF00400,61444,79809.0,63471.416,-0.048,FF FF FF 41 33 FF FF FF,FF FF FF 41 33 FF FF FF,[],190=1640.125/exp 1640.1166 VALUE_OK
MATCH,2509,0x0CF00400,61444,79819.0,63481.399,-0.065,FF FF FF D3 32 FF FF FF,FF FF FF D3 32 FF FF FF,[],190=1626.375/exp 1626.4028 VALUE_OK
MATCH,2510,0x0CF00400,61444,79829.0,63491.374,-0.088,FF FF FF 66 32 FF FF FF,FF FF FF 66 32 FF FF FF,[],190=1612.75/exp 1612.6966 VALUE_OK
MATCH,2511,0x0CF00400,61444,79839.0,63501.376,-0.084,FF FF FF F8 31 FF FF FF,FF FF FF F8 31 FF FF FF,[],190=1599.0/exp 1598.9989 VALUE_OK
MATCH,2512,0x0CF00400,61444,79849.0,63511.35,-0.109,FF FF FF 8A 31 FF FF FF,FF FF FF 8A 31 FF FF FF,[],190=1585.25/exp 1585.3105 VALUE_OK
MATCH,2513,0x0CF00400,61444,79859.0,63521.366,-0.091,FF FF FF 1D 31 FF FF FF,FF FF FF 1D 31 FF FF FF,[],190=1571.625/exp 1571.6322 VALUE_OK
MATCH,2514,0x0CF00400,61444,79869.0,63531.356,-0.099,FF FF FF B0 30 FF FF FF,FF FF FF B0 30 FF FF FF,[],190=1558.0/exp 1557.965 VALUE_OK
MATCH,2515,0x0CF00400,61444,79879.0,63541.391,-0.062,FF FF FF 42 30 FF FF FF,FF FF FF 42 30 FF FF FF,[],190=1544.25/exp 1544.3096 VALUE_OK
MATCH,2516,0x0CF00400,61444,79889.0,63551.377,-0.075,FF FF FF D5 2F FF FF FF,FF FF FF D5 2F FF FF FF,[],190=1530.625/exp 1530.6668 VALUE_OK
MATCH,2517,0x0CF00400,61444,79899.0,63561.352,-0.098,FF FF FF 68 2F FF FF FF,FF FF FF 68 2F FF FF FF,[],190=1517.0/exp 1517.0377 VALUE_OK
MATCH,2518,0x0CF00400,61444,79909.0,63571.394,-0.054,FF FF FF FB 2E FF FF FF,FF FF FF FB 2E FF FF FF,[],190=1503.375/exp 1503.4228 VALUE_OK
MATCH,2519,0x0CF00400,61444,79919.0,63581.377,-0.07,FF FF FF 8F 2E FF FF FF,FF FF FF 8F 2E FF FF FF,[],190=1489.875/exp 1489.8232 VALUE_OK
MATCH,2520,0x0CF00400,61444,79929.0,63591.352,-0.094,FF FF FF 22 2E FF FF FF,FF FF FF 22 2E FF FF FF,[],190=1476.25/exp 1476.2397 VALUE_OK
MATCH,2521,0x0CF00400,61444,79939.0,63601.343,-0.101,FF FF FF B5 2D FF FF FF,FF FF FF B5 2D FF FF FF,[],190=1462.625/exp 1462.673 VALUE_OK
MATCH,2522,0x0CF00400,61444,79949.0,63611.381,-0.061,FF FF FF 49 2D FF FF FF,FF FF FF 49 2D FF FF FF,[],190=1449.125/exp 1449.1241 VALUE_OK
MATCH,2523,0x0CF00400,61444,79959.0,63621.363,-0.078,FF FF FF DD 2C FF FF FF,FF FF FF DD 2C FF FF FF,[],190=1435.625/exp 1435.5937 VALUE_OK
MATCH,2524,0x0CF00400,61444,79969.0,63631.343,-0.096,FF FF FF 71 2C FF FF FF,FF FF FF 71 2C FF FF FF,[],190=1422.125/exp 1422.0827 VALUE_OK
MATCH,2525,0x0CF00400,61444,79979.0,63641.381,-0.056,FF FF FF 05 2C FF FF FF,FF FF FF 05 2C FF FF FF,[],190=1408.625/exp 1408.5919 VALUE_OK
MATCH,2526,0x0CF00400,61444,79989.0,63651.344,-0.092,FF FF FF 99 2B FF FF FF,FF FF FF 99 2B FF FF FF,[],190=1395.125/exp 1395.1222 VALUE_OK
MATCH,2527,0x0CF00400,61444,79999.0,63661.318,-0.116,FF FF FF 2D 2B FF FF FF,FF FF FF 2D 2B FF FF FF,[],190=1381.625/exp 1381.6744 VALUE_OK
MATCH,2528,0x0CF00400,61444,80009.0,63671.364,-0.068,FF FF FF C2 2A FF FF FF,FF FF FF C2 2A FF FF FF,[],190=1368.25/exp 1368.2493 VALUE_OK
MATCH,2529,0x0CF00400,61444,80019.0,63681.343,-0.087,FF FF FF 57 2A FF FF FF,FF FF FF 57 2A FF FF FF,[],190=1354.875/exp 1354.8478 VALUE_OK
MATCH,2530,0x0CF00400,61444,80029.0,63691.33,-0.099,FF FF FF EC 29 FF FF FF,FF FF FF EC 29 FF FF FF,[],190=1341.5/exp 1341.4706 VALUE_OK
MATCH,2531,0x0CF00400,61444,80039.0,63701.381,-0.046,FF FF FF 81 29 FF FF FF,FF FF FF 81 29 FF FF FF,[],190=1328.125/exp 1328.1186 VALUE_OK
MATCH,2532,0x0CF00400,61444,80049.0,63711.348,-0.078,FF FF FF 16 29 FF FF FF,FF FF FF 16 29 FF FF FF,[],190=1314.75/exp 1314.7927 VALUE_OK
MATCH,2533,0x0CF00400,61444,80059.0,63721.338,-0.086,FF FF FF AC 28 FF FF FF,FF FF FF AC 28 FF FF FF,[],190=1301.5/exp 1301.4936 VALUE_OK
MATCH,2534,0x0CF00400,61444,80069.0,63731.309,-0.114,FF FF FF 42 28 FF FF FF,FF FF FF 42 28 FF FF FF,[],190=1288.25/exp 1288.2222 VALUE_OK
MATCH,2535,0x0CF00400,61444,80079.0,63741.364,-0.056,FF FF FF D8 27 FF FF FF,FF FF FF D8 27 FF FF FF,[],190=1275.0/exp 1274.9792 VALUE_OK
MATCH,2536,0x0CF00400,61444,80089.0,63751.338,-0.081,FF FF FF 6E 27 FF FF FF,FF FF FF 6E 27 FF FF FF,[],190=1261.75/exp 1261.7656 VALUE_OK
MATCH,2537,0x0CF00400,61444,80099.0,63761.321,-0.096,FF FF FF 05 27 FF FF FF,FF FF FF 05 27 FF FF FF,[],190=1248.625/exp 1248.582 VALUE_OK
MATCH,2538,0x0CF00400,61444,80109.0,63771.339,-0.077,FF FF FF 9B 26 FF FF FF,FF FF FF 9B 26 FF FF FF,[],190=1235.375/exp 1235.4294 VALUE_OK
MATCH,2539,0x0CF00400,61444,80119.0,63781.317,-0.097,FF FF FF 32 26 FF FF FF,FF FF FF 32 26 FF FF FF,[],190=1222.25/exp 1222.3086 VALUE_OK
MATCH,2540,0x0CF00400,61444,80129.0,63791.365,-0.047,FF FF FF CA 25 FF FF FF,FF FF FF CA 25 FF FF FF,[],190=1209.25/exp 1209.2203 VALUE_OK
MATCH,2541,0x0CF00400,61444,80139.0,63801.343,-0.068,FF FF FF 61 25 FF FF FF,FF FF FF 61 25 FF FF FF,[],190=1196.125/exp 1196.1653 VALUE_OK
MATCH,2542,0x0CF00400,61444,80149.0,63811.322,-0.088,FF FF FF F9 24 FF FF FF,FF FF FF F9 24 FF FF FF,[],190=1183.125/exp 1183.1445 VALUE_OK
MATCH,2543,0x0CF00400,61444,80159.0,63821.308,-0.1,FF FF FF 91 24 FF FF FF,FF FF FF 91 24 FF FF FF,[],190=1170.125/exp 1170.1587 VALUE_OK
MATCH,2544,0x0CF00400,61444,80169.0,63831.339,-0.067,FF FF FF 2A 24 FF FF FF,FF FF FF 2A 24 FF FF FF,[],190=1157.25/exp 1157.2086 VALUE_OK
MATCH,2545,0x0CF00400,61444,80179.0,63841.333,-0.072,FF FF FF C2 23 FF FF FF,FF FF FF C2 23 FF FF FF,[],190=1144.25/exp 1144.2952 VALUE_OK
MATCH,2546,0x0CF00400,61444,80189.0,63851.305,-0.098,FF FF FF 5B 23 FF FF FF,FF FF FF 5B 23 FF FF FF,[],190=1131.375/exp 1131.419 VALUE_OK
MATCH,2547,0x0CF00400,61444,80199.0,63861.295,-0.106,FF FF FF F5 22 FF FF FF,FF FF FF F5 22 FF FF FF,[],190=1118.625/exp 1118.5811 VALUE_OK
MATCH,2548,0x0CF00400,61444,80209.0,63871.334,-0.065,FF FF FF 8E 22 FF FF FF,FF FF FF 8E 22 FF FF FF,[],190=1105.75/exp 1105.782 VALUE_OK
MATCH,2549,0x0CF00400,61444,80219.0,63881.32,-0.078,FF FF FF 28 22 FF FF FF,FF FF FF 28 22 FF FF FF,[],190=1093.0/exp 1093.0228 VALUE_OK
MATCH,2550,0x0CF00400,61444,80229.0,63891.298,-0.098,FF FF FF C2 21 FF FF FF,FF FF FF C2 21 FF FF FF,[],190=1080.25/exp 1080.304 VALUE_OK
MATCH,2551,0x0CF00400,61444,80239.0,63901.31,-0.084,FF FF FF 5D 21 FF FF FF,FF FF FF 5D 21 FF FF FF,[],190=1067.625/exp 1067.6265 VALUE_OK
MATCH,2552,0x0CF00400,61444,80249.0,63911.304,-0.089,FF FF FF F8 20 FF FF FF,FF FF FF F8 20 FF FF FF,[],190=1055.0/exp 1054.9912 VALUE_OK
MATCH,2553,0x0CF00400,61444,80259.0,63921.343,-0.048,FF FF FF 93 20 FF FF FF,FF FF FF 93 20 FF FF FF,[],190=1042.375/exp 1042.3987 VALUE_OK
MATCH,2554,0x0CF00400,61444,80269.0,63931.325,-0.065,FF FF FF 2F 20 FF FF FF,FF FF FF 2F 20 FF FF FF,[],190=1029.875/exp 1029.8499 VALUE_OK
MATCH,2555,0x0CF00400,61444,80279.0,63941.316,-0.073,FF FF FF CB 1F FF FF FF,FF FF FF CB 1F FF FF FF,[],190=1017.375/exp 1017.3455 VALUE_OK
MATCH,2556,0x0CF00400,61444,80289.0,63951.306,-0.081,FF FF FF 67 1F FF FF FF,FF FF FF 67 1F FF FF FF,[],190=1004.875/exp 1004.8862 VALUE_OK
MATCH,2557,0x0CF00400,61444,80299.0,63961.317,-0.069,FF FF FF 04 1F FF FF FF,FF FF FF 04 1F FF FF FF,[],190=992.5/exp 992.473 VALUE_OK
MATCH,2558,0x0CF00400,61444,80309.0,63971.308,-0.076,FF FF FF A1 1E FF FF FF,FF FF FF A1 1E FF FF FF,[],190=980.125/exp 980.1065 VALUE_OK
MATCH,2559,0x0CF00400,61444,80319.0,63981.327,-0.056,FF FF FF 3E 1E FF FF FF,FF FF FF 3E 1E FF FF FF,[],190=967.75/exp 967.7874 VALUE_OK
MATCH,2560,0x0CF00400,61444,80329.0,63991.325,-0.057,FF FF FF DC 1D FF FF FF,FF FF FF DC 1D FF FF FF,[],190=955.5/exp 955.5166 VALUE_OK
MATCH,2561,0x0CF00400,61444,80339.0,64001.316,-0.064,FF FF FF 7A 1D FF FF FF,FF FF FF 7A 1D FF FF FF,[],190=943.25/exp 943.2948 VALUE_OK
MATCH,2562,0x0CF00400,61444,80349.0,64011.314,-0.065,FF FF FF 19 1D FF FF FF,FF FF FF 19 1D FF FF FF,[],190=931.125/exp 931.1228 VALUE_OK
MATCH,2563,0x0CF00400,61444,80359.0,64021.289,-0.089,FF FF FF B8 1C FF FF FF,FF FF FF B8 1C FF FF FF,[],190=919.0/exp 919.0013 VALUE_OK
MATCH,2564,0x0CF00400,61444,80369.0,64031.288,-0.088,FF FF FF 57 1C FF FF FF,FF FF FF 57 1C FF FF FF,[],190=906.875/exp 906.9311 VALUE_OK
MATCH,2565,0x0CF00400,61444,80379.0,64041.318,-0.056,FF FF FF F7 1B FF FF FF,FF FF FF F7 1B FF FF FF,[],190=894.875/exp 894.9128 VALUE_OK
MATCH,2566,0x0CF00400,61444,80389.0,64051.277,-0.096,FF FF FF 98 1B FF FF FF,FF FF FF 98 1B FF FF FF,[],190=883.0/exp 882.9473 VALUE_OK
MATCH,2567,0x0CF00400,61444,80399.0,64061.291,-0.08,FF FF FF 38 1B FF FF FF,FF FF FF 38 1B FF FF FF,[],190=871.0/exp 871.0353 VALUE_OK
MATCH,2568,0x0CF00400,61444,80409.0,64071.29,-0.08,FF FF FF D9 1A FF FF FF,FF FF FF D9 1A FF FF FF,[],190=859.125/exp 859.1775 VALUE_OK
MATCH,2569,0x0CF00400,61444,80419.0,64081.281,-0.087,FF FF FF 7B 1A FF FF FF,FF FF FF 7B 1A FF FF FF,[],190=847.375/exp 847.3747 VALUE_OK
MATCH,2570,0x0CF00400,61444,80429.0,64091.288,-0.078,FF FF FF 1D 1A FF FF FF,FF FF FF 1D 1A FF FF FF,[],190=835.625/exp 835.6275 VALUE_OK
MATCH,2571,0x0CF00400,61444,80439.0,64101.294,-0.071,FF FF FF C0 19 FF FF FF,FF FF FF C0 19 FF FF FF,[],190=824.0/exp 823.9367 VALUE_OK
MATCH,2572,0x0CF00400,61444,80449.0,64111.284,-0.079,FF FF FF 62 19 FF FF FF,FF FF FF 62 19 FF FF FF,[],190=812.25/exp 812.3031 VALUE_OK
MATCH,2573,0x0CF00400,61444,80459.0,64121.291,-0.071,FF FF FF 06 19 FF FF FF,FF FF FF 06 19 FF FF FF,[],190=800.75/exp 800.7273 VALUE_OK
MATCH,2574,0x0CF00400,61444,80469.0,64131.298,-0.062,FF FF FF AA 18 FF FF FF,FF FF FF AA 18 FF FF FF,[],190=789.25/exp 789.2101 VALUE_OK
MATCH,2575,0x0CF00400,61444,80479.0,64141.293,-0.066,FF FF FF 4E 18 FF FF FF,FF FF FF 4E 18 FF FF FF,[],190=777.75/exp 777.7521 VALUE_OK
MATCH,2576,0x0CF00400,61444,80489.0,64151.275,-0.083,FF FF FF F3 17 FF FF FF,FF FF FF F3 17 FF FF FF,[],190=766.375/exp 766.3541 VALUE_OK
MATCH,2577,0x0CF00400,61444,80499.0,64161.282,-0.074,FF FF FF 98 17 FF FF FF,FF FF FF 98 17 FF FF FF,[],190=755.0/exp 755.0168 VALUE_OK
MATCH,2578,0x0CF00400,61444,80509.0,64171.28,-0.075,FF FF FF 3E 17 FF FF FF,FF FF FF 3E 17 FF FF FF,[],190=743.75/exp 743.7408 VALUE_OK
MATCH,2579,0x0CF00400,61444,80519.0,64181.283,-0.07,FF FF FF E4 16 FF FF FF,FF FF FF E4 16 FF FF FF,[],190=732.5/exp 732.5269 VALUE_OK
MATCH,2580,0x0CF00400,61444,80529.0,64191.274,-0.078,FF FF FF 8B 16 FF FF FF,FF FF FF 8B 16 FF FF FF,[],190=721.375/exp 721.3758 VALUE_OK
MATCH,2581,0x0CF00400,61444,80539.0,64201.272,-0.078,FF FF FF 32 16 FF FF FF,FF FF FF 32 16 FF FF FF,[],190=710.25/exp 710.2881 VALUE_OK
MATCH,2582,0x0CF00400,61444,80549.0,64211.275,-0.074,FF FF FF DA 15 FF FF FF,FF FF FF DA 15 FF FF FF,[],190=699.25/exp 699.2646 VALUE_OK
MATCH,2583,0x0CF00400,61444,80559.0,64221.277,-0.07,FF FF FF 82 15 FF FF FF,FF FF FF 82 15 FF FF FF,[],190=688.25/exp 688.3059 VALUE_OK
MATCH,2584,0x0CF00400,61444,80569.0,64231.28,-0.066,FF FF FF 2B 15 FF FF FF,FF FF FF 2B 15 FF FF FF,[],190=677.375/exp 677.4127 VALUE_OK
MATCH,2585,0x0CF00400,61444,80579.0,64241.271,-0.073,FF FF FF D5 14 FF FF FF,FF FF FF D5 14 FF FF FF,[],190=666.625/exp 666.5856 VALUE_OK
MATCH,2586,0x0CF00400,61444,80589.0,64251.282,-0.061,FF FF FF 7F 14 FF FF FF,FF FF FF 7F 14 FF FF FF,[],190=655.875/exp 655.8254 VALUE_OK
MATCH,2587,0x0CF00400,61444,80599.0,64261.268,-0.074,FF FF FF 29 14 FF FF FF,FF FF FF 29 14 FF FF FF,[],190=645.125/exp 645.1326 VALUE_OK
MATCH,2588,0x0CF00400,61444,80609.0,64271.254,-0.086,FF FF FF D4 13 FF FF FF,FF FF FF D4 13 FF FF FF,[],190=634.5/exp 634.508 VALUE_OK
MATCH,2589,0x0CF00400,61444,80619.0,64281.257,-0.082,FF FF FF 80 13 FF FF FF,FF FF FF 80 13 FF FF FF,[],190=624.0/exp 623.9522 VALUE_OK
MATCH,2590,0x0CF00400,61444,80629.0,64291.252,-0.085,FF FF FF 2C 13 FF FF FF,FF FF FF 2C 13 FF FF FF,[],190=613.5/exp 613.4659 VALUE_OK
MATCH,2591,0x0CF00400,61444,80639.0,64301.255,-0.08,FF FF FF D8 12 FF FF FF,FF FF FF D8 12 FF FF FF,[],190=603.0/exp 603.0497 VALUE_OK
MATCH,2592,0x0CF00400,61444,80649.0,64311.257,-0.077,FF FF FF 86 12 FF FF FF,FF FF FF 86 12 FF FF FF,[],190=592.75/exp 592.7042 VALUE_OK
MATCH,2593,0x0CF00400,61444,80659.0,64321.264,-0.068,FF FF FF 33 12 FF FF FF,FF FF FF 33 12 FF FF FF,[],190=582.375/exp 582.4302 VALUE_OK
MATCH,2594,0x0CF00400,61444,80669.0,64331.266,-0.065,FF FF FF E2 11 FF FF FF,FF FF FF E2 11 FF FF FF,[],190=572.25/exp 572.2281 VALUE_OK
MATCH,2595,0x0CF00400,61444,80679.0,64341.27,-0.059,FF FF FF 91 11 FF FF FF,FF FF FF 91 11 FF FF FF,[],190=562.125/exp 562.0987 VALUE_OK
MATCH,2596,0x0CF00400,61444,80689.0,64351.268,-0.06,FF FF FF 40 11 FF FF FF,FF FF FF 40 11 FF FF FF,[],190=552.0/exp 552.0426 VALUE_OK
MATCH,2597,0x0CF00400,61444,80699.0,64361.271,-0.056,FF FF FF F0 10 FF FF FF,FF FF FF F0 10 FF FF FF,[],190=542.0/exp 542.0603 VALUE_OK
MATCH,2598,0x0CF00400,61444,80709.0,64371.269,-0.057,FF FF FF A1 10 FF FF FF,FF FF FF A1 10 FF FF FF,[],190=532.125/exp 532.1526 VALUE_OK
MATCH,2599,0x0CF00400,61444,80719.0,64381.263,-0.062,FF FF FF 53 10 FF FF FF,FF FF FF 53 10 FF FF FF,[],190=522.375/exp 522.32 VALUE_OK
MATCH,2600,0x0CF00400,61444,80729.0,64391.206,-0.118,FF FF FF 05 10 FF FF FF,FF FF FF 05 10 FF FF FF,[],190=512.625/exp 512.5631 VALUE_OK
MATCH,2601,0x0CF00400,61444,80739.0,64401.237,-0.084,FF FF FF B7 0F FF FF FF,FF FF FF B7 0F FF FF FF,[],190=502.875/exp 502.8826 VALUE_OK
MATCH,2602,0x0CF00400,61444,80749.0,64411.252,-0.067,FF FF FF 6A 0F FF FF FF,FF FF FF 6A 0F FF FF FF,[],190=493.25/exp 493.279 VALUE_OK
MATCH,2603,0x0CF00400,61444,80759.0,64421.258,-0.06,FF FF FF 1E 0F FF FF FF,FF FF FF 1E 0F FF FF FF,[],190=483.75/exp 483.7529 VALUE_OK
MATCH,2604,0x0CF00400,61444,80769.0,64431.269,-0.048,FF FF FF D2 0E FF FF FF,FF FF FF D2 0E FF FF FF,[],190=474.25/exp 474.3049 VALUE_OK
MATCH,2605,0x0CF00400,61444,80779.0,64441.211,-0.105,FF FF FF 87 0E FF FF FF,FF FF FF 87 0E FF FF FF,[],190=464.875/exp 464.9356 VALUE_OK
MATCH,2606,0x0CF00400,61444,80789.0,64451.214,-0.1,FF FF FF 3D 0E FF FF FF,FF FF FF 3D 0E FF FF FF,[],190=455.625/exp 455.6456 VALUE_OK
MATCH,2607,0x0CF00400,61444,80799.0,64461.237,-0.075,FF FF FF F3 0D FF FF FF,FF FF FF F3 0D FF FF FF,[],190=446.375/exp 446.4354 VALUE_OK
MATCH,2608,0x0CF00400,61444,80809.0,64471.248,-0.062,FF FF FF AA 0D FF FF FF,FF FF FF AA 0D FF FF FF,[],190=437.25/exp 437.3056 VALUE_OK
MATCH,2609,0x0CF00400,61444,80819.0,64481.258,-0.051,FF FF FF 62 0D FF FF FF,FF FF FF 62 0D FF FF FF,[],190=428.25/exp 428.2568 VALUE_OK
MATCH,2610,0x0CF00400,61444,80829.0,64491.257,-0.051,FF FF FF 1A 0D FF FF FF,FF FF FF 1A 0D FF FF FF,[],190=419.25/exp 419.2896 VALUE_OK
MATCH,2611,0x0CF00400,61444,80839.0,64501.203,-0.104,FF FF FF D3 0C FF FF FF,FF FF FF D3 0C FF FF FF,[],190=410.375/exp 410.4044 VALUE_OK
MATCH,2612,0x0CF00400,61444,80849.0,64511.214,-0.091,FF FF FF 8D 0C FF FF FF,FF FF FF 8D 0C FF FF FF,[],190=401.625/exp 401.6018 VALUE_OK
MATCH,2613,0x0CF00400,61444,80859.0,64521.197,-0.106,FF FF FF 47 0C FF FF FF,FF FF FF 47 0C FF FF FF,[],190=392.875/exp 392.8824 VALUE_OK
MATCH,2614,0x0CF00400,61444,80869.0,64531.211,-0.09,FF FF FF 02 0C FF FF FF,FF FF FF 02 0C FF FF FF,[],190=384.25/exp 384.2468 VALUE_OK
MATCH,2615,0x0CF00400,61444,80879.0,64541.214,-0.085,FF FF FF BE 0B FF FF FF,FF FF FF BE 0B FF FF FF,[],190=375.75/exp 375.6954 VALUE_OK
MATCH,2616,0x0CF00400,61444,80889.0,64551.204,-0.094,FF FF FF 7A 0B FF FF FF,FF FF FF 7A 0B FF FF FF,[],190=367.25/exp 367.2287 VALUE_OK
MATCH,2617,0x0CF00400,61444,80899.0,64561.203,-0.093,FF FF FF 37 0B FF FF FF,FF FF FF 37 0B FF FF FF,[],190=358.875/exp 358.8474 VALUE_OK
MATCH,2618,0x0CF00400,61444,80909.0,64571.202,-0.092,FF FF FF F4 0A FF FF FF,FF FF FF F4 0A FF FF FF,[],190=350.5/exp 350.5518 VALUE_OK
MATCH,2619,0x0CF00400,61444,80919.0,64581.2,-0.092,FF FF FF B3 0A FF FF FF,FF FF FF B3 0A FF FF FF,[],190=342.375/exp 342.3426 VALUE_OK
MATCH,2620,0x0CF00400,61444,80929.0,64591.191,-0.099,FF FF FF 72 0A FF FF FF,FF FF FF 72 0A FF FF FF,[],190=334.25/exp 334.2203 VALUE_OK
MATCH,2621,0x0CF00400,61444,80939.0,64601.189,-0.099,FF FF FF 31 0A FF FF FF,FF FF FF 31 0A FF FF FF,[],190=326.125/exp 326.1852 VALUE_OK
MATCH,2622,0x0CF00400,61444,80949.0,64611.212,-0.074,FF FF FF F2 09 FF FF FF,FF FF FF F2 09 FF FF FF,[],190=318.25/exp 318.238 VALUE_OK
MATCH,2623,0x0CF00400,61444,80959.0,64621.227,-0.058,FF FF FF B3 09 FF FF FF,FF FF FF B3 09 FF FF FF,[],190=310.375/exp 310.3791 VALUE_OK
MATCH,2624,0x0CF00400,61444,80969.0,64631.23,-0.054,FF FF FF 75 09 FF FF FF,FF FF FF 75 09 FF FF FF,[],190=302.625/exp 302.609 VALUE_OK
MATCH,2625,0x0CF00400,61444,80979.0,64641.22,-0.062,FF FF FF 37 09 FF FF FF,FF FF FF 37 09 FF FF FF,[],190=294.875/exp 294.9282 VALUE_OK
MATCH,2626,0x0CF00400,61444,80989.0,64651.203,-0.078,FF FF FF FB 08 FF FF FF,FF FF FF FB 08 FF FF FF,[],190=287.375/exp 287.3371 VALUE_OK
MATCH,2627,0x0CF00400,61444,80999.0,64661.205,-0.075,FF FF FF BF 08 FF FF FF,FF FF FF BF 08 FF FF FF,[],190=279.875/exp 279.8363 VALUE_OK
MATCH,2628,0x0CF00400,61444,81009.0,64671.216,-0.062,FF FF FF 83 08 FF FF FF,FF FF FF 83 08 FF FF FF,[],190=272.375/exp 272.4261 VALUE_OK
MATCH,2629,0x0CF00400,61444,81019.0,64681.223,-0.054,FF FF FF 49 08 FF FF FF,FF FF FF 49 08 FF FF FF,[],190=265.125/exp 265.1071 VALUE_OK
MATCH,2630,0x0CF00400,61444,81029.0,64691.225,-0.051,FF FF FF 0F 08 FF FF FF,FF FF FF 0F 08 FF FF FF,[],190=257.875/exp 257.8797 VALUE_OK
MATCH,2631,0x0CF00400,61444,81039.0,64701.232,-0.043,FF FF FF D6 07 FF FF FF,FF FF FF D6 07 FF FF FF,[],190=250.75/exp 250.7443 VALUE_OK
MATCH,2632,0x0CF00400,61444,81049.0,64711.179,-0.095,FF FF FF 9E 07 FF FF FF,FF FF FF 9E 07 FF FF FF,[],190=243.75/exp 243.7015 VALUE_OK
MATCH,2633,0x0CF00400,61444,81059.0,64721.185,-0.087,FF FF FF 66 07 FF FF FF,FF FF FF 66 07 FF FF FF,[],190=236.75/exp 236.7515 VALUE_OK
MATCH,2634,0x0CF00400,61444,81069.0,64731.208,-0.062,FF FF FF 2F 07 FF FF FF,FF FF FF 2F 07 FF FF FF,[],190=229.875/exp 229.8948 VALUE_OK
MATCH,2635,0x0CF00400,61444,81079.0,64741.223,-0.046,FF FF FF F9 06 FF FF FF,FF FF FF F9 06 FF FF FF,[],190=223.125/exp 223.132 VALUE_OK
MATCH,2636,0x0CF00400,61444,81089.0,64751.177,-0.091,FF FF FF C4 06 FF FF FF,FF FF FF C4 06 FF FF FF,[],190=216.5/exp 216.4633 VALUE_OK
MATCH,2637,0x0CF00400,61444,81099.0,64761.172,-0.094,FF FF FF 8F 06 FF FF FF,FF FF FF 8F 06 FF FF FF,[],190=209.875/exp 209.8892 VALUE_OK
MATCH,2638,0x0CF00400,61444,81109.0,64771.166,-0.098,FF FF FF 5B 06 FF FF FF,FF FF FF 5B 06 FF FF FF,[],190=203.375/exp 203.4101 VALUE_OK
MATCH,2639,0x0CF00400,61444,81119.0,64781.165,-0.097,FF FF FF 28 06 FF FF FF,FF FF FF 28 06 FF FF FF,[],190=197.0/exp 197.0265 VALUE_OK
MATCH,2640,0x0CF00400,61444,81129.0,64791.18,-0.081,FF FF FF F6 05 FF FF FF,FF FF FF F6 05 FF FF FF,[],190=190.75/exp 190.7386 VALUE_OK
MATCH,2641,0x0CF00400,61444,81139.0,64801.19,-0.069,FF FF FF C4 05 FF FF FF,FF FF FF C4 05 FF FF FF,[],190=184.5/exp 184.5469 VALUE_OK
MATCH,2642,0x0CF00400,61444,81149.0,64811.189,-0.069,FF FF FF 94 05 FF FF FF,FF FF FF 94 05 FF FF FF,[],190=178.5/exp 178.4517 VALUE_OK
MATCH,2643,0x0CF00400,61444,81159.0,64821.188,-0.068,FF FF FF 64 05 FF FF FF,FF FF FF 64 05 FF FF FF,[],190=172.5/exp 172.4535 VALUE_OK
MATCH,2644,0x0CF00400,61444,81169.0,64831.182,-0.073,FF FF FF 34 05 FF FF FF,FF FF FF 34 05 FF FF FF,[],190=166.5/exp 166.5527 VALUE_OK
MATCH,2645,0x0CF00400,61444,81179.0,64841.197,-0.056,FF FF FF 06 05 FF FF FF,FF FF FF 06 05 FF FF FF,[],190=160.75/exp 160.7494 VALUE_OK
UNLOGGED,,0x0CF00400,61444,,64851.196,,,FF FF FF D8 04 FF FF FF,[],
MATCH,2647,0x0CF00400,61444,81199.0,64861.198,-0.054,FF FF FF AC 04 FF FF FF,FF FF FF AC 04 FF FF FF,[],190=149.5/exp 149.4375 VALUE_OK
MATCH,2648,0x0CF00400,61444,81209.0,64871.193,-0.058,FF FF FF 7F 04 FF FF FF,FF FF FF 7F 04 FF FF FF,[],190=143.875/exp 143.9294 VALUE_OK
MATCH,2649,0x0CF00400,61444,81219.0,64881.191,-0.059,FF FF FF 54 04 FF FF FF,FF FF FF 54 04 FF FF FF,[],190=138.5/exp 138.5204 VALUE_OK
MATCH,2650,0x0CF00400,61444,81229.0,64891.186,-0.063,FF FF FF 2A 04 FF FF FF,FF FF FF 2A 04 FF FF FF,[],190=133.25/exp 133.2108 VALUE_OK
MATCH,2651,0x0CF00400,61444,81239.0,64901.173,-0.075,FF FF FF 00 04 FF FF FF,FF FF FF 00 04 FF FF FF,[],190=128.0/exp 128.001 VALUE_OK
MATCH,2652,0x0CF00400,61444,81249.0,64911.168,-0.078,FF FF FF D7 03 FF FF FF,FF FF FF D7 03 FF FF FF,[],190=122.875/exp 122.8911 VALUE_OK
MATCH,2653,0x0CF00400,61444,81259.0,64921.167,-0.077,FF FF FF AF 03 FF FF FF,FF FF FF AF 03 FF FF FF,[],190=117.875/exp 117.8817 VALUE_OK
MATCH,2654,0x0CF00400,61444,81269.0,64931.165,-0.078,FF FF FF 88 03 FF FF FF,FF FF FF 88 03 FF FF FF,[],190=113.0/exp 112.9729 VALUE_OK
MATCH,2655,0x0CF00400,61444,81279.0,64941.164,-0.077,FF FF FF 61 03 FF FF FF,FF FF FF 61 03 FF FF FF,[],190=108.125/exp 108.1652 VALUE_OK
MATCH,2656,0x0CF00400,61444,81289.0,64951.159,-0.081,FF FF FF 3C 03 FF FF FF,FF FF FF 3C 03 FF FF FF,[],190=103.5/exp 103.4587 VALUE_OK
MATCH,2657,0x0CF00400,61444,81299.0,64961.154,-0.084,FF FF FF 17 03 FF FF FF,FF FF FF 17 03 FF FF FF,[],190=98.875/exp 98.8537 VALUE_OK
MATCH,2658,0x0CF00400,61444,81309.0,64971.161,-0.076,FF FF FF F3 02 FF FF FF,FF FF FF F3 02 FF FF FF,[],190=94.375/exp 94.3506 VALUE_OK
MATCH,2659,0x0CF00400,61444,81319.0,64981.16,-0.075,FF FF FF D0 02 FF FF FF,FF FF FF D0 02 FF FF FF,[],190=90.0/exp 89.9497 VALUE_OK
MATCH,2660,0x0CF00400,61444,81329.0,64991.15,-0.084,FF FF FF AD 02 FF FF FF,FF FF FF AD 02 FF FF FF,[],190=85.625/exp 85.6511 VALUE_OK
MATCH,2661,0x0CF00400,61444,81339.0,65001.149,-0.083,FF FF FF 8C 02 FF FF FF,FF FF FF 8C 02 FF FF FF,[],190=81.5/exp 81.4552 VALUE_OK
MATCH,2662,0x0CF00400,61444,81349.0,65011.164,-0.066,FF FF FF 6B 02 FF FF FF,FF FF FF 6B 02 FF FF FF,[],190=77.375/exp 77.3622 VALUE_OK
MATCH,2663,0x0CF00400,61444,81359.0,65021.131,-0.098,FF FF FF 4B 02 FF FF FF,FF FF FF 4B 02 FF FF FF,[],190=73.375/exp 73.3724 VALUE_OK
MATCH,2664,0x0CF00400,61444,81369.0,65031.123,-0.104,FF FF FF 2C 02 FF FF FF,FF FF FF 2C 02 FF FF FF,[],190=69.5/exp 69.4861 VALUE_OK
MATCH,2665,0x0CF00400,61444,81379.0,65041.114,-0.111,FF FF FF 0E 02 FF FF FF,FF FF FF 0E 02 FF FF FF,[],190=65.75/exp 65.7033 VALUE_OK
MATCH,2666,0x0CF00400,61444,81389.0,65051.116,-0.107,FF FF FF F0 01 FF FF FF,FF FF FF F0 01 FF FF FF,[],190=62.0/exp 62.0245 VALUE_OK
MATCH,2667,0x0CF00400,61444,81399.0,65061.163,-0.057,FF FF FF D4 01 FF FF FF,FF FF FF D4 01 FF FF FF,[],190=58.5/exp 58.4498 VALUE_OK
MATCH,2668,0x0CF00400,61444,81409.0,65071.166,-0.053,FF FF FF B8 01 FF FF FF,FF FF FF B8 01 FF FF FF,[],190=55.0/exp 54.9795 VALUE_OK
MATCH,2669,0x0CF00400,61444,81419.0,65081.149,-0.069,FF FF FF 9D 01 FF FF FF,FF FF FF 9D 01 FF FF FF,[],190=51.625/exp 51.6137 VALUE_OK
MATCH,2670,0x0CF00400,61444,81429.0,65091.147,-0.07,FF FF FF 83 01 FF FF FF,FF FF FF 83 01 FF FF FF,[],190=48.375/exp 48.3526 VALUE_OK
MATCH,2671,0x0CF00400,61444,81439.0,65101.126,-0.089,FF FF FF 6A 01 FF FF FF,FF FF FF 6A 01 FF FF FF,[],190=45.25/exp 45.1966 VALUE_OK
MATCH,2672,0x0CF00400,61444,81449.0,65111.117,-0.097,FF FF FF 51 01 FF FF FF,FF FF FF 51 01 FF FF FF,[],190=42.125/exp 42.1457 VALUE_OK
MATCH,2673,0x0CF00400,61444,81459.0,65121.108,-0.104,FF FF FF 3A 01 FF FF FF,FF FF FF 3A 01 FF FF FF,[],190=39.25/exp 39.2001 VALUE_OK
MATCH,2674,0x0CF00400,61444,81469.0,65131.107,-0.103,FF FF FF 23 01 FF FF FF,FF FF FF 23 01 FF FF FF,[],190=36.375/exp 36.3601 VALUE_OK
MATCH,2675,0x0CF00400,61444,81479.0,65141.154,-0.054,FF FF FF 0D 01 FF FF FF,FF FF FF 0D 01 FF FF FF,[],190=33.625/exp 33.6258 VALUE_OK
MATCH,2676,0x0CF00400,61444,81489.0,65151.126,-0.081,FF FF FF F8 00 FF FF FF,FF FF FF F8 00 FF FF FF,[],190=31.0/exp 30.9973 VALUE_OK
MATCH,2677,0x0CF00400,61444,81499.0,65161.12,-0.085,FF FF FF E4 00 FF FF FF,FF FF FF E4 00 FF FF FF,[],190=28.5/exp 28.4749 VALUE_OK
MATCH,2678,0x0CF00400,61444,81509.0,65171.115,-0.088,FF FF FF D0 00 FF FF FF,FF FF FF D0 00 FF FF FF,[],190=26.0/exp 26.0587 VALUE_OK
MATCH,2679,0x0CF00400,61444,81519.0,65181.114,-0.087,FF FF FF BE 00 FF FF FF,FF FF FF BE 00 FF FF FF,[],190=23.75/exp 23.7488 VALUE_OK
MATCH,2680,0x0CF00400,61444,81529.0,65191.097,-0.103,FF FF FF AC 00 FF FF FF,FF FF FF AC 00 FF FF FF,[],190=21.5/exp 21.5454 VALUE_OK
MATCH,2681,0x0CF00400,61444,81539.0,65201.151,-0.047,FF FF FF 9C 00 FF FF FF,FF FF FF 9C 00 FF FF FF,[],190=19.5/exp 19.4486 VALUE_OK
MATCH,2682,0x0CF00400,61444,81549.0,65211.142,-0.055,FF FF FF 8C 00 FF FF FF,FF FF FF 8C 00 FF FF FF,[],190=17.5/exp 17.4586 VALUE_OK
MATCH,2683,0x0CF00400,61444,81559.0,65221.125,-0.071,FF FF FF 7D 00 FF FF FF,FF FF FF 7D 00 FF FF FF,[],190=15.625/exp 15.5754 VALUE_OK
MATCH,2684,0x0CF00400,61444,81569.0,65231.112,-0.082,FF FF FF 6E 00 FF FF FF,FF FF FF 6E 00 FF FF FF,[],190=13.75/exp 13.7993 VALUE_OK
MATCH,2685,0x0CF00400,61444,81579.0,65241.099,-0.094,FF FF FF 61 00 FF FF FF,FF FF FF 61 00 FF FF FF,[],190=12.125/exp 12.1302 VALUE_OK
MATCH,2686,0x0CF00400,61444,81589.0,65251.09,-0.101,FF FF FF 55 00 FF FF FF,FF FF FF 55 00 FF FF FF,[],190=10.625/exp 10.5683 VALUE_OK
MATCH,2687,0x0CF00400,61444,81599.0,65261.084,-0.105,FF FF FF 49 00 FF FF FF,FF FF FF 49 00 FF FF FF,[],190=9.125/exp 9.1138 VALUE_OK
MATCH,2688,0x0CF00400,61444,81609.0,65271.124,-0.063,FF FF FF 3E 00 FF FF FF,FF FF FF 3E 00 FF FF FF,[],190=7.75/exp 7.7666 VALUE_OK
MATCH,2689,0x0CF00400,61444,81619.0,65281.111,-0.074,FF FF FF 34 00 FF FF FF,FF FF FF 34 00 FF FF FF,[],190=6.5/exp 6.5268 VALUE_OK
MATCH,2690,0x0CF00400,61444,81629.0,65291.094,-0.09,FF FF FF 2B 00 FF FF FF,FF FF FF 2B 00 FF FF FF,[],190=5.375/exp 5.3947 VALUE_OK
MATCH,2691,0x0CF00400,61444,81639.0,65301.085,-0.097,FF FF FF 23 00 FF FF FF,FF FF FF 23 00 FF FF FF,[],190=4.375/exp 4.3701 VALUE_OK
MATCH,2692,0x0CF00400,61444,81649.0,65311.083,-0.097,FF FF FF 1C 00 FF FF FF,FF FF FF 1C 00 FF FF FF,[],190=3.5/exp 3.4532 VALUE_OK
MATCH,2693,0x0CF00400,61444,81659.0,65321.066,-0.112,FF FF FF 15 00 FF FF FF,FF FF FF 15 00 FF FF FF,[],190=2.625/exp 2.6441 VALUE_OK
MATCH,2694,0x0CF00400,61444,81669.0,65331.125,-0.051,FF FF FF 10 00 FF FF FF,FF FF FF 10 00 FF FF FF,[],190=2.0/exp 1.9427 VALUE_OK
MATCH,2695,0x0CF00400,61444,81679.0,65341.116,-0.059,FF FF FF 0B 00 FF FF FF,FF FF FF 0B 00 FF FF FF,[],190=1.375/exp 1.3492 VALUE_OK
MATCH,2696,0x0CF00400,61444,81689.0,65351.107,-0.067,FF FF FF 07 00 FF FF FF,FF FF FF 07 00 FF FF FF,[],190=0.875/exp 0.8635 VALUE_OK
MATCH,2697,0x0CF00400,61444,81699.0,65361.106,-0.066,FF FF FF 04 00 FF FF FF,FF FF FF 04 00 FF FF FF,[],190=0.5/exp 0.4857 VALUE_OK
MATCH,2698,0x0CF00400,61444,81709.0,65371.089,-0.082,FF FF FF 02 00 FF FF FF,FF FF FF 02 00 FF FF FF,[],190=0.25/exp 0.2159 VALUE_OK
UNLOGGED,,0x0CF00400,61444,,65381.083,,,FF FF FF 00 00 FF FF FF,[],
MATCH,2700,0x0CF00400,61444,81729.0,65391.127,-0.042,FF FF FF 00 00 FF FF FF,FF FF FF 00 00 FF FF FF,[],190=0.0/exp 0.0 VALUE_OK
MATCH,2701,0x0CF00400,61444,81739.0,65401.082,-0.087,FF FF FF 00 00 FF FF FF,FF FF FF 00 00 FF FF FF,[],190=0.0/exp 0.054 VALUE_OK
MATCH,2702,0x0CF00400,61444,81749.0,65411.073,-0.094,FF FF FF 02 00 FF FF FF,FF FF FF 02 00 FF FF FF,[],190=0.25/exp 0.2159 VALUE_OK
MATCH,2703,0x0CF00400,61444,81759.0,65421.071,-0.094,FF FF FF 04 00 FF FF FF,FF FF FF 04 00 FF FF FF,[],190=0.5/exp 0.4857 VALUE_OK
MATCH,2704,0x0CF00400,61444,81769.0,65431.119,-0.044,FF FF FF 07 00 FF FF FF,FF FF FF 07 00 FF FF FF,[],190=0.875/exp 0.8635 VALUE_OK
MATCH,2705,0x0CF00400,61444,81779.0,65441.105,-0.057,FF FF FF 0B 00 FF FF FF,FF FF FF 0B 00 FF FF FF,[],190=1.375/exp 1.3492 VALUE_OK
UNLOGGED,,0x0CF00400,61444,,65451.1,,,FF FF FF 10 00 FF FF FF,[],
MATCH,2707,0x0CF00400,61444,81799.0,65461.083,-0.078,FF FF FF 15 00 FF FF FF,FF FF FF 15 00 FF FF FF,[],190=2.625/exp 2.6441 VALUE_OK
MATCH,2708,0x0CF00400,61444,81809.0,65471.081,-0.079,FF FF FF 1C 00 FF FF FF,FF FF FF 1C 00 FF FF FF,[],190=3.5/exp 3.4532 VALUE_OK
MATCH,2709,0x0CF00400,61444,81819.0,65481.064,-0.094,FF FF FF 23 00 FF FF FF,FF FF FF 23 00 FF FF FF,[],190=4.375/exp 4.3701 VALUE_OK
MATCH,2710,0x0CF00400,61444,81829.0,65491.055,-0.101,FF FF FF 2B 00 FF FF FF,FF FF FF 2B 00 FF FF FF,[],190=5.375/exp 5.3947 VALUE_OK
MATCH,2711,0x0CF00400,61444,81839.0,65501.054,-0.1,FF FF FF 34 00 FF FF FF,FF FF FF 34 00 FF FF FF,[],190=6.5/exp 6.5268 VALUE_OK
MATCH,2712,0x0CF00400,61444,81849.0,65511.05,-0.102,FF FF FF 3E 00 FF FF FF,FF FF FF 3E 00 FF FF FF,[],190=7.75/exp 7.7666 VALUE_OK
MATCH,2713,0x0CF00400,61444,81859.0,65521.069,-0.081,FF FF FF 49 00 FF FF FF,FF FF FF 49 00 FF FF FF,[],190=9.125/exp 9.1138 VALUE_OK
MATCH,2714,0x0CF00400,61444,81869.0,65531.059,-0.089,FF FF FF 55 00 FF FF FF,FF FF FF 55 00 FF FF FF,[],190=10.625/exp 10.5683 VALUE_OK
MATCH,2715,0x0CF00400,61444,81879.0,65541.05,-0.097,FF FF FF 61 00 FF FF FF,FF FF FF 61 00 FF FF FF,[],190=12.125/exp 12.1302 VALUE_OK
MATCH,2716,0x0CF00400,61444,81889.0,65551.045,-0.1,FF FF FF 6E 00 FF FF FF,FF FF FF 6E 00 FF FF FF,[],190=13.75/exp 13.7993 VALUE_OK
MATCH,2717,0x0CF00400,61444,81899.0,65561.104,-0.039,FF FF FF 7D 00 FF FF FF,FF FF FF 7D 00 FF FF FF,[],190=15.625/exp 15.5754 VALUE_OK
MATCH,2718,0x0CF00400,61444,81909.0,65571.103,-0.039,FF FF FF 8C 00 FF FF FF,FF FF FF 8C 00 FF FF FF,[],190=17.5/exp 17.4586 VALUE_OK
MATCH,2719,0x0CF00400,61444,81919.0,65581.089,-0.052,FF FF FF 9C 00 FF FF FF,FF FF FF 9C 00 FF FF FF,[],190=19.5/exp 19.4486 VALUE_OK
MATCH,2720,0x0CF00400,61444,81929.0,65591.084,-0.056,FF FF FF AC 00 FF FF FF,FF FF FF AC 00 FF FF FF,[],190=21.5/exp 21.5454 VALUE_OK
MATCH,2721,0x0CF00400,61444,81939.0,65601.075,-0.064,FF FF FF BE 00 FF FF FF,FF FF FF BE 00 FF FF FF,[],190=23.75/exp 23.7488 VALUE_OK
MATCH,2722,0x0CF00400,61444,81949.0,65611.058,-0.08,FF FF FF D0 00 FF FF FF,FF FF FF D0 00 FF FF FF,[],190=26.0/exp 26.0587 VALUE_OK
MATCH,2723,0x0CF00400,61444,81959.0,65621.049,-0.087,FF FF FF E4 00 FF FF FF,FF FF FF E4 00 FF FF FF,[],190=28.5/exp 28.4749 VALUE_OK
MATCH,2724,0x0CF00400,61444,81969.0,65631.04,-0.094,FF FF FF F8 00 FF FF FF,FF FF FF F8 00 FF FF FF,[],190=31.0/exp 30.9973 VALUE_OK
MATCH,2725,0x0CF00400,61444,81979.0,65641.027,-0.105,FF FF FF 0D 01 FF FF FF,FF FF FF 0D 01 FF FF FF,[],190=33.625/exp 33.6258 VALUE_OK
MATCH,2726,0x0CF00400,61444,81989.0,65651.062,-0.068,FF FF FF 23 01 FF FF FF,FF FF FF 23 01 FF FF FF,[],190=36.375/exp 36.3601 VALUE_OK
MATCH,2727,0x0CF00400,61444,81999.0,65661.045,-0.084,FF FF FF 3A 01 FF FF FF,FF FF FF 3A 01 FF FF FF,[],190=39.25/exp 39.2001 VALUE_OK
MATCH,2728,0x0CF00400,61444,82009.0,65671.04,-0.087,FF FF FF 51 01 FF FF FF,FF FF FF 51 01 FF FF FF,[],190=42.125/exp 42.1457 VALUE_OK
MATCH,2729,0x0CF00400,61444,82019.0,65681.031,-0.095,FF FF FF 6A 01 FF FF FF,FF FF FF 6A 01 FF FF FF,[],190=45.25/exp 45.1966 VALUE_OK
MATCH,2730,0x0CF00400,61444,82029.0,65691.029,-0.095,FF FF FF 83 01 FF FF FF,FF FF FF 83 01 FF FF FF,[],190=48.375/exp 48.3526 VALUE_OK
MATCH,2731,0x0CF00400,61444,82039.0,65701.076,-0.046,FF FF FF 9D 01 FF FF FF,FF FF FF 9D 01 FF FF FF,[],190=51.625/exp 51.6137 VALUE_OK
MATCH,2732,0x0CF00400,61444,82049.0,65711.079,-0.042,FF FF FF B8 01 FF FF FF,FF FF FF B8 01 FF FF FF,[],190=55.0/exp 54.9795 VALUE_OK
MATCH,2733,0x0CF00400,61444,82059.0,65721.062,-0.058,FF FF FF D4 01 FF FF FF,FF FF FF D4 01 FF FF FF,[],190=58.5/exp 58.4498 VALUE_OK
MATCH,2734,0x0CF00400,61444,82069.0,65731.057,-0.062,FF FF FF F0 01 FF FF FF,FF FF FF F0 01 FF FF FF,[],190=62.0/exp 62.0245 VALUE_OK
MATCH,2735,0x0CF00400,61444,82079.0,65741.032,-0.086,FF FF FF 0E 02 FF FF FF,FF FF FF 0E 02 FF FF FF,[],190=65.75/exp 65.7033 VALUE_OK
MATCH,2736,0x0CF00400,61444,82089.0,65751.031,-0.085,FF FF FF 2C 02 FF FF FF,FF FF FF 2C 02 FF FF FF,[],190=69.5/exp 69.4861 VALUE_OK
MATCH,2737,0x0CF00400,61444,82099.0,65761.022,-0.092,FF FF FF 4B 02 FF FF FF,FF FF FF 4B 02 FF FF FF,[],190=73.375/exp 73.3724 VALUE_OK
MATCH,2738,0x0CF00400,61444,82109.0,65771.045,-0.067,FF FF FF 6B 02 FF FF FF,FF FF FF 6B 02 FF FF FF,[],190=77.375/exp 77.3622 VALUE_OK
MATCH,2739,0x0CF00400,61444,82119.0,65781.04,-0.071,FF FF FF 8C 02 FF FF FF,FF FF FF 8C 02 FF FF FF,[],190=81.5/exp 81.4552 VALUE_OK
MATCH,2740,0x0CF00400,61444,82129.0,65791.039,-0.071,FF FF FF AD 02 FF FF FF,FF FF FF AD 02 FF FF FF,[],190=85.625/exp 85.6511 VALUE_OK
MATCH,2741,0x0CF00400,61444,82139.0,65801.045,-0.063,FF FF FF D0 02 FF FF FF,FF FF FF D0 02 FF FF FF,[],190=90.0/exp 89.9497 VALUE_OK
MATCH,2742,0x0CF00400,61444,82149.0,65811.044,-0.063,FF FF FF F3 02 FF FF FF,FF FF FF F3 02 FF FF FF,[],190=94.375/exp 94.3506 VALUE_OK
MATCH,2743,0x0CF00400,61444,82159.0,65821.035,-0.071,FF FF FF 17 03 FF FF FF,FF FF FF 17 03 FF FF FF,[],190=98.875/exp 98.8537 VALUE_OK
MATCH,2744,0x0CF00400,61444,82169.0,65831.034,-0.07,FF FF FF 3C 03 FF FF FF,FF FF FF 3C 03 FF FF FF,[],190=103.5/exp 103.4587 VALUE_OK
MATCH,2745,0x0CF00400,61444,82179.0,65841.037,-0.066,FF FF FF 61 03 FF FF FF,FF FF FF 61 03 FF FF FF,[],190=108.125/exp 108.1652 VALUE_OK
MATCH,2746,0x0CF00400,61444,82189.0,65851.032,-0.07,FF FF FF 88 03 FF FF FF,FF FF FF 88 03 FF FF FF,[],190=113.0/exp 112.9729 VALUE_OK
MATCH,2747,0x0CF00400,61444,82199.0,65861.03,-0.07,FF FF FF AF 03 FF FF FF,FF FF FF AF 03 FF FF FF,[],190=117.875/exp 117.8817 VALUE_OK
MATCH,2748,0x0CF00400,61444,82209.0,65871.029,-0.07,FF FF FF D7 03 FF FF FF,FF FF FF D7 03 FF FF FF,[],190=122.875/exp 122.8911 VALUE_OK
MATCH,2749,0x0CF00400,61444,82219.0,65881.033,-0.064,FF FF FF 00 04 FF FF FF,FF FF FF 00 04 FF FF FF,[],190=128.0/exp 128.001 VALUE_OK
MATCH,2750,0x0CF00400,61444,82229.0,65891.016,-0.08,FF FF FF 2A 04 FF FF FF,FF FF FF 2A 04 FF FF FF,[],190=133.25/exp 133.2108 VALUE_OK
MATCH,2751,0x0CF00400,61444,82239.0,65900.995,-0.099,FF FF FF 54 04 FF FF FF,FF FF FF 54 04 FF FF FF,[],190=138.5/exp 138.5204 VALUE_OK
MATCH,2752,0x0CF00400,61444,82249.0,65910.997,-0.095,FF FF FF 7F 04 FF FF FF,FF FF FF 7F 04 FF FF FF,[],190=143.875/exp 143.9294 VALUE_OK
MATCH,2753,0x0CF00400,61444,82259.0,65921.0,-0.091,FF FF FF AC 04 FF FF FF,FF FF FF AC 04 FF FF FF,[],190=149.5/exp 149.4375 VALUE_OK
MATCH,2754,0x0CF00400,61444,82269.0,65930.995,-0.094,FF FF FF D8 04 FF FF FF,FF FF FF D8 04 FF FF FF,[],190=155.0/exp 155.0443 VALUE_OK
MATCH,2755,0x0CF00400,61444,82279.0,65941.014,-0.073,FF FF FF 06 05 FF FF FF,FF FF FF 06 05 FF FF FF,[],190=160.75/exp 160.7494 VALUE_OK
MATCH,2756,0x0CF00400,61444,82289.0,65951.009,-0.076,FF FF FF 34 05 FF FF FF,FF FF FF 34 05 FF FF FF,[],190=166.5/exp 166.5527 VALUE_OK
MATCH,2757,0x0CF00400,61444,82299.0,65961.012,-0.072,FF FF FF 64 05 FF FF FF,FF FF FF 64 05 FF FF FF,[],190=172.5/exp 172.4535 VALUE_OK
MATCH,2758,0x0CF00400,61444,82309.0,65971.01,-0.072,FF FF FF 94 05 FF FF FF,FF FF FF 94 05 FF FF FF,[],190=178.5/exp 178.4517 VALUE_OK
MATCH,2759,0x0CF00400,61444,82319.0,65981.005,-0.076,FF FF FF C4 05 FF FF FF,FF FF FF C4 05 FF FF FF,[],190=184.5/exp 184.5469 VALUE_OK
MATCH,2760,0x0CF00400,61444,82329.0,65991.016,-0.063,FF FF FF F6 05 FF FF FF,FF FF FF F6 05 FF FF FF,[],190=190.75/exp 190.7386 VALUE_OK
MATCH,2761,0x0CF00400,61444,82339.0,66001.02,-0.058,FF FF FF 28 06 FF FF FF,FF FF FF 28 06 FF FF FF,[],190=197.0/exp 197.0265 VALUE_OK
MATCH,2762,0x0CF00400,61444,82349.0,66011.035,-0.042,FF FF FF 5B 06 FF FF FF,FF FF FF 5B 06 FF FF FF,[],190=203.375/exp 203.4101 VALUE_OK
MATCH,2763,0x0CF00400,61444,82359.0,66021.018,-0.058,FF FF FF 8F 06 FF FF FF,FF FF FF 8F 06 FF FF FF,[],190=209.875/exp 209.8892 VALUE_OK
MATCH,2764,0x0CF00400,61444,82369.0,66031.02,-0.055,FF FF FF C4 06 FF FF FF,FF FF FF C4 06 FF FF FF,[],190=216.5/exp 216.4633 VALUE_OK
MATCH,2765,0x0CF00400,61444,82379.0,66041.035,-0.039,FF FF FF F9 06 FF FF FF,FF FF FF F9 06 FF FF FF,[],190=223.125/exp 223.132 VALUE_OK
MATCH,2766,0x0CF00400,61444,82389.0,66050.99,-0.083,FF FF FF 2F 07 FF FF FF,FF FF FF 2F 07 FF FF FF,[],190=229.875/exp 229.8948 VALUE_OK
MATCH,2767,0x0CF00400,61444,82399.0,66061.001,-0.07,FF FF FF 66 07 FF FF FF,FF FF FF 66 07 FF FF FF,[],190=236.75/exp 236.7515 VALUE_OK
MATCH,2768,0x0CF00400,61444,82409.0,66071.015,-0.055,FF FF FF 9E 07 FF FF FF,FF FF FF 9E 07 FF FF FF,[],190=243.75/exp 243.7015 VALUE_OK
MATCH,2769,0x0CF00400,61444,82419.0,66081.034,-0.035,FF FF FF D6 07 FF FF FF,FF FF FF D6 07 FF FF FF,[],190=250.75/exp 250.7443 VALUE_OK
MATCH,2770,0x0CF00400,61444,82429.0,66091.025,-0.043,FF FF FF 0F 08 FF FF FF,FF FF FF 0F 08 FF FF FF,[],190=257.875/exp 257.8797 VALUE_OK
MATCH,2771,0x0CF00400,61444,82439.0,66101.028,-0.039,FF FF FF 49 08 FF FF FF,FF FF FF 49 08 FF FF FF,[],190=265.125/exp 265.1071 VALUE_OK
MATCH,2772,0x0CF00400,61444,82449.0,66110.983,-0.084,FF FF FF 83 08 FF FF FF,FF FF FF 83 08 FF FF FF,[],190=272.375/exp 272.4261 VALUE_OK
MATCH,2773,0x0CF00400,61444,82459.0,66120.995,-0.07,FF FF FF BF 08 FF FF FF,FF FF FF BF 08 FF FF FF,[],190=279.875/exp 279.8363 VALUE_OK
MATCH,2774,0x0CF00400,61444,82469.0,66130.99,-0.074,FF FF FF FB 08 FF FF FF,FF FF FF FB 08 FF FF FF,[],190=287.375/exp 287.3371 VALUE_OK
MATCH,2775,0x0CF00400,61444,82479.0,66140.98,-0.082,FF FF FF 37 09 FF FF FF,FF FF FF 37 09 FF FF FF,[],190=294.875/exp 294.9282 VALUE_OK
MATCH,2776,0x0CF00400,61444,82489.0,66150.963,-0.097,FF FF FF 75 09 FF FF FF,FF FF FF 75 09 FF FF FF,[],190=302.625/exp 302.609 VALUE_OK
MATCH,2777,0x0CF00400,61444,82499.0,66160.966,-0.092,FF FF FF B3 09 FF FF FF,FF FF FF B3 09 FF FF FF,[],190=310.375/exp 310.3791 VALUE_OK
MATCH,2778,0x0CF00400,61444,82509.0,66170.985,-0.072,FF FF FF F2 09 FF FF FF,FF FF FF F2 09 FF FF FF,[],190=318.25/exp 318.238 VALUE_OK
MATCH,2779,0x0CF00400,61444,82519.0,66180.995,-0.06,FF FF FF 31 0A FF FF FF,FF FF FF 31 0A FF FF FF,[],190=326.125/exp 326.1852 VALUE_OK
MATCH,2780,0x0CF00400,61444,82529.0,66190.99,-0.064,FF FF FF 72 0A FF FF FF,FF FF FF 72 0A FF FF FF,[],190=334.25/exp 334.2203 VALUE_OK
MATCH,2781,0x0CF00400,61444,82539.0,66200.997,-0.056,FF FF FF B3 0A FF FF FF,FF FF FF B3 0A FF FF FF,[],190=342.375/exp 342.3426 VALUE_OK
MATCH,2782,0x0CF00400,61444,82549.0,66210.992,-0.06,FF FF FF F4 0A FF FF FF,FF FF FF F4 0A FF FF FF,[],190=350.5/exp 350.5518 VALUE_OK
MATCH,2783,0x0CF00400,61444,82559.0,66220.991,-0.059,FF FF FF 37 0B FF FF FF,FF FF FF 37 0B FF FF FF,[],190=358.875/exp 358.8474 VALUE_OK
MATCH,2784,0x0CF00400,61444,82569.0,66230.99,-0.059,FF FF FF 7A 0B FF FF FF,FF FF FF 7A 0B FF FF FF,[],190=367.25/exp 367.2287 VALUE_OK
MATCH,2785,0x0CF00400,61444,82579.0,66240.994,-0.054,FF FF FF BE 0B FF FF FF,FF FF FF BE 0B FF FF FF,[],190=375.75/exp 375.6954 VALUE_OK
MATCH,2786,0x0CF00400,61444,82589.0,66250.992,-0.055,FF FF FF 02 0C FF FF FF,FF FF FF 02 0C FF FF FF,[],190=384.25/exp 384.2468 VALUE_OK
MATCH,2787,0x0CF00400,61444,82599.0,66260.975,-0.071,FF FF FF 47 0C FF FF FF,FF FF FF 47 0C FF FF FF,[],190=392.875/exp 392.8824 VALUE_OK
MATCH,2788,0x0CF00400,61444,82609.0,66270.97,-0.074,FF FF FF 8D 0C FF FF FF,FF FF FF 8D 0C FF FF FF,[],190=401.625/exp 401.6018 VALUE_OK
MATCH,2789,0x0CF00400,61444,82619.0,66280.989,-0.054,FF FF FF D3 0C FF FF FF,FF FF FF D3 0C FF FF FF,[],190=410.375/exp 410.4044 VALUE_OK
MATCH,2790,0x0CF00400,61444,82629.0,66290.999,-0.043,FF FF FF 1A 0D FF FF FF,FF FF FF 1A 0D FF FF FF,[],190=419.25/exp 419.2896 VALUE_OK
MATCH,2791,0x0CF00400,61444,82639.0,66301.003,-0.038,FF FF FF 62 0D FF FF FF,FF FF FF 62 0D FF FF FF,[],190=428.25/exp 428.2568 VALUE_OK
MATCH,2792,0x0CF00400,61444,82649.0,66311.001,-0.039,FF FF FF AA 0D FF FF FF,FF FF FF AA 0D FF FF FF,[],190=437.25/exp 437.3056 VALUE_OK
MATCH,2793,0x0CF00400,61444,82659.0,66321.0,-0.039,FF FF FF F3 0D FF FF FF,FF FF FF F3 0D FF FF FF,[],190=446.375/exp 446.4354 VALUE_OK
MATCH,2794,0x0CF00400,61444,82669.0,66330.987,-0.052,FF FF FF 3D 0E FF FF FF,FF FF FF 3D 0E FF FF FF,[],190=455.625/exp 455.6456 VALUE_OK
MATCH,2795,0x0CF00400,61444,82679.0,66340.994,-0.044,FF FF FF 87 0E FF FF FF,FF FF FF 87 0E FF FF FF,[],190=464.875/exp 464.9356 VALUE_OK
MATCH,2796,0x0CF00400,61444,82689.0,66350.992,-0.045,FF FF FF D2 0E FF FF FF,FF FF FF D2 0E FF FF FF,[],190=474.25/exp 474.3049 VALUE_OK
MATCH,2797,0x0CF00400,61444,82699.0,66360.992,-0.044,FF FF FF 1E 0F FF FF FF,FF FF FF 1E 0F FF FF FF,[],190=483.75/exp 483.7529 VALUE_OK
MATCH,2798,0x0CF00400,61444,82709.0,66370.995,-0.04,FF FF FF 6A 0F FF FF FF,FF FF FF 6A 0F FF FF FF,[],190=493.25/exp 493.279 VALUE_OK
MATCH,2799,0x0CF00400,61444,82719.0,66380.99,-0.044,FF FF FF B7 0F FF FF FF,FF FF FF B7 0F FF FF FF,[],190=502.875/exp 502.8826 VALUE_OK
MATCH,2800,0x0CF00400,61444,82729.0,66390.973,-0.06,FF FF FF 05 10 FF FF FF,FF FF FF 05 10 FF FF FF,[],190=512.625/exp 512.5631 VALUE_OK
MATCH,2801,0x0CF00400,61444,82739.0,66400.931,-0.101,FF FF FF 53 10 FF FF FF,FF FF FF 53 10 FF FF FF,[],190=522.375/exp 522.32 VALUE_OK
MATCH,2802,0x0CF00400,61444,82749.0,66410.926,-0.104,FF FF FF A1 10 FF FF FF,FF FF FF A1 10 FF FF FF,[],190=532.125/exp 532.1526 VALUE_OK
MATCH,2803,0x0CF00400,61444,82759.0,66420.921,-0.107,FF FF FF F0 10 FF FF FF,FF FF FF F0 10 FF FF FF,[],190=542.0/exp 542.0603 VALUE_OK
MATCH,2804,0x0CF00400,61444,82769.0,66430.976,-0.05,FF FF FF 40 11 FF FF FF,FF FF FF 40 11 FF FF FF,[],190=552.0/exp 552.0426 VALUE_OK
MATCH,2805,0x0CF00400,61444,82779.0,66440.967,-0.058,FF FF FF 91 11 FF FF FF,FF FF FF 91 11 FF FF FF,[],190=562.125/exp 562.0987 VALUE_OK
MATCH,2806,0x0CF00400,61444,82789.0,66450.958,-0.066,FF FF FF E2 11 FF FF FF,FF FF FF E2 11 FF FF FF,[],190=572.25/exp 572.2281 VALUE_OK
MATCH,2807,0x0CF00400,61444,82799.0,66460.945,-0.077,FF FF FF 33 12 FF FF FF,FF FF FF 33 12 FF FF FF,[],190=582.375/exp 582.4302 VALUE_OK
MATCH,2808,0x0CF00400,61444,82809.0,66470.955,-0.066,FF FF FF 86 12 FF FF FF,FF FF FF 86 12 FF FF FF,[],190=592.75/exp 592.7042 VALUE_OK
MATCH,2809,0x0CF00400,61444,82819.0,66480.951,-0.069,FF FF FF D8 12 FF FF FF,FF FF FF D8 12 FF FF FF,[],190=603.0/exp 603.0497 VALUE_OK
MATCH,2810,0x0CF00400,61444,82829.0,66490.938,-0.08,FF FF FF 2C 13 FF FF FF,FF FF FF 2C 13 FF FF FF,[],190=613.5/exp 613.4659 VALUE_OK
MATCH,2811,0x0CF00400,61444,82839.0,66500.941,-0.076,FF FF FF 80 13 FF FF FF,FF FF FF 80 13 FF FF FF,[],190=624.0/exp 623.9522 VALUE_OK
MATCH,2812,0x0CF00400,61444,82849.0,66510.928,-0.087,FF FF FF D4 13 FF FF FF,FF FF FF D4 13 FF FF FF,[],190=634.5/exp 634.508 VALUE_OK
MATCH,2813,0x0CF00400,61444,82859.0,66520.942,-0.071,FF FF FF 29 14 FF FF FF,FF FF FF 29 14 FF FF FF,[],190=645.125/exp 645.1326 VALUE_OK
UNLOGGED,,0x0CF00400,61444,,66530.945,,,FF FF FF 7F 14 FF FF FF,[],
MATCH,2815,0x0CF00400,61444,82879.0,66540.932,-0.08,FF FF FF D5 14 FF FF FF,FF FF FF D5 14 FF FF FF,[],190=666.625/exp 666.5856 VALUE_OK
MATCH,2816,0x0CF00400,61444,82889.0,66550.931,-0.079,FF FF FF 2B 15 FF FF FF,FF FF FF 2B 15 FF FF FF,[],190=677.375/exp 677.4127 VALUE_OK
MATCH,2817,0x0CF00400,61444,82899.0,66560.921,-0.088,FF FF FF 82 15 FF FF FF,FF FF FF 82 15 FF FF FF,[],190=688.25/exp 688.3059 VALUE_OK
MATCH,2818,0x0CF00400,61444,82909.0,66570.908,-0.099,FF FF FF DA 15 FF FF FF,FF FF FF DA 15 FF FF FF,[],190=699.25/exp 699.2646 VALUE_OK
MATCH,2819,0x0CF00400,61444,82919.0,66580.895,-0.11,FF FF FF 32 16 FF FF FF,FF FF FF 32 16 FF FF FF,[],190=710.25/exp 710.2881 VALUE_OK
MATCH,2820,0x0CF00400,61444,82929.0,66590.958,-0.045,FF FF FF 8B 16 FF FF FF,FF FF FF 8B 16 FF FF FF,[],190=721.375/exp 721.3758 VALUE_OK
MATCH,2821,0x0CF00400,61444,82939.0,66600.958,-0.044,FF FF FF E4 16 FF FF FF,FF FF FF E4 16 FF FF FF,[],190=732.5/exp 732.5269 VALUE_OK
MATCH,2822,0x0CF00400,61444,82949.0,66610.945,-0.056,FF FF FF 3E 17 FF FF FF,FF FF FF 3E 17 FF FF FF,[],190=743.75/exp 743.7408 VALUE_OK
MATCH,2823,0x0CF00400,61444,82959.0,66620.94,-0.06,FF FF FF 98 17 FF FF FF,FF FF FF 98 17 FF FF FF,[],190=755.0/exp 755.0168 VALUE_OK
MATCH,2824,0x0CF00400,61444,82969.0,66630.926,-0.073,FF FF FF F3 17 FF FF FF,FF FF FF F3 17 FF FF FF,[],190=766.375/exp 766.3541 VALUE_OK
MATCH,2825,0x0CF00400,61444,82979.0,66640.909,-0.088,FF FF FF 4E 18 FF FF FF,FF FF FF 4E 18 FF FF FF,[],190=777.75/exp 777.7521 VALUE_OK
MATCH,2826,0x0CF00400,61444,82989.0,66650.944,-0.051,FF FF FF AA 18 FF FF FF,FF FF FF AA 18 FF FF FF,[],190=789.25/exp 789.2101 VALUE_OK
MATCH,2827,0x0CF00400,61444,82999.0,66660.943,-0.051,FF FF FF 06 19 FF FF FF,FF FF FF 06 19 FF FF FF,[],190=800.75/exp 800.7273 VALUE_OK
MATCH,2828,0x0CF00400,61444,83009.0,66670.934,-0.059,FF FF FF 62 19 FF FF FF,FF FF FF 62 19 FF FF FF,[],190=812.25/exp 812.3031 VALUE_OK
MATCH,2829,0x0CF00400,61444,83019.0,66680.936,-0.056,FF FF FF C0 19 FF FF FF,FF FF FF C0 19 FF FF FF,[],190=824.0/exp 823.9367 VALUE_OK
MATCH,2830,0x0CF00400,61444,83029.0,66690.919,-0.072,FF FF FF 1D 1A FF FF FF,FF FF FF 1D 1A FF FF FF,[],190=835.625/exp 835.6275 VALUE_OK
MATCH,2831,0x0CF00400,61444,83039.0,66700.906,-0.084,FF FF FF 7B 1A FF FF FF,FF FF FF 7B 1A FF FF FF,[],190=847.375/exp 847.3747 VALUE_OK
MATCH,2832,0x0CF00400,61444,83049.0,66710.905,-0.083,FF FF FF D9 1A FF FF FF,FF FF FF D9 1A FF FF FF,[],190=859.125/exp 859.1775 VALUE_OK
MATCH,2833,0x0CF00400,61444,83059.0,66720.901,-0.085,FF FF FF 38 1B FF FF FF,FF FF FF 38 1B FF FF FF,[],190=871.0/exp 871.0353 VALUE_OK
MATCH,2834,0x0CF00400,61444,83069.0,66730.904,-0.081,FF FF FF 98 1B FF FF FF,FF FF FF 98 1B FF FF FF,[],190=883.0/exp 882.9473 VALUE_OK
MATCH,2835,0x0CF00400,61444,83079.0,66740.911,-0.072,FF FF FF F7 1B FF FF FF,FF FF FF F7 1B FF FF FF,[],190=894.875/exp 894.9128 VALUE_OK
MATCH,2836,0x0CF00400,61444,83089.0,66750.918,-0.064,FF FF FF 57 1C FF FF FF,FF FF FF 57 1C FF FF FF,[],190=906.875/exp 906.9311 VALUE_OK
MATCH,2837,0x0CF00400,61444,83099.0,66760.924,-0.056,FF FF FF B8 1C FF FF FF,FF FF FF B8 1C FF FF FF,[],190=919.0/exp 919.0013 VALUE_OK
MATCH,2838,0x0CF00400,61444,83109.0,66770.883,-0.096,FF FF FF 19 1D FF FF FF,FF FF FF 19 1D FF FF FF,[],190=931.125/exp 931.1228 VALUE_OK
MATCH,2839,0x0CF00400,61444,83119.0,66780.878,-0.099,FF FF FF 7A 1D FF FF FF,FF FF FF 7A 1D FF FF FF,[],190=943.25/exp 943.2948 VALUE_OK
MATCH,2840,0x0CF00400,61444,83129.0,66790.876,-0.099,FF FF FF DC 1D FF FF FF,FF FF FF DC 1D FF FF FF,[],190=955.5/exp 955.5166 VALUE_OK
MATCH,2841,0x0CF00400,61444,83139.0,66800.935,-0.038,FF FF FF 3E 1E FF FF FF,FF FF FF 3E 1E FF FF FF,[],190=967.75/exp 967.7874 VALUE_OK
MATCH,2842,0x0CF00400,61444,83149.0,66810.91,-0.063,FF FF FF A1 1E FF FF FF,FF FF FF A1 1E FF FF FF,[],190=980.125/exp 980.1065 VALUE_OK
MATCH,2843,0x0CF00400,61444,83159.0,66820.917,-0.054,FF FF FF 04 1F FF FF FF,FF FF FF 04 1F FF FF FF,[],190=992.5/exp 992.473 VALUE_OK
MATCH,2844,0x0CF00400,61444,83169.0,66830.896,-0.074,FF FF FF 67 1F FF FF FF,FF FF FF 67 1F FF FF FF,[],190=1004.875/exp 1004.8862 VALUE_OK
MATCH,2845,0x0CF00400,61444,83179.0,66840.899,-0.07,FF FF FF CB 1F FF FF FF,FF FF FF CB 1F FF FF FF,[],190=1017.375/exp 1017.3455 VALUE_OK
MATCH,2846,0x0CF00400,61444,83189.0,66850.882,-0.085,FF FF FF 2F 20 FF FF FF,FF FF FF 2F 20 FF FF FF,[],190=1029.875/exp 1029.8499 VALUE_OK
MATCH,2847,0x0CF00400,61444,83199.0,66860.917,-0.049,FF FF FF 93 20 FF FF FF,FF FF FF 93 20 FF FF FF,[],190=1042.375/exp 1042.3987 VALUE_OK
MATCH,2848,0x0CF00400,61444,83209.0,66870.892,-0.073,FF FF FF F8 20 FF FF FF,FF FF FF F8 20 FF FF FF,[],190=1055.0/exp 1054.9912 VALUE_OK
MATCH,2849,0x0CF00400,61444,83219.0,66880.855,-0.108,FF FF FF 5D 21 FF FF FF,FF FF FF 5D 21 FF FF FF,[],190=1067.625/exp 1067.6265 VALUE_OK
MATCH,2850,0x0CF00400,61444,83229.0,66890.893,-0.068,FF FF FF C2 21 FF FF FF,FF FF FF C2 21 FF FF FF,[],190=1080.25/exp 1080.304 VALUE_OK
MATCH,2851,0x0CF00400,61444,83239.0,66900.904,-0.056,FF FF FF 28 22 FF FF FF,FF FF FF 28 22 FF FF FF,[],190=1093.0/exp 1093.0228 VALUE_OK
MATCH,2852,0x0CF00400,61444,83249.0,66910.871,-0.088,FF FF FF 8E 22 FF FF FF,FF FF FF 8E 22 FF FF FF,[],190=1105.75/exp 1105.782 VALUE_OK
MATCH,2853,0x0CF00400,61444,83259.0,66920.914,-0.043,FF FF FF F5 22 FF FF FF,FF FF FF F5 22 FF FF FF,[],190=1118.625/exp 1118.5811 VALUE_OK
MATCH,2854,0x0CF00400,61444,83269.0,66930.877,-0.079,FF FF FF 5B 23 FF FF FF,FF FF FF 5B 23 FF FF FF,[],190=1131.375/exp 1131.419 VALUE_OK
MATCH,2855,0x0CF00400,61444,83279.0,66940.86,-0.094,FF FF FF C2 23 FF FF FF,FF FF FF C2 23 FF FF FF,[],190=1144.25/exp 1144.2952 VALUE_OK
MATCH,2856,0x0CF00400,61444,83289.0,66950.882,-0.07,FF FF FF 2A 24 FF FF FF,FF FF FF 2A 24 FF FF FF,[],190=1157.25/exp 1157.2086 VALUE_OK
MATCH,2857,0x0CF00400,61444,83299.0,66960.866,-0.085,FF FF FF 91 24 FF FF FF,FF FF FF 91 24 FF FF FF,[],190=1170.125/exp 1170.1587 VALUE_OK
MATCH,2858,0x0CF00400,61444,83309.0,66970.893,-0.056,FF FF FF F9 24 FF FF FF,FF FF FF F9 24 FF FF FF,[],190=1183.125/exp 1183.1445 VALUE_OK
MATCH,2859,0x0CF00400,61444,83319.0,66980.868,-0.08,FF FF FF 61 25 FF FF FF,FF FF FF 61 25 FF FF FF,[],190=1196.125/exp 1196.1653 VALUE_OK
MATCH,2860,0x0CF00400,61444,83329.0,66990.903,-0.044,FF FF FF CA 25 FF FF FF,FF FF FF CA 25 FF FF FF,[],190=1209.25/exp 1209.2203 VALUE_OK
MATCH,2861,0x0CF00400,61444,83339.0,67000.873,-0.073,FF FF FF 32 26 FF FF FF,FF FF FF 32 26 FF FF FF,[],190=1222.25/exp 1222.3086 VALUE_OK
MATCH,2862,0x0CF00400,61444,83349.0,67010.849,-0.095,FF FF FF 9B 26 FF FF FF,FF FF FF 9B 26 FF FF FF,[],190=1235.375/exp 1235.4294 VALUE_OK
MATCH,2863,0x0CF00400,61444,83359.0,67020.855,-0.087,FF FF FF 05 27 FF FF FF,FF FF FF 05 27 FF FF FF,[],190=1248.625/exp 1248.582 VALUE_OK
MATCH,2864,0x0CF00400,61444,83369.0,67030.886,-0.055,FF FF FF 6E 27 FF FF FF,FF FF FF 6E 27 FF FF FF,[],190=1261.75/exp 1261.7656 VALUE_OK
MATCH,2865,0x0CF00400,61444,83379.0,67040.869,-0.071,FF FF FF D8 27 FF FF FF,FF FF FF D8 27 FF FF FF,[],190=1275.0/exp 1274.9792 VALUE_OK
MATCH,2866,0x0CF00400,61444,83389.0,67050.828,-0.11,FF FF FF 42 28 FF FF FF,FF FF FF 42 28 FF FF FF,[],190=1288.25/exp 1288.2222 VALUE_OK
MATCH,2867,0x0CF00400,61444,83399.0,67060.87,-0.066,FF FF FF AC 28 FF FF FF,FF FF FF AC 28 FF FF FF,[],190=1301.5/exp 1301.4936 VALUE_OK
MATCH,2868,0x0CF00400,61444,83409.0,67070.841,-0.094,FF FF FF 16 29 FF FF FF,FF FF FF 16 29 FF FF FF,[],190=1314.75/exp 1314.7927 VALUE_OK
MATCH,2869,0x0CF00400,61444,83419.0,67080.893,-0.04,FF FF FF 81 29 FF FF FF,FF FF FF 81 29 FF FF FF,[],190=1328.125/exp 1328.1186 VALUE_OK
MATCH,2870,0x0CF00400,61444,83429.0,67090.86,-0.072,FF FF FF EC 29 FF FF FF,FF FF FF EC 29 FF FF FF,[],190=1341.5/exp 1341.4706 VALUE_OK
MATCH,2871,0x0CF00400,61444,83439.0,67100.827,-0.104,FF FF FF 57 2A FF FF FF,FF FF FF 57 2A FF FF FF,[],190=1354.875/exp 1354.8478 VALUE_OK
MATCH,2872,0x0CF00400,61444,83449.0,67110.861,-0.067,FF FF FF C2 2A FF FF FF,FF FF FF C2 2A FF FF FF,[],190=1368.25/exp 1368.2493 VALUE_OK
MATCH,2873,0x0CF00400,61444,83459.0,67120.832,-0.095,FF FF FF 2D 2B FF FF FF,FF FF FF 2D 2B FF FF FF,[],190=1381.625/exp 1381.6744 VALUE_OK
MATCH,2874,0x0CF00400,61444,83469.0,67130.875,-0.05,FF FF FF 99 2B FF FF FF,FF FF FF 99 2B FF FF FF,[],190=1395.125/exp 1395.1222 VALUE_OK
MATCH,2875,0x0CF00400,61444,83479.0,67140.838,-0.086,FF FF FF 05 2C FF FF FF,FF FF FF 05 2C FF FF FF,[],190=1408.625/exp 1408.5919 VALUE_OK
MATCH,2876,0x0CF00400,61444,83489.0,67150.849,-0.073,FF FF FF 71 2C FF FF FF,FF FF FF 71 2C FF FF FF,[],190=1422.125/exp 1422.0827 VALUE_OK
MATCH,2877,0x0CF00400,61444,83499.0,67160.828,-0.093,FF FF FF DD 2C FF FF FF,FF FF FF DD 2C FF FF FF,[],190=1435.625/exp 1435.5937 VALUE_OK
MATCH,2878,0x0CF00400,61444,83509.0,67170.862,-0.057,FF FF FF 49 2D FF FF FF,FF FF FF 49 2D FF FF FF,[],190=1449.125/exp 1449.1241 VALUE_OK
MATCH,2879,0x0CF00400,61444,83519.0,67180.837,-0.081,FF FF FF B5 2D FF FF FF,FF FF FF B5 2D FF FF FF,[],190=1462.625/exp 1462.673 VALUE_OK
MATCH,2880,0x0CF00400,61444,83529.0,67190.86,-0.056,FF FF FF 22 2E FF FF FF,FF FF FF 22 2E FF FF FF,[],190=1476.25/exp 1476.2397 VALUE_OK
MATCH,2881,0x0CF00400,61444,83539.0,67200.839,-0.076,FF FF FF 8F 2E FF FF FF,FF FF FF 8F 2E FF FF FF,[],190=1489.875/exp 1489.8232 VALUE_OK
MATCH,2882,0x0CF00400,61444,83549.0,67210.811,-0.103,FF FF FF FB 2E FF FF FF,FF FF FF FB 2E FF FF FF,[],190=1503.375/exp 1503.4228 VALUE_OK
MATCH,2883,0x0CF00400,61444,83559.0,67220.846,-0.066,FF FF FF 68 2F FF FF FF,FF FF FF 68 2F FF FF FF,[],190=1517.0/exp 1517.0377 VALUE_OK
MATCH,2884,0x0CF00400,61444,83569.0,67230.825,-0.085,FF FF FF D5 2F FF FF FF,FF FF FF D5 2F FF FF FF,[],190=1530.625/exp 1530.6668 VALUE_OK
MATCH,2885,0x0CF00400,61444,83579.0,67240.851,-0.058,FF FF FF 42 30 FF FF FF,FF FF FF 42 30 FF FF FF,[],190=1544.25/exp 1544.3096 VALUE_OK
MATCH,2886,0x0CF00400,61444,83589.0,67250.834,-0.073,FF FF FF B0 30 FF FF FF,FF FF FF B0 30 FF FF FF,[],190=1558.0/exp 1557.965 VALUE_OK
MATCH,2887,0x0CF00400,61444,83599.0,67260.865,-0.041,FF FF FF 1D 31 FF FF FF,FF FF FF 1D 31 FF FF FF,[],190=1571.625/exp 1571.6322 VALUE_OK
MATCH,2888,0x0CF00400,61444,83609.0,67270.808,-0.097,FF FF FF 8A 31 FF FF FF,FF FF FF 8A 31 FF FF FF,[],190=1585.25/exp 1585.3105 VALUE_OK
MATCH,2889,0x0CF00400,61444,83619.0,67280.854,-0.049,FF FF FF F8 31 FF FF FF,FF FF FF F8 31 FF FF FF,[],190=1599.0/exp 1598.9989 VALUE_OK
MATCH,2890,0x0CF00400,61444,83629.0,67290.813,-0.089,FF FF FF 66 32 FF FF FF,FF FF FF 66 32 FF FF FF,[],190=1612.75/exp 1612.6966 VALUE_OK
MATCH,2891,0x0CF00400,61444,83639.0,67300.804,-0.096,FF FF FF D3 32 FF FF FF,FF FF FF D3 32 FF FF FF,[],190=1626.375/exp 1626.4028 VALUE_OK
MATCH,2892,0x0CF00400,61444,83649.0,67310.851,-0.048,FF FF FF 41 33 FF FF FF,FF FF FF 41 33 FF FF FF,[],190=1640.125/exp 1640.1166 VALUE_OK
MATCH,2893,0x0CF00400,61444,83659.0,67320.822,-0.076,FF FF FF AF 33 FF FF FF,FF FF FF AF 33 FF FF FF,[],190=1653.875/exp 1653.8372 VALUE_OK
MATCH,2894,0x0CF00400,61444,83669.0,67330.853,-0.043,FF FF FF 1D 34 FF FF FF,FF FF FF 1D 34 FF FF FF,[],190=1667.625/exp 1667.5637 VALUE_OK
MATCH,2895,0x0CF00400,61444,83679.0,67340.828,-0.067,FF FF FF 8A 34 FF FF FF,FF FF FF 8A 34 FF FF FF,[],190=1681.25/exp 1681.2953 VALUE_OK
MATCH,2896,0x0CF00400,61444,83689.0,67350.807,-0.087,FF FF FF F8 34 FF FF FF,FF FF FF F8 34 FF FF FF,[],190=1695.0/exp 1695.0312 VALUE_OK
MATCH,2897,0x0CF00400,61444,83699.0,67360.838,-0.054,FF FF FF 66 35 FF FF FF,FF FF FF 66 35 FF FF FF,[],190=1708.75/exp 1708.7704 VALUE_OK
MATCH,2898,0x0CF00400,61444,83709.0,67370.817,-0.074,FF FF FF D4 35 FF FF FF,FF FF FF D4 35 FF FF FF,[],190=1722.5/exp 1722.5122 VALUE_OK
MATCH,2899,0x0CF00400,61444,83719.0,67380.787,-0.103,FF FF FF 42 36 FF FF FF,FF FF FF 42 36 FF FF FF,[],190=1736.25/exp 1736.2557 VALUE_OK
MATCH,2900,0x0CF00400,61444,83729.0,67390.77,-0.118,FF FF FF B0 36 FF FF FF,FF FF FF B0 36 FF FF FF,[],190=1750.0/exp 1750.0 VALUE_OK
MATCH,2901,0x0CF00400,61444,83739.0,67400.793,-0.092,FF FF FF 1E 37 FF FF FF,FF FF FF 1E 37 FF FF FF,[],190=1763.75/exp 1763.7443 VALUE_OK
MATCH,2902,0x0CF00400,61444,83749.0,67410.76,-0.123,FF FF FF 8C 37 FF FF FF,FF FF FF 8C 37 FF FF FF,[],190=1777.5/exp 1777.4878 VALUE_OK
MATCH,2903,0x0CF00400,61444,83759.0,67420.799,-0.082,FF FF FF FA 37 FF FF FF,FF FF FF FA 37 FF FF FF,[],190=1791.25/exp 1791.2296 VALUE_OK
MATCH,2904,0x0CF00400,61444,83769.0,67430.778,-0.101,FF FF FF 68 38 FF FF FF,FF FF FF 68 38 FF FF FF,[],190=1805.0/exp 1804.9688 VALUE_OK
MATCH,2905,0x0CF00400,61444,83779.0,67440.788,-0.089,FF FF FF D6 38 FF FF FF,FF FF FF D6 38 FF FF FF,[],190=1818.75/exp 1818.7047 VALUE_OK
UNLOGGED,,0x0CF00400,61444,,67450.752,,,FF FF FF 43 39 FF FF FF,[],
MATCH,2907,0x0CF00400,61444,83799.0,67460.763,-0.112,FF FF FF B1 39 FF FF FF,FF FF FF B1 39 FF FF FF,[],190=1846.125/exp 1846.1628 VALUE_OK
MATCH,2908,0x0CF00400,61444,83809.0,67470.77,-0.103,FF FF FF 1F 3A FF FF FF,FF FF FF 1F 3A FF FF FF,[],190=1859.875/exp 1859.8834 VALUE_OK
MATCH,2909,0x0CF00400,61444,83819.0,67480.749,-0.122,FF FF FF 8D 3A FF FF FF,FF FF FF 8D 3A FF FF FF,[],190=1873.625/exp 1873.5972 VALUE_OK
MATCH,2910,0x0CF00400,61444,83829.0,67490.787,-0.082,FF FF FF FA 3A FF FF FF,FF FF FF FA 3A FF FF FF,[],190=1887.25/exp 1887.3034 VALUE_OK
MATCH,2911,0x0CF00400,61444,83839.0,67500.774,-0.093,FF FF FF 68 3B FF FF FF,FF FF FF 68 3B FF FF FF,[],190=1901.0/exp 1901.0011 VALUE_OK
MATCH,2912,0x0CF00400,61444,83849.0,67510.761,-0.104,FF FF FF D6 3B FF FF FF,FF FF FF D6 3B FF FF FF,[],190=1914.75/exp 1914.6895 VALUE_OK
MATCH,2913,0x0CF00400,61444,83859.0,67520.788,-0.075,FF FF FF 43 3C FF FF FF,FF FF FF 43 3C FF FF FF,[],190=1928.375/exp 1928.3678 VALUE_OK
MATCH,2914,0x0CF00400,61444,83869.0,67530.763,-0.099,FF FF FF B0 3C FF FF FF,FF FF FF B0 3C FF FF FF,[],190=1942.0/exp 1942.035 VALUE_OK
MATCH,2915,0x0CF00400,61444,83879.0,67540.734,-0.126,FF FF FF 1E 3D FF FF FF,FF FF FF 1E 3D FF FF FF,[],190=1955.75/exp 1955.6904 VALUE_OK
MATCH,2916,0x0CF00400,61444,83889.0,67550.773,-0.084,FF FF FF 8B 3D FF FF FF,FF FF FF 8B 3D FF FF FF,[],190=1969.375/exp 1969.3332 VALUE_OK
MATCH,2917,0x0CF00400,61444,83899.0,67560.779,-0.076,FF FF FF F8 3D FF FF FF,FF FF FF F8 3D FF FF FF,[],190=1983.0/exp 1982.9623 VALUE_OK
MATCH,2918,0x0CF00400,61444,83909.0,67570.727,-0.127,FF FF FF 65 3E FF FF FF,FF FF FF 65 3E FF FF FF,[],190=1996.625/exp 1996.5772 VALUE_OK
MATCH,2919,0x0CF00400,61444,83919.0,67580.742,-0.109,FF FF FF D1 3E FF FF FF,FF FF FF D1 3E FF FF FF,[],190=2010.125/exp 2010.1768 VALUE_OK
MATCH,2920,0x0CF00400,61444,83929.0,67590.753,-0.096,FF FF FF 3E 3F FF FF FF,FF FF FF 3E 3F FF FF FF,[],190=2023.75/exp 2023.7603 VALUE_OK
MATCH,2921,0x0CF00400,61444,83939.0,67600.759,-0.088,FF FF FF AB 3F FF FF FF,FF FF FF AB 3F FF FF FF,[],190=2037.375/exp 2037.327 VALUE_OK
MATCH,2922,0x0CF00400,61444,83949.0,67610.762,-0.083,FF FF FF 17 40 FF FF FF,FF FF FF 17 40 FF FF FF,[],190=2050.875/exp 2050.8759 VALUE_OK
MATCH,2923,0x0CF00400,61444,83959.0,67620.741,-0.103,FF FF FF 83 40 FF FF FF,FF FF FF 83 40 FF FF FF,[],190=2064.375/exp 2064.4063 VALUE_OK
MATCH,2924,0x0CF00400,61444,83969.0,67630.752,-0.09,FF FF FF EF 40 FF FF FF,FF FF FF EF 40 FF FF FF,[],190=2077.875/exp 2077.9173 VALUE_OK
MATCH,2925,0x0CF00400,61444,83979.0,67640.767,-0.073,FF FF FF 5B 41 FF FF FF,FF FF FF 5B 41 FF FF FF,[],190=2091.375/exp 2091.4081 VALUE_OK
MATCH,2926,0x0CF00400,61444,83989.0,67650.73,-0.109,FF FF FF C7 41 FF FF FF,FF FF FF C7 41 FF FF FF,[],190=2104.875/exp 2104.8778 VALUE_OK
MATCH,2927,0x0CF00400,61444,83999.0,67660.728,-0.108,FF FF FF 33 42 FF FF FF,FF FF FF 33 42 FF FF FF,[],190=2118.375/exp 2118.3256 VALUE_OK
MATCH,2928,0x0CF00400,61444,84009.0,67670.739,-0.095,FF FF FF 9E 42 FF FF FF,FF FF FF 9E 42 FF FF FF,[],190=2131.75/exp 2131.7507 VALUE_OK
MATCH,2929,0x0CF00400,61444,84019.0,67680.746,-0.086,FF FF FF 09 43 FF FF FF,FF FF FF 09 43 FF FF FF,[],190=2145.125/exp 2145.1522 VALUE_OK
MATCH,2930,0x0CF00400,61444,84029.0,67690.75,-0.081,FF FF FF 74 43 FF FF FF,FF FF FF 74 43 FF FF FF,[],190=2158.5/exp 2158.5294 VALUE_OK
MATCH,2931,0x0CF00400,61444,84039.0,67700.721,-0.108,FF FF FF DF 43 FF FF FF,FF FF FF DF 43 FF FF FF,[],190=2171.875/exp 2171.8814 VALUE_OK
MATCH,2932,0x0CF00400,61444,84049.0,67710.724,-0.103,FF FF FF 4A 44 FF FF FF,FF FF FF 4A 44 FF FF FF,[],190=2185.25/exp 2185.2073 VALUE_OK
MATCH,2933,0x0CF00400,61444,84059.0,67720.722,-0.103,FF FF FF B4 44 FF FF FF,FF FF FF B4 44 FF FF FF,[],190=2198.5/exp 2198.5064 VALUE_OK
MATCH,2934,0x0CF00400,61444,84069.0,67730.705,-0.118,FF FF FF 1E 45 FF FF FF,FF FF FF 1E 45 FF FF FF,[],190=2211.75/exp 2211.7778 VALUE_OK
MATCH,2935,0x0CF00400,61444,84079.0,67740.748,-0.072,FF FF FF 88 45 FF FF FF,FF FF FF 88 45 FF FF FF,[],190=2225.0/exp 2225.0208 VALUE_OK
MATCH,2936,0x0CF00400,61444,84089.0,67750.739,-0.08,FF FF FF F2 45 FF FF FF,FF FF FF F2 45 FF FF FF,[],190=2238.25/exp 2238.2344 VALUE_OK
MATCH,2937,0x0CF00400,61444,84099.0,67760.725,-0.092,FF FF FF 5B 46 FF FF FF,FF FF FF 5B 46 FF FF FF,[],190=2251.375/exp 2251.418 VALUE_OK
MATCH,2938,0x0CF00400,61444,84109.0,67770.728,-0.087,FF FF FF C5 46 FF FF FF,FF FF FF C5 46 FF FF FF,[],190=2264.625/exp 2264.5706 VALUE_OK
MATCH,2939,0x0CF00400,61444,84119.0,67780.715,-0.099,FF FF FF 2E 47 FF FF FF,FF FF FF 2E 47 FF FF FF,[],190=2277.75/exp 2277.6914 VALUE_OK
MATCH,2940,0x0CF00400,61444,84129.0,67790.706,-0.106,FF FF FF 96 47 FF FF FF,FF FF FF 96 47 FF FF FF,[],190=2290.75/exp 2290.7797 VALUE_OK
MATCH,2941,0x0CF00400,61444,84139.0,67800.753,-0.057,FF FF FF FF 47 FF FF FF,FF FF FF FF 47 FF FF FF,[],190=2303.875/exp 2303.8347 VALUE_OK
MATCH,2942,0x0CF00400,61444,84149.0,67810.733,-0.075,FF FF FF 67 48 FF FF FF,FF FF FF 67 48 FF FF FF,[],190=2316.875/exp 2316.8555 VALUE_OK
MATCH,2943,0x0CF00400,61444,84159.0,67820.727,-0.08,FF FF FF CF 48 FF FF FF,FF FF FF CF 48 FF FF FF,[],190=2329.875/exp 2329.8413 VALUE_OK
MATCH,2944,0x0CF00400,61444,84169.0,67830.714,-0.091,FF FF FF 36 49 FF FF FF,FF FF FF 36 49 FF FF FF,[],190=2342.75/exp 2342.7914 VALUE_OK
MATCH,2945,0x0CF00400,61444,84179.0,67840.705,-0.099,FF FF FF 9E 49 FF FF FF,FF FF FF 9E 49 FF FF FF,[],190=2355.75/exp 2355.7048 VALUE_OK
MATCH,2946,0x0CF00400,61444,84189.0,67850.696,-0.106,FF FF FF 05 4A FF FF FF,FF FF FF 05 4A FF FF FF,[],190=2368.625/exp 2368.581 VALUE_OK
MATCH,2947,0x0CF00400,61444,84199.0,67860.731,-0.068,FF FF FF 6B 4A FF FF FF,FF FF FF 6B 4A FF FF FF,[],190=2381.375/exp 2381.4189 VALUE_OK
MATCH,2948,0x0CF00400,61444,84209.0,67870.725,-0.073,FF FF FF D2 4A FF FF FF,FF FF FF D2 4A FF FF FF,[],190=2394.25/exp 2394.218 VALUE_OK
MATCH,2949,0x0CF00400,61444,84219.0,67880.712,-0.085,FF FF FF 38 4B FF FF FF,FF FF FF 38 4B FF FF FF,[],190=2407.0/exp 2406.9772 VALUE_OK
MATCH,2950,0x0CF00400,61444,84229.0,67890.699,-0.096,FF FF FF 9E 4B FF FF FF,FF FF FF 9E 4B FF FF FF,[],190=2419.75/exp 2419.696 VALUE_OK
MATCH,2951,0x0CF00400,61444,84239.0,67900.73,-0.063,FF FF FF 03 4C FF FF FF,FF FF FF 03 4C FF FF FF,[],190=2432.375/exp 2432.3735 VALUE_OK
MATCH,2952,0x0CF00400,61444,84249.0,67910.701,-0.091,FF FF FF 68 4C FF FF FF,FF FF FF 68 4C FF FF FF,[],190=2445.0/exp 2445.0088 VALUE_OK
MATCH,2953,0x0CF00400,61444,84259.0,67920.688,-0.102,FF FF FF CD 4C FF FF FF,FF FF FF CD 4C FF FF FF,[],190=2457.625/exp 2457.6013 VALUE_OK
MATCH,2954,0x0CF00400,61444,84269.0,67930.719,-0.069,FF FF FF 31 4D FF FF FF,FF FF FF 31 4D FF FF FF,[],190=2470.125/exp 2470.1501 VALUE_OK
MATCH,2955,0x0CF00400,61444,84279.0,67940.702,-0.085,FF FF FF 95 4D FF FF FF,FF FF FF 95 4D FF FF FF,[],190=2482.625/exp 2482.6545 VALUE_OK
MATCH,2956,0x0CF00400,61444,84289.0,67950.689,-0.096,FF FF FF F9 4D FF FF FF,FF FF FF F9 4D FF FF FF,[],190=2495.125/exp 2495.1138 VALUE_OK
MATCH,2957,0x0CF00400,61444,84299.0,67960.704,-0.079,FF FF FF 5C 4E FF FF FF,FF FF FF 5C 4E FF FF FF,[],190=2507.5/exp 2507.527 VALUE_OK
MATCH,2958,0x0CF00400,61444,84309.0,67970.695,-0.086,FF FF FF BF 4E FF FF FF,FF FF FF BF 4E FF FF FF,[],190=2519.875/exp 2519.8935 VALUE_OK
MATCH,2959,0x0CF00400,61444,84319.0,67980.674,-0.106,FF FF FF 22 4F FF FF FF,FF FF FF 22 4F FF FF FF,[],190=2532.25/exp 2532.2126 VALUE_OK
MATCH,2960,0x0CF00400,61444,84329.0,67990.716,-0.061,FF FF FF 84 4F FF FF FF,FF FF FF 84 4F FF FF FF,[],190=2544.5/exp 2544.4834 VALUE_OK
MATCH,2961,0x0CF00400,61444,84339.0,68000.691,-0.085,FF FF FF E6 4F FF FF FF,FF FF FF E6 4F FF FF FF,[],190=2556.75/exp 2556.7052 VALUE_OK
MATCH,2962,0x0CF00400,61444,84349.0,68010.706,-0.069,FF FF FF 47 50 FF FF FF,FF FF FF 47 50 FF FF FF,[],190=2568.875/exp 2568.8772 VALUE_OK
MATCH,2963,0x0CF00400,61444,84359.0,68020.701,-0.072,FF FF FF A8 50 FF FF FF,FF FF FF A8 50 FF FF FF,[],190=2581.0/exp 2580.9987 VALUE_OK
MATCH,2964,0x0CF00400,61444,84369.0,68030.692,-0.08,FF FF FF 09 51 FF FF FF,FF FF FF 09 51 FF FF FF,[],190=2593.125/exp 2593.0689 VALUE_OK
MATCH,2965,0x0CF00400,61444,84379.0,68040.682,-0.088,FF FF FF 69 51 FF FF FF,FF FF FF 69 51 FF FF FF,[],190=2605.125/exp 2605.0872 VALUE_OK
MATCH,2966,0x0CF00400,61444,84389.0,68050.67,-0.098,FF FF FF C8 51 FF FF FF,FF FF FF C8 51 FF FF FF,[],190=2617.0/exp 2617.0527 VALUE_OK
MATCH,2967,0x0CF00400,61444,84399.0,68060.693,-0.073,FF FF FF 28 52 FF FF FF,FF FF FF 28 52 FF FF FF,[],190=2629.0/exp 2628.9647 VALUE_OK
MATCH,2968,0x0CF00400,61444,84409.0,68070.672,-0.093,FF FF FF 87 52 FF FF FF,FF FF FF 87 52 FF FF FF,[],190=2640.875/exp 2640.8225 VALUE_OK
MATCH,2969,0x0CF00400,61444,84419.0,68080.683,-0.08,FF FF FF E5 52 FF FF FF,FF FF FF E5 52 FF FF FF,[],190=2652.625/exp 2652.6253 VALUE_OK
MATCH,2970,0x0CF00400,61444,84429.0,68090.689,-0.072,FF FF FF 43 53 FF FF FF,FF FF FF 43 53 FF FF FF,[],190=2664.375/exp 2664.3725 VALUE_OK
MATCH,2971,0x0CF00400,61444,84439.0,68100.708,-0.052,FF FF FF A0 53 FF FF FF,FF FF FF A0 53 FF FF FF,[],190=2676.0/exp 2676.0633 VALUE_OK
MATCH,2972,0x0CF00400,61444,84449.0,68110.671,-0.088,FF FF FF FE 53 FF FF FF,FF FF FF FE 53 FF FF FF,[],190=2687.75/exp 2687.6969 VALUE_OK
MATCH,2973,0x0CF00400,61444,84459.0,68120.674,-0.083,FF FF FF 5A 54 FF FF FF,FF FF FF 5A 54 FF FF FF,[],190=2699.25/exp 2699.2727 VALUE_OK
MATCH,2974,0x0CF00400,61444,84469.0,68130.693,-0.063,FF FF FF B6 54 FF FF FF,FF FF FF B6 54 FF FF FF,[],190=2710.75/exp 2710.7899 VALUE_OK
MATCH,2975,0x0CF00400,61444,84479.0,68140.696,-0.058,FF FF FF 12 55 FF FF FF,FF FF FF 12 55 FF FF FF,[],190=2722.25/exp 2722.2479 VALUE_OK
MATCH,2976,0x0CF00400,61444,84489.0,68150.67,-0.083,FF FF FF 6D 55 FF FF FF,FF FF FF 6D 55 FF FF FF,[],190=2733.625/exp 2733.6459 VALUE_OK
MATCH,2977,0x0CF00400,61444,84499.0,68160.685,-0.066,FF FF FF C8 55 FF FF FF,FF FF FF C8 55 FF FF FF,[],190=2745.0/exp 2744.9832 VALUE_OK
MATCH,2978,0x0CF00400,61444,84509.0,68170.645,-0.105,FF FF FF 22 56 FF FF FF,FF FF FF 22 56 FF FF FF,[],190=2756.25/exp 2756.2592 VALUE_OK
MATCH,2979,0x0CF00400,61444,84519.0,68180.656,-0.092,FF FF FF 7C 56 FF FF FF,FF FF FF 7C 56 FF FF FF,[],190=2767.5/exp 2767.4731 VALUE_OK
MATCH,2980,0x0CF00400,61444,84529.0,68190.667,-0.079,FF FF FF D5 56 FF FF FF,FF FF FF D5 56 FF FF FF,[],190=2778.625/exp 2778.6242 VALUE_OK
MATCH,2981,0x0CF00400,61444,84539.0,68200.681,-0.064,FF FF FF 2E 57 FF FF FF,FF FF FF 2E 57 FF FF FF,[],190=2789.75/exp 2789.7119 VALUE_OK
MATCH,2982,0x0CF00400,61444,84549.0,68210.656,-0.087,FF FF FF 86 57 FF FF FF,FF FF FF 86 57 FF FF FF,[],190=2800.75/exp 2800.7354 VALUE_OK
MATCH,2983,0x0CF00400,61444,84559.0,68220.659,-0.083,FF FF FF DE 57 FF FF FF,FF FF FF DE 57 FF FF FF,[],190=2811.75/exp 2811.6941 VALUE_OK
MATCH,2984,0x0CF00400,61444,84569.0,68230.662,-0.078,FF FF FF 35 58 FF FF FF,FF FF FF 35 58 FF FF FF,[],190=2822.625/exp 2822.5873 VALUE_OK
MATCH,2985,0x0CF00400,61444,84579.0,68240.677,-0.061,FF FF FF 8B 58 FF FF FF,FF FF FF 8B 58 FF FF FF,[],190=2833.375/exp 2833.4144 VALUE_OK
MATCH,2986,0x0CF00400,61444,84589.0,68250.648,-0.089,FF FF FF E1 58 FF FF FF,FF FF FF E1 58 FF FF FF,[],190=2844.125/exp 2844.1746 VALUE_OK
MATCH,2987,0x0CF00400,61444,84599.0,68260.658,-0.077,FF FF FF 37 59 FF FF FF,FF FF FF 37 59 FF FF FF,[],190=2854.875/exp 2854.8674 VALUE_OK
MATCH,2988,0x0CF00400,61444,84609.0,68270.677,-0.057,FF FF FF 8C 59 FF FF FF,FF FF FF 8C 59 FF FF FF,[],190=2865.5/exp 2865.492 VALUE_OK
MATCH,2989,0x0CF00400,61444,84619.0,68280.644,-0.089,FF FF FF E0 59 FF FF FF,FF FF FF E0 59 FF FF FF,[],190=2876.0/exp 2876.0478 VALUE_OK
MATCH,2990,0x0CF00400,61444,84629.0,68290.652,-0.079,FF FF FF 34 5A FF FF FF,FF FF FF 34 5A FF FF FF,[],190=2886.5/exp 2886.5341 VALUE_OK
MATCH,2991,0x0CF00400,61444,84639.0,68300.667,-0.062,FF FF FF 88 5A FF FF FF,FF FF FF 88 5A FF FF FF,[],190=2897.0/exp 2896.9503 VALUE_OK
MATCH,2992,0x0CF00400,61444,84649.0,68310.677,-0.051,FF FF FF DA 5A FF FF FF,FF FF FF DA 5A FF FF FF,[],190=2907.25/exp 2907.2958 VALUE_OK
MATCH,2993,0x0CF00400,61444,84659.0,68320.632,-0.095,FF FF FF 2D 5B FF FF FF,FF FF FF 2D 5B FF FF FF,[],190=2917.625/exp 2917.5698 VALUE_OK
MATCH,2994,0x0CF00400,61444,84669.0,68330.651,-0.074,FF FF FF 7E 5B FF FF FF,FF FF FF 7E 5B FF FF FF,[],190=2927.75/exp 2927.7719 VALUE_OK
MATCH,2995,0x0CF00400,61444,84679.0,68340.662,-0.062,FF FF FF CF 5B FF FF FF,FF FF FF CF 5B FF FF FF,[],190=2937.875/exp 2937.9013 VALUE_OK
MATCH,2996,0x0CF00400,61444,84689.0,68350.673,-0.049,FF FF FF 20 5C FF FF FF,FF FF FF 20 5C FF FF FF,[],190=2948.0/exp 2947.9574 VALUE_OK
MATCH,2997,0x0CF00400,61444,84699.0,68360.631,-0.09,FF FF FF 70 5C FF FF FF,FF FF FF 70 5C FF FF FF,[],190=2958.0/exp 2957.9397 VALUE_OK
MATCH,2998,0x0CF00400,61444,84709.0,68370.65,-0.07,FF FF FF BF 5C FF FF FF,FF FF FF BF 5C FF FF FF,[],190=2967.875/exp 2967.8474 VALUE_OK
MATCH,2999,0x0CF00400,61444,84719.0,68380.661,-0.057,FF FF FF 0D 5D FF FF FF,FF FF FF 0D 5D FF FF FF,[],190=2977.625/exp 2977.68 VALUE_OK
