$RUN,54729,0,30
=========================================
[ACK] START OK | Mode: HIGH-FIDELITY SMOOTH WAVEFORM (50 Hz) | Duration: 30 seconds
[ACK] Active Signals: 1 | Active PGNs: 1
=========================================
$TX,1,54739,0CF00400,FFFFFF0000FFFFFF,Q
$TX,2,54749,0CF00400,FFFFFF0000FFFFFF,Q
$TX,3,54759,0CF00400,FFFFFF0000FFFFFF,Q
$TX,4,54769,0CF00400,FFFFFF0000FFFFFF,Q
$TX,5,54779,0CF00400,FFFFFF0000FFFFFF,Q
$TX,6,54789,0CF00400,FFFFFF0000FFFFFF,Q
$TX,7,54799,0CF00400,FFFFFF0000FFFFFF,Q
$TX,8,54809,0CF00400,FFFFFF0000FFFFFF,Q
$TX,9,54819,0CF00400,FFFFFF0000FFFFFF,Q
$TX,10,54829,0CF00400,FFFFFF0000FFFFFF,Q
$TX,11,54839,0CF00400,FFFFFF0000FFFFFF,Q
$TX,12,54849,0CF00400,FFFFFF0000FFFFFF,Q
$TX,13,54859,0CF00400,FFFFFF0000FFFFFF,Q
$TX,14,54869,0CF00400,FFFFFF0000FFFFFF,Q
$TX,15,54879,0CF00400,FFFFFF0000FFFFFF,Q
$TX,16,54889,0CF00400,FFFFFF0000FFFFFF,Q
$TX,17,54899,0CF00400,FFFFFF0000FFFFFF,Q
$TX,18,54909,0CF00400,FFFFFF0000FFFFFF,Q
$TX,19,54919,0CF00400,FFFFFF0000FFFFFF,Q
$TX,20,54929,0CF00400,FFFFFF0000FFFFFF,Q
$TX,21,54939,0CF00400,FFFFFF0000FFFFFF,Q
$TX,22,54949,0CF00400,FFFFFF0000FFFFFF,Q
$TX,23,54959,0CF00400,FFFFFF0000FFFFFF,Q
$TX,24,54969,0CF00400,FFFFFF0000FFFFFF,Q
$TX,25,54979,0CF00400,FFFFFF0000FFFFFF,Q
$0X,26,54989,0CF00400,FFFFFF0000FFFFFF,Q
$0X,27,54999,0CF00400,FFFFFF0000FFFFFF,Q
$TX,28,55009,0CF00400,FFFFFF0000FFFFFF,Q
$TX,29,55019,0CF00400,FFFFFF0000FFFFFF,Q
$TX,30,55029,0CF00400,FFFFFF0000FFFFFF,Q
$TX,31,55039,0CF00400,FFFFFF0000FFFFFF,Q
$TX,32,55049,0CF00400,FFFFFF0000FFFFFF,Q
$TX,33,55059,0CF00400,FFFFFF0000FFFFFF,Q
$TX,34,55069,0CF00400,FFFFFF0000FFFFFF,Q
$TX,35,55079,0CF00400,FFFFFF0000FFFFFF,Q
$TX,36,55089,0CF00400,FFFFFF0000FFFFFF,Q
$TX,37,55099,0CF00400,FFFFFF0000FFFFFF,Q
$TX,38,55109,0CF00400,FFFFFF0000FFFFFF,Q
$TX,39,55119,0CF00400,FFFFFF0000FFFFFF,Q
$TX,40,55129,0CF00400,FFFFFF0000FFFFFF,Q
$TX,41,55139,0CF00400,FFFFFF0000FFFFFF,Q
$TX,42,55149,0CF00400,FFFFFF0000FFFFFF,Q
$TX,43,55159,0CF00400,FFFFFF0000FFFFFF,Q
$TX,44,55169,0CF00400,FFFFFF0000FFFFFF,Q
$TX,45,55179,0CF00400,FFFFFF0000FFFFFF,Q
$TX,46,55189,0CF00400,FFFFFF0000FFFFFF,Q
$TX,47,55199,0CF00400,FFFFFF0000FFFFFF,Q
$TX,48,55209,0CF00400,FFFFFF0000FFFFFF,Q
$TX,49,55219,0CF00400,FFFFFF0000FFFFFF,Q
$TX,50,55229,0CF00400,FFFFFF0000FFFFFF,Q
$TX,51,55239,0CF00400,FFFFFF0000FFFFFF,Q
$TX,52,55249,0CF00400,FFFFFF0000FFFFFF,Q
$TX,53,55259,0CF00400,FFFFFF0000FFFFFF,Q
$TX,54,55269,0CF00400,FFFFFF0000FFFFFF,Q
$TX,55,55279,0CF00400,FFFFFF0000FFFFFF,Q
$TX,56,55289,0CF00400,FFFFFF0000FFFFFF,Q
$TX,57,55299,0CF00400,FFFFFF0000FFFFFF,Q
$TX,58,55309,0CF00400,FFFFFF0000FFFFFF,Q
$TX,59,55319,0CF00400,FFFFFF0000FFFFFF,Q
$TX,60,55329,0CF00400,FFFFFF0000FFFFFF,Q
$TX,61,55339,0CF00400,FFFFFF0000FFFFFF,Q
$TX,62,55349,0CF00400,FFFFFF0000FFFFFF,Q
$TX,63,55359,0CF00400,FFFFFF0000FFFFFF,Q
$TX,64,55369,0CF00400,FFFFFF0000FFFFFF,Q
$TX,65,55379,0CF00400,FFFFFF0000FFFFFF,Q
$TX,66,55389,0CF00400,FFFFFF0000FFFFFF,Q
$TX,67,55399,0CF00400,FFFFFF0000FFFFFF,Q
$TX,68,55409,0CF00400,FFFFFF0000FFFFFF,Q
$TX,69,55419,0CF00400,FFFFFF0000FFFFFF,Q
$TX,70,55429,0CF00400,FFFFFF0000FFFFFF,Q
$TX,71,55439,0CF00400,FFFFFF0000FFFFFF,Q
$TX,72,55449,0CF00400,FFFFFF0000FFFFFF,Q
$TX,73,55459,0CF00400,FFFFFF0000FFFFFF,Q
$TX,74,55469,0CF00400,FFFFFF0000FFFFFF,Q
$TX,75,55479,0CF00400,FFFFFF0000FFFFFF,Q
$TX,76,55489,0CF00400,FFFFFF0000FFFFFF,Q
$TX,77,55499,0CF00400,FFFFFF0000FFFFFF,Q
$TX,78,55509,0CF00400,FFFFFF0000FFFFFF,Q
$TX,79,55519,0CF00400,FFFFFF0000FFFFFF,Q
$TX,80,55529,0CF00400,FFFFFF0000FFFFFF,Q
$TX,81,55539,0CF00400,FFFFFF0000FFFFFF,Q
$TX,82,55549,0CF00400,FFFFFF0000FFFFFF,Q
$TX,83,55559,0CF00400,FFFFFF0000FFFFFF,Q
$TX,84,55569,0CF00400,FFFFFF0000FFFFFF,Q
$TX,85,55579,0CF00400,FFFFFF0000FFFFFF,Q
$TX,86,55589,0CF00400,FFFFFF0000FFFFFF,Q
$TX,87,55599,0CF00400,FFFFFF0000FFFFFF,Q
$TX,88,55609,0CF00400,FFFFFF0000FFFFFF,Q
$TX,89,55619,0CF00400,FFFFFF0000FFFFFF,Q
$TX,90,55629,0CF00400,FFFFFF0000FFFFFF,Q
$TX,91,55639,0CF00400,FFFFFF0000FFFFFF,Q
$TX,92,55649,0CF00400,FFFFFF0000FFFFFF,Q
$TX,93,55659,0CF00400,FFFFFF0000FFFFFF,Q
$TX,94,55669,0CF00400,FFFFFF0000FFFFFF,Q
$TX,95,55679,0CF00400,FFFFFF0000FFFFFF,Q
$TX,96,55689,0CF00400,FFFFFF0000FFFFFF,Q
$TX,97,55699,0CF00400,FFFFFF0000FFFFFF,Q
$TX,98,55709,0CF00400,FFFFFF0000FFFFFF,Q
$TX,99,55719,0CF00400,FFFFFF0000FFFFFF,Q
$TX,100,55729,0CF00400,FFFFFF0000FFFFFF,Q
$TX,101,55739,0CF00400,FFFFFF0000FFFFFF,Q
$TX,102,55749,0CF00400,FFFFFF0000FFFFFF,Q
$TX,103,55759,0CF00400,FFFFFF0000FFFFFF,Q
$TX,104,55769,0CF00400,FFFFFF0000FFFFFF,Q
$TX,105,55779,0CF00400,FFFFFF0000FFFFFF,Q
$TX,106,55789,0CF00400,FFFFFF0000FFFFFF,Q
$TX,107,55799,0CF00400,FFFFFF0000FFFFFF,Q
$TX,108,55809,0CF00400,FFFFFF0000FFFFFF,Q
$TX,109,55819,0CF00400,FFFFFF0000FFFFFF,Q
$TX,110,55829,0CF00400,FFFFFF0000FFFFFF,Q
$TX,111,55839,0CF00400,FFFFFF0000FFFFFF,Q
$TX,112,55849,0CF00400,FFFFFF0000FFFFFF,Q
$TX,113,55859,0CF00400,FFFFFF0000FFFFFF,Q
$TX,114,55869,0CF00400,FFFFFF0000FFFFFF,Q
$TX,115,55879,0CF00400,FFFFFF0000FFFFFF,Q
$TX,116,55889,0CF00400,FFFFFF0000FFFFFF,Q
$TX,117,55899,0CF00400,FFFFFF0000FFFFFF,Q
$TX,118,55909,0CF00400,FFFFFF0000FFFFFF,Q
$TX,119,55919,0CF00400,FFFFFF0000FFFFFF,Q
$TX,120,55929,0CF00400,FFFFFF0000FFFFFF,Q
$TX,121,55939,0CF00400,FFFFFF0000FFFFFF,Q
$TX,122,55949,0CF00400,FFFFFF0000FFFFFF,Q
$TX,123,55959,0CF00400,FFFFFF0000FFFFFF,Q
$TX,124,55969,0CF00400,FFFFFF0000FFFFFF,Q
$TX,125,55979,0CF00400,FFFFFF0000FFFFFF,Q
$TX,126,55989,0CF00400,FFFFFF0000FFFFFF,Q
$TX,127,55999,0CF00400,FFFFFF0000FFFFFF,Q
$TX,128,56009,0CF00400,FFFFFF0000FFFFFF,Q
$TX,129,56019,0CF00400,FFFFFF0000FFFFFF,Q
$TX,130,56029,0CF00400,FFFFFF0000FFFFFF,Q
$TX,131,56039,0CF00400,FFFFFF0000FFFFFF,Q
$TX,132,56049,0CF00400,FFFFFF0000FFFFFF,Q
$TX,133,56059,0CF00400,FFFFFF0000FFFFFF,Q
$TX,134,56069,0CF00400,FFFFFF0000FFFFFF,Q
$TX,135,56079,0CF00400,FFFFFF0000FFFFFF,Q
$TX,136,56089,0CF00400,FFFFFF0000FFFFFF,Q
$TX,137,56099,0CF00400,FFFFFF0000FFFFFF,Q
$TX,138,56109,0CF00400,FFFFFF0000FFFFFF,Q
$TX,139,56119,0CF00400,FFFFFF0000FFFFFF,Q
$TX,140,56129,0CF00400,FFFFFF0000FFFFFF,Q
$TX,141,56139,0CF00400,FFFFFF0000FFFFFF,Q
$TX,142,56149,0CF00400,FFFFFF0000FFFFFF,Q
$TX,143,56159,0CF00400,FFFFFF0000FFFFFF,Q
$TX,144,56169,0CF00400,FFFFFF0000FFFFFF,Q
$TX,145,56179,0CF00400,FFFFFF0000FFFFFF,Q
$TX,146,56189,0CF00400,FFFFFF0000FFFFFF,Q
$TX,147,56199,0CF00400,FFFFFF0000FFFFFF,Q
$TX,148,56209,0CF00400,FFFFFF0000FFFFFF,Q
$TX,149,56219,0CF00400,FFFFFF0000FFFFFF,Q
$TX,150,56229,0CF00400,FFFFFF0000FFFFFF,Q
$TX,151,56239,0CF00400,FFFFFF0000FFFFFF,Q
$TX,152,56249,0CF00400,FFFFFF0000FFFFFF,Q
$TX,153,56259,0CF00400,FFFFFF0000FFFFFF,Q
$TX,154,56269,0CF00400,FFFFFF0000FFFFFF,Q
$TX,155,56279,0CF00400,FFFFFF0000FFFFFF,Q
$TX,156,56289,0CF00400,FFFFFF0000FFFFFF,Q
$TX,157,56299,0CF00400,FFFFFF0000FFFFFF,Q
$TX,158,56309,0CF00400,FFFFFF0000FFFFFF,Q
$TX,159,56319,0CF00400,FFFFFF0000FFFFFF,Q
$TX,160,56329,0CF00400,FFFFFF0000FFFFFF,Q
$TX,161,56339,0CF00400,FFFFFF0000FFFFFF,Q
$TX,162,56349,0CF00400,FFFFFF0000FFFFFF,Q
$TX,163,56359,0CF00400,FFFFFF0000FFFFFF,Q
$TX,164,56369,0CF00400,FFFFFF0000FFFFFF,Q
$TX,165,56379,0CF00400,FFFFFF0000FFFFFF,Q
$TX,166,56389,0CF00400,FFFFFF0000FFFFFF,Q
$TX,167,56399,0CF00400,FFFFFF0000FFFFFF,Q
$TX,168,56409,0CF00400,FFFFFF0000FFFFFF,Q
$TX,169,56419,0CF00400,FFFFFF0000FFFFFF,Q
$TX,170,56429,0CF00400,FFFFFF0000FFFFFF,Q
$TX,171,56439,0CF00400,FFFFFF0000FFFFFF,Q
$TX,172,56449,0CF00400,FFFFFF0000FFFFFF,Q
$TX,173,56459,0CF00400,FFFFFF0000FFFFFF,Q
$TX,174,56469,0CF00400,FFFFFF0000FFFFFF,Q
$TX,175,56479,0CF00400,FFFFFF0000FFFFFF,Q
$TX,176,56489,0CF00400,FFFFFF0000FFFFFF,Q
$TX,177,56499,0CF00400,FFFFFF0000FFFFFF,Q
$TX,178,56509,0CF00400,FFFFFF0000FFFFFF,Q
$TX,179,56519,0CF00400,FFFFFF0000FFFFFF,Q
$TX,180,56529,0CF00400,FFFFFF0000FFFFFF,Q
$TX,181,56539,0CF00400,FFFFFF0000FFFFFF,Q
$TX,182,56549,0CF00400,FFFFFF0000FFFFFF,Q
$TX,183,56559,0CF00400,FFFFFF0000FFFFFF,Q
$TX,184,56569,0CF00400,FFFFFF0000FFFFFF,Q
$TX,185,56579,0CF00400,FFFFFF0000FFFFFF,Q
$TX,186,56589,0CF00400,FFFFFF0000FFFFFF,Q
$TX,187,56599,0CF00400,FFFFFF0000FFFFFF,Q
$TX,188,56609,0CF00400,FFFFFF0000FFFFFF,Q
$TX,189,56619,0CF00400,FFFFFF0000FFFFFF,Q
$TX,190,56629,0CF00400,FFFFFF0000FFFFFF,Q
$TX,191,56639,0CF00400,FFFFFF0000FFFFFF,Q
$TX,192,56649,0CF00400,FFFFFF0000FFFFFF,Q
$TX,193,56659,0CF00400,FFFFFF0000FFFFFF,Q
$TX,194,56669,0CF00400,FFFFFF0000FFFFFF,Q
$TX,195,56679,0CF00400,FFFFFF0000FFFFFF,Q
$TX,196,56689,0CF00400,FFFFFF0000FFFFFF,Q
$TX,197,56699,0CF00400,FFFFFF0000FFFFFF,Q
$TX,198,56709,0CF00400,FFFFFF0000FFFFFF,Q
$TX,199,56719,0CF00400,FFFFFF0000FFFFFF,Q
$TX,200,56729,0CF00400,FFFFFF0000FFFFFF,Q
$TX,201,56739,0CF00400,FFFFFF0000FFFFFF,Q
$TX,202,56749,0CF00400,FFFFFF0000FFFFFF,Q
$TX,203,56759,0CF00400,FFFFFF0000FFFFFF,Q
$TX,204,56769,0CF00400,FFFFFF0000FFFFFF,Q
$TX,205,56779,0CF00400,FFFFFF0000FFFFFF,Q
$TX,206,56789,0CF00400,FFFFFF0000FFFFFF,Q
$TX,207,56799,0CF00400,FFFFFF0000FFFFFF,Q
$TX,208,56809,0CF00400,FFFFFF0000FFFFFF,Q
$TX,209,56819,0CF00400,FFFFFF0000FFFFFF,Q
$TX,210,56829,0CF00400,FFFFFF0000FFFFFF,Q
$TX,211,56839,0CF00400,FFFFFF0000FFFFFF,Q
$TX,212,56849,0CF00400,FFFFFF0000FFFFFF,Q
$TX,213,56859,0CF00400,FFFFFF0000FFFFFF,Q
$TX,214,56869,0CF00400,FFFFFF0000FFFFFF,Q
$TX,215,56879,0CF00400,FFFFFF0000FFFFFF,Q
$TX,216,56889,0CF00400,FFFFFF0000FFFFFF,Q
$TX,217,56899,0CF00400,FFFFFF0000FFFFFF,Q
$TX,218,56909,0CF00400,FFFFFF0000FFFFFF,Q
$TX,219,56919,0CF00400,FFFFFF0000FFFFFF,Q
$TX,220,56929,0CF00400,FFFFFF0000FFFFFF,Q
$TX,221,56939,0CF00400,FFFFFF0000FFFFFF,Q
$TX,222,56949,0CF00400,FFFFFF0000FFFFFF,Q
$TX,223,56959,0CF00400,FFFFFF0000FFFFFF,Q
$TX,224,56969,0CF00400,FFFFFF0000FFFFFF,Q
$TX,225,56979,0CF00400,FFFFFF0000FFFFFF,Q
$TX,226,56989,0CF00400,FFFFFF0000FFFFFF,Q
$TX,227,56999,0CF00400,FFFFFF0000FFFFFF,Q
$TX,228,57009,0CF00400,FFFFFF0000FFFFFF,Q
$TX,229,57019,0CF00400,FFFFFF0000FFFFFF,Q
$TX,230,57029,0CF00400,FFFFFF0000FFFFFF,Q
$TX,231,57039,0CF00400,FFFFFF0000FFFFFF,Q
$TX,232,57049,0CF00400,FFFFFF0000FFFFFF,Q
$TX,233,57059,0CF00400,FFFFFF0000FFFFFF,Q
$TX,234,57069,0CF00400,FFFFFF0000FFFFFF,Q
$TX,235,57079,0CF00400,FFFFFF0000FFFFFF,Q
$TX,236,57089,0CF00400,FFFFFF0000FFFFFF,Q
$TX,237,57099,0CF00400,FFFFFF0000FFFFFF,Q
$TX,238,57109,0CF00400,FFFFFF0000FFFFFF,Q
$TX,239,57119,0CF00400,FFFFFF0000FFFFFF,Q
$TX,240,57129,0CF00400,FFFFFF0000FFFFFF,Q
$TX,241,57139,0CF00400,FFFFFF0000FFFFFF,Q
$TX,242,57149,0CF00400,FFFFFF0000FFFFFF,Q
$TX,243,57159,0CF00400,FFFFFF0000FFFFFF,Q
$TX,244,57169,0CF00400,FFFFFF0000FFFFFF,Q
$TX,245,57179,0CF00400,FFFFFF0000FFFFFF,Q
$TX,246,57189,0CF00400,FFFFFF0000FFFFFF,Q
$TX,247,57199,0CF00400,FFFFFF0000FFFFFF,Q
$TX,248,57209,0CF00400,FFFFFF0000FFFFFF,Q
$TX,249,57219,0CF00400,FFFFFF0000FFFFFF,Q
$TX,250,57229,0CF00400,FFFFFF0000FFFFFF,Q
$TX,251,57239,0CF00400,FFFFFF0000FFFFFF,Q
$TX,252,57249,0CF00400,FFFFFF0000FFFFFF,Q
$TX,253,57259,0CF00400,FFFFFF0000FFFFFF,Q
$TX,254,57269,0CF00400,FFFFFF0000FFFFFF,Q
$TX,255,57279,0CF00400,FFFFFF0000FFFFFF,Q
$TX,256,57289,0CF00400,FFFFFF0000FFFFFF,Q
$TX,257,57299,0CF00400,FFFFFF0000FFFFFF,Q
$TX,258,57309,0CF00400,FFFFFF0000FFFFFF,Q
$TX,259,57319,0CF00400,FFFFFF0000FFFFFF,Q
$TX,260,57329,0CF00400,FFFFFF0000FFFFFF,Q
$TX,261,57339,0CF00400,FFFFFF0000FFFFFF,Q
$TX,262,57349,0CF00400,FFFFFF0000FFFFFF,Q
$TX,263,57359,0CF00400,FFFFFF0000FFFFFF,Q
$TX,264,57369,0CF00400,FFFFFF0000FFFFFF,Q
$TX,265,57379,0CF00400,FFFFFF0000FFFFFF,Q
$TX,266,57389,0CF00400,FFFFFF0000FFFFFF,Q
$TX,267,57399,0CF00400,FFFFFF0000FFFFFF,Q
$TX,268,57409,0CF00400,FFFFFF0000FFFFFF,Q
$TX,269,57419,0CF00400,FFFFFF0000FFFFFF,Q
$TX,270,57429,0CF00400,FFFFFF0000FFFFFF,Q
$TX,271,57439,0CF00400,FFFFFF0000FFFFFF,Q
$TX,272,57449,0CF00400,FFFFFF0000FFFFFF,Q
$TX,273,57459,0CF00400,FFFFFF0000FFFFFF,Q
$TX,274,57469,0CF00400,FFFFFF0000FFFFFF,Q
$TX,275,57479,0CF00400,FFFFFF0000FFFFFF,Q
$TX,276,57489,0CF00400,FFFFFF0000FFFFFF,Q
$TX,277,57499,0CF00400,FFFFFF0000FFFFFF,Q
$TX,278,57509,0CF00400,FFFFFF0000FFFFFF,Q
$TX,279,57519,0CF00400,FFFFFF0000FFFFFF,Q
$TX,280,57529,0CF00400,FFFFFF0000FFFFFF,Q
$TX,281,57539,0CF00400,FFFFFF0000FFFFFF,Q
$TX,282,57549,0CF00400,FFFFFF0000FFFFFF,Q
$TX,283,57559,0CF00400,FFFFFF0000FFFFFF,Q
$TX,284,57569,0CF00400,FFFFFF0000FFFFFF,Q
$TX,285,57579,0CF00400,FFFFFF0000FFFFFF,Q
$TX,286,57589,0CF00400,FFFFFF0000FFFFFF,Q
$TX,287,57599,0CF00400,FFFFFF0000FFFFFF,Q
$TX,288,57609,0CF00400,FFFFFF0000FFFFFF,Q
$TX,289,57619,0CF00400,FFFFFF0000FFFFFF,Q
$TX,290,57629,0CF00400,FFFFFF0000FFFFFF,Q
$TX,291,57639,0CF00400,FFFFFF0000FFFFFF,Q
$TX,292,57649,0CF00400,FFFFFF0000FFFFFF,Q
$TX,293,57659,0CF00400,FFFFFF0000FFFFFF,Q
$TX,294,57669,0CF00400,FFFFFF0000FFFFFF,Q
$TX,295,57679,0CF00400,FFFFFF0000FFFFFF,Q
$TX,296,57689,0CF00400,FFFFFF0000FFFFFF,Q
$TX,297,57699,0CF00400,FFFFFF0000FFFFFF,Q
$TX,298,57709,0CF00400,FFFFFF0000FFFFFF,Q
$TX,299,57719,0CF00400,FFFFFF0000FFFFFF,Q
$TX,300,57729,0CF00400,FFFFFF0000FFFFFF,Q
$TX,301,57739,0CF00400,FFFFFF0000FFFFFF,Q
$TX,302,57749,0CF00400,FFFFFF0000FFFFFF,Q
$TX,303,57759,0CF00400,FFFFFF0000FFFFFF,Q
$TX,304,57769,0CF00400,FFFFFF0000FFFFFF,Q
$TX,305,57779,0CF00400,FFFFFF0000FFFFFF,Q
$TX,306,57789,0CF00400,FFFFFF0000FFFFFF,Q
$TX,307,57799,0CF00400,FFFFFF0000FFFFFF,Q
$TX,308,57809,0CF00400,FFFFFF0000FFFFFF,Q
$TX,309,57819,0CF00400,FFFFFF0000FFFFFF,Q
$TX,310,57829,0CF00400,FFFFFF0000FFFFFF,Q
$TX,311,57839,0CF00400,FFFFFF0000FFFFFF,Q
$TX,312,57849,0CF00400,FFFFFF0000FFFFFF,Q
$TX,313,57859,0CF00400,FFFFFF0000FFFFFF,Q
$TX,314,57869,0CF00400,FFFFFF0000FFFFFF,Q
$TX,315,57879,0CF00400,FFFFFF0000FFFFFF,Q
$TX,316,57889,0CF00400,FFFFFF0000FFFFFF,Q
$TX,317,57899,0CF00400,FFFFFF0000FFFFFF,Q
$TX,318,57909,0CF00400,FFFFFF0000FFFFFF,Q
$TX,319,57919,0CF00400,FFFFFF0000FFFFFF,Q
$TX,320,57929,0CF00400,FFFFFF0000FFFFFF,Q
$TX,321,57939,0CF00400,FFFFFF0000FFFFFF,Q
$TX,322,57949,0CF00400,FFFFFF0000FFFFFF,Q
$TX,323,57959,0CF00400,FFFFFF0000FFFFFF,Q
$TX,324,57969,0CF00400,FFFFFF0000FFFFFF,Q
$TX,325,57979,0CF00400,FFFFFF0000FFFFFF,Q
$TX,326,57989,0CF00400,FFFFFF0000FFFFFF,Q
$TX,327,57999,0CF00400,FFFFFF0000FFFFFF,Q
$TX,328,58009,0CF00400,FFFFFF0000FFFFFF,Q
$TX,329,58019,0CF00400,FFFFFF0000FFFFFF,Q
$TX,330,58029,0CF00400,FFFFFF0000FFFFFF,Q
$TX,331,58039,0CF00400,FFFFFF0000FFFFFF,Q
$TX,332,58049,0CF00400,FFFFFF0000FFFFFF,Q
$TX,333,58059,0CF00400,FFFFFF0000FFFFFF,Q
$TX,334,58069,0CF00400,FFFFFF0000FFFFFF,Q
$TX,335,58079,0CF00400,FFFFFF0000FFFFFF,Q
$TX,336,58089,0CF00400,FFFFFF0000FFFFFF,Q
$TX,337,58099,0CF00400,FFFFFF0000FFFFFF,Q
$TX,338,58109,0CF00400,FFFFFF0000FFFFFF,Q
$TX,339,58119,0CF00400,FFFFFF0000FFFFFF,Q
$TX,340,58129,0CF00400,FFFFFF0000FFFFFF,Q
$TX,341,58139,0CF00400,FFFFFF0000FFFFFF,Q
$TX,342,58149,0CF00400,FFFFFF0000FFFFFF,Q
$TX,343,58159,0CF00400,FFFFFF0000FFFFFF,Q
$TX,344,58169,0CF00400,FFFFFF0000FFFFFF,Q
$TX,345,58179,0CF00400,FFFFFF0000FFFFFF,Q
$TX,346,58189,0CF00400,FFFFFF0000FFFFFF,Q
$TX,347,58199,0CF00400,FFFFFF0000FFFFFF,Q
$TX,348,58209,0CF00400,FFFFFF0000FFFFFF,Q
$TX,349,58219,0CF00400,FFFFFF0000FFFFFF,Q
$TX,350,58229,0CF00400,FFFFFF0000FFFFFF,Q
$TX,351,58239,0CF00400,FFFFFF0000FFFFFF,Q
$TX,352,58249,0CF00400,FFFFFF0000FFFFFF,Q
$TX,353,58259,0CF00400,FFFFFF0000FFFFFF,Q
$TX,354,58269,0CF00400,FFFFFF0000FFFFFF,Q
$TX,355,58279,0CF00400,FFFFFF0000FFFFFF,Q
$TX,356,58289,0CF00400,FFFFFF0000FFFFFF,Q
$TX,357,58299,0CF00400,FFFFFF0000FFFFFF,Q
$TX,358,58309,0CF00400,FFFFFF0000FFFFFF,Q
$TX,359,58319,0CF00400,FFFFFF0000FFFFFF,Q
$TX,360,58329,0CF00400,FFFFFF0000FFFFFF,Q
$TX,361,58339,0CF00400,FFFFFF0000FFFFFF,Q
$TX,362,58349,0CF00400,FFFFFF0000FFFFFF,Q
$TX,363,58359,0CF00400,FFFFFF0000FFFFFF,Q
$TX,364,58369,0CF00400,FFFFFF0000FFFFFF,Q
$TX,365,58379,0CF00400,FFFFFF0000FFFFFF,Q
$TX,366,58389,0CF00400,FFFFFF0000FFFFFF,Q
$TX,367,58399,0CF00400,FFFFFF0000FFFFFF,Q
$TX,368,58409,0CF00400,FFFFFF0000FFFFFF,Q
$TX,369,58419,0CF00400,FFFFFF0000FFFFFF,Q
$TX,370,58429,0CF00400,FFFFFF0000FFFFFF,Q
$TX,371,58439,0CF00400,FFFFFF0000FFFFFF,Q
$TX,372,58449,0CF00400,FFFFFF0000FFFFFF,Q
$TX,373,58459,0CF00400,FFFFFF0000FFFFFF,Q
$TX,374,58469,0CF00400,FFFFFF0000FFFFFF,Q
$TX,375,58479,0CF00400,FFFFFF0000FFFFFF,Q
$TX,376,58489,0CF00400,FFFFFF0000FFFFFF,Q
$TX,377,58499,0CF00400,FFFFFF0000FFFFFF,Q
$TX,378,58509,0CF00400,FFFFFF0000FFFFFF,Q
$TX,379,58519,0CF00400,FFFFFF0000FFFFFF,Q
$TX,380,58529,0CF00400,FFFFFF0000FFFFFF,Q
$TX,381,58539,0CF00400,FFFFFF0000FFFFFF,Q
$TX,382,58549,0CF00400,FFFFFF0000FFFFFF,Q
$TX,383,58559,0CF00400,FFFFFF0000FFFFFF,Q
$TX,384,58569,0CF00400,FFFFFF0000FFFFFF,Q
$TX,385,58579,0CF00400,FFFFFF0000FFFFFF,Q
$TX,386,58589,0CF00400,FFFFFF0000FFFFFF,Q
$TX,387,58599,0CF00400,FFFFFF0000FFFFFF,Q
$TX,388,58609,0CF00400,FFFFFF0000FFFFFF,Q
$TX,389,58619,0CF00400,FFFFFF0000FFFFFF,Q
$TX,390,58629,0CF00400,FFFFFF0000FFFFFF,Q
$TX,391,58639,0CF00400,FFFFFF0000FFFFFF,Q
$TX,392,58649,0CF00400,FFFFFF0000FFFFFF,Q
$TX,393,58659,0CF00400,FFFFFF0000FFFFFF,Q
$TX,394,58669,0CF00400,FFFFFF0000FFFFFF,Q
$TX,395,58679,0CF00400,FFFFFF0000FFFFFF,Q
$TX,396,58689,0CF00400,FFFFFF0000FFFFFF,Q
$TX,397,58699,0CF00400,FFFFFF0000FFFFFF,Q
$TX,398,58709,0CF00400,FFFFFF0000FFFFFF,Q
$TX,399,58719,0CF00400,FFFFFF0000FFFFFF,Q
$TX,400,58729,0CF00400,FFFFFF0000FFFFFF,Q
$TX,401,58739,0CF00400,FFFFFF0000FFFFFF,Q
$TX,402,58749,0CF00400,FFFFFF0000FFFFFF,Q
$TX,403,58759,0CF00400,FFFFFF0000FFFFFF,Q
$TX,404,58769,0CF00400,FFFFFF0000FFFFFF,Q
$TX,405,58779,0CF00400,FFFFFF0000FFFFFF,Q
$TX,406,58789,0CF00400,FFFFFF0000FFFFFF,Q
$TX,407,58799,0CF00400,FFFFFF0000FFFFFF,Q
$TX,408,58809,0CF00400,FFFFFF0000FFFFFF,Q
$TX,409,58819,0CF00400,FFFFFF0000FFFFFF,Q
$TX,410,58829,0CF00400,FFFFFF0000FFFFFF,Q
$TX,411,58839,0CF00400,FFFFFF0000FFFFFF,Q
$TX,412,58849,0CF00400,FFFFFF0000FFFFFF,Q
$TX,413,58859,0CF00400,FFFFFF0000FFFFFF,Q
$TX,414,58869,0CF00400,FFFFFF0000FFFFFF,Q
$TX,415,58879,0CF00400,FFFFFF0000FFFFFF,Q
$TX,416,58889,0CF00400,FFFFFF0000FFFFFF,Q
$TX,417,58899,0CF00400,FFFFFF0000FFFFFF,Q
$TX,418,58909,0CF00400,FFFFFF0000FFFFFF,Q
$TX,419,58919,0CF00400,FFFFFF0000FFFFFF,Q
$TX,420,58929,0CF00400,FFFFFF0000FFFFFF,Q
$TX,421,58939,0CF00400,FFFFFF0000FFFFFF,Q
$TX,422,58949,0CF00400,FFFFFF0000FFFFFF,Q
$TX,423,58959,0CF00400,FFFFFF0000FFFFFF,Q
$TX,424,58969,0CF00400,FFFFFF0000FFFFFF,Q
$TX,425,58979,0CF00400,FFFFFF0000FFFFFF,Q
$TX,426,58989,0CF00400,FFFFFF0000FFFFFF,Q
$TX,427,58999,0CF00400,FFFFFF0000FFFFFF,Q
$TX,428,59009,0CF00400,FFFFFF0000FFFFFF,Q
$TX,429,59019,0CF00400,FFFFFF0000FFFFFF,Q
$TX,430,59029,0CF00400,FFFFFF0000FFFFFF,Q
$TX,431,59039,0CF00400,FFFFFF0000FFFFFF,Q
$TX,432,59049,0CF00400,FFFFFF0000FFFFFF,Q
$TX,433,59059,0CF00400,FFFFFF0000FFFFFF,Q
$TX,434,59069,0CF00400,FFFFFF0000FFFFFF,Q
$TX,435,59079,0CF00400,FFFFFF0000FFFFFF,Q
$TX,436,59089,0CF00400,FFFFFF0000FFFFFF,Q
$TX,437,59099,0CF00400,FFFFFF0000FFFFFF,Q
$TX,438,59109,0CF00400,FFFFFF0000FFFFFF,Q
$TX,439,59119,0CF00400,FFFFFF0000FFFFFF,Q
$TX,440,59129,0CF00400,FFFFFF0000FFFFFF,Q
$TX,441,59139,0CF00400,FFFFFF0000FFFFFF,Q
$TX,442,59149,0CF00400,FFFFFF0000FFFFFF,Q
$TX,443,59159,0CF00400,FFFFFF0000FFFFFF,Q
$TX,444,59169,0CF00400,FFFFFF0000FFFFFF,Q
$TX,445,59179,0CF00400,FFFFFF0000FFFFFF,Q
$TX,446,59189,0CF00400,FFFFFF0000FFFFFF,Q
$TX,447,59199,0CF00400,FFFFFF0000FFFFFF,Q
$TX,448,59209,0CF00400,FFFFFF0000FFFFFF,Q
$TX,449,59219,0CF00400,FFFFFF0000FFFFFF,Q
$TX,450,59229,0CF00400,FFFFFF0000FFFFFF,Q
$TX,451,59239,0CF00400,FFFFFF0000FFFFFF,Q
$TX,452,59249,0CF00400,FFFFFF0000FFFFFF,Q
$TX,453,59259,0CF00400,FFFFFF0000FFFFFF,Q
$TX,454,59269,0CF00400,FFFFFF0000FFFFFF,Q
$TX,455,59279,0CF00400,FFFFFF0000FFFFFF,Q
$TX,456,59289,0CF00400,FFFFFF0000FFFFFF,Q
$TX,457,59299,0CF00400,FFFFFF0000FFFFFF,Q
$TX,458,59309,0CF00400,FFFFFF0000FFFFFF,Q
$TX,459,59319,0CF00400,FFFFFF0000FFFFFF,Q
$TX,460,59329,0CF00400,FFFFFF0000FFFFFF,Q
$TX,461,59339,0CF00400,FFFFFF0000FFFFFF,Q
$TX,462,59349,0CF00400,FFFFFF0000FFFFFF,Q
$TX,463,59359,0CF00400,FFFFFF0000FFFFFF,Q
$TX,464,59369,0CF00400,FFFFFF0000FFFFFF,Q
$TX,465,59379,0CF00400,FFFFFF0000FFFFFF,Q
$TX,466,59389,0CF00400,FFFFFF0000FFFFFF,Q
$TX,467,59399,0CF00400,FFFFFF0000FFFFFF,Q
$TX,468,59409,0CF00400,FFFFFF0000FFFFFF,Q
$TX,469,59419,0CF00400,FFFFFF0000FFFFFF,Q
$TX,470,59429,0CF00400,FFFFFF0000FFFFFF,Q
$TX,471,59439,0CF00400,FFFFFF0000FFFFFF,Q
$TX,472,59449,0CF00400,FFFFFF0000FFFFFF,Q
$TX,473,59459,0CF00400,FFFFFF0000FFFFFF,Q
$TX,474,59469,0CF00400,FFFFFF0000FFFFFF,Q
$TX,475,59479,0CF00400,FFFFFF0000FFFFFF,Q
$TX,476,59489,0CF00400,FFFFFF0000FFFFFF,Q
$TX,477,59499,0CF00400,FFFFFF0000FFFFFF,Q
$TX,478,59509,0CF00400,FFFFFF0000FFFFFF,Q
$TX,479,59519,0CF00400,FFFFFF0000FFFFFF,Q
$TX,480,59529,0CF00400,FFFFFF0000FFFFFF,Q
$TX,481,59539,0CF00400,FFFFFF0000FFFFFF,Q
$TX,482,59549,0CF00400,FFFFFF0000FFFFFF,Q
$TX,483,59559,0CF00400,FFFFFF0000FFFFFF,Q
$TX,484,59569,0CF00400,FFFFFF0000FFFFFF,Q
$TX,485,59579,0CF00400,FFFFFF0000FFFFFF,Q
$TX,486,59589,0CF00400,FFFFFF0000FFFFFF,Q
$TX,487,59599,0CF00400,FFFFFF0000FFFFFF,Q
$TX,488,59609,0CF00400,FFFFFF0000FFFFFF,Q
$TX,489,59619,0CF00400,FFFFFF0000FFFFFF,Q
$TX,490,59629,0CF00400,FFFFFF0000FFFFFF,Q
$TX,491,59639,0CF00400,FFFFFF0000FFFFFF,Q
$TX,492,59649,0CF00400,FFFFFF0000FFFFFF,Q
$TX,493,59659,0CF00400,FFFFFF0000FFFFFF,Q
$TX,494,59669,0CF00400,FFFFFF0000FFFFFF,Q
$TX,495,59679,0CF00400,FFFFFF0000FFFFFF,Q
$TX,496,59689,0CF00400,FFFFFF0000FFFFFF,Q
$TX,497,59699,0CF00400,FFFFFF0000FFFFFF,Q
$TX,498,59709,0CF00400,FFFFFF0000FFFFFF,Q
$TX,499,59719,0CF00400,FFFFFF0000FFFFFF,Q
$TX,500,59729,0CF00400,FFFFFFB036FFFFFF,Q
$TX,501,59739,0CF00400,FFFFFF1E37FFFFFF,Q
$TX,502,59749,0CF00400,FFFFFF8C37FFFFFF,Q
$TX,503,59759,0CF00400,FFFFFFFA37FFFFFF,Q
$9X,504,59769,0CF00400,FFFFFF6838FFFFFF,Q
$TX,505,59779,0CF00400,FFFFFFD638FFFFFF,Q
$TX,506,59789,0CF00400,FFFFFF4339FFFFFF,Q
$TX,507,59799,0CF00400,FFFFFFB139FFFFFF,Q
$TX,508,59809,0CF00400,FFFFFF1F3AFFFFFF,Q
$TX,509,59819,0CF00400,FFFFFF8D3AFFFFFF,Q
$TX,510,59829,0CF00400,FFFFFFFA3AFFFFFF,Q
$TX,511,59839,0CF00400,FFFFFF683BFFFFFF,Q
$TX,512,59849,0CF00400,FFFFFFD63BFFFFFF,Q
$TX,513,59859,0CF00400,FFFFFF433CFFFFFF,Q
$TX,514,59869,0CF00400,FFFFFFB03CFFFFFF,Q
$TX,515,59879,0CF00400,FFFFFF1E3DFFFFFF,Q
$TX,516,59889,0CF00400,FFFFFF8B3DFFFFFF,Q
$TX,517,59899,0CF00400,FFFFFFF83DFFFFFF,Q
$TX,518,59909,0CF00400,FFFFFF653EFFFFFF,Q
$TX,519,59919,0CF00400,FFFFFFD13EFFFFFF,Q
$TX,520,59929,0CF00400,FFFFFF3E3FFFFFFF,Q
$TX,521,59939,0CF00400,FFFFFFAB3FFFFFFF,Q
$TX,522,59949,0CF00400,FFFFFF1740FFFFFF,Q
$TX,523,59959,0CF00400,FFFFFF8340FFFFFF,Q
$TX,524,59969,0CF00400,FFFFFFEF40FFFFFF,Q
$TX,525,59979,0CF00400,FFFFFF5B41FFFFFF,Q
$TX,526,59989,0CF00400,FFFFFFC741FFFFFF,Q
$TX,527,59999,0CF00400,FFFFFF3342FFFFFF,Q
$TX,528,60009,0CF00400,FFFFFF9E42FFFFFF,Q
$TX,529,60019,0CF00400,FFFFFF0943FFFFFF,Q
$TX,530,60029,0CF00400,FFFFFF7443FFFFFF,Q
$TX,531,60039,0CF00400,FFFFFFDF43FFFFFF,Q
$TX,532,60049,0CF00400,FFFFFF4A44FFFFFF,Q
$TX,533,60059,0CF00400,FFFFFFB444FFFFFF,Q
$TX,534,60069,0CF00400,FFFFFF1E45FFFFFF,Q
$TX,535,60079,0CF00400,FFFFFF8845FFFFFF,Q
$TX,536,60089,0CF00400,FFFFFFF245FFFFFF,Q
$TX,537,60099,0CF00400,FFFFFF5B46FFFFFF,Q
$TX,538,60109,0CF00400,FFFFFFC546FFFFFF,Q
$TX,539,60119,0CF00400,FFFFFF2E47FFFFFF,Q
$TX,540,60129,0CF00400,FFFFFF9647FFFFFF,Q
$TX,541,60139,0CF00400,FFFFFFFF47FFFFFF,Q
$TX,542,60149,0CF00400,FFFFFF6748FFFFFF,Q
$TX,543,60159,0CF00400,FFFFFFCF48FFFFFF,Q
$TX,544,60169,0CF00400,FFFFFF3649FFFFFF,Q
$TX,545,60179,0CF00400,FFFFFF9E49FFFFFF,Q
$TX,546,60189,0CF00400,FFFFFF054AFFFFFF,Q
$TX,547,60199,0CF00400,FFFFFF6B4AFFFFFF,Q
$9X,548,60209,0CF00400,FFFFFFD24AFFFFFF,Q
$TX,549,60219,0CF00400,FFFFFF384BFFFFFF,Q
$TX,550,60229,0CF00400,FFFFFF9E4BFFFFFF,Q
$TX,551,60239,0CF00400,FFFFFF034CFFFFFF,Q
$TX,552,60249,0CF00400,FFFFFF684CFFFFFF,Q
$0X,553,60259,0CF00400,FFFFFFCD4CFFFFFF,Q
$TX,554,60269,0CF00400,FFFFFF314DFFFFFF,Q
$TX,555,60279,0CF00400,FFFFFF954DFFFFFF,Q
$TX,556,60289,0CF00400,FFFFFFF94DFFFFFF,Q
$TX,557,60299,0CF00400,FFFFFF5C4EFFFFFF,Q
$TX,558,60309,0CF00400,FFFFFFBF4EFFFFFF,Q
$TX,559,60319,0CF00400,FFFFFF224FFFFFFF,Q
$TX,560,60329,0CF00400,FFFFFF844FFFFFFF,Q
$TX,561,60339,0CF00400,FFFFFFE64FFFFFFF,Q
$TX,562,60349,0CF00400,FFFFFF4750FFFFFF,Q
$TX,563,60359,0CF00400,FFFFFFA850FFFFFF,Q
$TX,564,60369,0CF00400,FFFFFF0951FFFFFF,Q
$TX,565,60379,0CF00400,FFFFFF6951FFFFFF,Q
$TX,566,60389,0CF00400,FFFFFFC851FFFFFF,Q
$TX,567,60399,0CF00400,FFFFFF2852FFFFFF,Q
$TX,568,60409,0CF00400,FFFFFF8752FFFFFF,Q
$TX,569,60419,0CF00400,FFFFFFE552FFFFFF,Q
$TX,570,60429,0CF00400,FFFFFF4353FFFFFF,Q
$TX,571,60439,0CF00400,FFFFFFA153FFFFFF,Q
$TX,572,60449,0CF00400,FFFFFFFE53FFFFFF,Q
$TX,573,60459,0CF00400,FFFFFF5A54FFFFFF,Q
$TX,574,60469,0CF00400,FFFFFFB654FFFFFF,Q
$TX,575,60479,0CF00400,FFFFFF1255FFFFFF,Q
$TX,576,60489,0CF00400,FFFFFF6D55FFFFFF,Q
$TX,577,60499,0CF00400,FFFFFFC855FFFFFF,Q
$TX,578,60509,0CF00400,FFFFFF2256FFFFFF,Q
$TX,579,60519,0CF00400,FFFFFF7C56FFFFFF,Q
$TX,580,60529,0CF00400,FFFFFFD556FFFFFF,Q
$TX,581,60539,0CF00400,FFFFFF2E57FFFFFF,Q
$TX,582,60549,0CF00400,FFFFFF8657FFFFFF,Q
$TX,583,60559,0CF00400,FFFFFFDE57FFFFFF,Q
$TX,584,60569,0CF00400,FFFFFF3558FFFFFF,Q
$TX,585,60579,0CF00400,FFFFFF8B58FFFFFF,Q
$TX,586,60589,0CF00400,FFFFFFE158FFFFFF,Q
$TX,587,60599,0CF00400,FFFFFF3759FFFFFF,Q
$TX,588,60609,0CF00400,FFFFFF8C59FFFFFF,Q
$TX,589,60619,0CF00400,FFFFFFE059FFFFFF,Q
$TX,590,60629,0CF00400,FFFFFF345AFFFFFF,Q
$TX,591,60639,0CF00400,FFFFFF885AFFFFFF,Q
$TX,592,60649,0CF00400,FFFFFFDA5AFFFFFF,Q
$TX,593,60659,0CF00400,FFFFFF2D5BFFFFFF,Q
$TX,594,60669,0CF00400,FFFFFF7E5BFFFFFF,Q
$TX,595,60679,0CF00400,FFFFFFCF5BFFFFFF,Q
$TX,596,60689,0CF00400,FFFFFF205CFFFFFF,Q
$TX,597,60699,0CF00400,FFFFFF705CFFFFFF,Q
$TX,598,60709,0CF00400,FFFFFFBF5CFFFFFF,Q
$TX,599,60719,0CF00400,FFFFFF0D5DFFFFFF,Q
$TX,600,60729,0CF00400,FFFFFF5B5DFFFFFF,Q
$TX,601,60739,0CF00400,FFFFFFA95DFFFFFF,Q
$TX,602,60749,0CF00400,FFFFFFF65DFFFFFF,Q
$TX,603,60759,0CF00400,FFFFFF425EFFFFFF,Q
$TX,604,60769,0CF00400,FFFFFF8E5EFFFFFF,Q
$TX,605,60779,0CF00400,FFFFFFD95EFFFFFF,Q
$TX,606,60789,0CF00400,FFFFFF235FFFFFFF,Q
$TX,607,60799,0CF00400,FFFFFF6D5FFFFFFF,Q
$TX,608,60809,0CF00400,FFFFFFB65FFFFFFF,Q
$TX,609,60819,0CF00400,FFFFFFFE5FFFFFFF,Q
$TX,610,60829,0CF00400,FFFFFF4660FFFFFF,Q
$TX,611,60839,0CF00400,FFFFFF8D60FFFFFF,Q
$TX,612,60849,0CF00400,FFFFFFD360FFFFFF,Q
$TX,613,60859,0CF00400,FFFFFF1961FFFFFF,Q
$TX,614,60869,0CF00400,FFFFFF5E61FFFFFF,Q
$TX,615,60879,0CF00400,FFFFFFA261FFFFFF,Q
$TX,616,60889,0CF00400,FFFFFFE661FFFFFF,Q
$TX,617,60899,0CF00400,FFFFFF2962FFFFFF,Q
$TX,618,60909,0CF00400,FFFFFF6C62FFFFFF,Q
$TX,619,60919,0CF00400,FFFFFFAD62FFFFFF,Q
$TX,620,60929,0CF00400,FFFFFFEE62FFFFFF,Q
$TX,621,60939,0CF00400,FFFFFF2F63FFFFFF,Q
$TX,622,60949,0CF00400,FFFFFF6E63FFFFFF,Q
$TX,623,60959,0CF00400,FFFFFFAD63FFFFFF,Q
$TX,624,60969,0CF00400,FFFFFFEB63FFFFFF,Q
$TX,625,60979,0CF00400,FFFFFF2964FFFFFF,Q
$TX,626,60989,0CF00400,FFFFFF6564FFFFFF,Q
$TX,627,60999,0CF00400,FFFFFFA164FFFFFF,Q
$TX,628,61009,0CF00400,FFFFFFDD64FFFFFF,Q
$TX,629,61019,0CF00400,FFFFFF1765FFFFFF,Q
$TX,630,61029,0CF00400,FFFFFF5165FFFFFF,Q
$TX,631,61039,0CF00400,FFFFFF8A65FFFFFF,Q
$TX,632,61049,0CF00400,FFFFFFC265FFFFFF,Q
$TX,633,61059,0CF00400,FFFFFFFA65FFFFFF,Q
$TX,634,61069,0CF00400,FFFFFF3166FFFFFF,Q
$TX,635,61079,0CF00400,FFFFFF6766FFFFFF,Q
$TX,636,61089,0CF00400,FFFFFF9C66FFFFFF,Q
$TX,637,61099,0CF00400,FFFFFFD166FFFFFF,Q
$TX,638,61109,0CF00400,FFFFFF0567FFFFFF,Q
$TX,639,61119,0CF00400,FFFFFF3867FFFFFF,Q
$TX,640,61129,0CF00400,FFFFFF6A67FFFFFF,Q
$TX,641,61139,0CF00400,FFFFFF9C67FFFFFF,Q
$TX,642,61149,0CF00400,FFFFFFCC67FFFFFF,Q
$TX,643,61159,0CF00400,FFFFFFFC67FFFFFF,Q
$TX,644,61169,0CF00400,FFFFFF2C68FFFFFF,Q
$TX,645,61179,0CF00400,FFFFFF5A68FFFFFF,Q
$TX,646,61189,0CF00400,FFFFFF8868FFFFFF,Q
$TX,647,61199,0CF00400,FFFFFFB568FFFFFF,Q
$TX,648,61209,0CF00400,FFFFFFE168FFFFFF,Q
$TX,649,61219,0CF00400,FFFFFF0C69FFFFFF,Q
$TX,650,61229,0CF00400,FFFFFF3669FFFFFF,Q
$TX,651,61239,0CF00400,FFFFFF6069FFFFFF,Q
$TX,652,61249,0CF00400,FFFFFF8969FFFFFF,Q
$TX,653,61259,0CF00400,FFFFFFB169FFFFFF,Q
$TX,654,61269,0CF00400,FFFFFFD869FFFFFF,Q
$TX,655,61279,0CF00400,FFFFFFFF69FFFFFF,Q
$TX,656,61289,0CF00400,FFFFFF246AFFFFFF,Q
$TX,657,61299,0CF00400,FFFFFF496AFFFFFF,Q
$TX,658,61309,0CF00400,FFFFFF6D6AFFFFFF,Q
$TX,659,61319,0CF00400,FFFFFF906AFFFFFF,Q
$TX,660,61329,0CF00400,FFFFFFB36AFFFFFF,Q
$TX,661,61339,0CF00400,FFFFFFD46AFFFFFF,Q
$TX,662,61349,0CF00400,FFFFFFF56AFFFFFF,Q
$TX,663,61359,0CF00400,FFFFFF156BFFFFFF,Q
$TX,664,61369,0CF00400,FFFFFF346BFFFFFF,Q
$TX,665,61379,0CF00400,FFFFFF526BFFFFFF,Q
$TX,666,61389,0CF00400,FFFFFF706BFFFFFF,Q
$TX,667,61399,0CF00400,FFFFFF8C6BFFFFFF,Q
$TX,668,61409,0CF00400,FFFFFFA86BFFFFFF,Q
$TX,669,61419,0CF00400,FFFFFFC36BFFFFFF,Q
$TX,670,61429,0CF00400,FFFFFFDD6BFFFFFF,Q
$TX,671,61439,0CF00400,FFFFFFF66BFFFFFF,Q
$TX,672,61449,0CF00400,FFFFFF0F6CFFFFFF,Q
$TX,673,61459,0CF00400,FFFFFF266CFFFFFF,Q
$TX,674,61469,0CF00400,FFFFFF3D6CFFFFFF,Q
$TX,675,61479,0CF00400,FFFFFF536CFFFFFF,Q
$TX,676,61489,0CF00400,FFFFFF686CFFFFFF,Q
$TX,677,61499,0CF00400,FFFFFF7C6CFFFFFF,Q
$TX,678,61509,0CF00400,FFFFFF906CFFFFFF,Q
$TX,679,61519,0CF00400,FFFFFFA26CFFFFFF,Q
$TX,680,61529,0CF00400,FFFFFFB46CFFFFFF,Q
$TX,681,61539,0CF00400,FFFFFFC46CFFFFFF,Q
$TX,682,61549,0CF00400,FFFFFFD46CFFFFFF,Q
$TX,683,61559,0CF00400,FFFFFFE36CFFFFFF,Q
$TX,684,61569,0CF00400,FFFFFFF26CFFFFFF,Q
$TX,685,61579,0CF00400,FFFFFFFF6CFFFFFF,Q
$TX,686,61589,0CF00400,FFFFFF0B6DFFFFFF,Q
$TX,687,61599,0CF00400,FFFFFF176DFFFFFF,Q
$TX,688,61609,0CF00400,FFFFFF226DFFFFFF,Q
$TX,689,61619,0CF00400,FFFFFF2C6DFFFFFF,Q
$TX,690,61629,0CF00400,FFFFFF356DFFFFFF,Q
$1X,691,61639,0CF00400,FFFFFF3D6DFFFFFF,Q
$TX,692,61649,0CF00400,FFFFFF446DFFFFFF,Q
$TX,693,61659,0CF00400,FFFFFF4B6DFFFFFF,Q
$TX,694,61669,0CF00400,FFFFFF506DFFFFFF,Q
$TX,695,61679,0CF00400,FFFFFF556DFFFFFF,Q
$TX,696,61689,0CF00400,FFFFFF596DFFFFFF,Q
$TX,697,61699,0CF00400,FFFFFF5C6DFFFFFF,Q
$TX,698,61709,0CF00400,FFFFFF5E6DFFFFFF,Q
$TX,699,61719,0CF00400,FFFFFF606DFFFFFF,Q
$TX,700,61729,0CF00400,FFFFFF606DFFFFFF,Q
$TX,701,61739,0CF00400,FFFFFF606DFFFFFF,Q
$TX,702,61749,0CF00400,FFFFFF5E6DFFFFFF,Q
$TX,703,61759,0CF00400,FFFFFF5C6DFFFFFF,Q
$TX,704,61769,0CF00400,FFFFFF596DFFFFFF,Q
$TX,705,61779,0CF00400,FFFFFF556DFFFFFF,Q
$TX,706,61789,0CF00400,FFFFFF506DFFFFFF,Q
$TX,707,61799,0CF00400,FFFFFF4B6DFFFFFF,Q
$TX,708,61809,0CF00400,FFFFFF446DFFFFFF,Q
$TX,709,61819,0CF00400,FFFFFF3D6DFFFFFF,Q
$TX,710,61829,0CF00400,FFFFFF356DFFFFFF,Q
$TX,711,61839,0CF00400,FFFFFF2C6DFFFFFF,Q
$TX,712,61849,0CF00400,FFFFFF226DFFFFFF,Q
$TX,713,61859,0CF00400,FFFFFF176DFFFFFF,Q
$TX,714,61869,0CF00400,FFFFFF0B6DFFFFFF,Q
$TX,715,61879,0CF00400,FFFFFFFF6CFFFFFF,Q
$TX,716,61889,0CF00400,FFFFFFF26CFFFFFF,Q
$TX,717,61899,0CF00400,FFFFFFE36CFFFFFF,Q
$TX,718,61909,0CF00400,FFFFFFD46CFFFFFF,Q
$TX,719,61919,0CF00400,FFFFFFC46CFFFFFF,Q
$TX,720,61929,0CF00400,FFFFFFB46CFFFFFF,Q
$TX,721,61939,0CF00400,FFFFFFA26CFFFFFF,Q
$TX,722,61949,0CF00400,FFFFFF906CFFFFFF,Q
$TX,723,61959,0CF00400,FFFFFF7C6CFFFFFF,Q
$TX,724,61969,0CF00400,FFFFFF686CFFFFFF,Q
$TX,725,61979,0CF00400,FFFFFF536CFFFFFF,Q
$TX,726,61989,0CF00400,FFFFFF3D6CFFFFFF,Q
$TX,727,61999,0CF00400,FFFFFF266CFFFFFF,Q
$TX,728,62009,0CF00400,FFFFFF0F6CFFFFFF,Q
$TX,729,62019,0CF00400,FFFFFFF66BFFFFFF,Q
$TX,730,62029,0CF00400,FFFFFFDD6BFFFFFF,Q
$TX,731,62039,0CF00400,FFFFFFC36BFFFFFF,Q
$TX,732,62049,0CF00400,FFFFFFA86BFFFFFF,Q
$TX,733,62059,0CF00400,FFFFFF8C6BFFFFFF,Q
$TX,734,62069,0CF00400,FFFFFF706BFFFFFF,Q
$TX,735,62079,0CF00400,FFFFFF526BFFFFFF,Q
$TX,736,62089,0CF00400,FFFFFF346BFFFFFF,Q
$TX,737,62099,0CF00400,FFFFFF156BFFFFFF,Q
$TX,738,62109,0CF00400,FFFFFFF56AFFFFFF,Q
$TX,739,62119,0CF00400,FFFFFFD46AFFFFFF,Q
$TX,740,62129,0CF00400,FFFFFFB36AFFFFFF,Q
$TX,741,62139,0CF00400,FFFFFF906AFFFFFF,Q
$TX,742,62149,0CF00400,FFFFFF6D6AFFFFFF,Q
$TX,743,62159,0CF00400,FFFFFF496AFFFFFF,Q
$TX,744,62169,0CF00400,FFFFFF246AFFFFFF,Q
$TX,745,62179,0CF00400,FFFFFFFF69FFFFFF,Q
$TX,746,62189,0CF00400,FFFFFFD869FFFFFF,Q
$TX,747,62199,0CF00400,FFFFFFB169FFFFFF,Q
$TX,748,62209,0CF00400,FFFFFF8969FFFFFF,Q
$TX,749,62219,0CF00400,FFFFFF6069FFFFFF,Q
$TX,750,62229,0CF00400,FFFFFF3669FFFFFF,Q
$TX,751,62239,0CF00400,FFFFFF0C69FFFFFF,Q
$TX,752,62249,0CF00400,FFFFFFE168FFFFFF,Q
$TX,753,62259,0CF00400,FFFFFFB568FFFFFF,Q
$TX,754,62269,0CF00400,FFFFFF8868FFFFFF,Q
$TX,755,62279,0CF00400,FFFFFF5A68FFFFFF,Q
$TX,756,62289,0CF00400,FFFFFF2C68FFFFFF,Q
$TX,757,62299,0CF00400,FFFFFFFC67FFFFFF,Q
$TX,758,62309,0CF00400,FFFFFFCC67FFFFFF,Q
$TX,759,62319,0CF00400,FFFFFF9C67FFFFFF,Q
$TX,760,62329,0CF00400,FFFFFF6A67FFFFFF,Q
$TX,761,62339,0CF00400,FFFFFF3867FFFFFF,Q
$TX,762,62349,0CF00400,FFFFFF0567FFFFFF,Q
$TX,763,62359,0CF00400,FFFFFFD166FFFFFF,Q
$TX,764,62369,0CF00400,FFFFFF9C66FFFFFF,Q
$TX,765,62379,0CF00400,FFFFFF6766FFFFFF,Q
$TX,766,62389,0CF00400,FFFFFF3166FFFFFF,Q
$TX,767,62399,0CF00400,FFFFFFFA65FFFFFF,Q
$TX,768,62409,0CF00400,FFFFFFC265FFFFFF,Q
$TX,769,62419,0CF00400,FFFFFF8A65FFFFFF,Q
$TX,770,62429,0CF00400,FFFFFF5165FFFFFF,Q
$TX,771,62439,0CF00400,FFFFFF1765FFFFFF,Q
$TX,772,62449,0CF00400,FFFFFFDD64FFFFFF,Q
$TX,773,62459,0CF00400,FFFFFFA164FFFFFF,Q
$TX,774,62469,0CF00400,FFFFFF6564FFFFFF,Q
$TX,775,62479,0CF00400,FFFFFF2964FFFFFF,Q
$TX,776,62489,0CF00400,FFFFFFEB63FFFFFF,Q
$TX,777,62499,0CF00400,FFFFFFAD63FFFFFF,Q
$TX,778,62509,0CF00400,FFFFFF6E63FFFFFF,Q
$2X,779,62519,0CF00400,FFFFFF2F63FFFFFF,Q
$TX,780,62529,0CF00400,FFFFFFEE62FFFFFF,Q
$TX,781,62539,0CF00400,FFFFFFAD62FFFFFF,Q
$TX,782,62549,0CF00400,FFFFFF6C62FFFFFF,Q
$TX,783,62559,0CF00400,FFFFFF2962FFFFFF,Q
$TX,784,62569,0CF00400,FFFFFFE661FFFFFF,Q
$TX,785,62579,0CF00400,FFFFFFA261FFFFFF,Q
$TX,786,62589,0CF00400,FFFFFF5E61FFFFFF,Q
$TX,787,62599,0CF00400,FFFFFF1961FFFFFF,Q
$TX,788,62609,0CF00400,FFFFFFD360FFFFFF,Q
$TX,789,62619,0CF00400,FFFFFF8D60FFFFFF,Q
$TX,790,62629,0CF00400,FFFFFF4660FFFFFF,Q
$TX,791,62639,0CF00400,FFFFFFFE5FFFFFFF,Q
$TX,792,62649,0CF00400,FFFFFFB65FFFFFFF,Q
$TX,793,62659,0CF00400,FFFFFF6D5FFFFFFF,Q
$TX,794,62669,0CF00400,FFFFFF235FFFFFFF,Q
$TX,795,62679,0CF00400,FFFFFFD95EFFFFFF,Q
$TX,796,62689,0CF00400,FFFFFF8E5EFFFFFF,Q
$TX,797,62699,0CF00400,FFFFFF425EFFFFFF,Q
$TX,798,62709,0CF00400,FFFFFFF65DFFFFFF,Q
$TX,799,62719,0CF00400,FFFFFFA95DFFFFFF,Q
$TX,800,62729,0CF00400,FFFFFF5B5DFFFFFF,Q
$TX,801,62739,0CF00400,FFFFFF0D5DFFFFFF,Q
$TX,802,62749,0CF00400,FFFFFFBF5CFFFFFF,Q
$TX,803,62759,0CF00400,FFFFFF705CFFFFFF,Q
$TX,804,62769,0CF00400,FFFFFF205CFFFFFF,Q
$TX,805,62779,0CF00400,FFFFFFCF5BFFFFFF,Q
$TX,806,62789,0CF00400,FFFFFF7E5BFFFFFF,Q
$TX,807,62799,0CF00400,FFFFFF2D5BFFFFFF,Q
$TX,808,62809,0CF00400,FFFFFFDA5AFFFFFF,Q
$TX,809,62819,0CF00400,FFFFFF885AFFFFFF,Q
$TX,810,62829,0CF00400,FFFFFF345AFFFFFF,Q
$TX,811,62839,0CF00400,FFFFFFE059FFFFFF,Q
$TX,812,62849,0CF00400,FFFFFF8C59FFFFFF,Q
$TX,813,62859,0CF00400,FFFFFF3759FFFFFF,Q
$TX,814,62869,0CF00400,FFFFFFE158FFFFFF,Q
$TX,815,62879,0CF00400,FFFFFF8B58FFFFFF,Q
$TX,816,62889,0CF00400,FFFFFF3558FFFFFF,Q
$TX,817,62899,0CF00400,FFFFFFDE57FFFFFF,Q
$TX,818,62909,0CF00400,FFFFFF8657FFFFFF,Q
$TX,819,62919,0CF00400,FFFFFF2E57FFFFFF,Q
$TX,820,62929,0CF00400,FFFFFFD556FFFFFF,Q
$TX,821,62939,0CF00400,FFFFFF7C56FFFFFF,Q
$TX,822,62949,0CF00400,FFFFFF2256FFFFFF,Q
$TX,823,62959,0CF00400,FFFFFFC855FFFFFF,Q
$TX,824,62969,0CF00400,FFFFFF6D55FFFFFF,Q
$TX,825,62979,0CF00400,FFFFFF1255FFFFFF,Q
$TX,826,62989,0CF00400,FFFFFFB654FFFFFF,Q
$TX,827,62999,0CF00400,FFFFFF5A54FFFFFF,Q
$TX,828,63009,0CF00400,FFFFFFFE53FFFFFF,Q
$TX,829,63019,0CF00400,FFFFFFA153FFFFFF,Q
$TX,830,63029,0CF00400,FFFFFF4353FFFFFF,Q
$TX,831,63039,0CF00400,FFFFFFE552FFFFFF,Q
$TX,832,63049,0CF00400,FFFFFF8752FFFFFF,Q
$2X,833,63059,0CF00400,FFFFFF2852FFFFFF,Q
$TX,834,63069,0CF00400,FFFFFFC851FFFFFF,Q
$TX,835,63079,0CF00400,FFFFFF6951FFFFFF,Q
$TX,836,63089,0CF00400,FFFFFF0951FFFFFF,Q
$TX,837,63099,0CF00400,FFFFFFA850FFFFFF,Q
$TX,838,63109,0CF00400,FFFFFF4750FFFFFF,Q
$TX,839,63119,0CF00400,FFFFFFE64FFFFFFF,Q
$TX,840,63129,0CF00400,FFFFFF844FFFFFFF,Q
$TX,841,63139,0CF00400,FFFFFF224FFFFFFF,Q
$TX,842,63149,0CF00400,FFFFFFBF4EFFFFFF,Q
$TX,843,63159,0CF00400,FFFFFF5C4EFFFFFF,Q
$2X,844,63169,0CF00400,FFFFFFF94DFFFFFF,Q
$TX,845,63179,0CF00400,FFFFFF954DFFFFFF,Q
$TX,846,63189,0CF00400,FFFFFF314DFFFFFF,Q
$TX,847,63199,0CF00400,FFFFFFCD4CFFFFFF,Q
$TX,848,63209,0CF00400,FFFFFF684CFFFFFF,Q
$TX,849,63219,0CF00400,FFFFFF034CFFFFFF,Q
$TX,850,63229,0CF00400,FFFFFF9E4BFFFFFF,Q
$TX,851,63239,0CF00400,FFFFFF384BFFFFFF,Q
$TX,852,63249,0CF00400,FFFFFFD24AFFFFFF,Q
$TX,853,63259,0CF00400,FFFFFF6B4AFFFFFF,Q
$TX,854,63269,0CF00400,FFFFFF054AFFFFFF,Q
$TX,855,63279,0CF00400,FFFFFF9E49FFFFFF,Q
$TX,856,63289,0CF00400,FFFFFF3649FFFFFF,Q
$TX,857,63299,0CF00400,FFFFFFCF48FFFFFF,Q
$TX,858,63309,0CF00400,FFFFFF6748FFFFFF,Q
$TX,859,63319,0CF00400,FFFFFFFF47FFFFFF,Q
$TX,860,63329,0CF00400,FFFFFF9647FFFFFF,Q
$TX,861,63339,0CF00400,FFFFFF2E47FFFFFF,Q
$TX,862,63349,0CF00400,FFFFFFC546FFFFFF,Q
$TX,863,63359,0CF00400,FFFFFF5B46FFFFFF,Q
$TX,864,63369,0CF00400,FFFFFFF245FFFFFF,Q
$TX,865,63379,0CF00400,FFFFFF8845FFFFFF,Q
$TX,866,63389,0CF00400,FFFFFF1E45FFFFFF,Q
$TX,867,63399,0CF00400,FFFFFFB444FFFFFF,Q
$TX,868,63409,0CF00400,FFFFFF4A44FFFFFF,Q
$TX,869,63419,0CF00400,FFFFFFDF43FFFFFF,Q
$TX,870,63429,0CF00400,FFFFFF7443FFFFFF,Q
$TX,871,63439,0CF00400,FFFFFF0943FFFFFF,Q
$TX,872,63449,0CF00400,FFFFFF9E42FFFFFF,Q
$TX,873,63459,0CF00400,FFFFFF3342FFFFFF,Q
$TX,874,63469,0CF00400,FFFFFFC741FFFFFF,Q
$TX,875,63479,0CF00400,FFFFFF5B41FFFFFF,Q
$TX,876,63489,0CF00400,FFFFFFEF40FFFFFF,Q
$TX,877,63499,0CF00400,FFFFFF8340FFFFFF,Q
$TX,878,63509,0CF00400,FFFFFF1740FFFFFF,Q
$TX,879,63519,0CF00400,FFFFFFAB3FFFFFFF,Q
$TX,880,63529,0CF00400,FFFFFF3E3FFFFFFF,Q
$TX,881,63539,0CF00400,FFFFFFD13EFFFFFF,Q
$TX,882,63549,0CF00400,FFFFFF653EFFFFFF,Q
$TX,883,63559,0CF00400,FFFFFFF83DFFFFFF,Q
$TX,884,63569,0CF00400,FFFFFF8B3DFFFFFF,Q
$TX,885,63579,0CF00400,FFFFFF1E3DFFFFFF,Q
$TX,886,63589,0CF00400,FFFFFFB03CFFFFFF,Q
$TX,887,63599,0CF00400,FFFFFF433CFFFFFF,Q
$TX,888,63609,0CF00400,FFFFFFD63BFFFFFF,Q
$TX,889,63619,0CF00400,FFFFFF683BFFFFFF,Q
$TX,890,63629,0CF00400,FFFFFFFA3AFFFFFF,Q
$TX,891,63639,0CF00400,FFFFFF8D3AFFFFFF,Q
$TX,892,63649,0CF00400,FFFFFF1F3AFFFFFF,Q
$TX,893,63659,0CF00400,FFFFFFB139FFFFFF,Q
$TX,894,63669,0CF00400,FFFFFF4339FFFFFF,Q
$TX,895,63679,0CF00400,FFFFFFD638FFFFFF,Q
$TX,896,63689,0CF00400,FFFFFF6838FFFFFF,Q
$TX,897,63699,0CF00400,FFFFFFFA37FFFFFF,Q
$TX,898,63709,0CF00400,FFFFFF8C37FFFFFF,Q
$TX,899,63719,0CF00400,FFFFFF1E37FFFFFF,Q
$TX,900,63729,0CF00400,FFFFFFB036FFFFFF,Q
$TX,901,63739,0CF00400,FFFFFF4236FFFFFF,Q
$TX,902,63749,0CF00400,FFFFFFD435FFFFFF,Q
$TX,903,63759,0CF00400,FFFFFF6635FFFFFF,Q
$TX,904,63769,0CF00400,FFFFFFF834FFFFFF,Q
$TX,905,63779,0CF00400,FFFFFF8A34FFFFFF,Q
$TX,906,63789,0CF00400,FFFFFF1D34FFFFFF,Q
$TX,907,63799,0CF00400,FFFFFFAF33FFFFFF,Q
$TX,908,63809,0CF00400,FFFFFF4133FFFFFF,Q
$TX,909,63819,0CF00400,FFFFFFD332FFFFFF,Q
$TX,910,63829,0CF00400,FFFFFF6632FFFFFF,Q
$TX,911,63839,0CF00400,FFFFFFF831FFFFFF,Q
$TX,912,63849,0CF00400,FFFFFF8A31FFFFFF,Q
$TX,913,63859,0CF00400,FFFFFF1D31FFFFFF,Q
$TX,914,63869,0CF00400,FFFFFFB030FFFFFF,Q
$TX,915,63879,0CF00400,FFFFFF4230FFFFFF,Q
$TX,916,63889,0CF00400,FFFFFFD52FFFFFFF,Q
$TX,917,63899,0CF00400,FFFFFF682FFFFFFF,Q
$TX,918,63909,0CF00400,FFFFFFFB2EFFFFFF,Q
$TX,919,63919,0CF00400,FFFFFF8F2EFFFFFF,Q
$TX,920,63929,0CF00400,FFFFFF222EFFFFFF,Q
$TX,921,63939,0CF00400,FFFFFFB52DFFFFFF,Q
$TX,922,63949,0CF00400,FFFFFF492DFFFFFF,Q
$TX,923,63959,0CF00400,FFFFFFDD2CFFFFFF,Q
$TX,924,63969,0CF00400,FFFFFF712CFFFFFF,Q
$TX,925,63979,0CF00400,FFFFFF052CFFFFFF,Q
$TX,926,63989,0CF00400,FFFFFF992BFFFFFF,Q
$TX,927,63999,0CF00400,FFFFFF2D2BFFFFFF,Q
$TX,928,64009,0CF00400,FFFFFFC22AFFFFFF,Q
$TX,929,64019,0CF00400,FFFFFF572AFFFFFF,Q
$TX,930,64029,0CF00400,FFFFFFEC29FFFFFF,Q
$TX,931,64039,0CF00400,FFFFFF8129FFFFFF,Q
$TX,932,64049,0CF00400,FFFFFF1629FFFFFF,Q
$TX,933,64059,0CF00400,FFFFFFAC28FFFFFF,Q
$TX,934,64069,0CF00400,FFFFFF4228FFFFFF,Q
$TX,935,64079,0CF00400,FFFFFFD827FFFFFF,Q
$TX,936,64089,0CF00400,FFFFFF6E27FFFFFF,Q
$TX,937,64099,0CF00400,FFFFFF0527FFFFFF,Q
$TX,938,64109,0CF00400,FFFFFF9B26FFFFFF,Q
$TX,939,64119,0CF00400,FFFFFF3226FFFFFF,Q
$TX,940,64129,0CF00400,FFFFFFCA25FFFFFF,Q
$TX,941,64139,0CF00400,FFFFFF6125FFFFFF,Q
$TX,942,64149,0CF00400,FFFFFFF924FFFFFF,Q
$TX,943,64159,0CF00400,FFFFFF9124FFFFFF,Q
$TX,944,64169,0CF00400,FFFFFF2A24FFFFFF,Q
$TX,945,64179,0CF00400,FFFFFFC223FFFFFF,Q
$TX,946,64189,0CF00400,FFFFFF5B23FFFFFF,Q
$TX,947,64199,0CF00400,FFFFFFF522FFFFFF,Q
$TX,948,64209,0CF00400,FFFFFF8E22FFFFFF,Q
$TX,949,64219,0CF00400,FFFFFF2822FFFFFF,Q
$TX,950,64229,0CF00400,FFFFFFC221FFFFFF,Q
$TX,951,64239,0CF00400,FFFFFF5D21FFFFFF,Q
$TX,952,64249,0CF00400,FFFFFFF820FFFFFF,Q
$TX,953,64259,0CF00400,FFFFFF9320FFFFFF,Q
$TX,954,64269,0CF00400,FFFFFF2F20FFFFFF,Q
$TX,955,64279,0CF00400,FFFFFFCB1FFFFFFF,Q
$TX,956,64289,0CF00400,FFFFFF671FFFFFFF,Q
$TX,957,64299,0CF00400,FFFFFF041FFFFFFF,Q
$TX,958,64309,0CF00400,FFFFFFA11EFFFFFF,Q
$TX,959,64319,0CF00400,FFFFFF3E1EFFFFFF,Q
$TX,960,64329,0CF00400,FFFFFFDC1DFFFFFF,Q
$TX,961,64339,0CF00400,FFFFFF7A1DFFFFFF,Q
$TX,962,64349,0CF00400,FFFFFF191DFFFFFF,Q
$TX,963,64359,0CF00400,FFFFFFB81CFFFFFF,Q
$TX,964,64369,0CF00400,FFFFFF571CFFFFFF,Q
$4X,965,64379,0CF00400,FFFFFFF71BFFFFFF,Q
$TX,966,64389,0CF00400,FFFFFF981BFFFFFF,Q
$TX,967,64399,0CF00400,FFFFFF381BFFFFFF,Q
$TX,968,64409,0CF00400,FFFFFFD91AFFFFFF,Q
$TX,969,64419,0CF00400,FFFFFF7B1AFFFFFF,Q
$TX,970,64429,0CF00400,FFFFFF1D1AFFFFFF,Q
$TX,971,64439,0CF00400,FFFFFFBF19FFFFFF,Q
$TX,972,64449,0CF00400,FFFFFF6219FFFFFF,Q
$TX,973,64459,0CF00400,FFFFFF0619FFFFFF,Q
$TX,974,64469,0CF00400,FFFFFFAA18FFFFFF,Q
$TX,975,64479,0CF00400,FFFFFF4E18FFFFFF,Q
$TX,976,64489,0CF00400,FFFFFFF317FFFFFF,Q
$TX,977,64499,0CF00400,FFFFFF9817FFFFFF,Q
$TX,978,64509,0CF00400,FFFFFF3E17FFFFFF,Q
$TX,979,64519,0CF00400,FFFFFFE416FFFFFF,Q
$TX,980,64529,0CF00400,FFFFFF8B16FFFFFF,Q
$TX,981,64539,0CF00400,FFFFFF3216FFFFFF,Q
$TX,982,64549,0CF00400,FFFFFFDA15FFFFFF,Q
$TX,983,64559,0CF00400,FFFFFF8215FFFFFF,Q
$TX,984,64569,0CF00400,FFFFFF2B15FFFFFF,Q
$TX,985,64579,0CF00400,FFFFFFD514FFFFFF,Q
$TX,986,64589,0CF00400,FFFFFF7F14FFFFFF,Q
$TX,987,64599,0CF00400,FFFFFF2914FFFFFF,Q
$TX,988,64609,0CF00400,FFFFFFD413FFFFFF,Q
$TX,989,64619,0CF00400,FFFFFF8013FFFFFF,Q
$TX,990,64629,0CF00400,FFFFFF2C13FFFFFF,Q
$TX,991,64639,0CF00400,FFFFFFD812FFFFFF,Q
$TX,992,64649,0CF00400,FFFFFF8612FFFFFF,Q
$TX,993,64659,0CF00400,FFFFFF3312FFFFFF,Q
$TX,994,64669,0CF00400,FFFFFFE211FFFFFF,Q
$TX,995,64679,0CF00400,FFFFFF9111FFFFFF,Q
$TX,996,64689,0CF00400,FFFFFF4011FFFFFF,Q
$TX,997,64699,0CF00400,FFFFFFF010FFFFFF,Q
$TX,998,64709,0CF00400,FFFFFFA110FFFFFF,Q
$TX,999,64719,0CF00400,FFFFFF5310FFFFFF,Q
$TX,1000,64729,0CF00400,FFFFFF0510FFFFFF,Q
$TX,1001,64739,0CF00400,FFFFFFB70FFFFFFF,Q
$TX,1002,64749,0CF00400,FFFFFF6A0FFFFFFF,Q
$TX,1003,64759,0CF00400,FFFFFF1E0FFFFFFF,Q
$TX,1004,64769,0CF00400,FFFFFFD20EFFFFFF,Q
$TX,1005,64779,0CF00400,FFFFFF870EFFFFFF,Q
$TX,1006,64789,0CF00400,FFFFFF3D0EFFFFFF,Q
$TX,1007,64799,0CF00400,FFFFFFF30DFFFFFF,Q
$TX,1008,64809,0CF00400,FFFFFFAA0DFFFFFF,Q
$TX,1009,64819,0CF00400,FFFFFF620DFFFFFF,Q
$TX,1010,64829,0CF00400,FFFFFF1A0DFFFFFF,Q
$TX,1011,64839,0CF00400,FFFFFFD30CFFFFFF,Q
$TX,1012,64849,0CF00400,FFFFFF8D0CFFFFFF,Q
$TX,1013,64859,0CF00400,FFFFFF470CFFFFFF,Q
$TX,1014,64869,0CF00400,FFFFFF020CFFFFFF,Q
$TX,1015,64879,0CF00400,FFFFFFBE0BFFFFFF,Q
$TX,1016,64889,0CF00400,FFFFFF7A0BFFFFFF,Q
$TX,1017,64899,0CF00400,FFFFFF370BFFFFFF,Q
$TX,1018,64909,0CF00400,FFFFFFF40AFFFFFF,Q
$TX,1019,64919,0CF00400,FFFFFFB30AFFFFFF,Q
$TX,1020,64929,0CF00400,FFFFFF720AFFFFFF,Q
$TX,1021,64939,0CF00400,FFFFFF310AFFFFFF,Q
$TX,1022,64949,0CF00400,FFFFFFF209FFFFFF,Q
$TX,1023,64959,0CF00400,FFFFFFB309FFFFFF,Q
$TX,1024,64969,0CF00400,FFFFFF7509FFFFFF,Q
$TX,1025,64979,0CF00400,FFFFFF3709FFFFFF,Q
$TX,1026,64989,0CF00400,FFFFFFFB08FFFFFF,Q
$TX,1027,64999,0CF00400,FFFFFFBF08FFFFFF,Q
$TX,1028,65009,0CF00400,FFFFFF8308FFFFFF,Q
$TX,1029,65019,0CF00400,FFFFFF4908FFFFFF,Q
$TX,1030,65029,0CF00400,FFFFFF0F08FFFFFF,Q
$TX,1031,65039,0CF00400,FFFFFFD607FFFFFF,Q
$TX,1032,65049,0CF00400,FFFFFF9E07FFFFFF,Q
$TX,1033,65059,0CF00400,FFFFFF6607FFFFFF,Q
$TX,1034,65069,0CF00400,FFFFFF2F07FFFFFF,Q
$TX,1035,65079,0CF00400,FFFFFFF906FFFFFF,Q
$TX,1036,65089,0CF00400,FFFFFFC406FFFFFF,Q
$TX,1037,65099,0CF00400,FFFFFF8F06FFFFFF,Q
$TX,1038,65109,0CF00400,FFFFFF5B06FFFFFF,Q
$TX,1039,65119,0CF00400,FFFFFF2806FFFFFF,Q
$TX,1040,65129,0CF00400,FFFFFFF605FFFFFF,Q
$TX,1041,65139,0CF00400,FFFFFFC405FFFFFF,Q
$TX,1042,65149,0CF00400,FFFFFF9405FFFFFF,Q
$TX,1043,65159,0CF00400,FFFFFF6405FFFFFF,Q
$TX,1044,65169,0CF00400,FFFFFF3405FFFFFF,Q
$TX,1045,65179,0CF00400,FFFFFF0605FFFFFF,Q
$TX,1046,65189,0CF00400,FFFFFFD804FFFFFF,Q
$TX,1047,65199,0CF00400,FFFFFFAB04FFFFFF,Q
$TX,1048,65209,0CF00400,FFFFFF7F04FFFFFF,Q
$TX,1049,65219,0CF00400,FFFFFF5404FFFFFF,Q
$TX,1050,65229,0CF00400,FFFFFF2A04FFFFFF,Q
$TX,1051,65239,0CF00400,FFFFFF0004FFFFFF,Q
$TX,1052,65249,0CF00400,FFFFFFD703FFFFFF,Q
$TX,1053,65259,0CF00400,FFFFFFAF03FFFFFF,Q
$TX,1054,65269,0CF00400,FFFFFF8803FFFFFF,Q
$TX,1055,65279,0CF00400,FFFFFF6103FFFFFF,Q
$TX,1056,65289,0CF00400,FFFFFF3C03FFFFFF,Q
$TX,1057,65299,0CF00400,FFFFFF1703FFFFFF,Q
$TX,1058,65309,0CF00400,FFFFFFF302FFFFFF,Q
$TX,1059,65319,0CF00400,FFFFFFD002FFFFFF,Q
$TX,1060,65329,0CF00400,FFFFFFAD02FFFFFF,Q
$TX,1061,65339,0CF00400,FFFFFF8C02FFFFFF,Q
$TX,1062,65349,0CF00400,FFFFFF6B02FFFFFF,Q
$TX,1063,65359,0CF00400,FFFFFF4B02FFFFFF,Q
$TX,1064,65369,0CF00400,FFFFFF2C02FFFFFF,Q
$TX,1065,65379,0CF00400,FFFFFF0E02FFFFFF,Q
$TX,1066,65389,0CF00400,FFFFFFF001FFFFFF,Q
$TX,1067,65399,0CF00400,FFFFFFD401FFFFFF,Q
$TX,1068,65409,0CF00400,FFFFFFB801FFFFFF,Q
$TX,1069,65419,0CF00400,FFFFFF9D01FFFFFF,Q
$TX,1070,65429,0CF00400,FFFFFF8301FFFFFF,Q
$TX,1071,65439,0CF00400,FFFFFF6A01FFFFFF,Q
$TX,1072,65449,0CF00400,FFFFFF5101FFFFFF,Q
$TX,1073,65459,0CF00400,FFFFFF3A01FFFFFF,Q
$TX,1074,65469,0CF00400,FFFFFF2301FFFFFF,Q
$TX,1075,65479,0CF00400,FFFFFF0D01FFFFFF,Q
$TX,1076,65489,0CF00400,FFFFFFF800FFFFFF,Q
$TX,1077,65499,0CF00400,FFFFFFE400FFFFFF,Q
$TX,1078,65509,0CF00400,FFFFFFD000FFFFFF,Q
$TX,1079,65519,0CF00400,FFFFFFBE00FFFFFF,Q
$TX,1080,65529,0CF00400,FFFFFFAC00FFFFFF,Q
$TX,1081,65539,0CF00400,FFFFFF9C00FFFFFF,Q
$TX,1082,65549,0CF00400,FFFFFF8C00FFFFFF,Q
$TX,1083,65559,0CF00400,FFFFFF7D00FFFFFF,Q
$TX,1084,65569,0CF00400,FFFFFF6E00FFFFFF,Q
$TX,1085,65579,0CF00400,FFFFFF6100FFFFFF,Q
$TX,1086,65589,0CF00400,FFFFFF5500FFFFFF,Q
$TX,1087,65599,0CF00400,FFFFFF4900FFFFFF,Q
$TX,1088,65609,0CF00400,FFFFFF3E00FFFFFF,Q
$TX,1089,65619,0CF00400,FFFFFF3400FFFFFF,Q
$TX,1090,65629,0CF00400,FFFFFF2B00FFFFFF,Q
$TX,1091,65639,0CF00400,FFFFFF2300FFFFFF,Q
$TX,1092,65649,0CF00400,FFFFFF1C00FFFFFF,Q
$1X,1093,65659,0CF00400,FFFFFF1500FFFFFF,Q
$TX,1094,65669,0CF00400,FFFFFF1000FFFFFF,Q
$TX,1095,65679,0CF00400,FFFFFF0B00FFFFFF,Q
$TX,1096,65689,0CF00400,FFFFFF0700FFFFFF,Q
$1X,1097,65699,0CF00400,FFFFFF0400FFFFFF,Q
$TX,1098,65709,0CF00400,FFFFFF0200FFFFFF,Q
$TX,1099,65719,0CF00400,FFFFFF0000FFFFFF,Q
$TX,1100,65729,0CF00400,FFFFFF0000FFFFFF,Q
$TX,1101,65739,0CF00400,FFFFFF0000FFFFFF,Q
$TX,1102,65749,0CF00400,FFFFFF0200FFFFFF,Q
$TX,1103,65759,0CF00400,FFFFFF0400FFFFFF,Q
$TX,1104,65769,0CF00400,FFFFFF0700FFFFFF,Q
$TX,1105,65779,0CF00400,FFFFFF0B00FFFFFF,Q
$TX,1106,65789,0CF00400,FFFFFF1000FFFFFF,Q
$TX,1107,65799,0CF00400,FFFFFF1500FFFFFF,Q
$TX,1108,65809,0CF00400,FFFFFF1C00FFFFFF,Q
$TX,1109,65819,0CF00400,FFFFFF2300FFFFFF,Q
$TX,1110,65829,0CF00400,FFFFFF2B00FFFFFF,Q
$TX,1111,65839,0CF00400,FFFFFF3400FFFFFF,Q
$TX,1112,65849,0CF00400,FFFFFF3E00FFFFFF,Q
$TX,1113,65859,0CF00400,FFFFFF4900FFFFFF,Q
$TX,1114,65869,0CF00400,FFFFFF5500FFFFFF,Q
$TX,1115,65879,0CF00400,FFFFFF6100FFFFFF,Q
$TX,1116,65889,0CF00400,FFFFFF6E00FFFFFF,Q
$TX,1117,65899,0CF00400,FFFFFF7D00FFFFFF,Q
$TX,1118,65909,0CF00400,FFFFFF8C00FFFFFF,Q
$TX,1119,65919,0CF00400,FFFFFF9C00FFFFFF,Q
$TX,1120,65929,0CF00400,FFFFFFAC00FFFFFF,Q
$TX,1121,65939,0CF00400,FFFFFFBE00FFFFFF,Q
$TX,1122,65949,0CF00400,FFFFFFD000FFFFFF,Q
$TX,1123,65959,0CF00400,FFFFFFE400FFFFFF,Q
$TX,1124,65969,0CF00400,FFFFFFF800FFFFFF,Q
$TX,1125,65979,0CF00400,FFFFFF0D01FFFFFF,Q
$TX,1126,65989,0CF00400,FFFFFF2301FFFFFF,Q
$TX,1127,65999,0CF00400,FFFFFF3A01FFFFFF,Q
$TX,1128,66009,0CF00400,FFFFFF5101FFFFFF,Q
$TX,1129,66019,0CF00400,FFFFFF6A01FFFFFF,Q
$TX,1130,66029,0CF00400,FFFFFF8301FFFFFF,Q
$TX,1131,66039,0CF00400,FFFFFF9D01FFFFFF,Q
$TX,1132,66049,0CF00400,FFFFFFB801FFFFFF,Q
$TX,1133,66059,0CF00400,FFFFFFD401FFFFFF,Q
$TX,1134,66069,0CF00400,FFFFFFF001FFFFFF,Q
$TX,1135,66079,0CF00400,FFFFFF0E02FFFFFF,Q
$TX,1136,66089,0CF00400,FFFFFF2C02FFFFFF,Q
$TX,1137,66099,0CF00400,FFFFFF4B02FFFFFF,Q
$TX,1138,66109,0CF00400,FFFFFF6B02FFFFFF,Q
$TX,1139,66119,0CF00400,FFFFFF8C02FFFFFF,Q
$TX,1140,66129,0CF00400,FFFFFFAD02FFFFFF,Q
$TX,1141,66139,0CF00400,FFFFFFD002FFFFFF,Q
$TX,1142,66149,0CF00400,FFFFFFF302FFFFFF,Q
$TX,1143,66159,0CF00400,FFFFFF1703FFFFFF,Q
$TX,1144,66169,0CF00400,FFFFFF3C03FFFFFF,Q
$TX,1145,66179,0CF00400,FFFFFF6103FFFFFF,Q
$TX,1146,66189,0CF00400,FFFFFF8803FFFFFF,Q
$TX,1147,66199,0CF00400,FFFFFFAF03FFFFFF,Q
$TX,1148,66209,0CF00400,FFFFFFD703FFFFFF,Q
$TX,1149,66219,0CF00400,FFFFFF0004FFFFFF,Q
$TX,1150,66229,0CF00400,FFFFFF2A04FFFFFF,Q
$TX,1151,66239,0CF00400,FFFFFF5404FFFFFF,Q
$TX,1152,66249,0CF00400,FFFFFF7F04FFFFFF,Q
$TX,1153,66259,0CF00400,FFFFFFAB04FFFFFF,Q
$TX,1154,66269,0CF00400,FFFFFFD804FFFFFF,Q
$TX,1155,66279,0CF00400,FFFFFF0605FFFFFF,Q
$TX,1156,66289,0CF00400,FFFFFF3405FFFFFF,Q
$TX,1157,66299,0CF00400,FFFFFF6405FFFFFF,Q
$TX,1158,66309,0CF00400,FFFFFF9405FFFFFF,Q
$TX,1159,66319,0CF00400,FFFFFFC405FFFFFF,Q
$TX,1160,66329,0CF00400,FFFFFFF605FFFFFF,Q
$TX,1161,66339,0CF00400,FFFFFF2806FFFFFF,Q
$TX,1162,66349,0CF00400,FFFFFF5B06FFFFFF,Q
$TX,1163,66359,0CF00400,FFFFFF8F06FFFFFF,Q
$TX,1164,66369,0CF00400,FFFFFFC406FFFFFF,Q
$TX,1165,66379,0CF00400,FFFFFFF906FFFFFF,Q
$TX,1166,66389,0CF00400,FFFFFF2F07FFFFFF,Q
$TX,1167,66399,0CF00400,FFFFFF6607FFFFFF,Q
$TX,1168,66409,0CF00400,FFFFFF9E07FFFFFF,Q
$TX,1169,66419,0CF00400,FFFFFFD607FFFFFF,Q
$TX,1170,66429,0CF00400,FFFFFF0F08FFFFFF,Q
$TX,1171,66439,0CF00400,FFFFFF4908FFFFFF,Q
$TX,1172,66449,0CF00400,FFFFFF8308FFFFFF,Q
$TX,1173,66459,0CF00400,FFFFFFBF08FFFFFF,Q
$TX,1174,66469,0CF00400,FFFFFFFB08FFFFFF,Q
$TX,1175,66479,0CF00400,FFFFFF3709FFFFFF,Q
$TX,1176,66489,0CF00400,FFFFFF7509FFFFFF,Q
$TX,1177,66499,0CF00400,FFFFFFB309FFFFFF,Q
$TX,1178,66509,0CF00400,FFFFFFF209FFFFFF,Q
$TX,1179,66519,0CF00400,FFFFFF310AFFFFFF,Q
$TX,1180,66529,0CF00400,FFFFFF720AFFFFFF,Q
$TX,1181,66539,0CF00400,FFFFFFB30AFFFFFF,Q
$TX,1182,66549,0CF00400,FFFFFFF40AFFFFFF,Q
$TX,1183,66559,0CF00400,FFFFFF370BFFFFFF,Q
$TX,1184,66569,0CF00400,FFFFFF7A0BFFFFFF,Q
$TX,1185,66579,0CF00400,FFFFFFBE0BFFFFFF,Q
$TX,1186,66589,0CF00400,FFFFFF020CFFFFFF,Q
$TX,1187,66599,0CF00400,FFFFFF470CFFFFFF,Q
$TX,1188,66609,0CF00400,FFFFFF8D0CFFFFFF,Q
$TX,1189,66619,0CF00400,FFFFFFD30CFFFFFF,Q
$TX,1190,66629,0CF00400,FFFFFF1A0DFFFFFF,Q
$TX,1191,66639,0CF00400,FFFFFF620DFFFFFF,Q
$TX,1192,66649,0CF00400,FFFFFFAA0DFFFFFF,Q
$TX,1193,66659,0CF00400,FFFFFFF30DFFFFFF,Q
$TX,1194,66669,0CF00400,FFFFFF3D0EFFFFFF,Q
$TX,1195,66679,0CF00400,FFFFFF870EFFFFFF,Q
$TX,1196,66689,0CF00400,FFFFFFD20EFFFFFF,Q
$TX,1197,66699,0CF00400,FFFFFF1E0FFFFFFF,Q
$TX,1198,66709,0CF00400,FFFFFF6A0FFFFFFF,Q
$TX,1199,66719,0CF00400,FFFFFFB70FFFFFFF,Q
$TX,1200,66729,0CF00400,FFFFFF0510FFFFFF,Q
$TX,1201,66739,0CF00400,FFFFFF5310FFFFFF,Q
$TX,1202,66749,0CF00400,FFFFFFA110FFFFFF,Q
$TX,1203,66759,0CF00400,FFFFFFF010FFFFFF,Q
$TX,1204,66769,0CF00400,FFFFFF4011FFFFFF,Q
$TX,1205,66779,0CF00400,FFFFFF9111FFFFFF,Q
$TX,1206,66789,0CF00400,FFFFFFE211FFFFFF,Q
$TX,1207,66799,0CF00400,FFFFFF3312FFFFFF,Q
$TX,1208,66809,0CF00400,FFFFFF8612FFFFFF,Q
$TX,1209,66819,0CF00400,FFFFFFD812FFFFFF,Q
$CX,1210,66829,0CF00400,FFFFFF2C13FFFFFF,Q
$TX,1211,66839,0CF00400,FFFFFF8013FFFFFF,Q
$TX,1212,66849,0CF00400,FFFFFFD413FFFFFF,Q
$TX,1213,66859,0CF00400,FFFFFF2914FFFFFF,Q
$TX,1214,66869,0CF00400,FFFFFF7F14FFFFFF,Q
$TX,1215,66879,0CF00400,FFFFFFD514FFFFFF,Q
$TX,1216,66889,0CF00400,FFFFFF2B15FFFFFF,Q
$TX,1217,66899,0CF00400,FFFFFF8215FFFFFF,Q
$TX,1218,66909,0CF00400,FFFFFFDA15FFFFFF,Q
$TX,1219,66919,0CF00400,FFFFFF3216FFFFFF,Q
$TX,1220,66929,0CF00400,FFFFFF8B16FFFFFF,Q
$TX,1221,66939,0CF00400,FFFFFFE416FFFFFF,Q
$TX,1222,66949,0CF00400,FFFFFF3E17FFFFFF,Q
$TX,1223,66959,0CF00400,FFFFFF9817FFFFFF,Q
$TX,1224,66969,0CF00400,FFFFFFF317FFFFFF,Q
$TX,1225,66979,0CF00400,FFFFFF4E18FFFFFF,Q
$TX,1226,66989,0CF00400,FFFFFFAA18FFFFFF,Q
$TX,1227,66999,0CF00400,FFFFFF0619FFFFFF,Q
$TX,1228,67009,0CF00400,FFFFFF6219FFFFFF,Q
$TX,1229,67019,0CF00400,FFFFFFBF19FFFFFF,Q
$TX,1230,67029,0CF00400,FFFFFF1D1AFFFFFF,Q
$TX,1231,67039,0CF00400,FFFFFF7B1AFFFFFF,Q
$TX,1232,67049,0CF00400,FFFFFFD91AFFFFFF,Q
$TX,1233,67059,0CF00400,FFFFFF381BFFFFFF,Q
$TX,1234,67069,0CF00400,FFFFFF981BFFFFFF,Q
$TX,1235,67079,0CF00400,FFFFFFF71BFFFFFF,Q
$TX,1236,67089,0CF00400,FFFFFF571CFFFFFF,Q
$TX,1237,67099,0CF00400,FFFFFFB81CFFFFFF,Q
$TX,1238,67109,0CF00400,FFFFFF191DFFFFFF,Q
$TX,1239,67119,0CF00400,FFFFFF7A1DFFFFFF,Q
$TX,1240,67129,0CF00400,FFFFFFDC1DFFFFFF,Q
$TX,1241,67139,0CF00400,FFFFFF3E1EFFFFFF,Q
$TX,1242,67149,0CF00400,FFFFFFA11EFFFFFF,Q
$TX,1243,67159,0CF00400,FFFFFF041FFFFFFF,Q
$TX,1244,67169,0CF00400,FFFFFF671FFFFFFF,Q
$TX,1245,67179,0CF00400,FFFFFFCB1FFFFFFF,Q
$TX,1246,67189,0CF00400,FFFFFF2F20FFFFFF,Q
$TX,1247,67199,0CF00400,FFFFFF9320FFFFFF,Q
$TX,1248,67209,0CF00400,FFFFFFF820FFFFFF,Q
$TX,1249,67219,0CF00400,FFFFFF5D21FFFFFF,Q
$TX,1250,67229,0CF00400,FFFFFFC221FFFFFF,Q
$TX,1251,67239,0CF00400,FFFFFF2822FFFFFF,Q
$TX,1252,67249,0CF00400,FFFFFF8E22FFFFFF,Q
$TX,1253,67259,0CF00400,FFFFFFF522FFFFFF,Q
$TX,1254,67269,0CF00400,FFFFFF5B23FFFFFF,Q
$TX,1255,67279,0CF00400,FFFFFFC223FFFFFF,Q
$TX,1256,67289,0CF00400,FFFFFF2A24FFFFFF,Q
$TX,1257,67299,0CF00400,FFFFFF9124FFFFFF,Q
$TX,1258,67309,0CF00400,FFFFFFF924FFFFFF,Q
$TX,1259,67319,0CF00400,FFFFFF6125FFFFFF,Q
$TX,1260,67329,0CF00400,FFFFFFCA25FFFFFF,Q
$TX,1261,67339,0CF00400,FFFFFF3226FFFFFF,Q
$TX,1262,67349,0CF00400,FFFFFF9B26FFFFFF,Q
$TX,1263,67359,0CF00400,FFFFFF0527FFFFFF,Q
$TX,1264,67369,0CF00400,FFFFFF6E27FFFFFF,Q
$TX,1265,67379,0CF00400,FFFFFFD827FFFFFF,Q
$TX,1266,67389,0CF00400,FFFFFF4228FFFFFF,Q
$TX,1267,67399,0CF00400,FFFFFFAC28FFFFFF,Q
$TX,1268,67409,0CF00400,FFFFFF1629FFFFFF,Q
$TX,1269,67419,0CF00400,FFFFFF8129FFFFFF,Q
$TX,1270,67429,0CF00400,FFFFFFEC29FFFFFF,Q
$TX,1271,67439,0CF00400,FFFFFF572AFFFFFF,Q
$TX,1272,67449,0CF00400,FFFFFFC22AFFFFFF,Q
$TX,1273,67459,0CF00400,FFFFFF2D2BFFFFFF,Q
$TX,1274,67469,0CF00400,FFFFFF992BFFFFFF,Q
$TX,1275,67479,0CF00400,FFFFFF052CFFFFFF,Q
$TX,1276,67489,0CF00400,FFFFFF712CFFFFFF,Q
$TX,1277,67499,0CF00400,FFFFFFDD2CFFFFFF,Q
$TX,1278,67509,0CF00400,FFFFFF492DFFFFFF,Q
$TX,1279,67519,0CF00400,FFFFFFB52DFFFFFF,Q
$TX,1280,67529,0CF00400,FFFFFF222EFFFFFF,Q
$TX,1281,67539,0CF00400,FFFFFF8F2EFFFFFF,Q
$TX,1282,67549,0CF00400,FFFFFFFB2EFFFFFF,Q
$TX,1283,67559,0CF00400,FFFFFF682FFFFFFF,Q
$TX,1284,67569,0CF00400,FFFFFFD52FFFFFFF,Q
$TX,1285,67579,0CF00400,FFFFFF4230FFFFFF,Q
$TX,1286,67589,0CF00400,FFFFFFB030FFFFFF,Q
$TX,1287,67599,0CF00400,FFFFFF1D31FFFFFF,Q
$TX,1288,67609,0CF00400,FFFFFF8A31FFFFFF,Q
$TX,1289,67619,0CF00400,FFFFFFF831FFFFFF,Q
$TX,1290,67629,0CF00400,FFFFFF6632FFFFFF,Q
$TX,1291,67639,0CF00400,FFFFFFD332FFFFFF,Q
$TX,1292,67649,0CF00400,FFFFFF4133FFFFFF,Q
$TX,1293,67659,0CF00400,FFFFFFAF33FFFFFF,Q
$TX,1294,67669,0CF00400,FFFFFF1D34FFFFFF,Q
$TX,1295,67679,0CF00400,FFFFFF8A34FFFFFF,Q
$TX,1296,67689,0CF00400,FFFFFFF834FFFFFF,Q
$TX,1297,67699,0CF00400,FFFFFF6635FFFFFF,Q
$TX,1298,67709,0CF00400,FFFFFFD435FFFFFF,Q
$TX,1299,67719,0CF00400,FFFFFF4236FFFFFF,Q
$TX,1300,67729,0CF00400,FFFFFFB036FFFFFF,Q
$TX,1301,67739,0CF00400,FFFFFF1E37FFFFFF,Q
$TX,1302,67749,0CF00400,FFFFFF8C37FFFFFF,Q
$TX,1303,67759,0CF00400,FFFFFFFA37FFFFFF,Q
$TX,1304,67769,0CF00400,FFFFFF6838FFFFFF,Q
$TX,1305,67779,0CF00400,FFFFFFD638FFFFFF,Q
$TX,1306,67789,0CF00400,FFFFFF4339FFFFFF,Q
$TX,1307,67799,0CF00400,FFFFFFB139FFFFFF,Q
$TX,1308,67809,0CF00400,FFFFFF1F3AFFFFFF,Q
$TX,1309,67819,0CF00400,FFFFFF8D3AFFFFFF,Q
$TX,1310,67829,0CF00400,FFFFFFFA3AFFFFFF,Q
$TX,1311,67839,0CF00400,FFFFFF683BFFFFFF,Q
$TX,1312,67849,0CF00400,FFFFFFD63BFFFFFF,Q
$TX,1313,67859,0CF00400,FFFFFF433CFFFFFF,Q
$TX,1314,67869,0CF00400,FFFFFFB03CFFFFFF,Q
$TX,1315,67879,0CF00400,FFFFFF1E3DFFFFFF,Q
$TX,1316,67889,0CF00400,FFFFFF8B3DFFFFFF,Q
$TX,1317,67899,0CF00400,FFFFFFF83DFFFFFF,Q
$TX,1318,67909,0CF00400,FFFFFF653EFFFFFF,Q
$TX,1319,67919,0CF00400,FFFFFFD13EFFFFFF,Q
$TX,1320,67929,0CF00400,FFFFFF3E3FFFFFFF,Q
$TX,1321,67939,0CF00400,FFFFFFAB3FFFFFFF,Q
$TX,1322,67949,0CF00400,FFFFFF1740FFFFFF,Q
$6X,1323,67959,0CF00400,FFFFFF8340FFFFFF,Q
$TX,1324,67969,0CF00400,FFFFFFEF40FFFFFF,Q
$TX,1325,67979,0CF00400,FFFFFF5B41FFFFFF,Q
$TX,1326,67989,0CF00400,FFFFFFC741FFFFFF,Q
$TX,1327,67999,0CF00400,FFFFFF3342FFFFFF,Q
$TX,1328,68009,0CF00400,FFFFFF9E42FFFFFF,Q
$TX,1329,68019,0CF00400,FFFFFF0943FFFFFF,Q
$TX,1330,68029,0CF00400,FFFFFF7443FFFFFF,Q
$TX,1331,68039,0CF00400,FFFFFFDF43FFFFFF,Q
$TX,1332,68049,0CF00400,FFFFFF4A44FFFFFF,Q
$TX,1333,68059,0CF00400,FFFFFFB444FFFFFF,Q
$TX,1334,68069,0CF00400,FFFFFF1E45FFFFFF,Q
$TX,1335,68079,0CF00400,FFFFFF8845FFFFFF,Q
$TX,1336,68089,0CF00400,FFFFFFF245FFFFFF,Q
$TX,1337,68099,0CF00400,FFFFFF5B46FFFFFF,Q
$TX,1338,68109,0CF00400,FFFFFFC546FFFFFF,Q
$TX,1339,68119,0CF00400,FFFFFF2E47FFFFFF,Q
$TX,1340,68129,0CF00400,FFFFFF9647FFFFFF,Q
$TX,1341,68139,0CF00400,FFFFFFFF47FFFFFF,Q
$TX,1342,68149,0CF00400,FFFFFF6748FFFFFF,Q
$TX,1343,68159,0CF00400,FFFFFFCF48FFFFFF,Q
$TX,1344,68169,0CF00400,FFFFFF3649FFFFFF,Q
$TX,1345,68179,0CF00400,FFFFFF9E49FFFFFF,Q
$TX,1346,68189,0CF00400,FFFFFF054AFFFFFF,Q
$TX,1347,68199,0CF00400,FFFFFF6B4AFFFFFF,Q
$TX,1348,68209,0CF00400,FFFFFFD24AFFFFFF,Q
$TX,1349,68219,0CF00400,FFFFFF384BFFFFFF,Q
$TX,1350,68229,0CF00400,FFFFFF9E4BFFFFFF,Q
$TX,1351,68239,0CF00400,FFFFFF034CFFFFFF,Q
$TX,1352,68249,0CF00400,FFFFFF684CFFFFFF,Q
$TX,1353,68259,0CF00400,FFFFFFCD4CFFFFFF,Q
$TX,1354,68269,0CF00400,FFFFFF314DFFFFFF,Q
$TX,1355,68279,0CF00400,FFFFFF954DFFFFFF,Q
$TX,1356,68289,0CF00400,FFFFFFF94DFFFFFF,Q
$TX,1357,68299,0CF00400,FFFFFF5C4EFFFFFF,Q
$TX,1358,68309,0CF00400,FFFFFFBF4EFFFFFF,Q
$TX,1359,68319,0CF00400,FFFFFF224FFFFFFF,Q
$TX,1360,68329,0CF00400,FFFFFF844FFFFFFF,Q
$TX,1361,68339,0CF00400,FFFFFFE64FFFFFFF,Q
$TX,1362,68349,0CF00400,FFFFFF4750FFFFFF,Q
$TX,1363,68359,0CF00400,FFFFFFA850FFFFFF,Q
$TX,1364,68369,0CF00400,FFFFFF0951FFFFFF,Q
$TX,1365,68379,0CF00400,FFFFFF6951FFFFFF,Q
$TX,1366,68389,0CF00400,FFFFFFC851FFFFFF,Q
$TX,1367,68399,0CF00400,FFFFFF2852FFFFFF,Q
$TX,1368,68409,0CF00400,FFFFFF8752FFFFFF,Q
$TX,1369,68419,0CF00400,FFFFFFE552FFFFFF,Q
$TX,1370,68429,0CF00400,FFFFFF4353FFFFFF,Q
$TX,1371,68439,0CF00400,FFFFFFA153FFFFFF,Q
$TX,1372,68449,0CF00400,FFFFFFFE53FFFFFF,Q
$TX,1373,68459,0CF00400,FFFFFF5A54FFFFFF,Q
$TX,1374,68469,0CF00400,FFFFFFB654FFFFFF,Q
$TX,1375,68479,0CF00400,FFFFFF1255FFFFFF,Q
$TX,1376,68489,0CF00400,FFFFFF6D55FFFFFF,Q
$TX,1377,68499,0CF00400,FFFFFFC855FFFFFF,Q
$TX,1378,68509,0CF00400,FFFFFF2256FFFFFF,Q
$TX,1379,68519,0CF00400,FFFFFF7C56FFFFFF,Q
$TX,1380,68529,0CF00400,FFFFFFD556FFFFFF,Q
$TX,1381,68539,0CF00400,FFFFFF2E57FFFFFF,Q
$TX,1382,68549,0CF00400,FFFFFF8657FFFFFF,Q
$TX,1383,68559,0CF00400,FFFFFFDE57FFFFFF,Q
$TX,1384,68569,0CF00400,FFFFFF3558FFFFFF,Q
$TX,1385,68579,0CF00400,FFFFFF8B58FFFFFF,Q
$TX,1386,68589,0CF00400,FFFFFFE158FFFFFF,Q
$TX,1387,68599,0CF00400,FFFFFF3759FFFFFF,Q
$TX,1388,68609,0CF00400,FFFFFF8C59FFFFFF,Q
$TX,1389,68619,0CF00400,FFFFFFE059FFFFFF,Q
$TX,1390,68629,0CF00400,FFFFFF345AFFFFFF,Q
$TX,1391,68639,0CF00400,FFFFFF885AFFFFFF,Q
$TX,1392,68649,0CF00400,FFFFFFDA5AFFFFFF,Q
$TX,1393,68659,0CF00400,FFFFFF2D5BFFFFFF,Q
$TX,1394,68669,0CF00400,FFFFFF7E5BFFFFFF,Q
$TX,1395,68679,0CF00400,FFFFFFCF5BFFFFFF,Q
$TX,1396,68689,0CF00400,FFFFFF205CFFFFFF,Q
$TX,1397,68699,0CF00400,FFFFFF705CFFFFFF,Q
$TX,1398,68709,0CF00400,FFFFFFBF5CFFFFFF,Q
$TX,1399,68719,0CF00400,FFFFFF0D5DFFFFFF,Q
$TX,1400,68729,0CF00400,FFFFFF5B5DFFFFFF,Q
$TX,1401,68739,0CF00400,FFFFFFA95DFFFFFF,Q
$TX,1402,68749,0CF00400,FFFFFFF65DFFFFFF,Q
$TX,1403,68759,0CF00400,FFFFFF425EFFFFFF,Q
$TX,1404,68769,0CF00400,FFFFFF8E5EFFFFFF,Q
$TX,1405,68779,0CF00400,FFFFFFD95EFFFFFF,Q
$TX,1406,68789,0CF00400,FFFFFF235FFFFFFF,Q
$TX,1407,68799,0CF00400,FFFFFF6D5FFFFFFF,Q
$TX,1408,68809,0CF00400,FFFFFFB65FFFFFFF,Q
$TX,1409,68819,0CF00400,FFFFFFFE5FFFFFFF,Q
$TX,1410,68829,0CF00400,FFFFFF4660FFFFFF,Q
$TX,1411,68839,0CF00400,FFFFFF8D60FFFFFF,Q
$TX,1412,68849,0CF00400,FFFFFFD360FFFFFF,Q
$TX,1413,68859,0CF00400,FFFFFF1961FFFFFF,Q
$TX,1414,68869,0CF00400,FFFFFF5E61FFFFFF,Q
$TX,1415,68879,0CF00400,FFFFFFA261FFFFFF,Q
$TX,1416,68889,0CF00400,FFFFFFE661FFFFFF,Q
$TX,1417,68899,0CF00400,FFFFFF2962FFFFFF,Q
$TX,1418,68909,0CF00400,FFFFFF6C62FFFFFF,Q
$TX,1419,68919,0CF00400,FFFFFFAD62FFFFFF,Q
$TX,1420,68929,0CF00400,FFFFFFEE62FFFFFF,Q
$TX,1421,68939,0CF00400,FFFFFF2F63FFFFFF,Q
$TX,1422,68949,0CF00400,FFFFFF6E63FFFFFF,Q
$TX,1423,68959,0CF00400,FFFFFFAD63FFFFFF,Q
$TX,1424,68969,0CF00400,FFFFFFEB63FFFFFF,Q
$TX,1425,68979,0CF00400,FFFFFF2964FFFFFF,Q
$TX,1426,68989,0CF00400,FFFFFF6564FFFFFF,Q
$TX,1427,68999,0CF00400,FFFFFFA164FFFFFF,Q
$TX,1428,69009,0CF00400,FFFFFFDD64FFFFFF,Q
$TX,1429,69019,0CF00400,FFFFFF1765FFFFFF,Q
$TX,1430,69029,0CF00400,FFFFFF5165FFFFFF,Q
$TX,1431,69039,0CF00400,FFFFFF8A65FFFFFF,Q
$TX,1432,69049,0CF00400,FFFFFFC265FFFFFF,Q
$TX,1433,69059,0CF00400,FFFFFFFA65FFFFFF,Q
$TX,1434,69069,0CF00400,FFFFFF3166FFFFFF,Q
$TX,1435,69079,0CF00400,FFFFFF6766FFFFFF,Q
$TX,1436,69089,0CF00400,FFFFFF9C66FFFFFF,Q
$TX,1437,69099,0CF00400,FFFFFFD166FFFFFF,Q
$TX,1438,69109,0CF00400,FFFFFF0567FFFFFF,Q
$TX,1439,69119,0CF00400,FFFFFF3867FFFFFF,Q
$TX,1440,69129,0CF00400,FFFFFF6A67FFFFFF,Q
$TX,1441,69139,0CF00400,FFFFFF9C67FFFFFF,Q
$TX,1442,69149,0CF00400,FFFFFFCC67FFFFFF,Q
$TX,1443,69159,0CF00400,FFFFFFFC67FFFFFF,Q
$TX,1444,69169,0CF00400,FFFFFF2C68FFFFFF,Q
$TX,1445,69179,0CF00400,FFFFFF5A68FFFFFF,Q
$TX,1446,69189,0CF00400,FFFFFF8868FFFFFF,Q
$TX,1447,69199,0CF00400,FFFFFFB568FFFFFF,Q
$TX,1448,69209,0CF00400,FFFFFFE168FFFFFF,Q
$TX,1449,69219,0CF00400,FFFFFF0C69FFFFFF,Q
$TX,1450,69229,0CF00400,FFFFFF3669FFFFFF,Q
$TX,1451,69239,0CF00400,FFFFFF6069FFFFFF,Q
$TX,1452,69249,0CF00400,FFFFFF8969FFFFFF,Q
$TX,1453,69259,0CF00400,FFFFFFB169FFFFFF,Q
$TX,1454,69269,0CF00400,FFFFFFD869FFFFFF,Q
$TX,1455,69279,0CF00400,FFFFFFFF69FFFFFF,Q
$TX,1456,69289,0CF00400,FFFFFF246AFFFFFF,Q
$5X,1457,69299,0CF00400,FFFFFF496AFFFFFF,Q
$TX,1458,69309,0CF00400,FFFFFF6D6AFFFFFF,Q
$TX,1459,69319,0CF00400,FFFFFF906AFFFFFF,Q
$TX,1460,69329,0CF00400,FFFFFFB36AFFFFFF,Q
$TX,1461,69339,0CF00400,FFFFFFD46AFFFFFF,Q
$TX,1462,69349,0CF00400,FFFFFFF56AFFFFFF,Q
$TX,1463,69359,0CF00400,FFFFFF156BFFFFFF,Q
$TX,1464,69369,0CF00400,FFFFFF346BFFFFFF,Q
$TX,1465,69379,0CF00400,FFFFFF526BFFFFFF,Q
$TX,1466,69389,0CF00400,FFFFFF706BFFFFFF,Q
$TX,1467,69399,0CF00400,FFFFFF8C6BFFFFFF,Q
$TX,1468,69409,0CF00400,FFFFFFA86BFFFFFF,Q
$TX,1469,69419,0CF00400,FFFFFFC36BFFFFFF,Q
$TX,1470,69429,0CF00400,FFFFFFDD6BFFFFFF,Q
$TX,1471,69439,0CF00400,FFFFFFF66BFFFFFF,Q
$TX,1472,69449,0CF00400,FFFFFF0F6CFFFFFF,Q
$TX,1473,69459,0CF00400,FFFFFF266CFFFFFF,Q
$TX,1474,69469,0CF00400,FFFFFF3D6CFFFFFF,Q
$TX,1475,69479,0CF00400,FFFFFF536CFFFFFF,Q
$TX,1476,69489,0CF00400,FFFFFF686CFFFFFF,Q
$TX,1477,69499,0CF00400,FFFFFF7C6CFFFFFF,Q
$TX,1478,69509,0CF00400,FFFFFF906CFFFFFF,Q
$TX,1479,69519,0CF00400,FFFFFFA26CFFFFFF,Q
$TX,1480,69529,0CF00400,FFFFFFB46CFFFFFF,Q
$TX,1481,69539,0CF00400,FFFFFFC46CFFFFFF,Q
$TX,1482,69549,0CF00400,FFFFFFD46CFFFFFF,Q
$TX,1483,69559,0CF00400,FFFFFFE36CFFFFFF,Q
$TX,1484,69569,0CF00400,FFFFFFF26CFFFFFF,Q
$TX,1485,69579,0CF00400,FFFFFFFF6CFFFFFF,Q
$TX,1486,69589,0CF00400,FFFFFF0B6DFFFFFF,Q
$TX,1487,69599,0CF00400,FFFFFF176DFFFFFF,Q
$TX,1488,69609,0CF00400,FFFFFF226DFFFFFF,Q
$TX,1489,69619,0CF00400,FFFFFF2C6DFFFFFF,Q
$TX,1490,69629,0CF00400,FFFFFF356DFFFFFF,Q
$TX,1491,69639,0CF00400,FFFFFF3D6DFFFFFF,Q
$TX,1492,69649,0CF00400,FFFFFF446DFFFFFF,Q
$TX,1493,69659,0CF00400,FFFFFF4B6DFFFFFF,Q
$TX,1494,69669,0CF00400,FFFFFF506DFFFFFF,Q
$TX,1495,69679,0CF00400,FFFFFF556DFFFFFF,Q
$TX,1496,69689,0CF00400,FFFFFF596DFFFFFF,Q
$TX,1497,69699,0CF00400,FFFFFF5C6DFFFFFF,Q
$TX,1498,69709,0CF00400,FFFFFF5E6DFFFFFF,Q
$TX,1499,69719,0CF00400,FFFFFF606DFFFFFF,Q
$TX,1500,69729,0CF00400,FFFFFF606DFFFFFF,Q
$TX,1501,69739,0CF00400,FFFFFF606DFFFFFF,Q
$TX,1502,69749,0CF00400,FFFFFF5E6DFFFFFF,Q
$TX,1503,69759,0CF00400,FFFFFF5C6DFFFFFF,Q
$TX,1504,69769,0CF00400,FFFFFF596DFFFFFF,Q
$TX,1505,69779,0CF00400,FFFFFF556DFFFFFF,Q
$TX,1506,69789,0CF00400,FFFFFF506DFFFFFF,Q
$TX,1507,69799,0CF00400,FFFFFF4B6DFFFFFF,Q
$TX,1508,69809,0CF00400,FFFFFF446DFFFFFF,Q
$TX,1509,69819,0CF00400,FFFFFF3D6DFFFFFF,Q
$TX,1510,69829,0CF00400,FFFFFF356DFFFFFF,Q
$TX,1511,69839,0CF00400,FFFFFF2C6DFFFFFF,Q
$TX,1512,69849,0CF00400,FFFFFF226DFFFFFF,Q
$TX,1513,69859,0CF00400,FFFFFF176DFFFFFF,Q
$TX,1514,69869,0CF00400,FFFFFF0B6DFFFFFF,Q
$TX,1515,69879,0CF00400,FFFFFFFF6CFFFFFF,Q
$TX,1516,69889,0CF00400,FFFFFFF26CFFFFFF,Q
$TX,1517,69899,0CF00400,FFFFFFE36CFFFFFF,Q
$TX,1518,69909,0CF00400,FFFFFFD46CFFFFFF,Q
$TX,1519,69919,0CF00400,FFFFFFC46CFFFFFF,Q
$TX,1520,69929,0CF00400,FFFFFFB46CFFFFFF,Q
$TX,1521,69939,0CF00400,FFFFFFA26CFFFFFF,Q
$TX,1522,69949,0CF00400,FFFFFF906CFFFFFF,Q
$TX,1523,69959,0CF00400,FFFFFF7C6CFFFFFF,Q
$TX,1524,69969,0CF00400,FFFFFF686CFFFFFF,Q
$TX,1525,69979,0CF00400,FFFFFF536CFFFFFF,Q
$TX,1526,69989,0CF00400,FFFFFF3D6CFFFFFF,Q
$TX,1527,69999,0CF00400,FFFFFF266CFFFFFF,Q
$TX,1528,70009,0CF00400,FFFFFF0F6CFFFFFF,Q
$TX,1529,70019,0CF00400,FFFFFFF66BFFFFFF,Q
$TX,1530,70029,0CF00400,FFFFFFDD6BFFFFFF,Q
$TX,1531,70039,0CF00400,FFFFFFC36BFFFFFF,Q
$TX,1532,70049,0CF00400,FFFFFFA86BFFFFFF,Q
$TX,1533,70059,0CF00400,FFFFFF8C6BFFFFFF,Q
$TX,1534,70069,0CF00400,FFFFFF706BFFFFFF,Q
$TX,1535,70079,0CF00400,FFFFFF526BFFFFFF,Q
$TX,1536,70089,0CF00400,FFFFFF346BFFFFFF,Q
$TX,1537,70099,0CF00400,FFFFFF156BFFFFFF,Q
$TX,1538,70109,0CF00400,FFFFFFF56AFFFFFF,Q
$TX,1539,70119,0CF00400,FFFFFFD46AFFFFFF,Q
$TX,1540,70129,0CF00400,FFFFFFB36AFFFFFF,Q
$TX,1541,70139,0CF00400,FFFFFF906AFFFFFF,Q
$TX,1542,70149,0CF00400,FFFFFF6D6AFFFFFF,Q
$TX,1543,70159,0CF00400,FFFFFF496AFFFFFF,Q
$TX,1544,70169,0CF00400,FFFFFF246AFFFFFF,Q
$TX,1545,70179,0CF00400,FFFFFFFF69FFFFFF,Q
$TX,1546,70189,0CF00400,FFFFFFD869FFFFFF,Q
$TX,1547,70199,0CF00400,FFFFFFB169FFFFFF,Q
$TX,1548,70209,0CF00400,FFFFFF8969FFFFFF,Q
$TX,1549,70219,0CF00400,FFFFFF6069FFFFFF,Q
$TX,1550,70229,0CF00400,FFFFFF3669FFFFFF,Q
$TX,1551,70239,0CF00400,FFFFFF0C69FFFFFF,Q
$TX,1552,70249,0CF00400,FFFFFFE168FFFFFF,Q
$TX,1553,70259,0CF00400,FFFFFFB568FFFFFF,Q
$TX,1554,70269,0CF00400,FFFFFF8868FFFFFF,Q
$TX,1555,70279,0CF00400,FFFFFF5A68FFFFFF,Q
$TX,1556,70289,0CF00400,FFFFFF2C68FFFFFF,Q
$TX,1557,70299,0CF00400,FFFFFFFC67FFFFFF,Q
$TX,1558,70309,0CF00400,FFFFFFCC67FFFFFF,Q
$TX,1559,70319,0CF00400,FFFFFF9C67FFFFFF,Q
$TX,1560,70329,0CF00400,FFFFFF6A67FFFFFF,Q
$TX,1561,70339,0CF00400,FFFFFF3867FFFFFF,Q
$TX,1562,70349,0CF00400,FFFFFF0567FFFFFF,Q
$TX,1563,70359,0CF00400,FFFFFFD166FFFFFF,Q
$TX,1564,70369,0CF00400,FFFFFF9C66FFFFFF,Q
$TX,1565,70379,0CF00400,FFFFFF6766FFFFFF,Q
$TX,1566,70389,0CF00400,FFFFFF3166FFFFFF,Q
$TX,1567,70399,0CF00400,FFFFFFFA65FFFFFF,Q
$TX,1568,70409,0CF00400,FFFFFFC265FFFFFF,Q
$TX,1569,70419,0CF00400,FFFFFF8A65FFFFFF,Q
$TX,1570,70429,0CF00400,FFFFFF5165FFFFFF,Q
$TX,1571,70439,0CF00400,FFFFFF1765FFFFFF,Q
$TX,1572,70449,0CF00400,FFFFFFDD64FFFFFF,Q
$TX,1573,70459,0CF00400,FFFFFFA164FFFFFF,Q
$TX,1574,70469,0CF00400,FFFFFF6564FFFFFF,Q
$TX,1575,70479,0CF00400,FFFFFF2964FFFFFF,Q
$TX,1576,70489,0CF00400,FFFFFFEB63FFFFFF,Q
$TX,1577,70499,0CF00400,FFFFFFAD63FFFFFF,Q
$TX,1578,70509,0CF00400,FFFFFF6E63FFFFFF,Q
$TX,1579,70519,0CF00400,FFFFFF2F63FFFFFF,Q
$TX,1580,70529,0CF00400,FFFFFFEE62FFFFFF,Q
$TX,1581,70539,0CF00400,FFFFFFAD62FFFFFF,Q
$TX,1582,70549,0CF00400,FFFFFF6C62FFFFFF,Q
$TX,1583,70559,0CF00400,FFFFFF2962FFFFFF,Q
$TX,1584,70569,0CF00400,FFFFFFE661FFFFFF,Q
$TX,1585,70579,0CF00400,FFFFFFA261FFFFFF,Q
$TX,1586,70589,0CF00400,FFFFFF5E61FFFFFF,Q
$TX,1587,70599,0CF00400,FFFFFF1961FFFFFF,Q
$TX,1588,70609,0CF00400,FFFFFFD360FFFFFF,Q
$TX,1589,70619,0CF00400,FFFFFF8D60FFFFFF,Q
$TX,1590,70629,0CF00400,FFFFFF4660FFFFFF,Q
$TX,1591,70639,0CF00400,FFFFFFFE5FFFFFFF,Q
$TX,1592,70649,0CF00400,FFFFFFB65FFFFFFF,Q
$TX,1593,70659,0CF00400,FFFFFF6D5FFFFFFF,Q
$TX,1594,70669,0CF00400,FFFFFF235FFFFFFF,Q
$TX,1595,70679,0CF00400,FFFFFFD95EFFFFFF,Q
$TX,1596,70689,0CF00400,FFFFFF8E5EFFFFFF,Q
$TX,1597,70699,0CF00400,FFFFFF425EFFFFFF,Q
$TX,1598,70709,0CF00400,FFFFFFF65DFFFFFF,Q
$TX,1599,70719,0CF00400,FFFFFFA95DFFFFFF,Q
$TX,1600,70729,0CF00400,FFFFFF5B5DFFFFFF,Q
$TX,1601,70739,0CF00400,FFFFFF0D5DFFFFFF,Q
$TX,1602,70749,0CF00400,FFFFFFBF5CFFFFFF,Q
$TX,1603,70759,0CF00400,FFFFFF705CFFFFFF,Q
$TX,1604,70769,0CF00400,FFFFFF205CFFFFFF,Q
$TX,1605,70779,0CF00400,FFFFFFCF5BFFFFFF,Q
$TX,1606,70789,0CF00400,FFFFFF7E5BFFFFFF,Q
$TX,1607,70799,0CF00400,FFFFFF2D5BFFFFFF,Q
$TX,1608,70809,0CF00400,FFFFFFDA5AFFFFFF,Q
$TX,1609,70819,0CF00400,FFFFFF885AFFFFFF,Q
$TX,1610,70829,0CF00400,FFFFFF345AFFFFFF,Q
$TX,1611,70839,0CF00400,FFFFFFE059FFFFFF,Q
$TX,1612,70849,0CF00400,FFFFFF8C59FFFFFF,Q
$TX,1613,70859,0CF00400,FFFFFF3759FFFFFF,Q
$TX,1614,70869,0CF00400,FFFFFFE158FFFFFF,Q
$TX,1615,70879,0CF00400,FFFFFF8B58FFFFFF,Q
$TX,1616,70889,0CF00400,FFFFFF3558FFFFFF,Q
$FX,1617,70899,0CF00400,FFFFFFDE57FFFFFF,Q
$TX,1618,70909,0CF00400,FFFFFF8657FFFFFF,Q
$TX,1619,70919,0CF00400,FFFFFF2E57FFFFFF,Q
$TX,1620,70929,0CF00400,FFFFFFD556FFFFFF,Q
$TX,1621,70939,0CF00400,FFFFFF7C56FFFFFF,Q
$TX,1622,70949,0CF00400,FFFFFF2256FFFFFF,Q
$TX,1623,70959,0CF00400,FFFFFFC855FFFFFF,Q
$TX,1624,70969,0CF00400,FFFFFF6D55FFFFFF,Q
$TX,1625,70979,0CF00400,FFFFFF1255FFFFFF,Q
$TX,1626,70989,0CF00400,FFFFFFB654FFFFFF,Q
$TX,1627,70999,0CF00400,FFFFFF5A54FFFFFF,Q
$TX,1628,71009,0CF00400,FFFFFFFE53FFFFFF,Q
$TX,1629,71019,0CF00400,FFFFFFA053FFFFFF,Q
$TX,1630,71029,0CF00400,FFFFFF4353FFFFFF,Q
$TX,1631,71039,0CF00400,FFFFFFE552FFFFFF,Q
$TX,1632,71049,0CF00400,FFFFFF8752FFFFFF,Q
$TX,1633,71059,0CF00400,FFFFFF2852FFFFFF,Q
$TX,1634,71069,0CF00400,FFFFFFC851FFFFFF,Q
$TX,1635,71079,0CF00400,FFFFFF6951FFFFFF,Q
$TX,1636,71089,0CF00400,FFFFFF0951FFFFFF,Q
$TX,1637,71099,0CF00400,FFFFFFA850FFFFFF,Q
$TX,1638,71109,0CF00400,FFFFFF4750FFFFFF,Q
$TX,1639,71119,0CF00400,FFFFFFE64FFFFFFF,Q
$TX,1640,71129,0CF00400,FFFFFF844FFFFFFF,Q
$TX,1641,71139,0CF00400,FFFFFF224FFFFFFF,Q
$TX,1642,71149,0CF00400,FFFFFFBF4EFFFFFF,Q
$TX,1643,71159,0CF00400,FFFFFF5C4EFFFFFF,Q
$TX,1644,71169,0CF00400,FFFFFFF94DFFFFFF,Q
$TX,1645,71179,0CF00400,FFFFFF954DFFFFFF,Q
$TX,1646,71189,0CF00400,FFFFFF314DFFFFFF,Q
$TX,1647,71199,0CF00400,FFFFFFCD4CFFFFFF,Q
$TX,1648,71209,0CF00400,FFFFFF684CFFFFFF,Q
$TX,1649,71219,0CF00400,FFFFFF034CFFFFFF,Q
$TX,1650,71229,0CF00400,FFFFFF9E4BFFFFFF,Q
$TX,1651,71239,0CF00400,FFFFFF384BFFFFFF,Q
$TX,1652,71249,0CF00400,FFFFFFD24AFFFFFF,Q
$TX,1653,71259,0CF00400,FFFFFF6B4AFFFFFF,Q
$TX,1654,71269,0CF00400,FFFFFF054AFFFFFF,Q
$TX,1655,71279,0CF00400,FFFFFF9E49FFFFFF,Q
$TX,1656,71289,0CF00400,FFFFFF3649FFFFFF,Q
$TX,1657,71299,0CF00400,FFFFFFCF48FFFFFF,Q
$TX,1658,71309,0CF00400,FFFFFF6748FFFFFF,Q
$TX,1659,71319,0CF00400,FFFFFFFF47FFFFFF,Q
$TX,1660,71329,0CF00400,FFFFFF9647FFFFFF,Q
$TX,1661,71339,0CF00400,FFFFFF2E47FFFFFF,Q
$TX,1662,71349,0CF00400,FFFFFFC546FFFFFF,Q
$TX,1663,71359,0CF00400,FFFFFF5B46FFFFFF,Q
$TX,1664,71369,0CF00400,FFFFFFF245FFFFFF,Q
$TX,1665,71379,0CF00400,FFFFFF8845FFFFFF,Q
$TX,1666,71389,0CF00400,FFFFFF1E45FFFFFF,Q
$TX,1667,71399,0CF00400,FFFFFFB444FFFFFF,Q
$TX,1668,71409,0CF00400,FFFFFF4A44FFFFFF,Q
$TX,1669,71419,0CF00400,FFFFFFDF43FFFFFF,Q
$TX,1670,71429,0CF00400,FFFFFF7443FFFFFF,Q
$TX,1671,71439,0CF00400,FFFFFF0943FFFFFF,Q
$TX,1672,71449,0CF00400,FFFFFF9E42FFFFFF,Q
$TX,1673,71459,0CF00400,FFFFFF3342FFFFFF,Q
$TX,1674,71469,0CF00400,FFFFFFC741FFFFFF,Q
$TX,1675,71479,0CF00400,FFFFFF5B41FFFFFF,Q
$TX,1676,71489,0CF00400,FFFFFFEF40FFFFFF,Q
$TX,1677,71499,0CF00400,FFFFFF8340FFFFFF,Q
$TX,1678,71509,0CF00400,FFFFFF1740FFFFFF,Q
$TX,1679,71519,0CF00400,FFFFFFAB3FFFFFFF,Q
$TX,1680,71529,0CF00400,FFFFFF3E3FFFFFFF,Q
$TX,1681,71539,0CF00400,FFFFFFD13EFFFFFF,Q
$TX,1682,71549,0CF00400,FFFFFF653EFFFFFF,Q
$TX,1683,71559,0CF00400,FFFFFFF83DFFFFFF,Q
$TX,1684,71569,0CF00400,FFFFFF8B3DFFFFFF,Q
$TX,1685,71579,0CF00400,FFFFFF1E3DFFFFFF,Q
$TX,1686,71589,0CF00400,FFFFFFB03CFFFFFF,Q
$TX,1687,71599,0CF00400,FFFFFF433CFFFFFF,Q
$TX,1688,71609,0CF00400,FFFFFFD63BFFFFFF,Q
$TX,1689,71619,0CF00400,FFFFFF683BFFFFFF,Q
$TX,1690,71629,0CF00400,FFFFFFFA3AFFFFFF,Q
$TX,1691,71639,0CF00400,FFFFFF8D3AFFFFFF,Q
$TX,1692,71649,0CF00400,FFFFFF1F3AFFFFFF,Q
$TX,1693,71659,0CF00400,FFFFFFB139FFFFFF,Q
$TX,1694,71669,0CF00400,FFFFFF4339FFFFFF,Q
$TX,1695,71679,0CF00400,FFFFFFD638FFFFFF,Q
$TX,1696,71689,0CF00400,FFFFFF6838FFFFFF,Q
$TX,1697,71699,0CF00400,FFFFFFFA37FFFFFF,Q
$TX,1698,71709,0CF00400,FFFFFF8C37FFFFFF,Q
$TX,1699,71719,0CF00400,FFFFFF1E37FFFFFF,Q
$TX,1700,71729,0CF00400,FFFFFFB036FFFFFF,Q
$TX,1701,71739,0CF00400,FFFFFF4236FFFFFF,Q
$TX,1702,71749,0CF00400,FFFFFFD435FFFFFF,Q
$TX,1703,71759,0CF00400,FFFFFF6635FFFFFF,Q
$TX,1704,71769,0CF00400,FFFFFFF834FFFFFF,Q
$TX,1705,71779,0CF00400,FFFFFF8A34FFFFFF,Q
$TX,1706,71789,0CF00400,FFFFFF1D34FFFFFF,Q
$TX,1707,71799,0CF00400,FFFFFFAF33FFFFFF,Q
$TX,1708,71809,0CF00400,FFFFFF4133FFFFFF,Q
$TX,1709,71819,0CF00400,FFFFFFD332FFFFFF,Q
$TX,1710,71829,0CF00400,FFFFFF6632FFFFFF,Q
$TX,1711,71839,0CF00400,FFFFFFF831FFFFFF,Q
$TX,1712,71849,0CF00400,FFFFFF8A31FFFFFF,Q
$TX,1713,71859,0CF00400,FFFFFF1D31FFFFFF,Q
$TX,1714,71869,0CF00400,FFFFFFB030FFFFFF,Q
$TX,1715,71879,0CF00400,FFFFFF4230FFFFFF,Q
$TX,1716,71889,0CF00400,FFFFFFD52FFFFFFF,Q
$TX,1717,71899,0CF00400,FFFFFF682FFFFFFF,Q
$TX,1718,71909,0CF00400,FFFFFFFB2EFFFFFF,Q
$TX,1719,71919,0CF00400,FFFFFF8F2EFFFFFF,Q
$TX,1720,71929,0CF00400,FFFFFF222EFFFFFF,Q
$TX,1721,71939,0CF00400,FFFFFFB52DFFFFFF,Q
$TX,1722,71949,0CF00400,FFFFFF492DFFFFFF,Q
$TX,1723,71959,0CF00400,FFFFFFDD2CFFFFFF,Q
$TX,1724,71969,0CF00400,FFFFFF712CFFFFFF,Q
$TX,1725,71979,0CF00400,FFFFFF052CFFFFFF,Q
$TX,1726,71989,0CF00400,FFFFFF992BFFFFFF,Q
$TX,1727,71999,0CF00400,FFFFFF2D2BFFFFFF,Q
$TX,1728,72009,0CF00400,FFFFFFC22AFFFFFF,Q
$TX,1729,72019,0CF00400,FFFFFF572AFFFFFF,Q
$TX,1730,72029,0CF00400,FFFFFFEC29FFFFFF,Q
$TX,1731,72039,0CF00400,FFFFFF8129FFFFFF,Q
$TX,1732,72049,0CF00400,FFFFFF1629FFFFFF,Q
$TX,1733,72059,0CF00400,FFFFFFAC28FFFFFF,Q
$TX,1734,72069,0CF00400,FFFFFF4228FFFFFF,Q
$TX,1735,72079,0CF00400,FFFFFFD827FFFFFF,Q
$TX,1736,72089,0CF00400,FFFFFF6E27FFFFFF,Q
$TX,1737,72099,0CF00400,FFFFFF0527FFFFFF,Q
$TX,1738,72109,0CF00400,FFFFFF9B26FFFFFF,Q
$TX,1739,72119,0CF00400,FFFFFF3226FFFFFF,Q
$TX,1740,72129,0CF00400,FFFFFFCA25FFFFFF,Q
$TX,1741,72139,0CF00400,FFFFFF6125FFFFFF,Q
$TX,1742,72149,0CF00400,FFFFFFF924FFFFFF,Q
$TX,1743,72159,0CF00400,FFFFFF9124FFFFFF,Q
$TX,1744,72169,0CF00400,FFFFFF2A24FFFFFF,Q
$TX,1745,72179,0CF00400,FFFFFFC223FFFFFF,Q
$TX,1746,72189,0CF00400,FFFFFF5B23FFFFFF,Q
$TX,1747,72199,0CF00400,FFFFFFF522FFFFFF,Q
$TX,1748,72209,0CF00400,FFFFFF8E22FFFFFF,Q
$TX,1749,72219,0CF00400,FFFFFF2822FFFFFF,Q
$TX,1750,72229,0CF00400,FFFFFFC221FFFFFF,Q
$TX,1751,72239,0CF00400,FFFFFF5D21FFFFFF,Q
$TX,1752,72249,0CF00400,FFFFFFF820FFFFFF,Q
$TX,1753,72259,0CF00400,FFFFFF9320FFFFFF,Q
$TX,1754,72269,0CF00400,FFFFFF2F20FFFFFF,Q
$TX,1755,72279,0CF00400,FFFFFFCB1FFFFFFF,Q
$TX,1756,72289,0CF00400,FFFFFF671FFFFFFF,Q
$TX,1757,72299,0CF00400,FFFFFF041FFFFFFF,Q
$TX,1758,72309,0CF00400,FFFFFFA11EFFFFFF,Q
$TX,1759,72319,0CF00400,FFFFFF3E1EFFFFFF,Q
$TX,1760,72329,0CF00400,FFFFFFDC1DFFFFFF,Q
$TX,1761,72339,0CF00400,FFFFFF7A1DFFFFFF,Q
$TX,1762,72349,0CF00400,FFFFFF191DFFFFFF,Q
$TX,1763,72359,0CF00400,FFFFFFB81CFFFFFF,Q
$TX,1764,72369,0CF00400,FFFFFF571CFFFFFF,Q
$TX,1765,72379,0CF00400,FFFFFFF71BFFFFFF,Q
$TX,1766,72389,0CF00400,FFFFFF981BFFFFFF,Q
$TX,1767,72399,0CF00400,FFFFFF381BFFFFFF,Q
$TX,1768,72409,0CF00400,FFFFFFD91AFFFFFF,Q
$TX,1769,72419,0CF00400,FFFFFF7B1AFFFFFF,Q
$TX,1770,72429,0CF00400,FFFFFF1D1AFFFFFF,Q
$TX,1771,72439,0CF00400,FFFFFFC019FFFFFF,Q
$TX,1772,72449,0CF00400,FFFFFF6219FFFFFF,Q
$TX,1773,72459,0CF00400,FFFFFF0619FFFFFF,Q
$TX,1774,72469,0CF00400,FFFFFFAA18FFFFFF,Q
$TX,1775,72479,0CF00400,FFFFFF4E18FFFFFF,Q
$TX,1776,72489,0CF00400,FFFFFFF317FFFFFF,Q
$TX,1777,72499,0CF00400,FFFFFF9817FFFFFF,Q
$TX,1778,72509,0CF00400,FFFFFF3E17FFFFFF,Q
$TX,1779,72519,0CF00400,FFFFFFE416FFFFFF,Q
$TX,1780,72529,0CF00400,FFFFFF8B16FFFFFF,Q
$TX,1781,72539,0CF00400,FFFFFF3216FFFFFF,Q
$TX,1782,72549,0CF00400,FFFFFFDA15FFFFFF,Q
$TX,1783,72559,0CF00400,FFFFFF8215FFFFFF,Q
$TX,1784,72569,0CF00400,FFFFFF2B15FFFFFF,Q
$TX,1785,72579,0CF00400,FFFFFFD514FFFFFF,Q
$TX,1786,72589,0CF00400,FFFFFF7F14FFFFFF,Q
$TX,1787,72599,0CF00400,FFFFFF2914FFFFFF,Q
$TX,1788,72609,0CF00400,FFFFFFD413FFFFFF,Q
$TX,1789,72619,0CF00400,FFFFFF8013FFFFFF,Q
$TX,1790,72629,0CF00400,FFFFFF2C13FFFFFF,Q
$TX,1791,72639,0CF00400,FFFFFFD812FFFFFF,Q
$TX,1792,72649,0CF00400,FFFFFF8612FFFFFF,Q
$TX,1793,72659,0CF00400,FFFFFF3312FFFFFF,Q
$TX,1794,72669,0CF00400,FFFFFFE211FFFFFF,Q
$TX,1795,72679,0CF00400,FFFFFF9111FFFFFF,Q
$TX,1796,72689,0CF00400,FFFFFF4011FFFFFF,Q
$TX,1797,72699,0CF00400,FFFFFFF010FFFFFF,Q
$TX,1798,72709,0CF00400,FFFFFFA110FFFFFF,Q
$TX,1799,72719,0CF00400,FFFFFF5310FFFFFF,Q
$TX,1800,72729,0CF00400,FFFFFF0510FFFFFF,Q
$TX,1801,72739,0CF00400,FFFFFFB70FFFFFFF,Q
$TX,1802,72749,0CF00400,FFFFFF6A0FFFFFFF,Q
$TX,1803,72759,0CF00400,FFFFFF1E0FFFFFFF,Q
$TX,1804,72769,0CF00400,FFFFFFD20EFFFFFF,Q
$TX,1805,72779,0CF00400,FFFFFF870EFFFFFF,Q
$TX,1806,72789,0CF00400,FFFFFF3D0EFFFFFF,Q
$TX,1807,72799,0CF00400,FFFFFFF30DFFFFFF,Q
$TX,1808,72809,0CF00400,FFFFFFAA0DFFFFFF,Q
$TX,1809,72819,0CF00400,FFFFFF620DFFFFFF,Q
$TX,1810,72829,0CF00400,FFFFFF1A0DFFFFFF,Q
$TX,1811,72839,0CF00400,FFFFFFD30CFFFFFF,Q
$TX,1812,72849,0CF00400,FFFFFF8D0CFFFFFF,Q
$TX,1813,72859,0CF00400,FFFFFF470CFFFFFF,Q
$TX,1814,72869,0CF00400,FFFFFF020CFFFFFF,Q
$TX,1815,72879,0CF00400,FFFFFFBE0BFFFFFF,Q
$TX,1816,72889,0CF00400,FFFFFF7A0BFFFFFF,Q
$TX,1817,72899,0CF00400,FFFFFF370BFFFFFF,Q
$TX,1818,72909,0CF00400,FFFFFFF40AFFFFFF,Q
$TX,1819,72919,0CF00400,FFFFFFB30AFFFFFF,Q
$TX,1820,72929,0CF00400,FFFFFF720AFFFFFF,Q
$TX,1821,72939,0CF00400,FFFFFF310AFFFFFF,Q
$TX,1822,72949,0CF00400,FFFFFFF209FFFFFF,Q
$TX,1823,72959,0CF00400,FFFFFFB309FFFFFF,Q
$TX,1824,72969,0CF00400,FFFFFF7509FFFFFF,Q
$TX,1825,72979,0CF00400,FFFFFF3709FFFFFF,Q
$TX,1826,72989,0CF00400,FFFFFFFB08FFFFFF,Q
$TX,1827,72999,0CF00400,FFFFFFBF08FFFFFF,Q
$TX,1828,73009,0CF00400,FFFFFF8308FFFFFF,Q
$TX,1829,73019,0CF00400,FFFFFF4908FFFFFF,Q
$TX,1830,73029,0CF00400,FFFFFF0F08FFFFFF,Q
$TX,1831,73039,0CF00400,FFFFFFD607FFFFFF,Q
$TX,1832,73049,0CF00400,FFFFFF9E07FFFFFF,Q
$TX,1833,73059,0CF00400,FFFFFF6607FFFFFF,Q
$TX,1834,73069,0CF00400,FFFFFF2F07FFFFFF,Q
$TX,1835,73079,0CF00400,FFFFFFF906FFFFFF,Q
$TX,1836,73089,0CF00400,FFFFFFC406FFFFFF,Q
$TX,1837,73099,0CF00400,FFFFFF8F06FFFFFF,Q
$TX,1838,73109,0CF00400,FFFFFF5B06FFFFFF,Q
$TX,1839,73119,0CF00400,FFFFFF2806FFFFFF,Q
$TX,1840,73129,0CF00400,FFFFFFF605FFFFFF,Q
$TX,1841,73139,0CF00400,FFFFFFC405FFFFFF,Q
$TX,1842,73149,0CF00400,FFFFFF9405FFFFFF,Q
$TX,1843,73159,0CF00400,FFFFFF6405FFFFFF,Q
$TX,1844,73169,0CF00400,FFFFFF3405FFFFFF,Q
$TX,1845,73179,0CF00400,FFFFFF0605FFFFFF,Q
$TX,1846,73189,0CF00400,FFFFFFD804FFFFFF,Q
$TX,1847,73199,0CF00400,FFFFFFAC04FFFFFF,Q
$TX,1848,73209,0CF00400,FFFFFF7F04FFFFFF,Q
$TX,1849,73219,0CF00400,FFFFFF5404FFFFFF,Q
$TX,1850,73229,0CF00400,FFFFFF2A04FFFFFF,Q
$TX,1851,73239,0CF00400,FFFFFF0004FFFFFF,Q
$TX,1852,73249,0CF00400,FFFFFFD703FFFFFF,Q
$TX,1853,73259,0CF00400,FFFFFFAF03FFFFFF,Q
$TX,1854,73269,0CF00400,FFFFFF8803FFFFFF,Q
$TX,1855,73279,0CF00400,FFFFFF6103FFFFFF,Q
$TX,1856,73289,0CF00400,FFFFFF3C03FFFFFF,Q
$TX,1857,73299,0CF00400,FFFFFF1703FFFFFF,Q
$TX,1858,73309,0CF00400,FFFFFFF302FFFFFF,Q
$TX,1859,73319,0CF00400,FFFFFFD002FFFFFF,Q
$TX,1860,73329,0CF00400,FFFFFFAD02FFFFFF,Q
$TX,1861,73339,0CF00400,FFFFFF8C02FFFFFF,Q
$TX,1862,73349,0CF00400,FFFFFF6B02FFFFFF,Q
$TX,1863,73359,0CF00400,FFFFFF4B02FFFFFF,Q
$TX,1864,73369,0CF00400,FFFFFF2C02FFFFFF,Q
$TX,1865,73379,0CF00400,FFFFFF0E02FFFFFF,Q
$TX,1866,73389,0CF00400,FFFFFFF001FFFFFF,Q
$TX,1867,73399,0CF00400,FFFFFFD401FFFFFF,Q
$TX,1868,73409,0CF00400,FFFFFFB801FFFFFF,Q
$TX,1869,73419,0CF00400,FFFFFF9D01FFFFFF,Q
$TX,1870,73429,0CF00400,FFFFFF8301FFFFFF,Q
$TX,1871,73439,0CF00400,FFFFFF6A01FFFFFF,Q
$TX,1872,73449,0CF00400,FFFFFF5101FFFFFF,Q
$TX,1873,73459,0CF00400,FFFFFF3A01FFFFFF,Q
$TX,1874,73469,0CF00400,FFFFFF2301FFFFFF,Q
$TX,1875,73479,0CF00400,FFFFFF0D01FFFFFF,Q
$TX,1876,73489,0CF00400,FFFFFFF800FFFFFF,Q
$TX,1877,73499,0CF00400,FFFFFFE400FFFFFF,Q
$TX,1878,73509,0CF00400,FFFFFFD000FFFFFF,Q
$TX,1879,73519,0CF00400,FFFFFFBE00FFFFFF,Q
$TX,1880,73529,0CF00400,FFFFFFAC00FFFFFF,Q
$TX,1881,73539,0CF00400,FFFFFF9C00FFFFFF,Q
$TX,1882,73549,0CF00400,FFFFFF8C00FFFFFF,Q
$TX,1883,73559,0CF00400,FFFFFF7D00FFFFFF,Q
$TX,1884,73569,0CF00400,FFFFFF6E00FFFFFF,Q
$TX,1885,73579,0CF00400,FFFFFF6100FFFFFF,Q
$TX,1886,73589,0CF00400,FFFFFF5500FFFFFF,Q
$TX,1887,73599,0CF00400,FFFFFF4900FFFFFF,Q
$TX,1888,73609,0CF00400,FFFFFF3E00FFFFFF,Q
$TX,1889,73619,0CF00400,FFFFFF3400FFFFFF,Q
$TX,1890,73629,0CF00400,FFFFFF2B00FFFFFF,Q
$TX,1891,73639,0CF00400,FFFFFF2300FFFFFF,Q
$1X,1892,73649,0CF00400,FFFFFF1C00FFFFFF,Q
$TX,1893,73659,0CF00400,FFFFFF1500FFFFFF,Q
$TX,1894,73669,0CF00400,FFFFFF1000FFFFFF,Q
$TX,1895,73679,0CF00400,FFFFFF0B00FFFFFF,Q
$TX,1896,73689,0CF00400,FFFFFF0700FFFFFF,Q
$TX,1897,73699,0CF00400,FFFFFF0400FFFFFF,Q
$TX,1898,73709,0CF00400,FFFFFF0200FFFFFF,Q
$TX,1899,73719,0CF00400,FFFFFF0000FFFFFF,Q
$TX,1900,73729,0CF00400,FFFFFF0000FFFFFF,Q
$TX,1901,73739,0CF00400,FFFFFF0000FFFFFF,Q
$TX,1902,73749,0CF00400,FFFFFF0200FFFFFF,Q
$TX,1903,73759,0CF00400,FFFFFF0400FFFFFF,Q
$TX,1904,73769,0CF00400,FFFFFF0700FFFFFF,Q
$TX,1905,73779,0CF00400,FFFFFF0B00FFFFFF,Q
$TX,1906,73789,0CF00400,FFFFFF1000FFFFFF,Q
$TX,1907,73799,0CF00400,FFFFFF1500FFFFFF,Q
$TX,1908,73809,0CF00400,FFFFFF1C00FFFFFF,Q
$TX,1909,73819,0CF00400,FFFFFF2300FFFFFF,Q
$TX,1910,73829,0CF00400,FFFFFF2B00FFFFFF,Q
$TX,1911,73839,0CF00400,FFFFFF3400FFFFFF,Q
$0X,1912,73849,0CF00400,FFFFFF3E00FFFFFF,Q
$TX,1913,73859,0CF00400,FFFFFF4900FFFFFF,Q
$TX,1914,73869,0CF00400,FFFFFF5500FFFFFF,Q
$TX,1915,73879,0CF00400,FFFFFF6100FFFFFF,Q
$TX,1916,73889,0CF00400,FFFFFF6E00FFFFFF,Q
$TX,1917,73899,0CF00400,FFFFFF7D00FFFFFF,Q
$TX,1918,73909,0CF00400,FFFFFF8C00FFFFFF,Q
$TX,1919,73919,0CF00400,FFFFFF9C00FFFFFF,Q
$TX,1920,73929,0CF00400,FFFFFFAC00FFFFFF,Q
$TX,1921,73939,0CF00400,FFFFFFBE00FFFFFF,Q
$TX,1922,73949,0CF00400,FFFFFFD000FFFFFF,Q
$TX,1923,73959,0CF00400,FFFFFFE400FFFFFF,Q
$TX,1924,73969,0CF00400,FFFFFFF800FFFFFF,Q
$TX,1925,73979,0CF00400,FFFFFF0D01FFFFFF,Q
$TX,1926,73989,0CF00400,FFFFFF2301FFFFFF,Q
$TX,1927,73999,0CF00400,FFFFFF3A01FFFFFF,Q
$TX,1928,74009,0CF00400,FFFFFF5101FFFFFF,Q
$TX,1929,74019,0CF00400,FFFFFF6A01FFFFFF,Q
$TX,1930,74029,0CF00400,FFFFFF8301FFFFFF,Q
$TX,1931,74039,0CF00400,FFFFFF9D01FFFFFF,Q
$TX,1932,74049,0CF00400,FFFFFFB801FFFFFF,Q
$TX,1933,74059,0CF00400,FFFFFFD401FFFFFF,Q
$TX,1934,74069,0CF00400,FFFFFFF001FFFFFF,Q
$TX,1935,74079,0CF00400,FFFFFF0E02FFFFFF,Q
$TX,1936,74089,0CF00400,FFFFFF2C02FFFFFF,Q
$TX,1937,74099,0CF00400,FFFFFF4B02FFFFFF,Q
$TX,1938,74109,0CF00400,FFFFFF6B02FFFFFF,Q
$TX,1939,74119,0CF00400,FFFFFF8C02FFFFFF,Q
$TX,1940,74129,0CF00400,FFFFFFAD02FFFFFF,Q
$TX,1941,74139,0CF00400,FFFFFFD002FFFFFF,Q
$TX,1942,74149,0CF00400,FFFFFFF302FFFFFF,Q
$TX,1943,74159,0CF00400,FFFFFF1703FFFFFF,Q
$TX,1944,74169,0CF00400,FFFFFF3C03FFFFFF,Q
$TX,1945,74179,0CF00400,FFFFFF6103FFFFFF,Q
$TX,1946,74189,0CF00400,FFFFFF8803FFFFFF,Q
$TX,1947,74199,0CF00400,FFFFFFAF03FFFFFF,Q
$TX,1948,74209,0CF00400,FFFFFFD703FFFFFF,Q
$TX,1949,74219,0CF00400,FFFFFF0004FFFFFF,Q
$TX,1950,74229,0CF00400,FFFFFF2A04FFFFFF,Q
$TX,1951,74239,0CF00400,FFFFFF5404FFFFFF,Q
$TX,1952,74249,0CF00400,FFFFFF7F04FFFFFF,Q
$TX,1953,74259,0CF00400,FFFFFFAC04FFFFFF,Q
$TX,1954,74269,0CF00400,FFFFFFD804FFFFFF,Q
$TX,1955,74279,0CF00400,FFFFFF0605FFFFFF,Q
$TX,1956,74289,0CF00400,FFFFFF3405FFFFFF,Q
$TX,1957,74299,0CF00400,FFFFFF6405FFFFFF,Q
$TX,1958,74309,0CF00400,FFFFFF9405FFFFFF,Q
$TX,1959,74319,0CF00400,FFFFFFC405FFFFFF,Q
$TX,1960,74329,0CF00400,FFFFFFF605FFFFFF,Q
$TX,1961,74339,0CF00400,FFFFFF2806FFFFFF,Q
$TX,1962,74349,0CF00400,FFFFFF5B06FFFFFF,Q
$TX,1963,74359,0CF00400,FFFFFF8F06FFFFFF,Q
$TX,1964,74369,0CF00400,FFFFFFC406FFFFFF,Q
$TX,1965,74379,0CF00400,FFFFFFF906FFFFFF,Q
$TX,1966,74389,0CF00400,FFFFFF2F07FFFFFF,Q
$TX,1967,74399,0CF00400,FFFFFF6607FFFFFF,Q
$TX,1968,74409,0CF00400,FFFFFF9E07FFFFFF,Q
$TX,1969,74419,0CF00400,FFFFFFD607FFFFFF,Q
$TX,1970,74429,0CF00400,FFFFFF0F08FFFFFF,Q
$TX,1971,74439,0CF00400,FFFFFF4908FFFFFF,Q
$TX,1972,74449,0CF00400,FFFFFF8308FFFFFF,Q
$TX,1973,74459,0CF00400,FFFFFFBF08FFFFFF,Q
$TX,1974,74469,0CF00400,FFFFFFFB08FFFFFF,Q
$TX,1975,74479,0CF00400,FFFFFF3709FFFFFF,Q
$TX,1976,74489,0CF00400,FFFFFF7509FFFFFF,Q
$TX,1977,74499,0CF00400,FFFFFFB309FFFFFF,Q
$TX,1978,74509,0CF00400,FFFFFFF209FFFFFF,Q
$TX,1979,74519,0CF00400,FFFFFF310AFFFFFF,Q
$TX,1980,74529,0CF00400,FFFFFF720AFFFFFF,Q
$TX,1981,74539,0CF00400,FFFFFFB30AFFFFFF,Q
$TX,1982,74549,0CF00400,FFFFFFF40AFFFFFF,Q
$TX,1983,74559,0CF00400,FFFFFF370BFFFFFF,Q
$TX,1984,74569,0CF00400,FFFFFF7A0BFFFFFF,Q
$TX,1985,74579,0CF00400,FFFFFFBE0BFFFFFF,Q
$TX,1986,74589,0CF00400,FFFFFF020CFFFFFF,Q
$TX,1987,74599,0CF00400,FFFFFF470CFFFFFF,Q
$TX,1988,74609,0CF00400,FFFFFF8D0CFFFFFF,Q
$6X,1989,74619,0CF00400,FFFFFFD30CFFFFFF,Q
$TX,1990,74629,0CF00400,FFFFFF1A0DFFFFFF,Q
$TX,1991,74639,0CF00400,FFFFFF620DFFFFFF,Q
$TX,1992,74649,0CF00400,FFFFFFAA0DFFFFFF,Q
$TX,1993,74659,0CF00400,FFFFFFF30DFFFFFF,Q
$TX,1994,74669,0CF00400,FFFFFF3D0EFFFFFF,Q
$TX,1995,74679,0CF00400,FFFFFF870EFFFFFF,Q
$TX,1996,74689,0CF00400,FFFFFFD20EFFFFFF,Q
$TX,1997,74699,0CF00400,FFFFFF1E0FFFFFFF,Q
$TX,1998,74709,0CF00400,FFFFFF6A0FFFFFFF,Q
$TX,1999,74719,0CF00400,FFFFFFB70FFFFFFF,Q
$TX,2000,74729,0CF00400,FFFFFF0510FFFFFF,Q
$TX,2001,74739,0CF00400,FFFFFF5310FFFFFF,Q
$TX,2002,74749,0CF00400,FFFFFFA110FFFFFF,Q
$TX,2003,74759,0CF00400,FFFFFFF010FFFFFF,Q
$TX,2004,74769,0CF00400,FFFFFF4011FFFFFF,Q
$TX,2005,74779,0CF00400,FFFFFF9111FFFFFF,Q
$TX,2006,74789,0CF00400,FFFFFFE211FFFFFF,Q
$TX,2007,74799,0CF00400,FFFFFF3312FFFFFF,Q
$TX,2008,74809,0CF00400,FFFFFF8612FFFFFF,Q
$TX,2009,74819,0CF00400,FFFFFFD812FFFFFF,Q
$TX,2010,74829,0CF00400,FFFFFF2C13FFFFFF,Q
$TX,2011,74839,0CF00400,FFFFFF8013FFFFFF,Q
$TX,2012,74849,0CF00400,FFFFFFD413FFFFFF,Q
$TX,2013,74859,0CF00400,FFFFFF2914FFFFFF,Q
$TX,2014,74869,0CF00400,FFFFFF7F14FFFFFF,Q
$TX,2015,74879,0CF00400,FFFFFFD514FFFFFF,Q
$TX,2016,74889,0CF00400,FFFFFF2B15FFFFFF,Q
$TX,2017,74899,0CF00400,FFFFFF8215FFFFFF,Q
$TX,2018,74909,0CF00400,FFFFFFDA15FFFFFF,Q
$TX,2019,74919,0CF00400,FFFFFF3216FFFFFF,Q
$TX,2020,74929,0CF00400,FFFFFF8B16FFFFFF,Q
$TX,2021,74939,0CF00400,FFFFFFE416FFFFFF,Q
$TX,2022,74949,0CF00400,FFFFFF3E17FFFFFF,Q
$TX,2023,74959,0CF00400,FFFFFF9817FFFFFF,Q
$TX,2024,74969,0CF00400,FFFFFFF317FFFFFF,Q
$TX,2025,74979,0CF00400,FFFFFF4E18FFFFFF,Q
$TX,2026,74989,0CF00400,FFFFFFAA18FFFFFF,Q
$TX,2027,74999,0CF00400,FFFFFF0619FFFFFF,Q
$TX,2028,75009,0CF00400,FFFFFF6219FFFFFF,Q
$TX,2029,75019,0CF00400,FFFFFFC019FFFFFF,Q
$TX,2030,75029,0CF00400,FFFFFF1D1AFFFFFF,Q
$TX,2031,75039,0CF00400,FFFFFF7B1AFFFFFF,Q
$TX,2032,75049,0CF00400,FFFFFFD91AFFFFFF,Q
$TX,2033,75059,0CF00400,FFFFFF381BFFFFFF,Q
$TX,2034,75069,0CF00400,FFFFFF981BFFFFFF,Q
$TX,2035,75079,0CF00400,FFFFFFF71BFFFFFF,Q
$TX,2036,75089,0CF00400,FFFFFF571CFFFFFF,Q
$TX,2037,75099,0CF00400,FFFFFFB81CFFFFFF,Q
$TX,2038,75109,0CF00400,FFFFFF191DFFFFFF,Q
$TX,2039,75119,0CF00400,FFFFFF7A1DFFFFFF,Q
$TX,2040,75129,0CF00400,FFFFFFDC1DFFFFFF,Q
$TX,2041,75139,0CF00400,FFFFFF3E1EFFFFFF,Q
$TX,2042,75149,0CF00400,FFFFFFA11EFFFFFF,Q
$TX,2043,75159,0CF00400,FFFFFF041FFFFFFF,Q
$TX,2044,75169,0CF00400,FFFFFF671FFFFFFF,Q
$TX,2045,75179,0CF00400,FFFFFFCB1FFFFFFF,Q
$TX,2046,75189,0CF00400,FFFFFF2F20FFFFFF,Q
$TX,2047,75199,0CF00400,FFFFFF9320FFFFFF,Q
$TX,2048,75209,0CF00400,FFFFFFF820FFFFFF,Q
$TX,2049,75219,0CF00400,FFFFFF5D21FFFFFF,Q
$TX,2050,75229,0CF00400,FFFFFFC221FFFFFF,Q
$TX,2051,75239,0CF00400,FFFFFF2822FFFFFF,Q
$TX,2052,75249,0CF00400,FFFFFF8E22FFFFFF,Q
$TX,2053,75259,0CF00400,FFFFFFF522FFFFFF,Q
$TX,2054,75269,0CF00400,FFFFFF5B23FFFFFF,Q
$TX,2055,75279,0CF00400,FFFFFFC223FFFFFF,Q
$TX,2056,75289,0CF00400,FFFFFF2A24FFFFFF,Q
$TX,2057,75299,0CF00400,FFFFFF9124FFFFFF,Q
$TX,2058,75309,0CF00400,FFFFFFF924FFFFFF,Q
$TX,2059,75319,0CF00400,FFFFFF6125FFFFFF,Q
$TX,2060,75329,0CF00400,FFFFFFCA25FFFFFF,Q
$TX,2061,75339,0CF00400,FFFFFF3226FFFFFF,Q
$TX,2062,75349,0CF00400,FFFFFF9B26FFFFFF,Q
$TX,2063,75359,0CF00400,FFFFFF0527FFFFFF,Q
$TX,2064,75369,0CF00400,FFFFFF6E27FFFFFF,Q
$TX,2065,75379,0CF00400,FFFFFFD827FFFFFF,Q
$TX,2066,75389,0CF00400,FFFFFF4228FFFFFF,Q
$TX,2067,75399,0CF00400,FFFFFFAC28FFFFFF,Q
$TX,2068,75409,0CF00400,FFFFFF1629FFFFFF,Q
$TX,2069,75419,0CF00400,FFFFFF8129FFFFFF,Q
$TX,2070,75429,0CF00400,FFFFFFEC29FFFFFF,Q
$TX,2071,75439,0CF00400,FFFFFF572AFFFFFF,Q
$TX,2072,75449,0CF00400,FFFFFFC22AFFFFFF,Q
$TX,2073,75459,0CF00400,FFFFFF2D2BFFFFFF,Q
$TX,2074,75469,0CF00400,FFFFFF992BFFFFFF,Q
$TX,2075,75479,0CF00400,FFFFFF052CFFFFFF,Q
$TX,2076,75489,0CF00400,FFFFFF712CFFFFFF,Q
$TX,2077,75499,0CF00400,FFFFFFDD2CFFFFFF,Q
$TX,2078,75509,0CF00400,FFFFFF492DFFFFFF,Q
$TX,2079,75519,0CF00400,FFFFFFB52DFFFFFF,Q
$TX,2080,75529,0CF00400,FFFFFF222EFFFFFF,Q
$TX,2081,75539,0CF00400,FFFFFF8F2EFFFFFF,Q
$TX,2082,75549,0CF00400,FFFFFFFB2EFFFFFF,Q
$TX,2083,75559,0CF00400,FFFFFF682FFFFFFF,Q
$TX,2084,75569,0CF00400,FFFFFFD52FFFFFFF,Q
$TX,2085,75579,0CF00400,FFFFFF4230FFFFFF,Q
$TX,2086,75589,0CF00400,FFFFFFB030FFFFFF,Q
$TX,2087,75599,0CF00400,FFFFFF1D31FFFFFF,Q
$TX,2088,75609,0CF00400,FFFFFF8A31FFFFFF,Q
$TX,2089,75619,0CF00400,FFFFFFF831FFFFFF,Q
$TX,2090,75629,0CF00400,FFFFFF6632FFFFFF,Q
$TX,2091,75639,0CF00400,FFFFFFD332FFFFFF,Q
$TX,2092,75649,0CF00400,FFFFFF4133FFFFFF,Q
$TX,2093,75659,0CF00400,FFFFFFAF33FFFFFF,Q
$TX,2094,75669,0CF00400,FFFFFF1D34FFFFFF,Q
$TX,2095,75679,0CF00400,FFFFFF8A34FFFFFF,Q
$TX,2096,75689,0CF00400,FFFFFFF834FFFFFF,Q
$TX,2097,75699,0CF00400,FFFFFF6635FFFFFF,Q
$TX,2098,75709,0CF00400,FFFFFFD435FFFFFF,Q
$TX,2099,75719,0CF00400,FFFFFF4236FFFFFF,Q
$TX,2100,75729,0CF00400,FFFFFFB036FFFFFF,Q
$TX,2101,75739,0CF00400,FFFFFF1E37FFFFFF,Q
$TX,2102,75749,0CF00400,FFFFFF8C37FFFFFF,Q
$TX,2103,75759,0CF00400,FFFFFFFA37FFFFFF,Q
$TX,2104,75769,0CF00400,FFFFFF6838FFFFFF,Q
$TX,2105,75779,0CF00400,FFFFFFD638FFFFFF,Q
$TX,2106,75789,0CF00400,FFFFFF4339FFFFFF,Q
$FX,2107,75799,0CF00400,FFFFFFB139FFFFFF,Q
$TX,2108,75809,0CF00400,FFFFFF1F3AFFFFFF,Q
$TX,2109,75819,0CF00400,FFFFFF8D3AFFFFFF,Q
$TX,2110,75829,0CF00400,FFFFFFFA3AFFFFFF,Q
$TX,2111,75839,0CF00400,FFFFFF683BFFFFFF,Q
$TX,2112,75849,0CF00400,FFFFFFD63BFFFFFF,Q
$TX,2113,75859,0CF00400,FFFFFF433CFFFFFF,Q
$TX,2114,75869,0CF00400,FFFFFFB03CFFFFFF,Q
$TX,2115,75879,0CF00400,FFFFFF1E3DFFFFFF,Q
$TX,2116,75889,0CF00400,FFFFFF8B3DFFFFFF,Q
$TX,2117,75899,0CF00400,FFFFFFF83DFFFFFF,Q
$TX,2118,75909,0CF00400,FFFFFF653EFFFFFF,Q
$TX,2119,75919,0CF00400,FFFFFFD13EFFFFFF,Q
$TX,2120,75929,0CF00400,FFFFFF3E3FFFFFFF,Q
$TX,2121,75939,0CF00400,FFFFFFAB3FFFFFFF,Q
$TX,2122,75949,0CF00400,FFFFFF1740FFFFFF,Q
$TX,2123,75959,0CF00400,FFFFFF8340FFFFFF,Q
$TX,2124,75969,0CF00400,FFFFFFEF40FFFFFF,Q
$TX,2125,75979,0CF00400,FFFFFF5B41FFFFFF,Q
$TX,2126,75989,0CF00400,FFFFFFC741FFFFFF,Q
$TX,2127,75999,0CF00400,FFFFFF3342FFFFFF,Q
$TX,2128,76009,0CF00400,FFFFFF9E42FFFFFF,Q
$TX,2129,76019,0CF00400,FFFFFF0943FFFFFF,Q
$TX,2130,76029,0CF00400,FFFFFF7443FFFFFF,Q
$TX,2131,76039,0CF00400,FFFFFFDF43FFFFFF,Q
$TX,2132,76049,0CF00400,FFFFFF4A44FFFFFF,Q
$TX,2133,76059,0CF00400,FFFFFFB444FFFFFF,Q
$TX,2134,76069,0CF00400,FFFFFF1E45FFFFFF,Q
$TX,2135,76079,0CF00400,FFFFFF8845FFFFFF,Q
$TX,2136,76089,0CF00400,FFFFFFF245FFFFFF,Q
$TX,2137,76099,0CF00400,FFFFFF5B46FFFFFF,Q
$TX,2138,76109,0CF00400,FFFFFFC546FFFFFF,Q
$TX,2139,76119,0CF00400,FFFFFF2E47FFFFFF,Q
$TX,2140,76129,0CF00400,FFFFFF9647FFFFFF,Q
$TX,2141,76139,0CF00400,FFFFFFFF47FFFFFF,Q
$TX,2142,76149,0CF00400,FFFFFF6748FFFFFF,Q
$TX,2143,76159,0CF00400,FFFFFFCF48FFFFFF,Q
$TX,2144,76169,0CF00400,FFFFFF3649FFFFFF,Q
$TX,2145,76179,0CF00400,FFFFFF9E49FFFFFF,Q
$TX,2146,76189,0CF00400,FFFFFF054AFFFFFF,Q
$TX,2147,76199,0CF00400,FFFFFF6B4AFFFFFF,Q
$TX,2148,76209,0CF00400,FFFFFFD24AFFFFFF,Q
$TX,2149,76219,0CF00400,FFFFFF384BFFFFFF,Q
$TX,2150,76229,0CF00400,FFFFFF9E4BFFFFFF,Q
$TX,2151,76239,0CF00400,FFFFFF034CFFFFFF,Q
$TX,2152,76249,0CF00400,FFFFFF684CFFFFFF,Q
$TX,2153,76259,0CF00400,FFFFFFCD4CFFFFFF,Q
$TX,2154,76269,0CF00400,FFFFFF314DFFFFFF,Q
$TX,2155,76279,0CF00400,FFFFFF954DFFFFFF,Q
$TX,2156,76289,0CF00400,FFFFFFF94DFFFFFF,Q
$TX,2157,76299,0CF00400,FFFFFF5C4EFFFFFF,Q
$TX,2158,76309,0CF00400,FFFFFFBF4EFFFFFF,Q
$TX,2159,76319,0CF00400,FFFFFF224FFFFFFF,Q
$TX,2160,76329,0CF00400,FFFFFF844FFFFFFF,Q
$TX,2161,76339,0CF00400,FFFFFFE64FFFFFFF,Q
$TX,2162,76349,0CF00400,FFFFFF4750FFFFFF,Q
$7X,2163,76359,0CF00400,FFFFFFA850FFFFFF,Q
$TX,2164,76369,0CF00400,FFFFFF0951FFFFFF,Q
$TX,2165,76379,0CF00400,FFFFFF6951FFFFFF,Q
$TX,2166,76389,0CF00400,FFFFFFC851FFFFFF,Q
$TX,2167,76399,0CF00400,FFFFFF2852FFFFFF,Q
$TX,2168,76409,0CF00400,FFFFFF8752FFFFFF,Q
$TX,2169,76419,0CF00400,FFFFFFE552FFFFFF,Q
$TX,2170,76429,0CF00400,FFFFFF4353FFFFFF,Q
$TX,2171,76439,0CF00400,FFFFFFA053FFFFFF,Q
$TX,2172,76449,0CF00400,FFFFFFFE53FFFFFF,Q
$TX,2173,76459,0CF00400,FFFFFF5A54FFFFFF,Q
$TX,2174,76469,0CF00400,FFFFFFB654FFFFFF,Q
$TX,2175,76479,0CF00400,FFFFFF1255FFFFFF,Q
$TX,2176,76489,0CF00400,FFFFFF6D55FFFFFF,Q
$TX,2177,76499,0CF00400,FFFFFFC855FFFFFF,Q
$TX,2178,76509,0CF00400,FFFFFF2256FFFFFF,Q
$TX,2179,76519,0CF00400,FFFFFF7C56FFFFFF,Q
$TX,2180,76529,0CF00400,FFFFFFD556FFFFFF,Q
$TX,2181,76539,0CF00400,FFFFFF2E57FFFFFF,Q
$TX,2182,76549,0CF00400,FFFFFF8657FFFFFF,Q
$TX,2183,76559,0CF00400,FFFFFFDE57FFFFFF,Q
$TX,2184,76569,0CF00400,FFFFFF3558FFFFFF,Q
$TX,2185,76579,0CF00400,FFFFFF8B58FFFFFF,Q
$TX,2186,76589,0CF00400,FFFFFFE158FFFFFF,Q
$TX,2187,76599,0CF00400,FFFFFF3759FFFFFF,Q
$TX,2188,76609,0CF00400,FFFFFF8C59FFFFFF,Q
$TX,2189,76619,0CF00400,FFFFFFE059FFFFFF,Q
$TX,2190,76629,0CF00400,FFFFFF345AFFFFFF,Q
$TX,2191,76639,0CF00400,FFFFFF885AFFFFFF,Q
$TX,2192,76649,0CF00400,FFFFFFDA5AFFFFFF,Q
$TX,2193,76659,0CF00400,FFFFFF2D5BFFFFFF,Q
$TX,2194,76669,0CF00400,FFFFFF7E5BFFFFFF,Q
$TX,2195,76679,0CF00400,FFFFFFCF5BFFFFFF,Q
$TX,2196,76689,0CF00400,FFFFFF205CFFFFFF,Q
$TX,2197,76699,0CF00400,FFFFFF705CFFFFFF,Q
$TX,2198,76709,0CF00400,FFFFFFBF5CFFFFFF,Q
$TX,2199,76719,0CF00400,FFFFFF0D5DFFFFFF,Q
$TX,2200,76729,0CF00400,FFFFFF5B5DFFFFFF,Q
$5X,2201,76739,0CF00400,FFFFFFA95DFFFFFF,Q
$TX,2202,76749,0CF00400,FFFFFFF65DFFFFFF,Q
$TX,2203,76759,0CF00400,FFFFFF425EFFFFFF,Q
$TX,2204,76769,0CF00400,FFFFFF8E5EFFFFFF,Q
$TX,2205,76779,0CF00400,FFFFFFD95EFFFFFF,Q
$TX,2206,76789,0CF00400,FFFFFF235FFFFFFF,Q
$TX,2207,76799,0CF00400,FFFFFF6D5FFFFFFF,Q
$TX,2208,76809,0CF00400,FFFFFFB65FFFFFFF,Q
$TX,2209,76819,0CF00400,FFFFFFFE5FFFFFFF,Q
$TX,2210,76829,0CF00400,FFFFFF4660FFFFFF,Q
$TX,2211,76839,0CF00400,FFFFFF8D60FFFFFF,Q
$TX,2212,76849,0CF00400,FFFFFFD360FFFFFF,Q
$TX,2213,76859,0CF00400,FFFFFF1961FFFFFF,Q
$TX,2214,76869,0CF00400,FFFFFF5E61FFFFFF,Q
$TX,2215,76879,0CF00400,FFFFFFA261FFFFFF,Q
$TX,2216,76889,0CF00400,FFFFFFE661FFFFFF,Q
$TX,2217,76899,0CF00400,FFFFFF2962FFFFFF,Q
$TX,2218,76909,0CF00400,FFFFFF6C62FFFFFF,Q
$TX,2219,76919,0CF00400,FFFFFFAD62FFFFFF,Q
$TX,2220,76929,0CF00400,FFFFFFEE62FFFFFF,Q
$TX,2221,76939,0CF00400,FFFFFF2F63FFFFFF,Q
$TX,2222,76949,0CF00400,FFFFFF6E63FFFFFF,Q
$TX,2223,76959,0CF00400,FFFFFFAD63FFFFFF,Q
$TX,2224,76969,0CF00400,FFFFFFEB63FFFFFF,Q
$TX,2225,76979,0CF00400,FFFFFF2964FFFFFF,Q
$TX,2226,76989,0CF00400,FFFFFF6564FFFFFF,Q
$TX,2227,76999,0CF00400,FFFFFFA164FFFFFF,Q
$TX,2228,77009,0CF00400,FFFFFFDD64FFFFFF,Q
$EX,2229,77019,0CF00400,FFFFFF1765FFFFFF,Q
$TX,2230,77029,0CF00400,FFFFFF5165FFFFFF,Q
$TX,2231,77039,0CF00400,FFFFFF8A65FFFFFF,Q
$TX,2232,77049,0CF00400,FFFFFFC265FFFFFF,Q
$TX,2233,77059,0CF00400,FFFFFFFA65FFFFFF,Q
$TX,2234,77069,0CF00400,FFFFFF3166FFFFFF,Q
$TX,2235,77079,0CF00400,FFFFFF6766FFFFFF,Q
$TX,2236,77089,0CF00400,FFFFFF9C66FFFFFF,Q
$TX,2237,77099,0CF00400,FFFFFFD166FFFFFF,Q
$TX,2238,77109,0CF00400,FFFFFF0567FFFFFF,Q
$TX,2239,77119,0CF00400,FFFFFF3867FFFFFF,Q
$TX,2240,77129,0CF00400,FFFFFF6A67FFFFFF,Q
$TX,2241,77139,0CF00400,FFFFFF9C67FFFFFF,Q
$TX,2242,77149,0CF00400,FFFFFFCC67FFFFFF,Q
$TX,2243,77159,0CF00400,FFFFFFFC67FFFFFF,Q
$TX,2244,77169,0CF00400,FFFFFF2C68FFFFFF,Q
$TX,2245,77179,0CF00400,FFFFFF5A68FFFFFF,Q
$TX,2246,77189,0CF00400,FFFFFF8868FFFFFF,Q
$TX,2247,77199,0CF00400,FFFFFFB468FFFFFF,Q
$TX,2248,77209,0CF00400,FFFFFFE168FFFFFF,Q
$TX,2249,77219,0CF00400,FFFFFF0C69FFFFFF,Q
$TX,2250,77229,0CF00400,FFFFFF3669FFFFFF,Q
$TX,2251,77239,0CF00400,FFFFFF6069FFFFFF,Q
$TX,2252,77249,0CF00400,FFFFFF8969FFFFFF,Q
$TX,2253,77259,0CF00400,FFFFFFB169FFFFFF,Q
$TX,2254,77269,0CF00400,FFFFFFD869FFFFFF,Q
$TX,2255,77279,0CF00400,FFFFFFFF69FFFFFF,Q
$TX,2256,77289,0CF00400,FFFFFF246AFFFFFF,Q
$TX,2257,77299,0CF00400,FFFFFF496AFFFFFF,Q
$TX,2258,77309,0CF00400,FFFFFF6D6AFFFFFF,Q
$TX,2259,77319,0CF00400,FFFFFF906AFFFFFF,Q
$TX,2260,77329,0CF00400,FFFFFFB36AFFFFFF,Q
$TX,2261,77339,0CF00400,FFFFFFD46AFFFFFF,Q
$TX,2262,77349,0CF00400,FFFFFFF56AFFFFFF,Q
$TX,2263,77359,0CF00400,FFFFFF156BFFFFFF,Q
$TX,2264,77369,0CF00400,FFFFFF346BFFFFFF,Q
$TX,2265,77379,0CF00400,FFFFFF526BFFFFFF,Q
$TX,2266,77389,0CF00400,FFFFFF706BFFFFFF,Q
$TX,2267,77399,0CF00400,FFFFFF8C6BFFFFFF,Q
$TX,2268,77409,0CF00400,FFFFFFA86BFFFFFF,Q
$TX,2269,77419,0CF00400,FFFFFFC36BFFFFFF,Q
$TX,2270,77429,0CF00400,FFFFFFDD6BFFFFFF,Q
$TX,2271,77439,0CF00400,FFFFFFF66BFFFFFF,Q
$TX,2272,77449,0CF00400,FFFFFF0F6CFFFFFF,Q
$TX,2273,77459,0CF00400,FFFFFF266CFFFFFF,Q
$TX,2274,77469,0CF00400,FFFFFF3D6CFFFFFF,Q
$TX,2275,77479,0CF00400,FFFFFF536CFFFFFF,Q
$TX,2276,77489,0CF00400,FFFFFF686CFFFFFF,Q
$TX,2277,77499,0CF00400,FFFFFF7C6CFFFFFF,Q
$TX,2278,77509,0CF00400,FFFFFF906CFFFFFF,Q
$TX,2279,77519,0CF00400,FFFFFFA26CFFFFFF,Q
$TX,2280,77529,0CF00400,FFFFFFB46CFFFFFF,Q
$TX,2281,77539,0CF00400,FFFFFFC46CFFFFFF,Q
$TX,2282,77549,0CF00400,FFFFFFD46CFFFFFF,Q
$TX,2283,77559,0CF00400,FFFFFFE36CFFFFFF,Q
$TX,2284,77569,0CF00400,FFFFFFF26CFFFFFF,Q
$TX,2285,77579,0CF00400,FFFFFFFF6CFFFFFF,Q
$TX,2286,77589,0CF00400,FFFFFF0B6DFFFFFF,Q
$TX,2287,77599,0CF00400,FFFFFF176DFFFFFF,Q
$TX,2288,77609,0CF00400,FFFFFF226DFFFFFF,Q
$TX,2289,77619,0CF00400,FFFFFF2C6DFFFFFF,Q
$TX,2290,77629,0CF00400,FFFFFF356DFFFFFF,Q
$TX,2291,77639,0CF00400,FFFFFF3D6DFFFFFF,Q
$TX,2292,77649,0CF00400,FFFFFF446DFFFFFF,Q
$TX,2293,77659,0CF00400,FFFFFF4B6DFFFFFF,Q
$TX,2294,77669,0CF00400,FFFFFF506DFFFFFF,Q
$TX,2295,77679,0CF00400,FFFFFF556DFFFFFF,Q
$TX,2296,77689,0CF00400,FFFFFF596DFFFFFF,Q
$TX,2297,77699,0CF00400,FFFFFF5C6DFFFFFF,Q
$TX,2298,77709,0CF00400,FFFFFF5E6DFFFFFF,Q
$TX,2299,77719,0CF00400,FFFFFF606DFFFFFF,Q
$TX,2300,77729,0CF00400,FFFFFF606DFFFFFF,Q
$TX,2301,77739,0CF00400,FFFFFF606DFFFFFF,Q
$TX,2302,77749,0CF00400,FFFFFF5E6DFFFFFF,Q
$TX,2303,77759,0CF00400,FFFFFF5C6DFFFFFF,Q
$TX,2304,77769,0CF00400,FFFFFF596DFFFFFF,Q
$TX,2305,77779,0CF00400,FFFFFF556DFFFFFF,Q
$TX,2306,77789,0CF00400,FFFFFF506DFFFFFF,Q
$TX,2307,77799,0CF00400,FFFFFF4B6DFFFFFF,Q
$TX,2308,77809,0CF00400,FFFFFF446DFFFFFF,Q
$TX,2309,77819,0CF00400,FFFFFF3D6DFFFFFF,Q
$TX,2310,77829,0CF00400,FFFFFF356DFFFFFF,Q
$TX,2311,77839,0CF00400,FFFFFF2C6DFFFFFF,Q
$TX,2312,77849,0CF00400,FFFFFF226DFFFFFF,Q
$TX,2313,77859,0CF00400,FFFFFF176DFFFFFF,Q
$TX,2314,77869,0CF00400,FFFFFF0B6DFFFFFF,Q
$TX,2315,77879,0CF00400,FFFFFFFF6CFFFFFF,Q
$TX,2316,77889,0CF00400,FFFFFFF26CFFFFFF,Q
$TX,2317,77899,0CF00400,FFFFFFE36CFFFFFF,Q
$TX,2318,77909,0CF00400,FFFFFFD46CFFFFFF,Q
$TX,2319,77919,0CF00400,FFFFFFC46CFFFFFF,Q
$TX,2320,77929,0CF00400,FFFFFFB46CFFFFFF,Q
$TX,2321,77939,0CF00400,FFFFFFA26CFFFFFF,Q
$TX,2322,77949,0CF00400,FFFFFF906CFFFFFF,Q
$TX,2323,77959,0CF00400,FFFFFF7C6CFFFFFF,Q
$TX,2324,77969,0CF00400,FFFFFF686CFFFFFF,Q
$TX,2325,77979,0CF00400,FFFFFF536CFFFFFF,Q
$TX,2326,77989,0CF00400,FFFFFF3D6CFFFFFF,Q
$TX,2327,77999,0CF00400,FFFFFF266CFFFFFF,Q
$TX,2328,78009,0CF00400,FFFFFF0F6CFFFFFF,Q
$TX,2329,78019,0CF00400,FFFFFFF66BFFFFFF,Q
$TX,2330,78029,0CF00400,FFFFFFDD6BFFFFFF,Q
$TX,2331,78039,0CF00400,FFFFFFC36BFFFFFF,Q
$TX,2332,78049,0CF00400,FFFFFFA86BFFFFFF,Q
$TX,2333,78059,0CF00400,FFFFFF8C6BFFFFFF,Q
$TX,2334,78069,0CF00400,FFFFFF706BFFFFFF,Q
$TX,2335,78079,0CF00400,FFFFFF526BFFFFFF,Q
$TX,2336,78089,0CF00400,FFFFFF346BFFFFFF,Q
$TX,2337,78099,0CF00400,FFFFFF156BFFFFFF,Q
$TX,2338,78109,0CF00400,FFFFFFF56AFFFFFF,Q
$TX,2339,78119,0CF00400,FFFFFFD46AFFFFFF,Q
$TX,2340,78129,0CF00400,FFFFFFB36AFFFFFF,Q
$TX,2341,78139,0CF00400,FFFFFF906AFFFFFF,Q
$TX,2342,78149,0CF00400,FFFFFF6D6AFFFFFF,Q
$TX,2343,78159,0CF00400,FFFFFF496AFFFFFF,Q
$TX,2344,78169,0CF00400,FFFFFF246AFFFFFF,Q
$CX,2345,78179,0CF00400,FFFFFFFF69FFFFFF,Q
$TX,2346,78189,0CF00400,FFFFFFD869FFFFFF,Q
$TX,2347,78199,0CF00400,FFFFFFB169FFFFFF,Q
$TX,2348,78209,0CF00400,FFFFFF8969FFFFFF,Q
$TX,2349,78219,0CF00400,FFFFFF6069FFFFFF,Q
$TX,2350,78229,0CF00400,FFFFFF3669FFFFFF,Q
$TX,2351,78239,0CF00400,FFFFFF0C69FFFFFF,Q
$TX,2352,78249,0CF00400,FFFFFFE168FFFFFF,Q
$TX,2353,78259,0CF00400,FFFFFFB468FFFFFF,Q
$TX,2354,78269,0CF00400,FFFFFF8868FFFFFF,Q
$TX,2355,78279,0CF00400,FFFFFF5A68FFFFFF,Q
$TX,2356,78289,0CF00400,FFFFFF2C68FFFFFF,Q
$TX,2357,78299,0CF00400,FFFFFFFC67FFFFFF,Q
$TX,2358,78309,0CF00400,FFFFFFCC67FFFFFF,Q
$TX,2359,78319,0CF00400,FFFFFF9C67FFFFFF,Q
$TX,2360,78329,0CF00400,FFFFFF6A67FFFFFF,Q
$TX,2361,78339,0CF00400,FFFFFF3867FFFFFF,Q
$TX,2362,78349,0CF00400,FFFFFF0567FFFFFF,Q
$TX,2363,78359,0CF00400,FFFFFFD166FFFFFF,Q
$TX,2364,78369,0CF00400,FFFFFF9C66FFFFFF,Q
$TX,2365,78379,0CF00400,FFFFFF6766FFFFFF,Q
$TX,2366,78389,0CF00400,FFFFFF3166FFFFFF,Q
$TX,2367,78399,0CF00400,FFFFFFFA65FFFFFF,Q
$TX,2368,78409,0CF00400,FFFFFFC265FFFFFF,Q
$TX,2369,78419,0CF00400,FFFFFF8A65FFFFFF,Q
$TX,2370,78429,0CF00400,FFFFFF5165FFFFFF,Q
$TX,2371,78439,0CF00400,FFFFFF1765FFFFFF,Q
$TX,2372,78449,0CF00400,FFFFFFDD64FFFFFF,Q
$TX,2373,78459,0CF00400,FFFFFFA164FFFFFF,Q
$TX,2374,78469,0CF00400,FFFFFF6564FFFFFF,Q
$TX,2375,78479,0CF00400,FFFFFF2964FFFFFF,Q
$TX,2376,78489,0CF00400,FFFFFFEB63FFFFFF,Q
$TX,2377,78499,0CF00400,FFFFFFAD63FFFFFF,Q
$TX,2378,78509,0CF00400,FFFFFF6E63FFFFFF,Q
$TX,2379,78519,0CF00400,FFFFFF2F63FFFFFF,Q
$TX,2380,78529,0CF00400,FFFFFFEE62FFFFFF,Q
$TX,2381,78539,0CF00400,FFFFFFAD62FFFFFF,Q
$TX,2382,78549,0CF00400,FFFFFF6C62FFFFFF,Q
$TX,2383,78559,0CF00400,FFFFFF2962FFFFFF,Q
$TX,2384,78569,0CF00400,FFFFFFE661FFFFFF,Q
$TX,2385,78579,0CF00400,FFFFFFA261FFFFFF,Q
$TX,2386,78589,0CF00400,FFFFFF5E61FFFFFF,Q
$TX,2387,78599,0CF00400,FFFFFF1961FFFFFF,Q
$TX,2388,78609,0CF00400,FFFFFFD360FFFFFF,Q
$TX,2389,78619,0CF00400,FFFFFF8D60FFFFFF,Q
$TX,2390,78629,0CF00400,FFFFFF4660FFFFFF,Q
$TX,2391,78639,0CF00400,FFFFFFFE5FFFFFFF,Q
$TX,2392,78649,0CF00400,FFFFFFB65FFFFFFF,Q
$TX,2393,78659,0CF00400,FFFFFF6D5FFFFFFF,Q
$TX,2394,78669,0CF00400,FFFFFF235FFFFFFF,Q
$TX,2395,78679,0CF00400,FFFFFFD95EFFFFFF,Q
$TX,2396,78689,0CF00400,FFFFFF8E5EFFFFFF,Q
$TX,2397,78699,0CF00400,FFFFFF425EFFFFFF,Q
$TX,2398,78709,0CF00400,FFFFFFF65DFFFFFF,Q
$TX,2399,78719,0CF00400,FFFFFFA95DFFFFFF,Q
$TX,2400,78729,0CF00400,FFFFFF5B5DFFFFFF,Q
$TX,2401,78739,0CF00400,FFFFFF0D5DFFFFFF,Q
$TX,2402,78749,0CF00400,FFFFFFBF5CFFFFFF,Q
$TX,2403,78759,0CF00400,FFFFFF705CFFFFFF,Q
$TX,2404,78769,0CF00400,FFFFFF205CFFFFFF,Q
$TX,2405,78779,0CF00400,FFFFFFCF5BFFFFFF,Q
$TX,2406,78789,0CF00400,FFFFFF7E5BFFFFFF,Q
$TX,2407,78799,0CF00400,FFFFFF2D5BFFFFFF,Q
$TX,2408,78809,0CF00400,FFFFFFDA5AFFFFFF,Q
$TX,2409,78819,0CF00400,FFFFFF885AFFFFFF,Q
$TX,2410,78829,0CF00400,FFFFFF345AFFFFFF,Q
$TX,2411,78839,0CF00400,FFFFFFE059FFFFFF,Q
$TX,2412,78849,0CF00400,FFFFFF8C59FFFFFF,Q
$TX,2413,78859,0CF00400,FFFFFF3759FFFFFF,Q
$TX,2414,78869,0CF00400,FFFFFFE158FFFFFF,Q
$TX,2415,78879,0CF00400,FFFFFF8B58FFFFFF,Q
$TX,2416,78889,0CF00400,FFFFFF3558FFFFFF,Q
$TX,2417,78899,0CF00400,FFFFFFDE57FFFFFF,Q
$TX,2418,78909,0CF00400,FFFFFF8657FFFFFF,Q
$TX,2419,78919,0CF00400,FFFFFF2E57FFFFFF,Q
$TX,2420,78929,0CF00400,FFFFFFD556FFFFFF,Q
$TX,2421,78939,0CF00400,FFFFFF7C56FFFFFF,Q
$TX,2422,78949,0CF00400,FFFFFF2256FFFFFF,Q
$TX,2423,78959,0CF00400,FFFFFFC855FFFFFF,Q
$TX,2424,78969,0CF00400,FFFFFF6D55FFFFFF,Q
$TX,2425,78979,0CF00400,FFFFFF1255FFFFFF,Q
$TX,2426,78989,0CF00400,FFFFFFB654FFFFFF,Q
$TX,2427,78999,0CF00400,FFFFFF5A54FFFFFF,Q
$TX,2428,79009,0CF00400,FFFFFFFE53FFFFFF,Q
$TX,2429,79019,0CF00400,FFFFFFA053FFFFFF,Q
$TX,2430,79029,0CF00400,FFFFFF4353FFFFFF,Q
$TX,2431,79039,0CF00400,FFFFFFE552FFFFFF,Q
$TX,2432,79049,0CF00400,FFFFFF8752FFFFFF,Q
$TX,2433,79059,0CF00400,FFFFFF2852FFFFFF,Q
$TX,2434,79069,0CF00400,FFFFFFC851FFFFFF,Q
$TX,2435,79079,0CF00400,FFFFFF6951FFFFFF,Q
$TX,2436,79089,0CF00400,FFFFFF0951FFFFFF,Q
$TX,2437,79099,0CF00400,FFFFFFA850FFFFFF,Q
$TX,2438,79109,0CF00400,FFFFFF4750FFFFFF,Q
$TX,2439,79119,0CF00400,FFFFFFE64FFFFFFF,Q
$TX,2440,79129,0CF00400,FFFFFF844FFFFFFF,Q
$TX,2441,79139,0CF00400,FFFFFF224FFFFFFF,Q
$TX,2442,79149,0CF00400,FFFFFFBF4EFFFFFF,Q
$TX,2443,79159,0CF00400,FFFFFF5C4EFFFFFF,Q
$TX,2444,79169,0CF00400,FFFFFFF94DFFFFFF,Q
$TX,2445,79179,0CF00400,FFFFFF954DFFFFFF,Q
$TX,2446,79189,0CF00400,FFFFFF314DFFFFFF,Q
$TX,2447,79199,0CF00400,FFFFFFCD4CFFFFFF,Q
$TX,2448,79209,0CF00400,FFFFFF684CFFFFFF,Q
$TX,2449,79219,0CF00400,FFFFFF034CFFFFFF,Q
$TX,2450,79229,0CF00400,FFFFFF9E4BFFFFFF,Q
$TX,2451,79239,0CF00400,FFFFFF384BFFFFFF,Q
$TX,2452,79249,0CF00400,FFFFFFD24AFFFFFF,Q
$TX,2453,79259,0CF00400,FFFFFF6B4AFFFFFF,Q
$TX,2454,79269,0CF00400,FFFFFF054AFFFFFF,Q
$TX,2455,79279,0CF00400,FFFFFF9E49FFFFFF,Q
$TX,2456,79289,0CF00400,FFFFFF3649FFFFFF,Q
$TX,2457,79299,0CF00400,FFFFFFCF48FFFFFF,Q
$TX,2458,79309,0CF00400,FFFFFF6748FFFFFF,Q
$TX,2459,79319,0CF00400,FFFFFFFF47FFFFFF,Q
$TX,2460,79329,0CF00400,FFFFFF9647FFFFFF,Q
$TX,2461,79339,0CF00400,FFFFFF2E47FFFFFF,Q
$TX,2462,79349,0CF00400,FFFFFFC546FFFFFF,Q
$TX,2463,79359,0CF00400,FFFFFF5B46FFFFFF,Q
$TX,2464,79369,0CF00400,FFFFFFF245FFFFFF,Q
$TX,2465,79379,0CF00400,FFFFFF8845FFFFFF,Q
$TX,2466,79389,0CF00400,FFFFFF1E45FFFFFF,Q
$TX,2467,79399,0CF00400,FFFFFFB444FFFFFF,Q
$TX,2468,79409,0CF00400,FFFFFF4A44FFFFFF,Q
$TX,2469,79419,0CF00400,FFFFFFDF43FFFFFF,Q
$TX,2470,79429,0CF00400,FFFFFF7443FFFFFF,Q
$TX,2471,79439,0CF00400,FFFFFF0943FFFFFF,Q
$TX,2472,79449,0CF00400,FFFFFF9E42FFFFFF,Q
$TX,2473,79459,0CF00400,FFFFFF3342FFFFFF,Q
$TX,2474,79469,0CF00400,FFFFFFC741FFFFFF,Q
$TX,2475,79479,0CF00400,FFFFFF5B41FFFFFF,Q
$TX,2476,79489,0CF00400,FFFFFFEF40FFFFFF,Q
$TX,2477,79499,0CF00400,FFFFFF8340FFFFFF,Q
$TX,2478,79509,0CF00400,FFFFFF1740FFFFFF,Q
$TX,2479,79519,0CF00400,FFFFFFAB3FFFFFFF,Q
$TX,2480,79529,0CF00400,FFFFFF3E3FFFFFFF,Q
$TX,2481,79539,0CF00400,FFFFFFD13EFFFFFF,Q
$TX,2482,79549,0CF00400,FFFFFF653EFFFFFF,Q
$TX,2483,79559,0CF00400,FFFFFFF83DFFFFFF,Q
$TX,2484,79569,0CF00400,FFFFFF8B3DFFFFFF,Q
$TX,2485,79579,0CF00400,FFFFFF1E3DFFFFFF,Q
$TX,2486,79589,0CF00400,FFFFFFB03CFFFFFF,Q
$TX,2487,79599,0CF00400,FFFFFF433CFFFFFF,Q
$TX,2488,79609,0CF00400,FFFFFFD63BFFFFFF,Q
$TX,2489,79619,0CF00400,FFFFFF683BFFFFFF,Q
$TX,2490,79629,0CF00400,FFFFFFFA3AFFFFFF,Q
$TX,2491,79639,0CF00400,FFFFFF8D3AFFFFFF,Q
$TX,2492,79649,0CF00400,FFFFFF1F3AFFFFFF,Q
$TX,2493,79659,0CF00400,FFFFFFB139FFFFFF,Q
$TX,2494,79669,0CF00400,FFFFFF4339FFFFFF,Q
$TX,2495,79679,0CF00400,FFFFFFD638FFFFFF,Q
$TX,2496,79689,0CF00400,FFFFFF6838FFFFFF,Q
$TX,2497,79699,0CF00400,FFFFFFFA37FFFFFF,Q
$TX,2498,79709,0CF00400,FFFFFF8C37FFFFFF,Q
$TX,2499,79719,0CF00400,FFFFFF1E37FFFFFF,Q
$TX,2500,79729,0CF00400,FFFFFFB036FFFFFF,Q
$TX,2501,79739,0CF00400,FFFFFF4236FFFFFF,Q
$TX,2502,79749,0CF00400,FFFFFFD435FFFFFF,Q
$TX,2503,79759,0CF00400,FFFFFF6635FFFFFF,Q
$TX,2504,79769,0CF00400,FFFFFFF834FFFFFF,Q
$TX,2505,79779,0CF00400,FFFFFF8A34FFFFFF,Q
$TX,2506,79789,0CF00400,FFFFFF1D34FFFFFF,Q
$TX,2507,79799,0CF00400,FFFFFFAF33FFFFFF,Q
$TX,2508,79809,0CF00400,FFFFFF4133FFFFFF,Q
$TX,2509,79819,0CF00400,FFFFFFD332FFFFFF,Q
$TX,2510,79829,0CF00400,FFFFFF6632FFFFFF,Q
$TX,2511,79839,0CF00400,FFFFFFF831FFFFFF,Q
$TX,2512,79849,0CF00400,FFFFFF8A31FFFFFF,Q
$TX,2513,79859,0CF00400,FFFFFF1D31FFFFFF,Q
$TX,2514,79869,0CF00400,FFFFFFB030FFFFFF,Q
$TX,2515,79879,0CF00400,FFFFFF4230FFFFFF,Q
$TX,2516,79889,0CF00400,FFFFFFD52FFFFFFF,Q
$TX,2517,79899,0CF00400,FFFFFF682FFFFFFF,Q
$TX,2518,79909,0CF00400,FFFFFFFB2EFFFFFF,Q
$TX,2519,79919,0CF00400,FFFFFF8F2EFFFFFF,Q
$TX,2520,79929,0CF00400,FFFFFF222EFFFFFF,Q
$TX,2521,79939,0CF00400,FFFFFFB52DFFFFFF,Q
$TX,2522,79949,0CF00400,FFFFFF492DFFFFFF,Q
$TX,2523,79959,0CF00400,FFFFFFDD2CFFFFFF,Q
$TX,2524,79969,0CF00400,FFFFFF712CFFFFFF,Q
$TX,2525,79979,0CF00400,FFFFFF052CFFFFFF,Q
$TX,2526,79989,0CF00400,FFFFFF992BFFFFFF,Q
$TX,2527,79999,0CF00400,FFFFFF2D2BFFFFFF,Q
$TX,2528,80009,0CF00400,FFFFFFC22AFFFFFF,Q
$TX,2529,80019,0CF00400,FFFFFF572AFFFFFF,Q
$TX,2530,80029,0CF00400,FFFFFFEC29FFFFFF,Q
$TX,2531,80039,0CF00400,FFFFFF8129FFFFFF,Q
$TX,2532,80049,0CF00400,FFFFFF1629FFFFFF,Q
$TX,2533,80059,0CF00400,FFFFFFAC28FFFFFF,Q
$TX,2534,80069,0CF00400,FFFFFF4228FFFFFF,Q
$TX,2535,80079,0CF00400,FFFFFFD827FFFFFF,Q
$TX,2536,80089,0CF00400,FFFFFF6E27FFFFFF,Q
$TX,2537,80099,0CF00400,FFFFFF0527FFFFFF,Q
$TX,2538,80109,0CF00400,FFFFFF9B26FFFFFF,Q
$TX,2539,80119,0CF00400,FFFFFF3226FFFFFF,Q
$TX,2540,80129,0CF00400,FFFFFFCA25FFFFFF,Q
$TX,2541,80139,0CF00400,FFFFFF6125FFFFFF,Q
$TX,2542,80149,0CF00400,FFFFFFF924FFFFFF,Q
$TX,2543,80159,0CF00400,FFFFFF9124FFFFFF,Q
$TX,2544,80169,0CF00400,FFFFFF2A24FFFFFF,Q
$TX,2545,80179,0CF00400,FFFFFFC223FFFFFF,Q
$TX,2546,80189,0CF00400,FFFFFF5B23FFFFFF,Q
$TX,2547,80199,0CF00400,FFFFFFF522FFFFFF,Q
$TX,2548,80209,0CF00400,FFFFFF8E22FFFFFF,Q
$TX,2549,80219,0CF00400,FFFFFF2822FFFFFF,Q
$TX,2550,80229,0CF00400,FFFFFFC221FFFFFF,Q
$TX,2551,80239,0CF00400,FFFFFF5D21FFFFFF,Q
$TX,2552,80249,0CF00400,FFFFFFF820FFFFFF,Q
$TX,2553,80259,0CF00400,FFFFFF9320FFFFFF,Q
$TX,2554,80269,0CF00400,FFFFFF2F20FFFFFF,Q
$TX,2555,80279,0CF00400,FFFFFFCB1FFFFFFF,Q
$TX,2556,80289,0CF00400,FFFFFF671FFFFFFF,Q
$TX,2557,80299,0CF00400,FFFFFF041FFFFFFF,Q
$TX,2558,80309,0CF00400,FFFFFFA11EFFFFFF,Q
$TX,2559,80319,0CF00400,FFFFFF3E1EFFFFFF,Q
$TX,2560,80329,0CF00400,FFFFFFDC1DFFFFFF,Q
$TX,2561,80339,0CF00400,FFFFFF7A1DFFFFFF,Q
$TX,2562,80349,0CF00400,FFFFFF191DFFFFFF,Q
$TX,2563,80359,0CF00400,FFFFFFB81CFFFFFF,Q
$TX,2564,80369,0CF00400,FFFFFF571CFFFFFF,Q
$TX,2565,80379,0CF00400,FFFFFFF71BFFFFFF,Q
$TX,2566,80389,0CF00400,FFFFFF981BFFFFFF,Q
$TX,2567,80399,0CF00400,FFFFFF381BFFFFFF,Q
$TX,2568,80409,0CF00400,FFFFFFD91AFFFFFF,Q
$TX,2569,80419,0CF00400,FFFFFF7B1AFFFFFF,Q
$TX,2570,80429,0CF00400,FFFFFF1D1AFFFFFF,Q
$TX,2571,80439,0CF00400,FFFFFFC019FFFFFF,Q
$TX,2572,80449,0CF00400,FFFFFF6219FFFFFF,Q
$TX,2573,80459,0CF00400,FFFFFF0619FFFFFF,Q
$TX,2574,80469,0CF00400,FFFFFFAA18FFFFFF,Q
$TX,2575,80479,0CF00400,FFFFFF4E18FFFFFF,Q
$TX,2576,80489,0CF00400,FFFFFFF317FFFFFF,Q
$TX,2577,80499,0CF00400,FFFFFF9817FFFFFF,Q
$TX,2578,80509,0CF00400,FFFFFF3E17FFFFFF,Q
$TX,2579,80519,0CF00400,FFFFFFE416FFFFFF,Q
$TX,2580,80529,0CF00400,FFFFFF8B16FFFFFF,Q
$TX,2581,80539,0CF00400,FFFFFF3216FFFFFF,Q
$TX,2582,80549,0CF00400,FFFFFFDA15FFFFFF,Q
$TX,2583,80559,0CF00400,FFFFFF8215FFFFFF,Q
$TX,2584,80569,0CF00400,FFFFFF2B15FFFFFF,Q
$TX,2585,80579,0CF00400,FFFFFFD514FFFFFF,Q
$TX,2586,80589,0CF00400,FFFFFF7F14FFFFFF,Q
$TX,2587,80599,0CF00400,FFFFFF2914FFFFFF,Q
$TX,2588,80609,0CF00400,FFFFFFD413FFFFFF,Q
$TX,2589,80619,0CF00400,FFFFFF8013FFFFFF,Q
$TX,2590,80629,0CF00400,FFFFFF2C13FFFFFF,Q
$TX,2591,80639,0CF00400,FFFFFFD812FFFFFF,Q
$TX,2592,80649,0CF00400,FFFFFF8612FFFFFF,Q
$TX,2593,80659,0CF00400,FFFFFF3312FFFFFF,Q
$TX,2594,80669,0CF00400,FFFFFFE211FFFFFF,Q
$TX,2595,80679,0CF00400,FFFFFF9111FFFFFF,Q
$TX,2596,80689,0CF00400,FFFFFF4011FFFFFF,Q
$TX,2597,80699,0CF00400,FFFFFFF010FFFFFF,Q
$TX,2598,80709,0CF00400,FFFFFFA110FFFFFF,Q
$TX,2599,80719,0CF00400,FFFFFF5310FFFFFF,Q
$TX,2600,80729,0CF00400,FFFFFF0510FFFFFF,Q
$TX,2601,80739,0CF00400,FFFFFFB70FFFFFFF,Q
$TX,2602,80749,0CF00400,FFFFFF6A0FFFFFFF,Q
$TX,2603,80759,0CF00400,FFFFFF1E0FFFFFFF,Q
$TX,2604,80769,0CF00400,FFFFFFD20EFFFFFF,Q
$TX,2605,80779,0CF00400,FFFFFF870EFFFFFF,Q
$TX,2606,80789,0CF00400,FFFFFF3D0EFFFFFF,Q
$TX,2607,80799,0CF00400,FFFFFFF30DFFFFFF,Q
$TX,2608,80809,0CF00400,FFFFFFAA0DFFFFFF,Q
$TX,2609,80819,0CF00400,FFFFFF620DFFFFFF,Q
$TX,2610,80829,0CF00400,FFFFFF1A0DFFFFFF,Q
$TX,2611,80839,0CF00400,FFFFFFD30CFFFFFF,Q
$TX,2612,80849,0CF00400,FFFFFF8D0CFFFFFF,Q
$TX,2613,80859,0CF00400,FFFFFF470CFFFFFF,Q
$TX,2614,80869,0CF00400,FFFFFF020CFFFFFF,Q
$TX,2615,80879,0CF00400,FFFFFFBE0BFFFFFF,Q
$TX,2616,80889,0CF00400,FFFFFF7A0BFFFFFF,Q
$TX,2617,80899,0CF00400,FFFFFF370BFFFFFF,Q
$TX,2618,80909,0CF00400,FFFFFFF40AFFFFFF,Q
$TX,2619,80919,0CF00400,FFFFFFB30AFFFFFF,Q
$TX,2620,80929,0CF00400,FFFFFF720AFFFFFF,Q
$TX,2621,80939,0CF00400,FFFFFF310AFFFFFF,Q
$TX,2622,80949,0CF00400,FFFFFFF209FFFFFF,Q
$TX,2623,80959,0CF00400,FFFFFFB309FFFFFF,Q
$TX,2624,80969,0CF00400,FFFFFF7509FFFFFF,Q
$TX,2625,80979,0CF00400,FFFFFF3709FFFFFF,Q
$TX,2626,80989,0CF00400,FFFFFFFB08FFFFFF,Q
$TX,2627,80999,0CF00400,FFFFFFBF08FFFFFF,Q
$TX,2628,81009,0CF00400,FFFFFF8308FFFFFF,Q
$TX,2629,81019,0CF00400,FFFFFF4908FFFFFF,Q
$TX,2630,81029,0CF00400,FFFFFF0F08FFFFFF,Q
$TX,2631,81039,0CF00400,FFFFFFD607FFFFFF,Q
$TX,2632,81049,0CF00400,FFFFFF9E07FFFFFF,Q
$TX,2633,81059,0CF00400,FFFFFF6607FFFFFF,Q
$TX,2634,81069,0CF00400,FFFFFF2F07FFFFFF,Q
$TX,2635,81079,0CF00400,FFFFFFF906FFFFFF,Q
$TX,2636,81089,0CF00400,FFFFFFC406FFFFFF,Q
$TX,2637,81099,0CF00400,FFFFFF8F06FFFFFF,Q
$TX,2638,81109,0CF00400,FFFFFF5B06FFFFFF,Q
$TX,2639,81119,0CF00400,FFFFFF2806FFFFFF,Q
$TX,2640,81129,0CF00400,FFFFFFF605FFFFFF,Q
$TX,2641,81139,0CF00400,FFFFFFC405FFFFFF,Q
$TX,2642,81149,0CF00400,FFFFFF9405FFFFFF,Q
$TX,2643,81159,0CF00400,FFFFFF6405FFFFFF,Q
$TX,2644,81169,0CF00400,FFFFFF3405FFFFFF,Q
$TX,2645,81179,0CF00400,FFFFFF0605FFFFFF,Q
$9X,2646,81189,0CF00400,FFFFFFD804FFFFFF,Q
$TX,2647,81199,0CF00400,FFFFFFAC04FFFFFF,Q
$TX,2648,81209,0CF00400,FFFFFF7F04FFFFFF,Q
$TX,2649,81219,0CF00400,FFFFFF5404FFFFFF,Q
$TX,2650,81229,0CF00400,FFFFFF2A04FFFFFF,Q
$TX,2651,81239,0CF00400,FFFFFF0004FFFFFF,Q
$TX,2652,81249,0CF00400,FFFFFFD703FFFFFF,Q
$TX,2653,81259,0CF00400,FFFFFFAF03FFFFFF,Q
$TX,2654,81269,0CF00400,FFFFFF8803FFFFFF,Q
$TX,2655,81279,0CF00400,FFFFFF6103FFFFFF,Q
$TX,2656,81289,0CF00400,FFFFFF3C03FFFFFF,Q
$TX,2657,81299,0CF00400,FFFFFF1703FFFFFF,Q
$TX,2658,81309,0CF00400,FFFFFFF302FFFFFF,Q
$TX,2659,81319,0CF00400,FFFFFFD002FFFFFF,Q
$TX,2660,81329,0CF00400,FFFFFFAD02FFFFFF,Q
$TX,2661,81339,0CF00400,FFFFFF8C02FFFFFF,Q
$TX,2662,81349,0CF00400,FFFFFF6B02FFFFFF,Q
$TX,2663,81359,0CF00400,FFFFFF4B02FFFFFF,Q
$TX,2664,81369,0CF00400,FFFFFF2C02FFFFFF,Q
$TX,2665,81379,0CF00400,FFFFFF0E02FFFFFF,Q
$TX,2666,81389,0CF00400,FFFFFFF001FFFFFF,Q
$TX,2667,81399,0CF00400,FFFFFFD401FFFFFF,Q
$TX,2668,81409,0CF00400,FFFFFFB801FFFFFF,Q
$TX,2669,81419,0CF00400,FFFFFF9D01FFFFFF,Q
$TX,2670,81429,0CF00400,FFFFFF8301FFFFFF,Q
$TX,2671,81439,0CF00400,FFFFFF6A01FFFFFF,Q
$TX,2672,81449,0CF00400,FFFFFF5101FFFFFF,Q
$TX,2673,81459,0CF00400,FFFFFF3A01FFFFFF,Q
$TX,2674,81469,0CF00400,FFFFFF2301FFFFFF,Q
$TX,2675,81479,0CF00400,FFFFFF0D01FFFFFF,Q
$TX,2676,81489,0CF00400,FFFFFFF800FFFFFF,Q
$TX,2677,81499,0CF00400,FFFFFFE400FFFFFF,Q
$TX,2678,81509,0CF00400,FFFFFFD000FFFFFF,Q
$TX,2679,81519,0CF00400,FFFFFFBE00FFFFFF,Q
$TX,2680,81529,0CF00400,FFFFFFAC00FFFFFF,Q
$TX,2681,81539,0CF00400,FFFFFF9C00FFFFFF,Q
$TX,2682,81549,0CF00400,FFFFFF8C00FFFFFF,Q
$TX,2683,81559,0CF00400,FFFFFF7D00FFFFFF,Q
$TX,2684,81569,0CF00400,FFFFFF6E00FFFFFF,Q
$TX,2685,81579,0CF00400,FFFFFF6100FFFFFF,Q
$TX,2686,81589,0CF00400,FFFFFF5500FFFFFF,Q
$TX,2687,81599,0CF00400,FFFFFF4900FFFFFF,Q
$TX,2688,81609,0CF00400,FFFFFF3E00FFFFFF,Q
$TX,2689,81619,0CF00400,FFFFFF3400FFFFFF,Q
$TX,2690,81629,0CF00400,FFFFFF2B00FFFFFF,Q
$TX,2691,81639,0CF00400,FFFFFF2300FFFFFF,Q
$TX,2692,81649,0CF00400,FFFFFF1C00FFFFFF,Q
$TX,2693,81659,0CF00400,FFFFFF1500FFFFFF,Q
$TX,2694,81669,0CF00400,FFFFFF1000FFFFFF,Q
$TX,2695,81679,0CF00400,FFFFFF0B00FFFFFF,Q
$TX,2696,81689,0CF00400,FFFFFF0700FFFFFF,Q
$TX,2697,81699,0CF00400,FFFFFF0400FFFFFF,Q
$TX,2698,81709,0CF00400,FFFFFF0200FFFFFF,Q
$1X,2699,81719,0CF00400,FFFFFF0000FFFFFF,Q
$TX,2700,81729,0CF00400,FFFFFF0000FFFFFF,Q
$TX,2701,81739,0CF00400,FFFFFF0000FFFFFF,Q
$TX,2702,81749,0CF00400,FFFFFF0200FFFFFF,Q
$TX,2703,81759,0CF00400,FFFFFF0400FFFFFF,Q
$TX,2704,81769,0CF00400,FFFFFF0700FFFFFF,Q
$TX,2705,81779,0CF00400,FFFFFF0B00FFFFFF,Q
$0X,2706,81789,0CF00400,FFFFFF1000FFFFFF,Q
$TX,2707,81799,0CF00400,FFFFFF1500FFFFFF,Q
$TX,2708,81809,0CF00400,FFFFFF1C00FFFFFF,Q
$TX,2709,81819,0CF00400,FFFFFF2300FFFFFF,Q
$TX,2710,81829,0CF00400,FFFFFF2B00FFFFFF,Q
$TX,2711,81839,0CF00400,FFFFFF3400FFFFFF,Q
$TX,2712,81849,0CF00400,FFFFFF3E00FFFFFF,Q
$TX,2713,81859,0CF00400,FFFFFF4900FFFFFF,Q
$TX,2714,81869,0CF00400,FFFFFF5500FFFFFF,Q
$TX,2715,81879,0CF00400,FFFFFF6100FFFFFF,Q
$TX,2716,81889,0CF00400,FFFFFF6E00FFFFFF,Q
$TX,2717,81899,0CF00400,FFFFFF7D00FFFFFF,Q
$TX,2718,81909,0CF00400,FFFFFF8C00FFFFFF,Q
$TX,2719,81919,0CF00400,FFFFFF9C00FFFFFF,Q
$TX,2720,81929,0CF00400,FFFFFFAC00FFFFFF,Q
$TX,2721,81939,0CF00400,FFFFFFBE00FFFFFF,Q
$TX,2722,81949,0CF00400,FFFFFFD000FFFFFF,Q
$TX,2723,81959,0CF00400,FFFFFFE400FFFFFF,Q
$TX,2724,81969,0CF00400,FFFFFFF800FFFFFF,Q
$TX,2725,81979,0CF00400,FFFFFF0D01FFFFFF,Q
$TX,2726,81989,0CF00400,FFFFFF2301FFFFFF,Q
$TX,2727,81999,0CF00400,FFFFFF3A01FFFFFF,Q
$TX,2728,82009,0CF00400,FFFFFF5101FFFFFF,Q
$TX,2729,82019,0CF00400,FFFFFF6A01FFFFFF,Q
$TX,2730,82029,0CF00400,FFFFFF8301FFFFFF,Q
$TX,2731,82039,0CF00400,FFFFFF9D01FFFFFF,Q
$TX,2732,82049,0CF00400,FFFFFFB801FFFFFF,Q
$TX,2733,82059,0CF00400,FFFFFFD401FFFFFF,Q
$TX,2734,82069,0CF00400,FFFFFFF001FFFFFF,Q
$TX,2735,82079,0CF00400,FFFFFF0E02FFFFFF,Q
$TX,2736,82089,0CF00400,FFFFFF2C02FFFFFF,Q
$TX,2737,82099,0CF00400,FFFFFF4B02FFFFFF,Q
$TX,2738,82109,0CF00400,FFFFFF6B02FFFFFF,Q
$TX,2739,82119,0CF00400,FFFFFF8C02FFFFFF,Q
$TX,2740,82129,0CF00400,FFFFFFAD02FFFFFF,Q
$TX,2741,82139,0CF00400,FFFFFFD002FFFFFF,Q
$TX,2742,82149,0CF00400,FFFFFFF302FFFFFF,Q
$TX,2743,82159,0CF00400,FFFFFF1703FFFFFF,Q
$TX,2744,82169,0CF00400,FFFFFF3C03FFFFFF,Q
$TX,2745,82179,0CF00400,FFFFFF6103FFFFFF,Q
$TX,2746,82189,0CF00400,FFFFFF8803FFFFFF,Q
$TX,2747,82199,0CF00400,FFFFFFAF03FFFFFF,Q
$TX,2748,82209,0CF00400,FFFFFFD703FFFFFF,Q
$TX,2749,82219,0CF00400,FFFFFF0004FFFFFF,Q
$TX,2750,82229,0CF00400,FFFFFF2A04FFFFFF,Q
$TX,2751,82239,0CF00400,FFFFFF5404FFFFFF,Q
$TX,2752,82249,0CF00400,FFFFFF7F04FFFFFF,Q
$TX,2753,82259,0CF00400,FFFFFFAC04FFFFFF,Q
$TX,2754,82269,0CF00400,FFFFFFD804FFFFFF,Q
$TX,2755,82279,0CF00400,FFFFFF0605FFFFFF,Q
$TX,2756,82289,0CF00400,FFFFFF3405FFFFFF,Q
$TX,2757,82299,0CF00400,FFFFFF6405FFFFFF,Q
$TX,2758,82309,0CF00400,FFFFFF9405FFFFFF,Q
$TX,2759,82319,0CF00400,FFFFFFC405FFFFFF,Q
$TX,2760,82329,0CF00400,FFFFFFF605FFFFFF,Q
$TX,2761,82339,0CF00400,FFFFFF2806FFFFFF,Q
$TX,2762,82349,0CF00400,FFFFFF5B06FFFFFF,Q
$TX,2763,82359,0CF00400,FFFFFF8F06FFFFFF,Q
$TX,2764,82369,0CF00400,FFFFFFC406FFFFFF,Q
$TX,2765,82379,0CF00400,FFFFFFF906FFFFFF,Q
$TX,2766,82389,0CF00400,FFFFFF2F07FFFFFF,Q
$TX,2767,82399,0CF00400,FFFFFF6607FFFFFF,Q
$TX,2768,82409,0CF00400,FFFFFF9E07FFFFFF,Q
$TX,2769,82419,0CF00400,FFFFFFD607FFFFFF,Q
$TX,2770,82429,0CF00400,FFFFFF0F08FFFFFF,Q
$TX,2771,82439,0CF00400,FFFFFF4908FFFFFF,Q
$TX,2772,82449,0CF00400,FFFFFF8308FFFFFF,Q
$TX,2773,82459,0CF00400,FFFFFFBF08FFFFFF,Q
$TX,2774,82469,0CF00400,FFFFFFFB08FFFFFF,Q
$TX,2775,82479,0CF00400,FFFFFF3709FFFFFF,Q
$TX,2776,82489,0CF00400,FFFFFF7509FFFFFF,Q
$TX,2777,82499,0CF00400,FFFFFFB309FFFFFF,Q
$TX,2778,82509,0CF00400,FFFFFFF209FFFFFF,Q
$TX,2779,82519,0CF00400,FFFFFF310AFFFFFF,Q
$TX,2780,82529,0CF00400,FFFFFF720AFFFFFF,Q
$TX,2781,82539,0CF00400,FFFFFFB30AFFFFFF,Q
$TX,2782,82549,0CF00400,FFFFFFF40AFFFFFF,Q
$TX,2783,82559,0CF00400,FFFFFF370BFFFFFF,Q
$TX,2784,82569,0CF00400,FFFFFF7A0BFFFFFF,Q
$TX,2785,82579,0CF00400,FFFFFFBE0BFFFFFF,Q
$TX,2786,82589,0CF00400,FFFFFF020CFFFFFF,Q
$TX,2787,82599,0CF00400,FFFFFF470CFFFFFF,Q
$TX,2788,82609,0CF00400,FFFFFF8D0CFFFFFF,Q
$TX,2789,82619,0CF00400,FFFFFFD30CFFFFFF,Q
$TX,2790,82629,0CF00400,FFFFFF1A0DFFFFFF,Q
$TX,2791,82639,0CF00400,FFFFFF620DFFFFFF,Q
$TX,2792,82649,0CF00400,FFFFFFAA0DFFFFFF,Q
$TX,2793,82659,0CF00400,FFFFFFF30DFFFFFF,Q
$TX,2794,82669,0CF00400,FFFFFF3D0EFFFFFF,Q
$TX,2795,82679,0CF00400,FFFFFF870EFFFFFF,Q
$TX,2796,82689,0CF00400,FFFFFFD20EFFFFFF,Q
$TX,2797,82699,0CF00400,FFFFFF1E0FFFFFFF,Q
$TX,2798,82709,0CF00400,FFFFFF6A0FFFFFFF,Q
$TX,2799,82719,0CF00400,FFFFFFB70FFFFFFF,Q
$TX,2800,82729,0CF00400,FFFFFF0510FFFFFF,Q
$TX,2801,82739,0CF00400,FFFFFF5310FFFFFF,Q
$TX,2802,82749,0CF00400,FFFFFFA110FFFFFF,Q
$TX,2803,82759,0CF00400,FFFFFFF010FFFFFF,Q
$TX,2804,82769,0CF00400,FFFFFF4011FFFFFF,Q
$TX,2805,82779,0CF00400,FFFFFF9111FFFFFF,Q
$TX,2806,82789,0CF00400,FFFFFFE211FFFFFF,Q
$TX,2807,82799,0CF00400,FFFFFF3312FFFFFF,Q
$TX,2808,82809,0CF00400,FFFFFF8612FFFFFF,Q
$TX,2809,82819,0CF00400,FFFFFFD812FFFFFF,Q
$TX,2810,82829,0CF00400,FFFFFF2C13FFFFFF,Q
$TX,2811,82839,0CF00400,FFFFFF8013FFFFFF,Q
$TX,2812,82849,0CF00400,FFFFFFD413FFFFFF,Q
$TX,2813,82859,0CF00400,FFFFFF2914FFFFFF,Q
$DX,2814,82869,0CF00400,FFFFFF7F14FFFFFF,Q
$TX,2815,82879,0CF00400,FFFFFFD514FFFFFF,Q
$TX,2816,82889,0CF00400,FFFFFF2B15FFFFFF,Q
$TX,2817,82899,0CF00400,FFFFFF8215FFFFFF,Q
$TX,2818,82909,0CF00400,FFFFFFDA15FFFFFF,Q
$TX,2819,82919,0CF00400,FFFFFF3216FFFFFF,Q
$TX,2820,82929,0CF00400,FFFFFF8B16FFFFFF,Q
$TX,2821,82939,0CF00400,FFFFFFE416FFFFFF,Q
$TX,2822,82949,0CF00400,FFFFFF3E17FFFFFF,Q
$TX,2823,82959,0CF00400,FFFFFF9817FFFFFF,Q
$TX,2824,82969,0CF00400,FFFFFFF317FFFFFF,Q
$TX,2825,82979,0CF00400,FFFFFF4E18FFFFFF,Q
$TX,2826,82989,0CF00400,FFFFFFAA18FFFFFF,Q
$TX,2827,82999,0CF00400,FFFFFF0619FFFFFF,Q
$TX,2828,83009,0CF00400,FFFFFF6219FFFFFF,Q
$TX,2829,83019,0CF00400,FFFFFFC019FFFFFF,Q
$TX,2830,83029,0CF00400,FFFFFF1D1AFFFFFF,Q
$TX,2831,83039,0CF00400,FFFFFF7B1AFFFFFF,Q
$TX,2832,83049,0CF00400,FFFFFFD91AFFFFFF,Q
$TX,2833,83059,0CF00400,FFFFFF381BFFFFFF,Q
$TX,2834,83069,0CF00400,FFFFFF981BFFFFFF,Q
$TX,2835,83079,0CF00400,FFFFFFF71BFFFFFF,Q
$TX,2836,83089,0CF00400,FFFFFF571CFFFFFF,Q
$TX,2837,83099,0CF00400,FFFFFFB81CFFFFFF,Q
$TX,2838,83109,0CF00400,FFFFFF191DFFFFFF,Q
$TX,2839,83119,0CF00400,FFFFFF7A1DFFFFFF,Q
$TX,2840,83129,0CF00400,FFFFFFDC1DFFFFFF,Q
$TX,2841,83139,0CF00400,FFFFFF3E1EFFFFFF,Q
$TX,2842,83149,0CF00400,FFFFFFA11EFFFFFF,Q
$TX,2843,83159,0CF00400,FFFFFF041FFFFFFF,Q
$TX,2844,83169,0CF00400,FFFFFF671FFFFFFF,Q
$TX,2845,83179,0CF00400,FFFFFFCB1FFFFFFF,Q
$TX,2846,83189,0CF00400,FFFFFF2F20FFFFFF,Q
$TX,2847,83199,0CF00400,FFFFFF9320FFFFFF,Q
$TX,2848,83209,0CF00400,FFFFFFF820FFFFFF,Q
$TX,2849,83219,0CF00400,FFFFFF5D21FFFFFF,Q
$TX,2850,83229,0CF00400,FFFFFFC221FFFFFF,Q
$TX,2851,83239,0CF00400,FFFFFF2822FFFFFF,Q
$TX,2852,83249,0CF00400,FFFFFF8E22FFFFFF,Q
$TX,2853,83259,0CF00400,FFFFFFF522FFFFFF,Q
$TX,2854,83269,0CF00400,FFFFFF5B23FFFFFF,Q
$TX,2855,83279,0CF00400,FFFFFFC223FFFFFF,Q
$TX,2856,83289,0CF00400,FFFFFF2A24FFFFFF,Q
$TX,2857,83299,0CF00400,FFFFFF9124FFFFFF,Q
$TX,2858,83309,0CF00400,FFFFFFF924FFFFFF,Q
$TX,2859,83319,0CF00400,FFFFFF6125FFFFFF,Q
$TX,2860,83329,0CF00400,FFFFFFCA25FFFFFF,Q
$TX,2861,83339,0CF00400,FFFFFF3226FFFFFF,Q
$TX,2862,83349,0CF00400,FFFFFF9B26FFFFFF,Q
$TX,2863,83359,0CF00400,FFFFFF0527FFFFFF,Q
$TX,2864,83369,0CF00400,FFFFFF6E27FFFFFF,Q
$TX,2865,83379,0CF00400,FFFFFFD827FFFFFF,Q
$TX,2866,83389,0CF00400,FFFFFF4228FFFFFF,Q
$TX,2867,83399,0CF00400,FFFFFFAC28FFFFFF,Q
$TX,2868,83409,0CF00400,FFFFFF1629FFFFFF,Q
$TX,2869,83419,0CF00400,FFFFFF8129FFFFFF,Q
$TX,2870,83429,0CF00400,FFFFFFEC29FFFFFF,Q
$TX,2871,83439,0CF00400,FFFFFF572AFFFFFF,Q
$TX,2872,83449,0CF00400,FFFFFFC22AFFFFFF,Q
$TX,2873,83459,0CF00400,FFFFFF2D2BFFFFFF,Q
$TX,2874,83469,0CF00400,FFFFFF992BFFFFFF,Q
$TX,2875,83479,0CF00400,FFFFFF052CFFFFFF,Q
$TX,2876,83489,0CF00400,FFFFFF712CFFFFFF,Q
$TX,2877,83499,0CF00400,FFFFFFDD2CFFFFFF,Q
$TX,2878,83509,0CF00400,FFFFFF492DFFFFFF,Q
$TX,2879,83519,0CF00400,FFFFFFB52DFFFFFF,Q
$TX,2880,83529,0CF00400,FFFFFF222EFFFFFF,Q
$TX,2881,83539,0CF00400,FFFFFF8F2EFFFFFF,Q
$TX,2882,83549,0CF00400,FFFFFFFB2EFFFFFF,Q
$TX,2883,83559,0CF00400,FFFFFF682FFFFFFF,Q
$TX,2884,83569,0CF00400,FFFFFFD52FFFFFFF,Q
$TX,2885,83579,0CF00400,FFFFFF4230FFFFFF,Q
$TX,2886,83589,0CF00400,FFFFFFB030FFFFFF,Q
$TX,2887,83599,0CF00400,FFFFFF1D31FFFFFF,Q
$TX,2888,83609,0CF00400,FFFFFF8A31FFFFFF,Q
$TX,2889,83619,0CF00400,FFFFFFF831FFFFFF,Q
$TX,2890,83629,0CF00400,FFFFFF6632FFFFFF,Q
$TX,2891,83639,0CF00400,FFFFFFD332FFFFFF,Q
$TX,2892,83649,0CF00400,FFFFFF4133FFFFFF,Q
$TX,2893,83659,0CF00400,FFFFFFAF33FFFFFF,Q
$TX,2894,83669,0CF00400,FFFFFF1D34FFFFFF,Q
$TX,2895,83679,0CF00400,FFFFFF8A34FFFFFF,Q
$TX,2896,83689,0CF00400,FFFFFFF834FFFFFF,Q
$TX,2897,83699,0CF00400,FFFFFF6635FFFFFF,Q
$TX,2898,83709,0CF00400,FFFFFFD435FFFFFF,Q
$TX,2899,83719,0CF00400,FFFFFF4236FFFFFF,Q
$TX,2900,83729,0CF00400,FFFFFFB036FFFFFF,Q
$TX,2901,83739,0CF00400,FFFFFF1E37FFFFFF,Q
$TX,2902,83749,0CF00400,FFFFFF8C37FFFFFF,Q
$TX,2903,83759,0CF00400,FFFFFFFA37FFFFFF,Q
$TX,2904,83769,0CF00400,FFFFFF6838FFFFFF,Q
$TX,2905,83779,0CF00400,FFFFFFD638FFFFFF,Q
$EX,2906,83789,0CF00400,FFFFFF4339FFFFFF,Q
$TX,2907,83799,0CF00400,FFFFFFB139FFFFFF,Q
$TX,2908,83809,0CF00400,FFFFFF1F3AFFFFFF,Q
$TX,2909,83819,0CF00400,FFFFFF8D3AFFFFFF,Q
$TX,2910,83829,0CF00400,FFFFFFFA3AFFFFFF,Q
$TX,2911,83839,0CF00400,FFFFFF683BFFFFFF,Q
$TX,2912,83849,0CF00400,FFFFFFD63BFFFFFF,Q
$TX,2913,83859,0CF00400,FFFFFF433CFFFFFF,Q
$TX,2914,83869,0CF00400,FFFFFFB03CFFFFFF,Q
$TX,2915,83879,0CF00400,FFFFFF1E3DFFFFFF,Q
$TX,2916,83889,0CF00400,FFFFFF8B3DFFFFFF,Q
$TX,2917,83899,0CF00400,FFFFFFF83DFFFFFF,Q
$TX,2918,83909,0CF00400,FFFFFF653EFFFFFF,Q
$TX,2919,83919,0CF00400,FFFFFFD13EFFFFFF,Q
$TX,2920,83929,0CF00400,FFFFFF3E3FFFFFFF,Q
$TX,2921,83939,0CF00400,FFFFFFAB3FFFFFFF,Q
$TX,2922,83949,0CF00400,FFFFFF1740FFFFFF,Q
$TX,2923,83959,0CF00400,FFFFFF8340FFFFFF,Q
$TX,2924,83969,0CF00400,FFFFFFEF40FFFFFF,Q
$TX,2925,83979,0CF00400,FFFFFF5B41FFFFFF,Q
$TX,2926,83989,0CF00400,FFFFFFC741FFFFFF,Q
$TX,2927,83999,0CF00400,FFFFFF3342FFFFFF,Q
$TX,2928,84009,0CF00400,FFFFFF9E42FFFFFF,Q
$TX,2929,84019,0CF00400,FFFFFF0943FFFFFF,Q
$TX,2930,84029,0CF00400,FFFFFF7443FFFFFF,Q
$TX,2931,84039,0CF00400,FFFFFFDF43FFFFFF,Q
$TX,2932,84049,0CF00400,FFFFFF4A44FFFFFF,Q
$TX,2933,84059,0CF00400,FFFFFFB444FFFFFF,Q
$TX,2934,84069,0CF00400,FFFFFF1E45FFFFFF,Q
$TX,2935,84079,0CF00400,FFFFFF8845FFFFFF,Q
$TX,2936,84089,0CF00400,FFFFFFF245FFFFFF,Q
$TX,2937,84099,0CF00400,FFFFFF5B46FFFFFF,Q
$TX,2938,84109,0CF00400,FFFFFFC546FFFFFF,Q
$TX,2939,84119,0CF00400,FFFFFF2E47FFFFFF,Q
$TX,2940,84129,0CF00400,FFFFFF9647FFFFFF,Q
$TX,2941,84139,0CF00400,FFFFFFFF47FFFFFF,Q
$TX,2942,84149,0CF00400,FFFFFF6748FFFFFF,Q
$TX,2943,84159,0CF00400,FFFFFFCF48FFFFFF,Q
$TX,2944,84169,0CF00400,FFFFFF3649FFFFFF,Q
$TX,2945,84179,0CF00400,FFFFFF9E49FFFFFF,Q
$TX,2946,84189,0CF00400,FFFFFF054AFFFFFF,Q
$TX,2947,84199,0CF00400,FFFFFF6B4AFFFFFF,Q
$TX,2948,84209,0CF00400,FFFFFFD24AFFFFFF,Q
$TX,2949,84219,0CF00400,FFFFFF384BFFFFFF,Q
$TX,2950,84229,0CF00400,FFFFFF9E4BFFFFFF,Q
$TX,2951,84239,0CF00400,FFFFFF034CFFFFFF,Q
$TX,2952,84249,0CF00400,FFFFFF684CFFFFFF,Q
$TX,2953,84259,0CF00400,FFFFFFCD4CFFFFFF,Q
$TX,2954,84269,0CF00400,FFFFFF314DFFFFFF,Q
$TX,2955,84279,0CF00400,FFFFFF954DFFFFFF,Q
$TX,2956,84289,0CF00400,FFFFFFF94DFFFFFF,Q
$TX,2957,84299,0CF00400,FFFFFF5C4EFFFFFF,Q
$TX,2958,84309,0CF00400,FFFFFFBF4EFFFFFF,Q
$TX,2959,84319,0CF00400,FFFFFF224FFFFFFF,Q
$TX,2960,84329,0CF00400,FFFFFF844FFFFFFF,Q
$TX,2961,84339,0CF00400,FFFFFFE64FFFFFFF,Q
$TX,2962,84349,0CF00400,FFFFFF4750FFFFFF,Q
$TX,2963,84359,0CF00400,FFFFFFA850FFFFFF,Q
$TX,2964,84369,0CF00400,FFFFFF0951FFFFFF,Q
$TX,2965,84379,0CF00400,FFFFFF6951FFFFFF,Q
$TX,2966,84389,0CF00400,FFFFFFC851FFFFFF,Q
$TX,2967,84399,0CF00400,FFFFFF2852FFFFFF,Q
$TX,2968,84409,0CF00400,FFFFFF8752FFFFFF,Q
$TX,2969,84419,0CF00400,FFFFFFE552FFFFFF,Q
$TX,2970,84429,0CF00400,FFFFFF4353FFFFFF,Q
$TX,2971,84439,0CF00400,FFFFFFA053FFFFFF,Q
$TX,2972,84449,0CF00400,FFFFFFFE53FFFFFF,Q
$TX,2973,84459,0CF00400,FFFFFF5A54FFFFFF,Q
$TX,2974,84469,0CF00400,FFFFFFB654FFFFFF,Q
$TX,2975,84479,0CF00400,FFFFFF1255FFFFFF,Q
$TX,2976,84489,0CF00400,FFFFFF6D55FFFFFF,Q
$TX,2977,84499,0CF00400,FFFFFFC855FFFFFF,Q
$TX,2978,84509,0CF00400,FFFFFF2256FFFFFF,Q
$TX,2979,84519,0CF00400,FFFFFF7C56FFFFFF,Q
$TX,2980,84529,0CF00400,FFFFFFD556FFFFFF,Q
$TX,2981,84539,0CF00400,FFFFFF2E57FFFFFF,Q
$TX,2982,84549,0CF00400,FFFFFF8657FFFFFF,Q
$TX,2983,84559,0CF00400,FFFFFFDE57FFFFFF,Q
$TX,2984,84569,0CF00400,FFFFFF3558FFFFFF,Q
$TX,2985,84579,0CF00400,FFFFFF8B58FFFFFF,Q
$TX,2986,84589,0CF00400,FFFFFFE158FFFFFF,Q
$TX,2987,84599,0CF00400,FFFFFF3759FFFFFF,Q
$TX,2988,84609,0CF00400,FFFFFF8C59FFFFFF,Q
$TX,2989,84619,0CF00400,FFFFFFE059FFFFFF,Q
$TX,2990,84629,0CF00400,FFFFFF345AFFFFFF,Q
$TX,2991,84639,0CF00400,FFFFFF885AFFFFFF,Q
$TX,2992,84649,0CF00400,FFFFFFDA5AFFFFFF,Q
$TX,2993,84659,0CF00400,FFFFFF2D5BFFFFFF,Q
$TX,2994,84669,0CF00400,FFFFFF7E5BFFFFFF,Q
$TX,2995,84679,0CF00400,FFFFFFCF5BFFFFFF,Q
$TX,2996,84689,0CF00400,FFFFFF205CFFFFFF,Q
$TX,2997,84699,0CF00400,FFFFFF705CFFFFFF,Q
$TX,2998,84709,0CF00400,FFFFFFBF5CFFFFFF,Q
$TX,2999,84719,0CF00400,FFFFFF0D5DFFFFFF,Q
$END,84729,2999

[TEST] Target test duration elapsed. Transmission completed (signals at 0).
[STATS] Total frames sent: 2999
